arm,baselineNet,canonicalEntryPrice,day,delaySeconds,direction,entryImprovement,exitReason,ff_0.10,ff_0.25,ff_0.50,ff_1.00,ltfEntryPrice,ltfEntryTime,mae,mfe,net,noFillReason,parentAvailableTime,parentId,partition,stopPts,timeframe,triggered
ARM0_CANONICAL,38.88,24616.0,2025-08-19,0,-1,-0.0,TIME,AMB,AMB,FAV,FAV,24616.0,2025-08-19 10:41:00,6.25,101.5,38.88,,2025-08-19 10:41:00,OFH13-20250819104100--1,U,26.943749999999998,30s,TRUE
ARM1_RECLAIM,38.88,24616.0,2025-08-19,,-1,,,,,,,,,,,,NO_LTF_BARS_IN_WINDOW,2025-08-19 10:41:00,OFH13-20250819104100--1,U,,30s,FALSE
ARM2_PULLBACK_REEXPAND,38.88,24616.0,2025-08-19,,-1,,,,,,,,,,,,NO_LTF_BARS_IN_WINDOW,2025-08-19 10:41:00,OFH13-20250819104100--1,U,,30s,FALSE
ARM3_SWEEP_RECLAIM,38.88,24616.0,2025-08-19,,-1,,,,,,,,,,,,NO_LTF_BARS_IN_WINDOW,2025-08-19 10:41:00,OFH13-20250819104100--1,U,,30s,FALSE
ARM4_DETECT_CONFIRM,38.88,24616.0,2025-08-19,,-1,,,,,,,,,,,,NO_LTF_BARS_IN_WINDOW,2025-08-19 10:41:00,OFH13-20250819104100--1,U,,30s,FALSE
ARM5_SECOND_PUSH,38.88,24616.0,2025-08-19,,-1,,,,,,,,,,,,NO_LTF_BARS_IN_WINDOW,2025-08-19 10:41:00,OFH13-20250819104100--1,U,,30s,FALSE
ARM6_V_RECOVERY,38.88,24616.0,2025-08-19,,-1,,,,,,,,,,,,NO_LTF_BARS_IN_WINDOW,2025-08-19 10:41:00,OFH13-20250819104100--1,U,,30s,FALSE
ARM7_COMPRESSION_RELEASE,38.88,24616.0,2025-08-19,,-1,,,,,,,,,,,,NO_LTF_BARS_IN_WINDOW,2025-08-19 10:41:00,OFH13-20250819104100--1,U,,30s,FALSE
ARM8_FVG_BREAKDOWN,38.88,24616.0,2025-08-19,,-1,,,,,,,,,,,,NO_LTF_BARS_IN_WINDOW,2025-08-19 10:41:00,OFH13-20250819104100--1,U,,30s,FALSE
ARM0_CANONICAL,-24.457500000001456,24700.5,2025-08-28,0,1,0.0,STOP,AMB,AMB,FAV,FAV,24700.5,2025-08-28 10:52:00,27.25,54.25,-24.457500000001456,,2025-08-28 10:52:00,OFH13-20250828105200-+1,U,23.5875,30s,TRUE
ARM1_RECLAIM,-24.457500000001456,24700.5,2025-08-28,,1,,,,,,,,,,,,NO_LTF_BARS_IN_WINDOW,2025-08-28 10:52:00,OFH13-20250828105200-+1,U,,30s,FALSE
ARM2_PULLBACK_REEXPAND,-24.457500000001456,24700.5,2025-08-28,,1,,,,,,,,,,,,NO_LTF_BARS_IN_WINDOW,2025-08-28 10:52:00,OFH13-20250828105200-+1,U,,30s,FALSE
ARM3_SWEEP_RECLAIM,-24.457500000001456,24700.5,2025-08-28,,1,,,,,,,,,,,,NO_LTF_BARS_IN_WINDOW,2025-08-28 10:52:00,OFH13-20250828105200-+1,U,,30s,FALSE
ARM4_DETECT_CONFIRM,-24.457500000001456,24700.5,2025-08-28,,1,,,,,,,,,,,,NO_LTF_BARS_IN_WINDOW,2025-08-28 10:52:00,OFH13-20250828105200-+1,U,,30s,FALSE
ARM5_SECOND_PUSH,-24.457500000001456,24700.5,2025-08-28,,1,,,,,,,,,,,,NO_LTF_BARS_IN_WINDOW,2025-08-28 10:52:00,OFH13-20250828105200-+1,U,,30s,FALSE
ARM6_V_RECOVERY,-24.457500000001456,24700.5,2025-08-28,,1,,,,,,,,,,,,NO_LTF_BARS_IN_WINDOW,2025-08-28 10:52:00,OFH13-20250828105200-+1,U,,30s,FALSE
ARM7_COMPRESSION_RELEASE,-24.457500000001456,24700.5,2025-08-28,,1,,,,,,,,,,,,NO_LTF_BARS_IN_WINDOW,2025-08-28 10:52:00,OFH13-20250828105200-+1,U,,30s,FALSE
ARM8_FVG_BREAKDOWN,-24.457500000001456,24700.5,2025-08-28,,1,,,,,,,,,,,,NO_LTF_BARS_IN_WINDOW,2025-08-28 10:52:00,OFH13-20250828105200-+1,U,,30s,FALSE
ARM0_CANONICAL,-26.145000000001456,24464.75,2025-08-29,0,-1,-0.0,STOP,ADV,ADV,ADV,ADV,24464.75,2025-08-29 11:08:00,26.75,3.75,-26.145000000001456,,2025-08-29 11:08:00,OFH13-20250829110800--1,U,25.275000000000002,30s,TRUE
ARM1_RECLAIM,-26.145000000001456,24464.75,2025-08-29,,-1,,,,,,,,,,,,NO_LTF_BARS_IN_WINDOW,2025-08-29 11:08:00,OFH13-20250829110800--1,U,,30s,FALSE
ARM2_PULLBACK_REEXPAND,-26.145000000001456,24464.75,2025-08-29,,-1,,,,,,,,,,,,NO_LTF_BARS_IN_WINDOW,2025-08-29 11:08:00,OFH13-20250829110800--1,U,,30s,FALSE
ARM3_SWEEP_RECLAIM,-26.145000000001456,24464.75,2025-08-29,,-1,,,,,,,,,,,,NO_LTF_BARS_IN_WINDOW,2025-08-29 11:08:00,OFH13-20250829110800--1,U,,30s,FALSE
ARM4_DETECT_CONFIRM,-26.145000000001456,24464.75,2025-08-29,,-1,,,,,,,,,,,,NO_LTF_BARS_IN_WINDOW,2025-08-29 11:08:00,OFH13-20250829110800--1,U,,30s,FALSE
ARM5_SECOND_PUSH,-26.145000000001456,24464.75,2025-08-29,,-1,,,,,,,,,,,,NO_LTF_BARS_IN_WINDOW,2025-08-29 11:08:00,OFH13-20250829110800--1,U,,30s,FALSE
ARM6_V_RECOVERY,-26.145000000001456,24464.75,2025-08-29,,-1,,,,,,,,,,,,NO_LTF_BARS_IN_WINDOW,2025-08-29 11:08:00,OFH13-20250829110800--1,U,,30s,FALSE
ARM7_COMPRESSION_RELEASE,-26.145000000001456,24464.75,2025-08-29,,-1,,,,,,,,,,,,NO_LTF_BARS_IN_WINDOW,2025-08-29 11:08:00,OFH13-20250829110800--1,U,,30s,FALSE
ARM8_FVG_BREAKDOWN,-26.145000000001456,24464.75,2025-08-29,,-1,,,,,,,,,,,,NO_LTF_BARS_IN_WINDOW,2025-08-29 11:08:00,OFH13-20250829110800--1,U,,30s,FALSE
ARM0_CANONICAL,95.13,24147.25,2025-09-02,0,-1,-0.0,TIME,FAV,FAV,FAV,FAV,24147.25,2025-09-02 11:12:00,0.25,120.25,95.13,,2025-09-02 11:12:00,OFH13-20250902111200--1,U,22.518749999999997,30s,TRUE
ARM1_RECLAIM,95.13,24147.25,2025-09-02,,-1,,,,,,,,,,,,NO_LTF_BARS_IN_WINDOW,2025-09-02 11:12:00,OFH13-20250902111200--1,U,,30s,FALSE
ARM2_PULLBACK_REEXPAND,95.13,24147.25,2025-09-02,,-1,,,,,,,,,,,,NO_LTF_BARS_IN_WINDOW,2025-09-02 11:12:00,OFH13-20250902111200--1,U,,30s,FALSE
ARM3_SWEEP_RECLAIM,95.13,24147.25,2025-09-02,,-1,,,,,,,,,,,,NO_LTF_BARS_IN_WINDOW,2025-09-02 11:12:00,OFH13-20250902111200--1,U,,30s,FALSE
ARM4_DETECT_CONFIRM,95.13,24147.25,2025-09-02,,-1,,,,,,,,,,,,NO_LTF_BARS_IN_WINDOW,2025-09-02 11:12:00,OFH13-20250902111200--1,U,,30s,FALSE
ARM5_SECOND_PUSH,95.13,24147.25,2025-09-02,,-1,,,,,,,,,,,,NO_LTF_BARS_IN_WINDOW,2025-09-02 11:12:00,OFH13-20250902111200--1,U,,30s,FALSE
ARM6_V_RECOVERY,95.13,24147.25,2025-09-02,,-1,,,,,,,,,,,,NO_LTF_BARS_IN_WINDOW,2025-09-02 11:12:00,OFH13-20250902111200--1,U,,30s,FALSE
ARM7_COMPRESSION_RELEASE,95.13,24147.25,2025-09-02,,-1,,,,,,,,,,,,NO_LTF_BARS_IN_WINDOW,2025-09-02 11:12:00,OFH13-20250902111200--1,U,,30s,FALSE
ARM8_FVG_BREAKDOWN,95.13,24147.25,2025-09-02,,-1,,,,,,,,,,,,NO_LTF_BARS_IN_WINDOW,2025-09-02 11:12:00,OFH13-20250902111200--1,U,,30s,FALSE
ARM0_CANONICAL,24.38,24446.0,2025-09-03,0,1,0.0,TIME,AMB,ADV,FAV,FAV,24446.0,2025-09-03 10:22:00,15.25,80.5,24.38,,2025-09-03 10:22:00,OFH13-20250903102200-+1,U,30.0,30s,TRUE
ARM1_RECLAIM,24.38,24446.0,2025-09-03,780,1,-30.0,STOP,AMB,FAV,FAV,FAV,24476.0,2025-09-03 10:35:00,33.75,50.5,-30.87,,2025-09-03 10:22:00,OFH13-20250903102200-+1,U,30.0,30s,TRUE
ARM2_PULLBACK_REEXPAND,24.38,24446.0,2025-09-03,120,1,-5.5,TIME,AMB,AMB,FAV,FAV,24451.5,2025-09-03 10:24:00,20.75,75.0,10.13,,2025-09-03 10:22:00,OFH13-20250903102200-+1,U,30.0,30s,TRUE
ARM3_SWEEP_RECLAIM,24.38,24446.0,2025-09-03,390,1,-12.0,TIME,AMB,ADV,ADV,ADV,24458.0,2025-09-03 10:28:30,27.25,68.5,-21.12,,2025-09-03 10:22:00,OFH13-20250903102200-+1,U,30.0,30s,TRUE
ARM4_DETECT_CONFIRM,24.38,24446.0,2025-09-03,,1,,,,,,,,,,,,INSUFFICIENT DATA - finer tf absent,2025-09-03 10:22:00,OFH13-20250903102200-+1,U,,30s,FALSE
ARM5_SECOND_PUSH,24.38,24446.0,2025-09-03,540,1,-7.25,STOP,FAV,FAV,FAV,FAV,24453.25,2025-09-03 10:31:00,32.25,73.25,-30.87,,2025-09-03 10:22:00,OFH13-20250903102200-+1,U,30.0,30s,TRUE
ARM6_V_RECOVERY,24.38,24446.0,2025-09-03,390,1,-12.0,TIME,AMB,ADV,ADV,ADV,24458.0,2025-09-03 10:28:30,27.25,68.5,-21.12,,2025-09-03 10:22:00,OFH13-20250903102200-+1,U,30.0,30s,TRUE
ARM7_COMPRESSION_RELEASE,24.38,24446.0,2025-09-03,,1,,,,,,,,,,,,INSUFFICIENT DATA - finer tf absent,2025-09-03 10:22:00,OFH13-20250903102200-+1,U,,30s,FALSE
ARM8_FVG_BREAKDOWN,24.38,24446.0,2025-09-03,,1,,,,,,,,,,,,NO_BREAKDOWN_RECLAIM,2025-09-03 10:22:00,OFH13-20250903102200-+1,U,,30s,FALSE
ARM0_CANONICAL,-21.738750000001456,24519.75,2025-09-04,0,1,0.0,STOP,ADV,ADV,ADV,ADV,24519.75,2025-09-04 10:40:00,22.25,5.25,-21.738750000001456,,2025-09-04 10:40:00,OFH13-20250904104000-+1,U,20.86875,30s,TRUE
ARM1_RECLAIM,-21.738750000001456,24519.75,2025-09-04,,1,,,,,,,,,,,,NO_TRIGGER,2025-09-04 10:40:00,OFH13-20250904104000-+1,U,,30s,FALSE
ARM2_PULLBACK_REEXPAND,-21.738750000001456,24519.75,2025-09-04,90,1,-3.75,STOP,AMB,ADV,ADV,ADV,24523.5,2025-09-04 10:41:30,26.0,1.5,-21.738750000001456,,2025-09-04 10:40:00,OFH13-20250904104000-+1,U,20.86875,30s,TRUE
ARM3_SWEEP_RECLAIM,-21.738750000001456,24519.75,2025-09-04,,1,,,,,,,,,,,,NO_SWEEP,2025-09-04 10:40:00,OFH13-20250904104000-+1,U,,30s,FALSE
ARM4_DETECT_CONFIRM,-21.738750000001456,24519.75,2025-09-04,,1,,,,,,,,,,,,INSUFFICIENT DATA - finer tf absent,2025-09-04 10:40:00,OFH13-20250904104000-+1,U,,30s,FALSE
ARM5_SECOND_PUSH,-21.738750000001456,24519.75,2025-09-04,,1,,,,,,,,,,,,NO_SECOND_PUSH,2025-09-04 10:40:00,OFH13-20250904104000-+1,U,,30s,FALSE
ARM6_V_RECOVERY,-21.738750000001456,24519.75,2025-09-04,,1,,,,,,,,,,,,NO_TRIGGER,2025-09-04 10:40:00,OFH13-20250904104000-+1,U,,30s,FALSE
ARM7_COMPRESSION_RELEASE,-21.738750000001456,24519.75,2025-09-04,,1,,,,,,,,,,,,INSUFFICIENT DATA - finer tf absent,2025-09-04 10:40:00,OFH13-20250904104000-+1,U,,30s,FALSE
ARM8_FVG_BREAKDOWN,-21.738750000001456,24519.75,2025-09-04,,1,,,,,,,,,,,,NO_BREAKDOWN_RECLAIM,2025-09-04 10:40:00,OFH13-20250904104000-+1,U,,30s,FALSE
ARM0_CANONICAL,41.88,25357.0,2025-09-25,0,1,0.0,TIME,FAV,FAV,FAV,FAV,25357.0,2025-09-25 10:19:00,10.0,63.0,41.88,,2025-09-25 10:19:00,OFH13-20250925101900-+1,U,30.84375,30s,TRUE
ARM1_RECLAIM,41.88,25357.0,2025-09-25,270,1,-30.0,STOP,AMB,ADV,FAV,ADV,25387.0,2025-09-25 10:23:30,38.75,33.0,-31.71375,,2025-09-25 10:19:00,OFH13-20250925101900-+1,U,30.84375,30s,TRUE
ARM2_PULLBACK_REEXPAND,41.88,25357.0,2025-09-25,120,1,-10.25,TIME,FAV,FAV,FAV,FAV,25367.25,2025-09-25 10:21:00,20.25,52.75,30.38,,2025-09-25 10:19:00,OFH13-20250925101900-+1,U,30.84375,30s,TRUE
ARM3_SWEEP_RECLAIM,41.88,25357.0,2025-09-25,1110,1,-25.0,STOP,AMB,ADV,FAV,FAV,25382.0,2025-09-25 10:37:30,33.75,38.0,-31.71375,,2025-09-25 10:19:00,OFH13-20250925101900-+1,U,30.84375,30s,TRUE
ARM4_DETECT_CONFIRM,41.88,25357.0,2025-09-25,,1,,,,,,,,,,,,INSUFFICIENT DATA - finer tf absent,2025-09-25 10:19:00,OFH13-20250925101900-+1,U,,30s,FALSE
ARM5_SECOND_PUSH,41.88,25357.0,2025-09-25,,1,,,,,,,,,,,,NO_SECOND_PUSH,2025-09-25 10:19:00,OFH13-20250925101900-+1,U,,30s,FALSE
ARM6_V_RECOVERY,41.88,25357.0,2025-09-25,630,1,-27.5,STOP,AMB,ADV,ADV,FAV,25384.5,2025-09-25 10:29:30,36.25,35.5,-31.71375,,2025-09-25 10:19:00,OFH13-20250925101900-+1,U,30.84375,30s,TRUE
ARM7_COMPRESSION_RELEASE,41.88,25357.0,2025-09-25,,1,,,,,,,,,,,,INSUFFICIENT DATA - finer tf absent,2025-09-25 10:19:00,OFH13-20250925101900-+1,U,,30s,FALSE
ARM8_FVG_BREAKDOWN,41.88,25357.0,2025-09-25,,1,,,,,,,,,,,,NO_BREAKDOWN_RECLAIM,2025-09-25 10:19:00,OFH13-20250925101900-+1,U,,30s,FALSE
ARM0_CANONICAL,-1.87,25361.75,2025-09-25,0,1,0.0,TIME,AMB,AMB,FAV,FAV,25361.75,2025-09-25 14:47:00,5.75,40.0,-1.87,,2025-09-25 14:47:00,OFH13-20250925144700-+1,U,19.96875,30s,TRUE
ARM1_RECLAIM,-1.87,25361.75,2025-09-25,,1,,,,,,,,,,,,NO_LTF_BARS_IN_WINDOW,2025-09-25 14:47:00,OFH13-20250925144700-+1,U,,30s,FALSE
ARM2_PULLBACK_REEXPAND,-1.87,25361.75,2025-09-25,,1,,,,,,,,,,,,NO_LTF_BARS_IN_WINDOW,2025-09-25 14:47:00,OFH13-20250925144700-+1,U,,30s,FALSE
ARM3_SWEEP_RECLAIM,-1.87,25361.75,2025-09-25,,1,,,,,,,,,,,,NO_LTF_BARS_IN_WINDOW,2025-09-25 14:47:00,OFH13-20250925144700-+1,U,,30s,FALSE
ARM4_DETECT_CONFIRM,-1.87,25361.75,2025-09-25,,1,,,,,,,,,,,,NO_LTF_BARS_IN_WINDOW,2025-09-25 14:47:00,OFH13-20250925144700-+1,U,,30s,FALSE
ARM5_SECOND_PUSH,-1.87,25361.75,2025-09-25,,1,,,,,,,,,,,,NO_LTF_BARS_IN_WINDOW,2025-09-25 14:47:00,OFH13-20250925144700-+1,U,,30s,FALSE
ARM6_V_RECOVERY,-1.87,25361.75,2025-09-25,,1,,,,,,,,,,,,NO_LTF_BARS_IN_WINDOW,2025-09-25 14:47:00,OFH13-20250925144700-+1,U,,30s,FALSE
ARM7_COMPRESSION_RELEASE,-1.87,25361.75,2025-09-25,,1,,,,,,,,,,,,NO_LTF_BARS_IN_WINDOW,2025-09-25 14:47:00,OFH13-20250925144700-+1,U,,30s,FALSE
ARM8_FVG_BREAKDOWN,-1.87,25361.75,2025-09-25,,1,,,,,,,,,,,,NO_LTF_BARS_IN_WINDOW,2025-09-25 14:47:00,OFH13-20250925144700-+1,U,,30s,FALSE
ARM0_CANONICAL,-20.72625000000073,25986.0,2025-10-09,0,-1,-0.0,STOP,AMB,AMB,FAV,FAV,25986.0,2025-10-09 10:38:00,20.5,29.25,-20.72625000000073,,2025-10-09 10:38:00,OFH13-20251009103800--1,U,19.856250000000003,30s,TRUE
ARM1_RECLAIM,-20.72625000000073,25986.0,2025-10-09,300,-1,-15.25,STOP,AMB,AMB,AMB,FAV,25970.75,2025-10-09 10:43:00,27.0,14.0,-20.72625000000073,,2025-10-09 10:38:00,OFH13-20251009103800--1,U,19.856250000000003,30s,TRUE
ARM2_PULLBACK_REEXPAND,-20.72625000000073,25986.0,2025-10-09,90,-1,-8.5,STOP,AMB,AMB,ADV,ADV,25977.5,2025-10-09 10:39:30,20.25,20.75,-20.72625000000073,,2025-10-09 10:38:00,OFH13-20251009103800--1,U,19.856250000000003,30s,TRUE
ARM3_SWEEP_RECLAIM,-20.72625000000073,25986.0,2025-10-09,600,-1,-15.25,STOP,ADV,ADV,ADV,ADV,25970.75,2025-10-09 10:48:00,27.0,0.25,-20.72625000000073,,2025-10-09 10:38:00,OFH13-20251009103800--1,U,19.856250000000003,30s,TRUE
ARM4_DETECT_CONFIRM,-20.72625000000073,25986.0,2025-10-09,,-1,,,,,,,,,,,,INSUFFICIENT DATA - finer tf absent,2025-10-09 10:38:00,OFH13-20251009103800--1,U,,30s,FALSE
ARM5_SECOND_PUSH,-20.72625000000073,25986.0,2025-10-09,210,-1,-4.0,STOP,AMB,AMB,AMB,ADV,25982.0,2025-10-09 10:41:30,20.25,25.25,-20.72625000000073,,2025-10-09 10:38:00,OFH13-20251009103800--1,U,19.856250000000003,30s,TRUE
ARM6_V_RECOVERY,-20.72625000000073,25986.0,2025-10-09,210,-1,-4.0,STOP,AMB,AMB,AMB,ADV,25982.0,2025-10-09 10:41:30,20.25,25.25,-20.72625000000073,,2025-10-09 10:38:00,OFH13-20251009103800--1,U,19.856250000000003,30s,TRUE
ARM7_COMPRESSION_RELEASE,-20.72625000000073,25986.0,2025-10-09,,-1,,,,,,,,,,,,INSUFFICIENT DATA - finer tf absent,2025-10-09 10:38:00,OFH13-20251009103800--1,U,,30s,FALSE
ARM8_FVG_BREAKDOWN,-20.72625000000073,25986.0,2025-10-09,,-1,,,,,,,,,,,,NO_BREAKDOWN_RECLAIM,2025-10-09 10:38:00,OFH13-20251009103800--1,U,,30s,FALSE
ARM0_CANONICAL,176.13,25595.75,2025-10-10,0,-1,-0.0,TIME,AMB,FAV,FAV,FAV,25595.75,2025-10-10 11:59:00,15.0,180.5,176.13,,2025-10-10 11:59:00,OFH13-20251010115900--1,U,70.57499999999999,30s,TRUE
ARM1_RECLAIM,176.13,25595.75,2025-10-10,,-1,,,,,,,,,,,,NO_LTF_BARS_IN_WINDOW,2025-10-10 11:59:00,OFH13-20251010115900--1,U,,30s,FALSE
ARM2_PULLBACK_REEXPAND,176.13,25595.75,2025-10-10,,-1,,,,,,,,,,,,NO_LTF_BARS_IN_WINDOW,2025-10-10 11:59:00,OFH13-20251010115900--1,U,,30s,FALSE
ARM3_SWEEP_RECLAIM,176.13,25595.75,2025-10-10,,-1,,,,,,,,,,,,NO_LTF_BARS_IN_WINDOW,2025-10-10 11:59:00,OFH13-20251010115900--1,U,,30s,FALSE
ARM4_DETECT_CONFIRM,176.13,25595.75,2025-10-10,,-1,,,,,,,,,,,,NO_LTF_BARS_IN_WINDOW,2025-10-10 11:59:00,OFH13-20251010115900--1,U,,30s,FALSE
ARM5_SECOND_PUSH,176.13,25595.75,2025-10-10,,-1,,,,,,,,,,,,NO_LTF_BARS_IN_WINDOW,2025-10-10 11:59:00,OFH13-20251010115900--1,U,,30s,FALSE
ARM6_V_RECOVERY,176.13,25595.75,2025-10-10,,-1,,,,,,,,,,,,NO_LTF_BARS_IN_WINDOW,2025-10-10 11:59:00,OFH13-20251010115900--1,U,,30s,FALSE
ARM7_COMPRESSION_RELEASE,176.13,25595.75,2025-10-10,,-1,,,,,,,,,,,,NO_LTF_BARS_IN_WINDOW,2025-10-10 11:59:00,OFH13-20251010115900--1,U,,30s,FALSE
ARM8_FVG_BREAKDOWN,176.13,25595.75,2025-10-10,,-1,,,,,,,,,,,,NO_LTF_BARS_IN_WINDOW,2025-10-10 11:59:00,OFH13-20251010115900--1,U,,30s,FALSE
ARM0_CANONICAL,61.38,25614.0,2025-10-14,0,1,0.0,TIME,AMB,AMB,ADV,FAV,25614.0,2025-10-14 12:23:00,13.5,96.5,61.38,,2025-10-14 12:23:00,OFH13-20251014122300-+1,U,25.275000000000002,30s,TRUE
ARM1_RECLAIM,61.38,25614.0,2025-10-14,,1,,,,,,,,,,,,NO_LTF_BARS_IN_WINDOW,2025-10-14 12:23:00,OFH13-20251014122300-+1,U,,30s,FALSE
ARM2_PULLBACK_REEXPAND,61.38,25614.0,2025-10-14,,1,,,,,,,,,,,,NO_LTF_BARS_IN_WINDOW,2025-10-14 12:23:00,OFH13-20251014122300-+1,U,,30s,FALSE
ARM3_SWEEP_RECLAIM,61.38,25614.0,2025-10-14,,1,,,,,,,,,,,,NO_LTF_BARS_IN_WINDOW,2025-10-14 12:23:00,OFH13-20251014122300-+1,U,,30s,FALSE
ARM4_DETECT_CONFIRM,61.38,25614.0,2025-10-14,,1,,,,,,,,,,,,NO_LTF_BARS_IN_WINDOW,2025-10-14 12:23:00,OFH13-20251014122300-+1,U,,30s,FALSE
ARM5_SECOND_PUSH,61.38,25614.0,2025-10-14,,1,,,,,,,,,,,,NO_LTF_BARS_IN_WINDOW,2025-10-14 12:23:00,OFH13-20251014122300-+1,U,,30s,FALSE
ARM6_V_RECOVERY,61.38,25614.0,2025-10-14,,1,,,,,,,,,,,,NO_LTF_BARS_IN_WINDOW,2025-10-14 12:23:00,OFH13-20251014122300-+1,U,,30s,FALSE
ARM7_COMPRESSION_RELEASE,61.38,25614.0,2025-10-14,,1,,,,,,,,,,,,NO_LTF_BARS_IN_WINDOW,2025-10-14 12:23:00,OFH13-20251014122300-+1,U,,30s,FALSE
ARM8_FVG_BREAKDOWN,61.38,25614.0,2025-10-14,,1,,,,,,,,,,,,NO_LTF_BARS_IN_WINDOW,2025-10-14 12:23:00,OFH13-20251014122300-+1,U,,30s,FALSE
ARM0_CANONICAL,-18.87,25848.5,2025-10-15,0,1,0.0,TIME,AMB,ADV,ADV,FAV,25848.5,2025-10-15 10:12:00,21.5,32.5,-18.87,,2025-10-15 10:12:00,OFH13-20251015101200-+1,U,27.393749999999997,30s,TRUE
ARM1_RECLAIM,-18.87,25848.5,2025-10-15,240,1,-9.5,STOP,AMB,AMB,ADV,ADV,25858.0,2025-10-15 10:16:00,31.0,23.0,-28.263749999999273,,2025-10-15 10:12:00,OFH13-20251015101200-+1,U,27.393749999999997,30s,TRUE
ARM2_PULLBACK_REEXPAND,-18.87,25848.5,2025-10-15,60,1,-1.75,STOP,AMB,FAV,ADV,FAV,25850.25,2025-10-15 10:13:00,30.0,30.75,-28.263749999999273,,2025-10-15 10:12:00,OFH13-20251015101200-+1,U,27.393749999999997,30s,TRUE
ARM3_SWEEP_RECLAIM,-18.87,25848.5,2025-10-15,1080,1,-16.0,STOP,FAV,FAV,FAV,ADV,25864.5,2025-10-15 10:30:00,37.5,14.75,-28.263749999999273,,2025-10-15 10:12:00,OFH13-20251015101200-+1,U,27.393749999999997,30s,TRUE
ARM4_DETECT_CONFIRM,-18.87,25848.5,2025-10-15,,1,,,,,,,,,,,,INSUFFICIENT DATA - finer tf absent,2025-10-15 10:12:00,OFH13-20251015101200-+1,U,,30s,FALSE
ARM5_SECOND_PUSH,-18.87,25848.5,2025-10-15,,1,,,,,,,,,,,,NO_SECOND_PUSH,2025-10-15 10:12:00,OFH13-20251015101200-+1,U,,30s,FALSE
ARM6_V_RECOVERY,-18.87,25848.5,2025-10-15,210,1,-4.0,STOP,AMB,AMB,ADV,FAV,25852.5,2025-10-15 10:15:30,32.25,28.5,-28.263749999999273,,2025-10-15 10:12:00,OFH13-20251015101200-+1,U,27.393749999999997,30s,TRUE
ARM7_COMPRESSION_RELEASE,-18.87,25848.5,2025-10-15,,1,,,,,,,,,,,,INSUFFICIENT DATA - finer tf absent,2025-10-15 10:12:00,OFH13-20251015101200-+1,U,,30s,FALSE
ARM8_FVG_BREAKDOWN,-18.87,25848.5,2025-10-15,,1,,,,,,,,,,,,NO_BREAKDOWN_RECLAIM,2025-10-15 10:12:00,OFH13-20251015101200-+1,U,,30s,FALSE
ARM0_CANONICAL,-29.013749999999273,25912.25,2025-10-16,0,1,0.0,STOP,AMB,AMB,ADV,ADV,25912.25,2025-10-16 10:47:00,36.75,6.0,-29.013749999999273,,2025-10-16 10:47:00,OFH13-20251016104700-+1,U,28.143749999999997,30s,TRUE
ARM1_RECLAIM,-29.013749999999273,25912.25,2025-10-16,,1,,,,,,,,,,,,NO_TRIGGER,2025-10-16 10:47:00,OFH13-20251016104700-+1,U,,30s,FALSE
ARM2_PULLBACK_REEXPAND,-29.013749999999273,25912.25,2025-10-16,,1,,,,,,,,,,,,NO_TRIGGER,2025-10-16 10:47:00,OFH13-20251016104700-+1,U,,30s,FALSE
ARM3_SWEEP_RECLAIM,-29.013749999999273,25912.25,2025-10-16,,1,,,,,,,,,,,,NO_SWEEP,2025-10-16 10:47:00,OFH13-20251016104700-+1,U,,30s,FALSE
ARM4_DETECT_CONFIRM,-29.013749999999273,25912.25,2025-10-16,,1,,,,,,,,,,,,INSUFFICIENT DATA - finer tf absent,2025-10-16 10:47:00,OFH13-20251016104700-+1,U,,30s,FALSE
ARM5_SECOND_PUSH,-29.013749999999273,25912.25,2025-10-16,,1,,,,,,,,,,,,NO_SECOND_PUSH,2025-10-16 10:47:00,OFH13-20251016104700-+1,U,,30s,FALSE
ARM6_V_RECOVERY,-29.013749999999273,25912.25,2025-10-16,,1,,,,,,,,,,,,NO_TRIGGER,2025-10-16 10:47:00,OFH13-20251016104700-+1,U,,30s,FALSE
ARM7_COMPRESSION_RELEASE,-29.013749999999273,25912.25,2025-10-16,,1,,,,,,,,,,,,INSUFFICIENT DATA - finer tf absent,2025-10-16 10:47:00,OFH13-20251016104700-+1,U,,30s,FALSE
ARM8_FVG_BREAKDOWN,-29.013749999999273,25912.25,2025-10-16,,1,,,,,,,,,,,,NO_BREAKDOWN_RECLAIM,2025-10-16 10:47:00,OFH13-20251016104700-+1,U,,30s,FALSE
ARM0_CANONICAL,291.63,25822.75,2025-10-16,0,-1,-0.0,TIME,AMB,FAV,FAV,FAV,25822.75,2025-10-16 11:35:00,13.25,305.5,291.63,,2025-10-16 11:35:00,OFH13-20251016113500--1,U,30.731250000000003,30s,TRUE
ARM1_RECLAIM,291.63,25822.75,2025-10-16,,-1,,,,,,,,,,,,NO_LTF_BARS_IN_WINDOW,2025-10-16 11:35:00,OFH13-20251016113500--1,U,,30s,FALSE
ARM2_PULLBACK_REEXPAND,291.63,25822.75,2025-10-16,,-1,,,,,,,,,,,,NO_LTF_BARS_IN_WINDOW,2025-10-16 11:35:00,OFH13-20251016113500--1,U,,30s,FALSE
ARM3_SWEEP_RECLAIM,291.63,25822.75,2025-10-16,,-1,,,,,,,,,,,,NO_LTF_BARS_IN_WINDOW,2025-10-16 11:35:00,OFH13-20251016113500--1,U,,30s,FALSE
ARM4_DETECT_CONFIRM,291.63,25822.75,2025-10-16,,-1,,,,,,,,,,,,NO_LTF_BARS_IN_WINDOW,2025-10-16 11:35:00,OFH13-20251016113500--1,U,,30s,FALSE
ARM5_SECOND_PUSH,291.63,25822.75,2025-10-16,,-1,,,,,,,,,,,,NO_LTF_BARS_IN_WINDOW,2025-10-16 11:35:00,OFH13-20251016113500--1,U,,30s,FALSE
ARM6_V_RECOVERY,291.63,25822.75,2025-10-16,,-1,,,,,,,,,,,,NO_LTF_BARS_IN_WINDOW,2025-10-16 11:35:00,OFH13-20251016113500--1,U,,30s,FALSE
ARM7_COMPRESSION_RELEASE,291.63,25822.75,2025-10-16,,-1,,,,,,,,,,,,NO_LTF_BARS_IN_WINDOW,2025-10-16 11:35:00,OFH13-20251016113500--1,U,,30s,FALSE
ARM8_FVG_BREAKDOWN,291.63,25822.75,2025-10-16,,-1,,,,,,,,,,,,NO_LTF_BARS_IN_WINDOW,2025-10-16 11:35:00,OFH13-20251016113500--1,U,,30s,FALSE
ARM0_CANONICAL,-34.00124999999854,25471.75,2025-10-16,0,-1,-0.0,STOP,FAV,FAV,FAV,FAV,25471.75,2025-10-16 14:15:00,59.0,65.25,-34.00124999999854,,2025-10-16 14:15:00,OFH13-20251016141500--1,U,33.131249999999994,30s,TRUE
ARM1_RECLAIM,-34.00124999999854,25471.75,2025-10-16,,-1,,,,,,,,,,,,NO_LTF_BARS_IN_WINDOW,2025-10-16 14:15:00,OFH13-20251016141500--1,U,,30s,FALSE
ARM2_PULLBACK_REEXPAND,-34.00124999999854,25471.75,2025-10-16,,-1,,,,,,,,,,,,NO_LTF_BARS_IN_WINDOW,2025-10-16 14:15:00,OFH13-20251016141500--1,U,,30s,FALSE
ARM3_SWEEP_RECLAIM,-34.00124999999854,25471.75,2025-10-16,,-1,,,,,,,,,,,,NO_LTF_BARS_IN_WINDOW,2025-10-16 14:15:00,OFH13-20251016141500--1,U,,30s,FALSE
ARM4_DETECT_CONFIRM,-34.00124999999854,25471.75,2025-10-16,,-1,,,,,,,,,,,,NO_LTF_BARS_IN_WINDOW,2025-10-16 14:15:00,OFH13-20251016141500--1,U,,30s,FALSE
ARM5_SECOND_PUSH,-34.00124999999854,25471.75,2025-10-16,,-1,,,,,,,,,,,,NO_LTF_BARS_IN_WINDOW,2025-10-16 14:15:00,OFH13-20251016141500--1,U,,30s,FALSE
ARM6_V_RECOVERY,-34.00124999999854,25471.75,2025-10-16,,-1,,,,,,,,,,,,NO_LTF_BARS_IN_WINDOW,2025-10-16 14:15:00,OFH13-20251016141500--1,U,,30s,FALSE
ARM7_COMPRESSION_RELEASE,-34.00124999999854,25471.75,2025-10-16,,-1,,,,,,,,,,,,NO_LTF_BARS_IN_WINDOW,2025-10-16 14:15:00,OFH13-20251016141500--1,U,,30s,FALSE
ARM8_FVG_BREAKDOWN,-34.00124999999854,25471.75,2025-10-16,,-1,,,,,,,,,,,,NO_LTF_BARS_IN_WINDOW,2025-10-16 14:15:00,OFH13-20251016141500--1,U,,30s,FALSE
ARM0_CANONICAL,105.88,25749.5,2025-10-22,0,-1,-0.0,TIME,AMB,ADV,ADV,ADV,25749.5,2025-10-22 12:38:00,50.75,110.75,105.88,,2025-10-22 12:38:00,OFH13-20251022123800--1,U,53.550000000000004,30s,TRUE
ARM1_RECLAIM,105.88,25749.5,2025-10-22,,-1,,,,,,,,,,,,NO_LTF_BARS_IN_WINDOW,2025-10-22 12:38:00,OFH13-20251022123800--1,U,,30s,FALSE
ARM2_PULLBACK_REEXPAND,105.88,25749.5,2025-10-22,,-1,,,,,,,,,,,,NO_LTF_BARS_IN_WINDOW,2025-10-22 12:38:00,OFH13-20251022123800--1,U,,30s,FALSE
ARM3_SWEEP_RECLAIM,105.88,25749.5,2025-10-22,,-1,,,,,,,,,,,,NO_LTF_BARS_IN_WINDOW,2025-10-22 12:38:00,OFH13-20251022123800--1,U,,30s,FALSE
ARM4_DETECT_CONFIRM,105.88,25749.5,2025-10-22,,-1,,,,,,,,,,,,NO_LTF_BARS_IN_WINDOW,2025-10-22 12:38:00,OFH13-20251022123800--1,U,,30s,FALSE
ARM5_SECOND_PUSH,105.88,25749.5,2025-10-22,,-1,,,,,,,,,,,,NO_LTF_BARS_IN_WINDOW,2025-10-22 12:38:00,OFH13-20251022123800--1,U,,30s,FALSE
ARM6_V_RECOVERY,105.88,25749.5,2025-10-22,,-1,,,,,,,,,,,,NO_LTF_BARS_IN_WINDOW,2025-10-22 12:38:00,OFH13-20251022123800--1,U,,30s,FALSE
ARM7_COMPRESSION_RELEASE,105.88,25749.5,2025-10-22,,-1,,,,,,,,,,,,NO_LTF_BARS_IN_WINDOW,2025-10-22 12:38:00,OFH13-20251022123800--1,U,,30s,FALSE
ARM8_FVG_BREAKDOWN,105.88,25749.5,2025-10-22,,-1,,,,,,,,,,,,NO_LTF_BARS_IN_WINDOW,2025-10-22 12:38:00,OFH13-20251022123800--1,U,,30s,FALSE
ARM0_CANONICAL,-24.3075,26553.25,2025-11-04,0,-1,-0.0,STOP,AMB,FAV,ADV,ADV,26553.25,2025-11-04 10:59:00,29.5,4.5,-24.3075,,2025-11-04 10:59:00,OFH13-20251104105900--1,DEV,23.4375,30s,TRUE
ARM1_RECLAIM,-24.3075,26553.25,2025-11-04,,-1,,,,,,,,,,,,NO_TRIGGER,2025-11-04 10:59:00,OFH13-20251104105900--1,DEV,,30s,FALSE
ARM2_PULLBACK_REEXPAND,-24.3075,26553.25,2025-11-04,,-1,,,,,,,,,,,,NO_TRIGGER,2025-11-04 10:59:00,OFH13-20251104105900--1,DEV,,30s,FALSE
ARM3_SWEEP_RECLAIM,-24.3075,26553.25,2025-11-04,,-1,,,,,,,,,,,,NO_SWEEP,2025-11-04 10:59:00,OFH13-20251104105900--1,DEV,,30s,FALSE
ARM4_DETECT_CONFIRM,-24.3075,26553.25,2025-11-04,,-1,,,,,,,,,,,,INSUFFICIENT DATA - finer tf absent,2025-11-04 10:59:00,OFH13-20251104105900--1,DEV,,30s,FALSE
ARM5_SECOND_PUSH,-24.3075,26553.25,2025-11-04,,-1,,,,,,,,,,,,NO_SECOND_PUSH,2025-11-04 10:59:00,OFH13-20251104105900--1,DEV,,30s,FALSE
ARM6_V_RECOVERY,-24.3075,26553.25,2025-11-04,,-1,,,,,,,,,,,,NO_TRIGGER,2025-11-04 10:59:00,OFH13-20251104105900--1,DEV,,30s,FALSE
ARM7_COMPRESSION_RELEASE,-24.3075,26553.25,2025-11-04,,-1,,,,,,,,,,,,INSUFFICIENT DATA - finer tf absent,2025-11-04 10:59:00,OFH13-20251104105900--1,DEV,,30s,FALSE
ARM8_FVG_BREAKDOWN,-24.3075,26553.25,2025-11-04,,-1,,,,,,,,,,,,NO_BREAKDOWN_RECLAIM,2025-11-04 10:59:00,OFH13-20251104105900--1,DEV,,30s,FALSE
ARM0_CANONICAL,-23.594999999998546,26433.5,2025-11-04,0,-1,-0.0,STOP,ADV,ADV,ADV,ADV,26433.5,2025-11-04 12:22:00,35.5,0.25,-23.594999999998546,,2025-11-04 12:22:00,OFH13-20251104122200--1,DEV,22.725,30s,TRUE
ARM1_RECLAIM,-23.594999999998546,26433.5,2025-11-04,,-1,,,,,,,,,,,,NO_LTF_BARS_IN_WINDOW,2025-11-04 12:22:00,OFH13-20251104122200--1,DEV,,30s,FALSE
ARM2_PULLBACK_REEXPAND,-23.594999999998546,26433.5,2025-11-04,,-1,,,,,,,,,,,,NO_LTF_BARS_IN_WINDOW,2025-11-04 12:22:00,OFH13-20251104122200--1,DEV,,30s,FALSE
ARM3_SWEEP_RECLAIM,-23.594999999998546,26433.5,2025-11-04,,-1,,,,,,,,,,,,NO_LTF_BARS_IN_WINDOW,2025-11-04 12:22:00,OFH13-20251104122200--1,DEV,,30s,FALSE
ARM4_DETECT_CONFIRM,-23.594999999998546,26433.5,2025-11-04,,-1,,,,,,,,,,,,NO_LTF_BARS_IN_WINDOW,2025-11-04 12:22:00,OFH13-20251104122200--1,DEV,,30s,FALSE
ARM5_SECOND_PUSH,-23.594999999998546,26433.5,2025-11-04,,-1,,,,,,,,,,,,NO_LTF_BARS_IN_WINDOW,2025-11-04 12:22:00,OFH13-20251104122200--1,DEV,,30s,FALSE
ARM6_V_RECOVERY,-23.594999999998546,26433.5,2025-11-04,,-1,,,,,,,,,,,,NO_LTF_BARS_IN_WINDOW,2025-11-04 12:22:00,OFH13-20251104122200--1,DEV,,30s,FALSE
ARM7_COMPRESSION_RELEASE,-23.594999999998546,26433.5,2025-11-04,,-1,,,,,,,,,,,,NO_LTF_BARS_IN_WINDOW,2025-11-04 12:22:00,OFH13-20251104122200--1,DEV,,30s,FALSE
ARM8_FVG_BREAKDOWN,-23.594999999998546,26433.5,2025-11-04,,-1,,,,,,,,,,,,NO_LTF_BARS_IN_WINDOW,2025-11-04 12:22:00,OFH13-20251104122200--1,DEV,,30s,FALSE
ARM0_CANONICAL,-31.245,26267.5,2025-11-10,0,-1,-0.0,STOP,FAV,FAV,FAV,FAV,26267.5,2025-11-10 11:24:00,34.5,52.0,-31.245,,2025-11-10 11:24:00,OFH13-20251110112400--1,DEV,30.375,30s,TRUE
ARM1_RECLAIM,-31.245,26267.5,2025-11-10,,-1,,,,,,,,,,,,NO_LTF_BARS_IN_WINDOW,2025-11-10 11:24:00,OFH13-20251110112400--1,DEV,,30s,FALSE
ARM2_PULLBACK_REEXPAND,-31.245,26267.5,2025-11-10,,-1,,,,,,,,,,,,NO_LTF_BARS_IN_WINDOW,2025-11-10 11:24:00,OFH13-20251110112400--1,DEV,,30s,FALSE
ARM3_SWEEP_RECLAIM,-31.245,26267.5,2025-11-10,,-1,,,,,,,,,,,,NO_LTF_BARS_IN_WINDOW,2025-11-10 11:24:00,OFH13-20251110112400--1,DEV,,30s,FALSE
ARM4_DETECT_CONFIRM,-31.245,26267.5,2025-11-10,,-1,,,,,,,,,,,,NO_LTF_BARS_IN_WINDOW,2025-11-10 11:24:00,OFH13-20251110112400--1,DEV,,30s,FALSE
ARM5_SECOND_PUSH,-31.245,26267.5,2025-11-10,,-1,,,,,,,,,,,,NO_LTF_BARS_IN_WINDOW,2025-11-10 11:24:00,OFH13-20251110112400--1,DEV,,30s,FALSE
ARM6_V_RECOVERY,-31.245,26267.5,2025-11-10,,-1,,,,,,,,,,,,NO_LTF_BARS_IN_WINDOW,2025-11-10 11:24:00,OFH13-20251110112400--1,DEV,,30s,FALSE
ARM7_COMPRESSION_RELEASE,-31.245,26267.5,2025-11-10,,-1,,,,,,,,,,,,NO_LTF_BARS_IN_WINDOW,2025-11-10 11:24:00,OFH13-20251110112400--1,DEV,,30s,FALSE
ARM8_FVG_BREAKDOWN,-31.245,26267.5,2025-11-10,,-1,,,,,,,,,,,,NO_LTF_BARS_IN_WINDOW,2025-11-10 11:24:00,OFH13-20251110112400--1,DEV,,30s,FALSE
ARM0_CANONICAL,29.88,26376.25,2025-11-12,0,-1,-0.0,TIME,AMB,AMB,FAV,FAV,26376.25,2025-11-12 10:30:00,9.25,116.0,29.88,,2025-11-12 10:30:00,OFH13-20251112103000--1,DEV,31.293750000000003,30s,TRUE
ARM1_RECLAIM,29.88,26376.25,2025-11-12,270,-1,-23.0,TIME,AMB,AMB,AMB,FAV,26353.25,2025-11-12 10:34:30,22.0,93.0,-1.62,,2025-11-12 10:30:00,OFH13-20251112103000--1,DEV,31.293750000000003,30s,TRUE
ARM2_PULLBACK_REEXPAND,29.88,26376.25,2025-11-12,120,-1,-16.75,TIME,AMB,ADV,ADV,FAV,26359.5,2025-11-12 10:32:00,15.75,99.25,0.38,,2025-11-12 10:30:00,OFH13-20251112103000--1,DEV,31.293750000000003,30s,TRUE
ARM3_SWEEP_RECLAIM,29.88,26376.25,2025-11-12,,-1,,,,,,,,,,,,SWEEP_NO_RECLAIM,2025-11-12 10:30:00,OFH13-20251112103000--1,DEV,,30s,FALSE
ARM4_DETECT_CONFIRM,29.88,26376.25,2025-11-12,,-1,,,,,,,,,,,,INSUFFICIENT DATA - finer tf absent,2025-11-12 10:30:00,OFH13-20251112103000--1,DEV,,30s,FALSE
ARM5_SECOND_PUSH,29.88,26376.25,2025-11-12,120,-1,-16.75,TIME,AMB,ADV,ADV,FAV,26359.5,2025-11-12 10:32:00,15.75,99.25,0.38,,2025-11-12 10:30:00,OFH13-20251112103000--1,DEV,31.293750000000003,30s,TRUE
ARM6_V_RECOVERY,29.88,26376.25,2025-11-12,510,-1,-54.5,STOP,AMB,ADV,ADV,ADV,26321.75,2025-11-12 10:38:30,48.75,4.75,-32.163750000000725,,2025-11-12 10:30:00,OFH13-20251112103000--1,DEV,31.293750000000003,30s,TRUE
ARM7_COMPRESSION_RELEASE,29.88,26376.25,2025-11-12,,-1,,,,,,,,,,,,INSUFFICIENT DATA - finer tf absent,2025-11-12 10:30:00,OFH13-20251112103000--1,DEV,,30s,FALSE
ARM8_FVG_BREAKDOWN,29.88,26376.25,2025-11-12,,-1,,,,,,,,,,,,NO_BREAKDOWN_RECLAIM,2025-11-12 10:30:00,OFH13-20251112103000--1,DEV,,30s,FALSE
ARM0_CANONICAL,-43.00124999999854,26156.5,2025-11-13,0,1,0.0,STOP,AMB,AMB,ADV,ADV,26156.5,2025-11-13 10:27:00,77.75,9.25,-43.00124999999854,,2025-11-13 10:27:00,OFH13-20251113102700-+1,DEV,42.131249999999994,30s,TRUE
ARM1_RECLAIM,-43.00124999999854,26156.5,2025-11-13,,1,,,,,,,,,,,,NO_TRIGGER,2025-11-13 10:27:00,OFH13-20251113102700-+1,DEV,,30s,FALSE
ARM2_PULLBACK_REEXPAND,-43.00124999999854,26156.5,2025-11-13,120,1,19.0,STOP,FAV,FAV,FAV,ADV,26137.5,2025-11-13 10:29:00,58.75,16.5,-43.00124999999854,,2025-11-13 10:27:00,OFH13-20251113102700-+1,DEV,42.131249999999994,30s,TRUE
ARM3_SWEEP_RECLAIM,-43.00124999999854,26156.5,2025-11-13,300,1,21.25,STOP,AMB,ADV,ADV,ADV,26135.25,2025-11-13 10:32:00,56.5,5.75,-43.00124999999854,,2025-11-13 10:27:00,OFH13-20251113102700-+1,DEV,42.131249999999994,30s,TRUE
ARM4_DETECT_CONFIRM,-43.00124999999854,26156.5,2025-11-13,,1,,,,,,,,,,,,INSUFFICIENT DATA - finer tf absent,2025-11-13 10:27:00,OFH13-20251113102700-+1,DEV,,30s,FALSE
ARM5_SECOND_PUSH,-43.00124999999854,26156.5,2025-11-13,150,1,5.25,STOP,ADV,ADV,ADV,ADV,26151.25,2025-11-13 10:29:30,72.5,2.75,-43.00124999999854,,2025-11-13 10:27:00,OFH13-20251113102700-+1,DEV,42.131249999999994,30s,TRUE
ARM6_V_RECOVERY,-43.00124999999854,26156.5,2025-11-13,150,1,5.25,STOP,ADV,ADV,ADV,ADV,26151.25,2025-11-13 10:29:30,72.5,2.75,-43.00124999999854,,2025-11-13 10:27:00,OFH13-20251113102700-+1,DEV,42.131249999999994,30s,TRUE
ARM7_COMPRESSION_RELEASE,-43.00124999999854,26156.5,2025-11-13,,1,,,,,,,,,,,,INSUFFICIENT DATA - finer tf absent,2025-11-13 10:27:00,OFH13-20251113102700-+1,DEV,,30s,FALSE
ARM8_FVG_BREAKDOWN,-43.00124999999854,26156.5,2025-11-13,,1,,,,,,,,,,,,NO_BREAKDOWN_RECLAIM,2025-11-13 10:27:00,OFH13-20251113102700-+1,DEV,,30s,FALSE
ARM0_CANONICAL,116.13,25933.25,2025-11-13,0,-1,-0.0,TIME,AMB,AMB,AMB,FAV,25933.25,2025-11-13 12:49:00,12.75,157.5,116.13,,2025-11-13 12:49:00,OFH13-20251113124900--1,DEV,32.90625,30s,TRUE
ARM1_RECLAIM,116.13,25933.25,2025-11-13,,-1,,,,,,,,,,,,NO_LTF_BARS_IN_WINDOW,2025-11-13 12:49:00,OFH13-20251113124900--1,DEV,,30s,FALSE
ARM2_PULLBACK_REEXPAND,116.13,25933.25,2025-11-13,,-1,,,,,,,,,,,,NO_LTF_BARS_IN_WINDOW,2025-11-13 12:49:00,OFH13-20251113124900--1,DEV,,30s,FALSE
ARM3_SWEEP_RECLAIM,116.13,25933.25,2025-11-13,,-1,,,,,,,,,,,,NO_LTF_BARS_IN_WINDOW,2025-11-13 12:49:00,OFH13-20251113124900--1,DEV,,30s,FALSE
ARM4_DETECT_CONFIRM,116.13,25933.25,2025-11-13,,-1,,,,,,,,,,,,NO_LTF_BARS_IN_WINDOW,2025-11-13 12:49:00,OFH13-20251113124900--1,DEV,,30s,FALSE
ARM5_SECOND_PUSH,116.13,25933.25,2025-11-13,,-1,,,,,,,,,,,,NO_LTF_BARS_IN_WINDOW,2025-11-13 12:49:00,OFH13-20251113124900--1,DEV,,30s,FALSE
ARM6_V_RECOVERY,116.13,25933.25,2025-11-13,,-1,,,,,,,,,,,,NO_LTF_BARS_IN_WINDOW,2025-11-13 12:49:00,OFH13-20251113124900--1,DEV,,30s,FALSE
ARM7_COMPRESSION_RELEASE,116.13,25933.25,2025-11-13,,-1,,,,,,,,,,,,NO_LTF_BARS_IN_WINDOW,2025-11-13 12:49:00,OFH13-20251113124900--1,DEV,,30s,FALSE
ARM8_FVG_BREAKDOWN,116.13,25933.25,2025-11-13,,-1,,,,,,,,,,,,NO_LTF_BARS_IN_WINDOW,2025-11-13 12:49:00,OFH13-20251113124900--1,DEV,,30s,FALSE
ARM0_CANONICAL,229.38,25774.0,2025-11-14,0,1,0.0,TIME,AMB,AMB,ADV,FAV,25774.0,2025-11-14 10:30:00,33.75,257.25,229.38,,2025-11-14 10:30:00,OFH13-20251114103000-+1,DEV,57.84375,30s,TRUE
ARM1_RECLAIM,229.38,25774.0,2025-11-14,390,1,-24.75,TIME,ADV,ADV,ADV,FAV,25798.75,2025-11-14 10:36:30,27.0,232.5,180.88,,2025-11-14 10:30:00,OFH13-20251114103000-+1,DEV,57.84375,30s,TRUE
ARM2_PULLBACK_REEXPAND,229.38,25774.0,2025-11-14,150,1,14.25,TIME,AMB,AMB,FAV,FAV,25759.75,2025-11-14 10:32:30,10.75,271.5,223.88,,2025-11-14 10:30:00,OFH13-20251114103000-+1,DEV,57.84375,30s,TRUE
ARM3_SWEEP_RECLAIM,229.38,25774.0,2025-11-14,1290,1,-155.0,STOP,ADV,ADV,ADV,ADV,25929.0,2025-11-14 10:51:30,68.0,3.25,-58.71375,,2025-11-14 10:30:00,OFH13-20251114103000-+1,DEV,57.84375,30s,TRUE
ARM4_DETECT_CONFIRM,229.38,25774.0,2025-11-14,,1,,,,,,,,,,,,INSUFFICIENT DATA - finer tf absent,2025-11-14 10:30:00,OFH13-20251114103000-+1,DEV,,30s,FALSE
ARM5_SECOND_PUSH,229.38,25774.0,2025-11-14,,1,,,,,,,,,,,,NO_SECOND_PUSH,2025-11-14 10:30:00,OFH13-20251114103000-+1,DEV,,30s,FALSE
ARM6_V_RECOVERY,229.38,25774.0,2025-11-14,180,1,6.25,TIME,AMB,AMB,FAV,FAV,25767.75,2025-11-14 10:33:00,11.25,263.5,212.38,,2025-11-14 10:30:00,OFH13-20251114103000-+1,DEV,57.84375,30s,TRUE
ARM7_COMPRESSION_RELEASE,229.38,25774.0,2025-11-14,,1,,,,,,,,,,,,INSUFFICIENT DATA - finer tf absent,2025-11-14 10:30:00,OFH13-20251114103000-+1,DEV,,30s,FALSE
ARM8_FVG_BREAKDOWN,229.38,25774.0,2025-11-14,,1,,,,,,,,,,,,NO_BREAKDOWN_RECLAIM,2025-11-14 10:30:00,OFH13-20251114103000-+1,DEV,,30s,FALSE
ARM0_CANONICAL,100.88,25907.25,2025-11-17,0,-1,-0.0,TIME,ADV,ADV,ADV,FAV,25907.25,2025-11-17 10:06:00,15.0,115.0,100.88,,2025-11-17 10:06:00,OFH13-20251117100600--1,DEV,43.14375,30s,TRUE
ARM1_RECLAIM,100.88,25907.25,2025-11-17,690,-1,-41.0,STOP,AMB,AMB,ADV,ADV,25866.25,2025-11-17 10:17:30,51.75,47.0,-44.01374999999927,,2025-11-17 10:06:00,OFH13-20251117100600--1,DEV,43.14375,30s,TRUE
ARM2_PULLBACK_REEXPAND,100.88,25907.25,2025-11-17,60,-1,8.0,TIME,FAV,FAV,FAV,FAV,25915.25,2025-11-17 10:07:00,4.75,142.0,137.88,,2025-11-17 10:06:00,OFH13-20251117100600--1,DEV,43.14375,30s,TRUE
ARM3_SWEEP_RECLAIM,100.88,25907.25,2025-11-17,540,-1,-17.25,TIME,AMB,ADV,ADV,FAV,25890.0,2025-11-17 10:15:00,30.0,149.0,137.63,,2025-11-17 10:06:00,OFH13-20251117100600--1,DEV,43.14375,30s,TRUE
ARM4_DETECT_CONFIRM,100.88,25907.25,2025-11-17,,-1,,,,,,,,,,,,INSUFFICIENT DATA - finer tf absent,2025-11-17 10:06:00,OFH13-20251117100600--1,DEV,,30s,FALSE
ARM5_SECOND_PUSH,100.88,25907.25,2025-11-17,,-1,,,,,,,,,,,,NO_SECOND_PUSH,2025-11-17 10:06:00,OFH13-20251117100600--1,DEV,,30s,FALSE
ARM6_V_RECOVERY,100.88,25907.25,2025-11-17,450,-1,-22.5,TIME,AMB,AMB,ADV,FAV,25884.75,2025-11-17 10:13:30,35.25,133.25,126.38,,2025-11-17 10:06:00,OFH13-20251117100600--1,DEV,43.14375,30s,TRUE
ARM7_COMPRESSION_RELEASE,100.88,25907.25,2025-11-17,,-1,,,,,,,,,,,,INSUFFICIENT DATA - finer tf absent,2025-11-17 10:06:00,OFH13-20251117100600--1,DEV,,30s,FALSE
ARM8_FVG_BREAKDOWN,100.88,25907.25,2025-11-17,,-1,,,,,,,,,,,,NO_BREAKDOWN_RECLAIM,2025-11-17 10:06:00,OFH13-20251117100600--1,DEV,,30s,FALSE
ARM0_CANONICAL,54.63,25852.5,2025-11-17,0,1,0.0,TIME,FAV,FAV,FAV,FAV,25852.5,2025-11-17 11:34:00,10.25,111.75,54.63,,2025-11-17 11:34:00,OFH13-20251117113400-+1,DEV,34.0125,30s,TRUE
ARM1_RECLAIM,54.63,25852.5,2025-11-17,,1,,,,,,,,,,,,NO_LTF_BARS_IN_WINDOW,2025-11-17 11:34:00,OFH13-20251117113400-+1,DEV,,30s,FALSE
ARM2_PULLBACK_REEXPAND,54.63,25852.5,2025-11-17,,1,,,,,,,,,,,,NO_LTF_BARS_IN_WINDOW,2025-11-17 11:34:00,OFH13-20251117113400-+1,DEV,,30s,FALSE
ARM3_SWEEP_RECLAIM,54.63,25852.5,2025-11-17,,1,,,,,,,,,,,,NO_LTF_BARS_IN_WINDOW,2025-11-17 11:34:00,OFH13-20251117113400-+1,DEV,,30s,FALSE
ARM4_DETECT_CONFIRM,54.63,25852.5,2025-11-17,,1,,,,,,,,,,,,NO_LTF_BARS_IN_WINDOW,2025-11-17 11:34:00,OFH13-20251117113400-+1,DEV,,30s,FALSE
ARM5_SECOND_PUSH,54.63,25852.5,2025-11-17,,1,,,,,,,,,,,,NO_LTF_BARS_IN_WINDOW,2025-11-17 11:34:00,OFH13-20251117113400-+1,DEV,,30s,FALSE
ARM6_V_RECOVERY,54.63,25852.5,2025-11-17,,1,,,,,,,,,,,,NO_LTF_BARS_IN_WINDOW,2025-11-17 11:34:00,OFH13-20251117113400-+1,DEV,,30s,FALSE
ARM7_COMPRESSION_RELEASE,54.63,25852.5,2025-11-17,,1,,,,,,,,,,,,NO_LTF_BARS_IN_WINDOW,2025-11-17 11:34:00,OFH13-20251117113400-+1,DEV,,30s,FALSE
ARM8_FVG_BREAKDOWN,54.63,25852.5,2025-11-17,,1,,,,,,,,,,,,NO_LTF_BARS_IN_WINDOW,2025-11-17 11:34:00,OFH13-20251117113400-+1,DEV,,30s,FALSE
ARM0_CANONICAL,574.63,25867.5,2025-11-20,0,-1,-0.0,TIME,FAV,FAV,FAV,FAV,25867.5,2025-11-20 11:07:00,0.0,592.5,574.63,,2025-11-20 11:07:00,OFH13-20251120110700--1,DEV,36.224999999999994,30s,TRUE
ARM1_RECLAIM,574.63,25867.5,2025-11-20,,-1,,,,,,,,,,,,NO_LTF_BARS_IN_WINDOW,2025-11-20 11:07:00,OFH13-20251120110700--1,DEV,,30s,FALSE
ARM2_PULLBACK_REEXPAND,574.63,25867.5,2025-11-20,,-1,,,,,,,,,,,,NO_LTF_BARS_IN_WINDOW,2025-11-20 11:07:00,OFH13-20251120110700--1,DEV,,30s,FALSE
ARM3_SWEEP_RECLAIM,574.63,25867.5,2025-11-20,,-1,,,,,,,,,,,,NO_LTF_BARS_IN_WINDOW,2025-11-20 11:07:00,OFH13-20251120110700--1,DEV,,30s,FALSE
ARM4_DETECT_CONFIRM,574.63,25867.5,2025-11-20,,-1,,,,,,,,,,,,NO_LTF_BARS_IN_WINDOW,2025-11-20 11:07:00,OFH13-20251120110700--1,DEV,,30s,FALSE
ARM5_SECOND_PUSH,574.63,25867.5,2025-11-20,,-1,,,,,,,,,,,,NO_LTF_BARS_IN_WINDOW,2025-11-20 11:07:00,OFH13-20251120110700--1,DEV,,30s,FALSE
ARM6_V_RECOVERY,574.63,25867.5,2025-11-20,,-1,,,,,,,,,,,,NO_LTF_BARS_IN_WINDOW,2025-11-20 11:07:00,OFH13-20251120110700--1,DEV,,30s,FALSE
ARM7_COMPRESSION_RELEASE,574.63,25867.5,2025-11-20,,-1,,,,,,,,,,,,NO_LTF_BARS_IN_WINDOW,2025-11-20 11:07:00,OFH13-20251120110700--1,DEV,,30s,FALSE
ARM8_FVG_BREAKDOWN,574.63,25867.5,2025-11-20,,-1,,,,,,,,,,,,NO_LTF_BARS_IN_WINDOW,2025-11-20 11:07:00,OFH13-20251120110700--1,DEV,,30s,FALSE
ARM0_CANONICAL,-47.070000000000725,25058.25,2025-11-20,0,-1,-0.0,STOP,AMB,AMB,AMB,FAV,25058.25,2025-11-20 13:59:00,59.0,90.5,-47.070000000000725,,2025-11-20 13:59:00,OFH13-20251120135900--1,DEV,46.2,30s,TRUE
ARM1_RECLAIM,-47.070000000000725,25058.25,2025-11-20,,-1,,,,,,,,,,,,NO_LTF_BARS_IN_WINDOW,2025-11-20 13:59:00,OFH13-20251120135900--1,DEV,,30s,FALSE
ARM2_PULLBACK_REEXPAND,-47.070000000000725,25058.25,2025-11-20,,-1,,,,,,,,,,,,NO_LTF_BARS_IN_WINDOW,2025-11-20 13:59:00,OFH13-20251120135900--1,DEV,,30s,FALSE
ARM3_SWEEP_RECLAIM,-47.070000000000725,25058.25,2025-11-20,,-1,,,,,,,,,,,,NO_LTF_BARS_IN_WINDOW,2025-11-20 13:59:00,OFH13-20251120135900--1,DEV,,30s,FALSE
ARM4_DETECT_CONFIRM,-47.070000000000725,25058.25,2025-11-20,,-1,,,,,,,,,,,,NO_LTF_BARS_IN_WINDOW,2025-11-20 13:59:00,OFH13-20251120135900--1,DEV,,30s,FALSE
ARM5_SECOND_PUSH,-47.070000000000725,25058.25,2025-11-20,,-1,,,,,,,,,,,,NO_LTF_BARS_IN_WINDOW,2025-11-20 13:59:00,OFH13-20251120135900--1,DEV,,30s,FALSE
ARM6_V_RECOVERY,-47.070000000000725,25058.25,2025-11-20,,-1,,,,,,,,,,,,NO_LTF_BARS_IN_WINDOW,2025-11-20 13:59:00,OFH13-20251120135900--1,DEV,,30s,FALSE
ARM7_COMPRESSION_RELEASE,-47.070000000000725,25058.25,2025-11-20,,-1,,,,,,,,,,,,NO_LTF_BARS_IN_WINDOW,2025-11-20 13:59:00,OFH13-20251120135900--1,DEV,,30s,FALSE
ARM8_FVG_BREAKDOWN,-47.070000000000725,25058.25,2025-11-20,,-1,,,,,,,,,,,,NO_LTF_BARS_IN_WINDOW,2025-11-20 13:59:00,OFH13-20251120135900--1,DEV,,30s,FALSE
ARM0_CANONICAL,-47.50124999999854,25262.5,2025-11-21,0,1,0.0,STOP,FAV,FAV,FAV,ADV,25262.5,2025-11-21 13:53:00,50.0,23.5,-47.50124999999854,,2025-11-21 13:53:00,OFH13-20251121135300-+1,DEV,46.631249999999994,30s,TRUE
ARM1_RECLAIM,-47.50124999999854,25262.5,2025-11-21,,1,,,,,,,,,,,,NO_LTF_BARS_IN_WINDOW,2025-11-21 13:53:00,OFH13-20251121135300-+1,DEV,,30s,FALSE
ARM2_PULLBACK_REEXPAND,-47.50124999999854,25262.5,2025-11-21,,1,,,,,,,,,,,,NO_LTF_BARS_IN_WINDOW,2025-11-21 13:53:00,OFH13-20251121135300-+1,DEV,,30s,FALSE
ARM3_SWEEP_RECLAIM,-47.50124999999854,25262.5,2025-11-21,,1,,,,,,,,,,,,NO_LTF_BARS_IN_WINDOW,2025-11-21 13:53:00,OFH13-20251121135300-+1,DEV,,30s,FALSE
ARM4_DETECT_CONFIRM,-47.50124999999854,25262.5,2025-11-21,,1,,,,,,,,,,,,NO_LTF_BARS_IN_WINDOW,2025-11-21 13:53:00,OFH13-20251121135300-+1,DEV,,30s,FALSE
ARM5_SECOND_PUSH,-47.50124999999854,25262.5,2025-11-21,,1,,,,,,,,,,,,NO_LTF_BARS_IN_WINDOW,2025-11-21 13:53:00,OFH13-20251121135300-+1,DEV,,30s,FALSE
ARM6_V_RECOVERY,-47.50124999999854,25262.5,2025-11-21,,1,,,,,,,,,,,,NO_LTF_BARS_IN_WINDOW,2025-11-21 13:53:00,OFH13-20251121135300-+1,DEV,,30s,FALSE
ARM7_COMPRESSION_RELEASE,-47.50124999999854,25262.5,2025-11-21,,1,,,,,,,,,,,,NO_LTF_BARS_IN_WINDOW,2025-11-21 13:53:00,OFH13-20251121135300-+1,DEV,,30s,FALSE
ARM8_FVG_BREAKDOWN,-47.50124999999854,25262.5,2025-11-21,,1,,,,,,,,,,,,NO_LTF_BARS_IN_WINDOW,2025-11-21 13:53:00,OFH13-20251121135300-+1,DEV,,30s,FALSE
ARM0_CANONICAL,91.88,26380.75,2025-12-02,0,-1,-0.0,TIME,FAV,FAV,FAV,FAV,26380.75,2025-12-02 11:09:00,0.5,203.75,91.88,,2025-12-02 11:09:00,OFH13-20251202110900--1,DEV,23.19375,30s,TRUE
ARM1_RECLAIM,91.88,26380.75,2025-12-02,,-1,,,,,,,,,,,,NO_LTF_BARS_IN_WINDOW,2025-12-02 11:09:00,OFH13-20251202110900--1,DEV,,30s,FALSE
ARM2_PULLBACK_REEXPAND,91.88,26380.75,2025-12-02,,-1,,,,,,,,,,,,NO_LTF_BARS_IN_WINDOW,2025-12-02 11:09:00,OFH13-20251202110900--1,DEV,,30s,FALSE
ARM3_SWEEP_RECLAIM,91.88,26380.75,2025-12-02,,-1,,,,,,,,,,,,NO_LTF_BARS_IN_WINDOW,2025-12-02 11:09:00,OFH13-20251202110900--1,DEV,,30s,FALSE
ARM4_DETECT_CONFIRM,91.88,26380.75,2025-12-02,,-1,,,,,,,,,,,,NO_LTF_BARS_IN_WINDOW,2025-12-02 11:09:00,OFH13-20251202110900--1,DEV,,30s,FALSE
ARM5_SECOND_PUSH,91.88,26380.75,2025-12-02,,-1,,,,,,,,,,,,NO_LTF_BARS_IN_WINDOW,2025-12-02 11:09:00,OFH13-20251202110900--1,DEV,,30s,FALSE
ARM6_V_RECOVERY,91.88,26380.75,2025-12-02,,-1,,,,,,,,,,,,NO_LTF_BARS_IN_WINDOW,2025-12-02 11:09:00,OFH13-20251202110900--1,DEV,,30s,FALSE
ARM7_COMPRESSION_RELEASE,91.88,26380.75,2025-12-02,,-1,,,,,,,,,,,,NO_LTF_BARS_IN_WINDOW,2025-12-02 11:09:00,OFH13-20251202110900--1,DEV,,30s,FALSE
ARM8_FVG_BREAKDOWN,91.88,26380.75,2025-12-02,,-1,,,,,,,,,,,,NO_LTF_BARS_IN_WINDOW,2025-12-02 11:09:00,OFH13-20251202110900--1,DEV,,30s,FALSE
ARM0_CANONICAL,-35.96999999999854,26307.25,2025-12-03,0,1,0.0,STOP,AMB,AMB,ADV,ADV,26307.25,2025-12-03 10:26:00,43.5,10.75,-35.96999999999854,,2025-12-03 10:26:00,OFH13-20251203102600-+1,DEV,35.099999999999994,30s,TRUE
ARM1_RECLAIM,-35.96999999999854,26307.25,2025-12-03,,1,,,,,,,,,,,,NO_TRIGGER,2025-12-03 10:26:00,OFH13-20251203102600-+1,DEV,,30s,FALSE
ARM2_PULLBACK_REEXPAND,-35.96999999999854,26307.25,2025-12-03,60,1,0.25,STOP,AMB,AMB,ADV,ADV,26307.0,2025-12-03 10:27:00,43.25,10.75,-35.96999999999854,,2025-12-03 10:26:00,OFH13-20251203102600-+1,DEV,35.099999999999994,30s,TRUE
ARM3_SWEEP_RECLAIM,-35.96999999999854,26307.25,2025-12-03,210,1,8.75,TIME,AMB,AMB,ADV,ADV,26298.5,2025-12-03 10:29:30,34.75,70.0,24.88,,2025-12-03 10:26:00,OFH13-20251203102600-+1,DEV,35.099999999999994,30s,TRUE
ARM4_DETECT_CONFIRM,-35.96999999999854,26307.25,2025-12-03,,1,,,,,,,,,,,,INSUFFICIENT DATA - finer tf absent,2025-12-03 10:26:00,OFH13-20251203102600-+1,DEV,,30s,FALSE
ARM5_SECOND_PUSH,-35.96999999999854,26307.25,2025-12-03,,1,,,,,,,,,,,,NO_RECLAIM_AFTER_PUSH2,2025-12-03 10:26:00,OFH13-20251203102600-+1,DEV,,30s,FALSE
ARM6_V_RECOVERY,-35.96999999999854,26307.25,2025-12-03,,1,,,,,,,,,,,,NO_TRIGGER,2025-12-03 10:26:00,OFH13-20251203102600-+1,DEV,,30s,FALSE
ARM7_COMPRESSION_RELEASE,-35.96999999999854,26307.25,2025-12-03,,1,,,,,,,,,,,,INSUFFICIENT DATA - finer tf absent,2025-12-03 10:26:00,OFH13-20251203102600-+1,DEV,,30s,FALSE
ARM8_FVG_BREAKDOWN,-35.96999999999854,26307.25,2025-12-03,,1,,,,,,,,,,,,NO_BREAKDOWN_RECLAIM,2025-12-03 10:26:00,OFH13-20251203102600-+1,DEV,,30s,FALSE
ARM0_CANONICAL,-21.19500000000073,26323.75,2025-12-03,0,-1,-0.0,STOP,AMB,ADV,ADV,ADV,26323.75,2025-12-03 12:00:00,26.0,2.75,-21.19500000000073,,2025-12-03 12:00:00,OFH13-20251203120000--1,DEV,20.325000000000003,30s,TRUE
ARM1_RECLAIM,-21.19500000000073,26323.75,2025-12-03,,-1,,,,,,,,,,,,NO_LTF_BARS_IN_WINDOW,2025-12-03 12:00:00,OFH13-20251203120000--1,DEV,,30s,FALSE
ARM2_PULLBACK_REEXPAND,-21.19500000000073,26323.75,2025-12-03,,-1,,,,,,,,,,,,NO_LTF_BARS_IN_WINDOW,2025-12-03 12:00:00,OFH13-20251203120000--1,DEV,,30s,FALSE
ARM3_SWEEP_RECLAIM,-21.19500000000073,26323.75,2025-12-03,,-1,,,,,,,,,,,,NO_LTF_BARS_IN_WINDOW,2025-12-03 12:00:00,OFH13-20251203120000--1,DEV,,30s,FALSE
ARM4_DETECT_CONFIRM,-21.19500000000073,26323.75,2025-12-03,,-1,,,,,,,,,,,,NO_LTF_BARS_IN_WINDOW,2025-12-03 12:00:00,OFH13-20251203120000--1,DEV,,30s,FALSE
ARM5_SECOND_PUSH,-21.19500000000073,26323.75,2025-12-03,,-1,,,,,,,,,,,,NO_LTF_BARS_IN_WINDOW,2025-12-03 12:00:00,OFH13-20251203120000--1,DEV,,30s,FALSE
ARM6_V_RECOVERY,-21.19500000000073,26323.75,2025-12-03,,-1,,,,,,,,,,,,NO_LTF_BARS_IN_WINDOW,2025-12-03 12:00:00,OFH13-20251203120000--1,DEV,,30s,FALSE
ARM7_COMPRESSION_RELEASE,-21.19500000000073,26323.75,2025-12-03,,-1,,,,,,,,,,,,NO_LTF_BARS_IN_WINDOW,2025-12-03 12:00:00,OFH13-20251203120000--1,DEV,,30s,FALSE
ARM8_FVG_BREAKDOWN,-21.19500000000073,26323.75,2025-12-03,,-1,,,,,,,,,,,,NO_LTF_BARS_IN_WINDOW,2025-12-03 12:00:00,OFH13-20251203120000--1,DEV,,30s,FALSE
ARM0_CANONICAL,-29.426250000001456,26471.0,2025-12-05,0,-1,-0.0,STOP,FAV,FAV,FAV,FAV,26471.0,2025-12-05 11:46:00,30.5,28.75,-29.426250000001456,,2025-12-05 11:46:00,OFH13-20251205114600--1,DEV,28.556250000000002,30s,TRUE
ARM1_RECLAIM,-29.426250000001456,26471.0,2025-12-05,,-1,,,,,,,,,,,,NO_LTF_BARS_IN_WINDOW,2025-12-05 11:46:00,OFH13-20251205114600--1,DEV,,30s,FALSE
ARM2_PULLBACK_REEXPAND,-29.426250000001456,26471.0,2025-12-05,,-1,,,,,,,,,,,,NO_LTF_BARS_IN_WINDOW,2025-12-05 11:46:00,OFH13-20251205114600--1,DEV,,30s,FALSE
ARM3_SWEEP_RECLAIM,-29.426250000001456,26471.0,2025-12-05,,-1,,,,,,,,,,,,NO_LTF_BARS_IN_WINDOW,2025-12-05 11:46:00,OFH13-20251205114600--1,DEV,,30s,FALSE
ARM4_DETECT_CONFIRM,-29.426250000001456,26471.0,2025-12-05,,-1,,,,,,,,,,,,NO_LTF_BARS_IN_WINDOW,2025-12-05 11:46:00,OFH13-20251205114600--1,DEV,,30s,FALSE
ARM5_SECOND_PUSH,-29.426250000001456,26471.0,2025-12-05,,-1,,,,,,,,,,,,NO_LTF_BARS_IN_WINDOW,2025-12-05 11:46:00,OFH13-20251205114600--1,DEV,,30s,FALSE
ARM6_V_RECOVERY,-29.426250000001456,26471.0,2025-12-05,,-1,,,,,,,,,,,,NO_LTF_BARS_IN_WINDOW,2025-12-05 11:46:00,OFH13-20251205114600--1,DEV,,30s,FALSE
ARM7_COMPRESSION_RELEASE,-29.426250000001456,26471.0,2025-12-05,,-1,,,,,,,,,,,,NO_LTF_BARS_IN_WINDOW,2025-12-05 11:46:00,OFH13-20251205114600--1,DEV,,30s,FALSE
ARM8_FVG_BREAKDOWN,-29.426250000001456,26471.0,2025-12-05,,-1,,,,,,,,,,,,NO_LTF_BARS_IN_WINDOW,2025-12-05 11:46:00,OFH13-20251205114600--1,DEV,,30s,FALSE
ARM0_CANONICAL,-19.62,26390.5,2025-12-08,0,-1,-0.0,STOP,AMB,ADV,ADV,ADV,26390.5,2025-12-08 12:06:00,20.0,1.75,-19.62,,2025-12-08 12:06:00,OFH13-20251208120600--1,DEV,18.75,30s,TRUE
ARM1_RECLAIM,-19.62,26390.5,2025-12-08,,-1,,,,,,,,,,,,NO_LTF_BARS_IN_WINDOW,2025-12-08 12:06:00,OFH13-20251208120600--1,DEV,,30s,FALSE
ARM2_PULLBACK_REEXPAND,-19.62,26390.5,2025-12-08,,-1,,,,,,,,,,,,NO_LTF_BARS_IN_WINDOW,2025-12-08 12:06:00,OFH13-20251208120600--1,DEV,,30s,FALSE
ARM3_SWEEP_RECLAIM,-19.62,26390.5,2025-12-08,,-1,,,,,,,,,,,,NO_LTF_BARS_IN_WINDOW,2025-12-08 12:06:00,OFH13-20251208120600--1,DEV,,30s,FALSE
ARM4_DETECT_CONFIRM,-19.62,26390.5,2025-12-08,,-1,,,,,,,,,,,,NO_LTF_BARS_IN_WINDOW,2025-12-08 12:06:00,OFH13-20251208120600--1,DEV,,30s,FALSE
ARM5_SECOND_PUSH,-19.62,26390.5,2025-12-08,,-1,,,,,,,,,,,,NO_LTF_BARS_IN_WINDOW,2025-12-08 12:06:00,OFH13-20251208120600--1,DEV,,30s,FALSE
ARM6_V_RECOVERY,-19.62,26390.5,2025-12-08,,-1,,,,,,,,,,,,NO_LTF_BARS_IN_WINDOW,2025-12-08 12:06:00,OFH13-20251208120600--1,DEV,,30s,FALSE
ARM7_COMPRESSION_RELEASE,-19.62,26390.5,2025-12-08,,-1,,,,,,,,,,,,NO_LTF_BARS_IN_WINDOW,2025-12-08 12:06:00,OFH13-20251208120600--1,DEV,,30s,FALSE
ARM8_FVG_BREAKDOWN,-19.62,26390.5,2025-12-08,,-1,,,,,,,,,,,,NO_LTF_BARS_IN_WINDOW,2025-12-08 12:06:00,OFH13-20251208120600--1,DEV,,30s,FALSE
ARM0_CANONICAL,-14.87,26321.0,2025-12-11,0,-1,-0.0,TIME,AMB,FAV,FAV,FAV,26321.0,2025-12-11 10:46:00,22.0,102.0,-14.87,,2025-12-11 10:46:00,OFH13-20251211104600--1,DEV,31.856250000000003,30s,TRUE
ARM1_RECLAIM,-14.87,26321.0,2025-12-11,,-1,,,,,,,,,,,,NO_TRIGGER,2025-12-11 10:46:00,OFH13-20251211104600--1,DEV,,30s,FALSE
ARM2_PULLBACK_REEXPAND,-14.87,26321.0,2025-12-11,270,-1,-69.0,STOP,AMB,AMB,AMB,FAV,26252.0,2025-12-11 10:50:30,35.25,33.0,-32.726250000000725,,2025-12-11 10:46:00,OFH13-20251211104600--1,DEV,31.856250000000003,30s,TRUE
ARM3_SWEEP_RECLAIM,-14.87,26321.0,2025-12-11,,-1,,,,,,,,,,,,SWEEP_NO_RECLAIM,2025-12-11 10:46:00,OFH13-20251211104600--1,DEV,,30s,FALSE
ARM4_DETECT_CONFIRM,-14.87,26321.0,2025-12-11,,-1,,,,,,,,,,,,INSUFFICIENT DATA - finer tf absent,2025-12-11 10:46:00,OFH13-20251211104600--1,DEV,,30s,FALSE
ARM5_SECOND_PUSH,-14.87,26321.0,2025-12-11,,-1,,,,,,,,,,,,NO_SECOND_PUSH,2025-12-11 10:46:00,OFH13-20251211104600--1,DEV,,30s,FALSE
ARM6_V_RECOVERY,-14.87,26321.0,2025-12-11,810,-1,-26.75,STOP,AMB,AMB,AMB,AMB,26294.25,2025-12-11 10:59:30,36.0,75.0,-32.726250000000725,,2025-12-11 10:46:00,OFH13-20251211104600--1,DEV,31.856250000000003,30s,TRUE
ARM7_COMPRESSION_RELEASE,-14.87,26321.0,2025-12-11,,-1,,,,,,,,,,,,INSUFFICIENT DATA - finer tf absent,2025-12-11 10:46:00,OFH13-20251211104600--1,DEV,,30s,FALSE
ARM8_FVG_BREAKDOWN,-14.87,26321.0,2025-12-11,,-1,,,,,,,,,,,,NO_BREAKDOWN_RECLAIM,2025-12-11 10:46:00,OFH13-20251211104600--1,DEV,,30s,FALSE
ARM0_CANONICAL,-34.4325,25899.5,2025-12-18,0,1,0.0,STOP,AMB,AMB,ADV,ADV,25899.5,2025-12-18 10:40:00,36.75,12.5,-34.4325,,2025-12-18 10:40:00,OFH13-20251218104000-+1,DEV,33.5625,30s,TRUE
ARM1_RECLAIM,-34.4325,25899.5,2025-12-18,,1,,,,,,,,,,,,NO_TRIGGER,2025-12-18 10:40:00,OFH13-20251218104000-+1,DEV,,30s,FALSE
ARM2_PULLBACK_REEXPAND,-34.4325,25899.5,2025-12-18,60,1,7.25,STOP,AMB,AMB,FAV,ADV,25892.25,2025-12-18 10:41:00,36.25,34.75,-34.4325,,2025-12-18 10:40:00,OFH13-20251218104000-+1,DEV,33.5625,30s,TRUE
ARM3_SWEEP_RECLAIM,-34.4325,25899.5,2025-12-18,,1,,,,,,,,,,,,SWEEP_NO_RECLAIM,2025-12-18 10:40:00,OFH13-20251218104000-+1,DEV,,30s,FALSE
ARM4_DETECT_CONFIRM,-34.4325,25899.5,2025-12-18,,1,,,,,,,,,,,,INSUFFICIENT DATA - finer tf absent,2025-12-18 10:40:00,OFH13-20251218104000-+1,DEV,,30s,FALSE
ARM5_SECOND_PUSH,-34.4325,25899.5,2025-12-18,360,1,7.25,STOP,AMB,ADV,ADV,ADV,25892.25,2025-12-18 10:46:00,36.25,34.75,-34.4325,,2025-12-18 10:40:00,OFH13-20251218104000-+1,DEV,33.5625,30s,TRUE
ARM6_V_RECOVERY,-34.4325,25899.5,2025-12-18,360,1,7.25,STOP,AMB,ADV,ADV,ADV,25892.25,2025-12-18 10:46:00,36.25,34.75,-34.4325,,2025-12-18 10:40:00,OFH13-20251218104000-+1,DEV,33.5625,30s,TRUE
ARM7_COMPRESSION_RELEASE,-34.4325,25899.5,2025-12-18,,1,,,,,,,,,,,,INSUFFICIENT DATA - finer tf absent,2025-12-18 10:40:00,OFH13-20251218104000-+1,DEV,,30s,FALSE
ARM8_FVG_BREAKDOWN,-34.4325,25899.5,2025-12-18,,1,,,,,,,,,,,,NO_BREAKDOWN_RECLAIM,2025-12-18 10:40:00,OFH13-20251218104000-+1,DEV,,30s,FALSE
ARM0_CANONICAL,-24.21375,26361.5,2025-12-26,0,-1,-0.0,STOP,AMB,AMB,ADV,ADV,26361.5,2025-12-26 10:04:00,30.5,17.25,-24.21375,,2025-12-26 10:04:00,OFH13-20251226100400--1,DEV,23.34375,30s,TRUE
ARM1_RECLAIM,-24.21375,26361.5,2025-12-26,,-1,,,,,,,,,,,,NO_TRIGGER,2025-12-26 10:04:00,OFH13-20251226100400--1,DEV,,30s,FALSE
ARM2_PULLBACK_REEXPAND,-24.21375,26361.5,2025-12-26,60,-1,9.25,STOP,AMB,ADV,ADV,FAV,26370.75,2025-12-26 10:05:00,25.75,26.5,-24.21375,,2025-12-26 10:04:00,OFH13-20251226100400--1,DEV,23.34375,30s,TRUE
ARM3_SWEEP_RECLAIM,-24.21375,26361.5,2025-12-26,,-1,,,,,,,,,,,,NO_SWEEP,2025-12-26 10:04:00,OFH13-20251226100400--1,DEV,,30s,FALSE
ARM4_DETECT_CONFIRM,-24.21375,26361.5,2025-12-26,,-1,,,,,,,,,,,,INSUFFICIENT DATA - finer tf absent,2025-12-26 10:04:00,OFH13-20251226100400--1,DEV,,30s,FALSE
ARM5_SECOND_PUSH,-24.21375,26361.5,2025-12-26,,-1,,,,,,,,,,,,NO_RECLAIM_AFTER_PUSH2,2025-12-26 10:04:00,OFH13-20251226100400--1,DEV,,30s,FALSE
ARM6_V_RECOVERY,-24.21375,26361.5,2025-12-26,,-1,,,,,,,,,,,,NO_TRIGGER,2025-12-26 10:04:00,OFH13-20251226100400--1,DEV,,30s,FALSE
ARM7_COMPRESSION_RELEASE,-24.21375,26361.5,2025-12-26,,-1,,,,,,,,,,,,INSUFFICIENT DATA - finer tf absent,2025-12-26 10:04:00,OFH13-20251226100400--1,DEV,,30s,FALSE
ARM8_FVG_BREAKDOWN,-24.21375,26361.5,2025-12-26,,-1,,,,,,,,,,,,NO_BREAKDOWN_RECLAIM,2025-12-26 10:04:00,OFH13-20251226100400--1,DEV,,30s,FALSE
ARM0_CANONICAL,-18.3075,26089.25,2026-01-05,0,-1,-0.0,STOP,AMB,FAV,FAV,ADV,26089.25,2026-01-05 13:22:00,20.75,7.25,-18.3075,,2026-01-05 13:22:00,OFH13-20260105132200--1,DEV,17.4375,30s,TRUE
ARM1_RECLAIM,-18.3075,26089.25,2026-01-05,,-1,,,,,,,,,,,,NO_LTF_BARS_IN_WINDOW,2026-01-05 13:22:00,OFH13-20260105132200--1,DEV,,30s,FALSE
ARM2_PULLBACK_REEXPAND,-18.3075,26089.25,2026-01-05,,-1,,,,,,,,,,,,NO_LTF_BARS_IN_WINDOW,2026-01-05 13:22:00,OFH13-20260105132200--1,DEV,,30s,FALSE
ARM3_SWEEP_RECLAIM,-18.3075,26089.25,2026-01-05,,-1,,,,,,,,,,,,NO_LTF_BARS_IN_WINDOW,2026-01-05 13:22:00,OFH13-20260105132200--1,DEV,,30s,FALSE
ARM4_DETECT_CONFIRM,-18.3075,26089.25,2026-01-05,,-1,,,,,,,,,,,,NO_LTF_BARS_IN_WINDOW,2026-01-05 13:22:00,OFH13-20260105132200--1,DEV,,30s,FALSE
ARM5_SECOND_PUSH,-18.3075,26089.25,2026-01-05,,-1,,,,,,,,,,,,NO_LTF_BARS_IN_WINDOW,2026-01-05 13:22:00,OFH13-20260105132200--1,DEV,,30s,FALSE
ARM6_V_RECOVERY,-18.3075,26089.25,2026-01-05,,-1,,,,,,,,,,,,NO_LTF_BARS_IN_WINDOW,2026-01-05 13:22:00,OFH13-20260105132200--1,DEV,,30s,FALSE
ARM7_COMPRESSION_RELEASE,-18.3075,26089.25,2026-01-05,,-1,,,,,,,,,,,,NO_LTF_BARS_IN_WINDOW,2026-01-05 13:22:00,OFH13-20260105132200--1,DEV,,30s,FALSE
ARM8_FVG_BREAKDOWN,-18.3075,26089.25,2026-01-05,,-1,,,,,,,,,,,,NO_LTF_BARS_IN_WINDOW,2026-01-05 13:22:00,OFH13-20260105132200--1,DEV,,30s,FALSE
ARM0_CANONICAL,-27.19500000000073,26145.0,2026-01-08,0,-1,-0.0,STOP,ADV,ADV,ADV,ADV,26145.0,2026-01-08 10:39:00,34.5,0.5,-27.19500000000073,,2026-01-08 10:39:00,OFH13-20260108103900--1,DEV,26.325000000000003,30s,TRUE
ARM1_RECLAIM,-27.19500000000073,26145.0,2026-01-08,,-1,,,,,,,,,,,,NO_LTF_BARS_IN_WINDOW,2026-01-08 10:39:00,OFH13-20260108103900--1,DEV,,30s,FALSE
ARM2_PULLBACK_REEXPAND,-27.19500000000073,26145.0,2026-01-08,,-1,,,,,,,,,,,,NO_LTF_BARS_IN_WINDOW,2026-01-08 10:39:00,OFH13-20260108103900--1,DEV,,30s,FALSE
ARM3_SWEEP_RECLAIM,-27.19500000000073,26145.0,2026-01-08,,-1,,,,,,,,,,,,NO_LTF_BARS_IN_WINDOW,2026-01-08 10:39:00,OFH13-20260108103900--1,DEV,,30s,FALSE
ARM4_DETECT_CONFIRM,-27.19500000000073,26145.0,2026-01-08,,-1,,,,,,,,,,,,NO_LTF_BARS_IN_WINDOW,2026-01-08 10:39:00,OFH13-20260108103900--1,DEV,,30s,FALSE
ARM5_SECOND_PUSH,-27.19500000000073,26145.0,2026-01-08,,-1,,,,,,,,,,,,NO_LTF_BARS_IN_WINDOW,2026-01-08 10:39:00,OFH13-20260108103900--1,DEV,,30s,FALSE
ARM6_V_RECOVERY,-27.19500000000073,26145.0,2026-01-08,,-1,,,,,,,,,,,,NO_LTF_BARS_IN_WINDOW,2026-01-08 10:39:00,OFH13-20260108103900--1,DEV,,30s,FALSE
ARM7_COMPRESSION_RELEASE,-27.19500000000073,26145.0,2026-01-08,,-1,,,,,,,,,,,,NO_LTF_BARS_IN_WINDOW,2026-01-08 10:39:00,OFH13-20260108103900--1,DEV,,30s,FALSE
ARM8_FVG_BREAKDOWN,-27.19500000000073,26145.0,2026-01-08,,-1,,,,,,,,,,,,NO_LTF_BARS_IN_WINDOW,2026-01-08 10:39:00,OFH13-20260108103900--1,DEV,,30s,FALSE
ARM0_CANONICAL,39.88,26439.5,2026-01-13,0,-1,-0.0,TIME,AMB,ADV,ADV,ADV,26439.5,2026-01-13 10:05:00,28.25,123.5,39.88,,2026-01-13 10:05:00,OFH13-20260113100500--1,DEV,41.325,30s,TRUE
ARM1_RECLAIM,39.88,26439.5,2026-01-13,,-1,,,,,,,,,,,,NO_LTF_BARS_IN_WINDOW,2026-01-13 10:05:00,OFH13-20260113100500--1,DEV,,30s,FALSE
ARM2_PULLBACK_REEXPAND,39.88,26439.5,2026-01-13,,-1,,,,,,,,,,,,NO_LTF_BARS_IN_WINDOW,2026-01-13 10:05:00,OFH13-20260113100500--1,DEV,,30s,FALSE
ARM3_SWEEP_RECLAIM,39.88,26439.5,2026-01-13,,-1,,,,,,,,,,,,NO_LTF_BARS_IN_WINDOW,2026-01-13 10:05:00,OFH13-20260113100500--1,DEV,,30s,FALSE
ARM4_DETECT_CONFIRM,39.88,26439.5,2026-01-13,,-1,,,,,,,,,,,,NO_LTF_BARS_IN_WINDOW,2026-01-13 10:05:00,OFH13-20260113100500--1,DEV,,30s,FALSE
ARM5_SECOND_PUSH,39.88,26439.5,2026-01-13,,-1,,,,,,,,,,,,NO_LTF_BARS_IN_WINDOW,2026-01-13 10:05:00,OFH13-20260113100500--1,DEV,,30s,FALSE
ARM6_V_RECOVERY,39.88,26439.5,2026-01-13,,-1,,,,,,,,,,,,NO_LTF_BARS_IN_WINDOW,2026-01-13 10:05:00,OFH13-20260113100500--1,DEV,,30s,FALSE
ARM7_COMPRESSION_RELEASE,39.88,26439.5,2026-01-13,,-1,,,,,,,,,,,,NO_LTF_BARS_IN_WINDOW,2026-01-13 10:05:00,OFH13-20260113100500--1,DEV,,30s,FALSE
ARM8_FVG_BREAKDOWN,39.88,26439.5,2026-01-13,,-1,,,,,,,,,,,,NO_LTF_BARS_IN_WINDOW,2026-01-13 10:05:00,OFH13-20260113100500--1,DEV,,30s,FALSE
ARM0_CANONICAL,-35.33250000000145,25994.75,2026-01-14,0,-1,-0.0,STOP,AMB,AMB,FAV,ADV,25994.75,2026-01-14 10:51:00,46.75,15.25,-35.33250000000145,,2026-01-14 10:51:00,OFH13-20260114105100--1,DEV,34.462500000000006,30s,TRUE
ARM1_RECLAIM,-35.33250000000145,25994.75,2026-01-14,,-1,,,,,,,,,,,,NO_TRIGGER,2026-01-14 10:51:00,OFH13-20260114105100--1,DEV,,30s,FALSE
ARM2_PULLBACK_REEXPAND,-35.33250000000145,25994.75,2026-01-14,180,-1,5.0,STOP,AMB,AMB,ADV,ADV,25999.75,2026-01-14 10:54:00,41.75,6.75,-35.33250000000145,,2026-01-14 10:51:00,OFH13-20260114105100--1,DEV,34.462500000000006,30s,TRUE
ARM3_SWEEP_RECLAIM,-35.33250000000145,25994.75,2026-01-14,300,-1,9.25,STOP,AMB,AMB,ADV,ADV,26004.0,2026-01-14 10:56:00,37.5,10.25,-35.33250000000145,,2026-01-14 10:51:00,OFH13-20260114105100--1,DEV,34.462500000000006,30s,TRUE
ARM4_DETECT_CONFIRM,-35.33250000000145,25994.75,2026-01-14,,-1,,,,,,,,,,,,INSUFFICIENT DATA - finer tf absent,2026-01-14 10:51:00,OFH13-20260114105100--1,DEV,,30s,FALSE
ARM5_SECOND_PUSH,-35.33250000000145,25994.75,2026-01-14,,-1,,,,,,,,,,,,NO_SECOND_PUSH,2026-01-14 10:51:00,OFH13-20260114105100--1,DEV,,30s,FALSE
ARM6_V_RECOVERY,-35.33250000000145,25994.75,2026-01-14,300,-1,9.25,STOP,AMB,AMB,ADV,ADV,26004.0,2026-01-14 10:56:00,37.5,10.25,-35.33250000000145,,2026-01-14 10:51:00,OFH13-20260114105100--1,DEV,34.462500000000006,30s,TRUE
ARM7_COMPRESSION_RELEASE,-35.33250000000145,25994.75,2026-01-14,,-1,,,,,,,,,,,,INSUFFICIENT DATA - finer tf absent,2026-01-14 10:51:00,OFH13-20260114105100--1,DEV,,30s,FALSE
ARM8_FVG_BREAKDOWN,-35.33250000000145,25994.75,2026-01-14,,-1,,,,,,,,,,,,NO_BREAKDOWN_RECLAIM,2026-01-14 10:51:00,OFH13-20260114105100--1,DEV,,30s,FALSE
ARM0_CANONICAL,127.88,25906.0,2026-01-20,0,-1,-0.0,TIME,AMB,FAV,FAV,FAV,25906.0,2026-01-20 11:51:00,18.0,133.25,127.88,,2026-01-20 11:51:00,OFH13-20260120115100--1,DEV,28.03125,30s,TRUE
ARM1_RECLAIM,127.88,25906.0,2026-01-20,,-1,,,,,,,,,,,,NO_LTF_BARS_IN_WINDOW,2026-01-20 11:51:00,OFH13-20260120115100--1,DEV,,30s,FALSE
ARM2_PULLBACK_REEXPAND,127.88,25906.0,2026-01-20,,-1,,,,,,,,,,,,NO_LTF_BARS_IN_WINDOW,2026-01-20 11:51:00,OFH13-20260120115100--1,DEV,,30s,FALSE
ARM3_SWEEP_RECLAIM,127.88,25906.0,2026-01-20,,-1,,,,,,,,,,,,NO_LTF_BARS_IN_WINDOW,2026-01-20 11:51:00,OFH13-20260120115100--1,DEV,,30s,FALSE
ARM4_DETECT_CONFIRM,127.88,25906.0,2026-01-20,,-1,,,,,,,,,,,,NO_LTF_BARS_IN_WINDOW,2026-01-20 11:51:00,OFH13-20260120115100--1,DEV,,30s,FALSE
ARM5_SECOND_PUSH,127.88,25906.0,2026-01-20,,-1,,,,,,,,,,,,NO_LTF_BARS_IN_WINDOW,2026-01-20 11:51:00,OFH13-20260120115100--1,DEV,,30s,FALSE
ARM6_V_RECOVERY,127.88,25906.0,2026-01-20,,-1,,,,,,,,,,,,NO_LTF_BARS_IN_WINDOW,2026-01-20 11:51:00,OFH13-20260120115100--1,DEV,,30s,FALSE
ARM7_COMPRESSION_RELEASE,127.88,25906.0,2026-01-20,,-1,,,,,,,,,,,,NO_LTF_BARS_IN_WINDOW,2026-01-20 11:51:00,OFH13-20260120115100--1,DEV,,30s,FALSE
ARM8_FVG_BREAKDOWN,127.88,25906.0,2026-01-20,,-1,,,,,,,,,,,,NO_LTF_BARS_IN_WINDOW,2026-01-20 11:51:00,OFH13-20260120115100--1,DEV,,30s,FALSE
ARM0_CANONICAL,-33.02625,25677.0,2026-01-21,0,-1,-0.0,STOP,ADV,ADV,ADV,ADV,25677.0,2026-01-21 12:17:00,46.75,2.0,-33.02625,,2026-01-21 12:17:00,OFH13-20260121121700--1,DEV,32.15625,30s,TRUE
ARM1_RECLAIM,-33.02625,25677.0,2026-01-21,,-1,,,,,,,,,,,,NO_LTF_BARS_IN_WINDOW,2026-01-21 12:17:00,OFH13-20260121121700--1,DEV,,30s,FALSE
ARM2_PULLBACK_REEXPAND,-33.02625,25677.0,2026-01-21,,-1,,,,,,,,,,,,NO_LTF_BARS_IN_WINDOW,2026-01-21 12:17:00,OFH13-20260121121700--1,DEV,,30s,FALSE
ARM3_SWEEP_RECLAIM,-33.02625,25677.0,2026-01-21,,-1,,,,,,,,,,,,NO_LTF_BARS_IN_WINDOW,2026-01-21 12:17:00,OFH13-20260121121700--1,DEV,,30s,FALSE
ARM4_DETECT_CONFIRM,-33.02625,25677.0,2026-01-21,,-1,,,,,,,,,,,,NO_LTF_BARS_IN_WINDOW,2026-01-21 12:17:00,OFH13-20260121121700--1,DEV,,30s,FALSE
ARM5_SECOND_PUSH,-33.02625,25677.0,2026-01-21,,-1,,,,,,,,,,,,NO_LTF_BARS_IN_WINDOW,2026-01-21 12:17:00,OFH13-20260121121700--1,DEV,,30s,FALSE
ARM6_V_RECOVERY,-33.02625,25677.0,2026-01-21,,-1,,,,,,,,,,,,NO_LTF_BARS_IN_WINDOW,2026-01-21 12:17:00,OFH13-20260121121700--1,DEV,,30s,FALSE
ARM7_COMPRESSION_RELEASE,-33.02625,25677.0,2026-01-21,,-1,,,,,,,,,,,,NO_LTF_BARS_IN_WINDOW,2026-01-21 12:17:00,OFH13-20260121121700--1,DEV,,30s,FALSE
ARM8_FVG_BREAKDOWN,-33.02625,25677.0,2026-01-21,,-1,,,,,,,,,,,,NO_LTF_BARS_IN_WINDOW,2026-01-21 12:17:00,OFH13-20260121121700--1,DEV,,30s,FALSE
ARM0_CANONICAL,-21.85125000000073,26380.0,2026-01-26,0,1,0.0,STOP,ADV,ADV,ADV,ADV,26380.0,2026-01-26 10:26:00,26.0,0.75,-21.85125000000073,,2026-01-26 10:26:00,OFH13-20260126102600-+1,DEV,20.981250000000003,30s,TRUE
ARM1_RECLAIM,-21.85125000000073,26380.0,2026-01-26,,1,,,,,,,,,,,,NO_TRIGGER,2026-01-26 10:26:00,OFH13-20260126102600-+1,DEV,,30s,FALSE
ARM2_PULLBACK_REEXPAND,-21.85125000000073,26380.0,2026-01-26,,1,,,,,,,,,,,,NO_TRIGGER,2026-01-26 10:26:00,OFH13-20260126102600-+1,DEV,,30s,FALSE
ARM3_SWEEP_RECLAIM,-21.85125000000073,26380.0,2026-01-26,,1,,,,,,,,,,,,NO_SWEEP,2026-01-26 10:26:00,OFH13-20260126102600-+1,DEV,,30s,FALSE
ARM4_DETECT_CONFIRM,-21.85125000000073,26380.0,2026-01-26,,1,,,,,,,,,,,,INSUFFICIENT DATA - finer tf absent,2026-01-26 10:26:00,OFH13-20260126102600-+1,DEV,,30s,FALSE
ARM5_SECOND_PUSH,-21.85125000000073,26380.0,2026-01-26,,1,,,,,,,,,,,,NO_SECOND_PUSH,2026-01-26 10:26:00,OFH13-20260126102600-+1,DEV,,30s,FALSE
ARM6_V_RECOVERY,-21.85125000000073,26380.0,2026-01-26,,1,,,,,,,,,,,,NO_TRIGGER,2026-01-26 10:26:00,OFH13-20260126102600-+1,DEV,,30s,FALSE
ARM7_COMPRESSION_RELEASE,-21.85125000000073,26380.0,2026-01-26,,1,,,,,,,,,,,,INSUFFICIENT DATA - finer tf absent,2026-01-26 10:26:00,OFH13-20260126102600-+1,DEV,,30s,FALSE
ARM8_FVG_BREAKDOWN,-21.85125000000073,26380.0,2026-01-26,,1,,,,,,,,,,,,NO_BREAKDOWN_RECLAIM,2026-01-26 10:26:00,OFH13-20260126102600-+1,DEV,,30s,FALSE
ARM0_CANONICAL,36.88,26570.25,2026-01-27,0,1,0.0,TIME,AMB,FAV,ADV,ADV,26570.25,2026-01-27 10:12:00,22.5,39.75,36.88,,2026-01-27 10:12:00,OFH13-20260127101200-+1,DEV,25.331249999999997,30s,TRUE
ARM1_RECLAIM,36.88,26570.25,2026-01-27,420,1,-7.25,STOP,ADV,ADV,ADV,ADV,26577.5,2026-01-27 10:19:00,29.75,7.5,-26.201249999999273,,2026-01-27 10:12:00,OFH13-20260127101200-+1,DEV,25.331249999999997,30s,TRUE
ARM2_PULLBACK_REEXPAND,36.88,26570.25,2026-01-27,120,1,0.5,TIME,AMB,ADV,FAV,ADV,26569.75,2026-01-27 10:14:00,22.0,40.25,35.38,,2026-01-27 10:12:00,OFH13-20260127101200-+1,DEV,25.331249999999997,30s,TRUE
ARM3_SWEEP_RECLAIM,36.88,26570.25,2026-01-27,,1,,,,,,,,,,,,SWEEP_NO_RECLAIM,2026-01-27 10:12:00,OFH13-20260127101200-+1,DEV,,30s,FALSE
ARM4_DETECT_CONFIRM,36.88,26570.25,2026-01-27,,1,,,,,,,,,,,,INSUFFICIENT DATA - finer tf absent,2026-01-27 10:12:00,OFH13-20260127101200-+1,DEV,,30s,FALSE
ARM5_SECOND_PUSH,36.88,26570.25,2026-01-27,,1,,,,,,,,,,,,NO_RECLAIM_AFTER_PUSH2,2026-01-27 10:12:00,OFH13-20260127101200-+1,DEV,,30s,FALSE
ARM6_V_RECOVERY,36.88,26570.25,2026-01-27,180,1,0.5,TIME,AMB,AMB,FAV,ADV,26569.75,2026-01-27 10:15:00,22.0,40.25,37.38,,2026-01-27 10:12:00,OFH13-20260127101200-+1,DEV,25.331249999999997,30s,TRUE
ARM7_COMPRESSION_RELEASE,36.88,26570.25,2026-01-27,,1,,,,,,,,,,,,INSUFFICIENT DATA - finer tf absent,2026-01-27 10:12:00,OFH13-20260127101200-+1,DEV,,30s,FALSE
ARM8_FVG_BREAKDOWN,36.88,26570.25,2026-01-27,,1,,,,,,,,,,,,NO_BREAKDOWN_RECLAIM,2026-01-27 10:12:00,OFH13-20260127101200-+1,DEV,,30s,FALSE
ARM0_CANONICAL,-29.107499999999273,26309.0,2026-01-29,0,1,0.0,STOP,AMB,AMB,FAV,FAV,26309.0,2026-01-29 12:17:00,34.0,79.75,-29.107499999999273,,2026-01-29 12:17:00,OFH13-20260129121700-+1,DEV,28.237499999999997,30s,TRUE
ARM1_RECLAIM,-29.107499999999273,26309.0,2026-01-29,,1,,,,,,,,,,,,NO_LTF_BARS_IN_WINDOW,2026-01-29 12:17:00,OFH13-20260129121700-+1,DEV,,30s,FALSE
ARM2_PULLBACK_REEXPAND,-29.107499999999273,26309.0,2026-01-29,,1,,,,,,,,,,,,NO_LTF_BARS_IN_WINDOW,2026-01-29 12:17:00,OFH13-20260129121700-+1,DEV,,30s,FALSE
ARM3_SWEEP_RECLAIM,-29.107499999999273,26309.0,2026-01-29,,1,,,,,,,,,,,,NO_LTF_BARS_IN_WINDOW,2026-01-29 12:17:00,OFH13-20260129121700-+1,DEV,,30s,FALSE
ARM4_DETECT_CONFIRM,-29.107499999999273,26309.0,2026-01-29,,1,,,,,,,,,,,,NO_LTF_BARS_IN_WINDOW,2026-01-29 12:17:00,OFH13-20260129121700-+1,DEV,,30s,FALSE
ARM5_SECOND_PUSH,-29.107499999999273,26309.0,2026-01-29,,1,,,,,,,,,,,,NO_LTF_BARS_IN_WINDOW,2026-01-29 12:17:00,OFH13-20260129121700-+1,DEV,,30s,FALSE
ARM6_V_RECOVERY,-29.107499999999273,26309.0,2026-01-29,,1,,,,,,,,,,,,NO_LTF_BARS_IN_WINDOW,2026-01-29 12:17:00,OFH13-20260129121700-+1,DEV,,30s,FALSE
ARM7_COMPRESSION_RELEASE,-29.107499999999273,26309.0,2026-01-29,,1,,,,,,,,,,,,NO_LTF_BARS_IN_WINDOW,2026-01-29 12:17:00,OFH13-20260129121700-+1,DEV,,30s,FALSE
ARM8_FVG_BREAKDOWN,-29.107499999999273,26309.0,2026-01-29,,1,,,,,,,,,,,,NO_LTF_BARS_IN_WINDOW,2026-01-29 12:17:00,OFH13-20260129121700-+1,DEV,,30s,FALSE
ARM0_CANONICAL,-41.14500000000145,26303.25,2026-01-30,0,-1,-0.0,STOP,AMB,AMB,FAV,ADV,26303.25,2026-01-30 10:32:00,90.0,13.75,-41.14500000000145,,2026-01-30 10:32:00,OFH13-20260130103200--1,DEV,40.275000000000006,30s,TRUE
ARM1_RECLAIM,-41.14500000000145,26303.25,2026-01-30,,-1,,,,,,,,,,,,NO_TRIGGER,2026-01-30 10:32:00,OFH13-20260130103200--1,DEV,,30s,FALSE
ARM2_PULLBACK_REEXPAND,-41.14500000000145,26303.25,2026-01-30,60,-1,-1.25,STOP,AMB,AMB,ADV,ADV,26302.0,2026-01-30 10:33:00,91.25,12.5,-41.14500000000145,,2026-01-30 10:32:00,OFH13-20260130103200--1,DEV,40.275000000000006,30s,TRUE
ARM3_SWEEP_RECLAIM,-41.14500000000145,26303.25,2026-01-30,,-1,,,,,,,,,,,,SWEEP_NO_RECLAIM,2026-01-30 10:32:00,OFH13-20260130103200--1,DEV,,30s,FALSE
ARM4_DETECT_CONFIRM,-41.14500000000145,26303.25,2026-01-30,,-1,,,,,,,,,,,,INSUFFICIENT DATA - finer tf absent,2026-01-30 10:32:00,OFH13-20260130103200--1,DEV,,30s,FALSE
ARM5_SECOND_PUSH,-41.14500000000145,26303.25,2026-01-30,120,-1,-6.75,STOP,ADV,ADV,ADV,ADV,26296.5,2026-01-30 10:34:00,96.75,0.0,-41.14500000000145,,2026-01-30 10:32:00,OFH13-20260130103200--1,DEV,40.275000000000006,30s,TRUE
ARM6_V_RECOVERY,-41.14500000000145,26303.25,2026-01-30,,-1,,,,,,,,,,,,NO_TRIGGER,2026-01-30 10:32:00,OFH13-20260130103200--1,DEV,,30s,FALSE
ARM7_COMPRESSION_RELEASE,-41.14500000000145,26303.25,2026-01-30,,-1,,,,,,,,,,,,INSUFFICIENT DATA - finer tf absent,2026-01-30 10:32:00,OFH13-20260130103200--1,DEV,,30s,FALSE
ARM8_FVG_BREAKDOWN,-41.14500000000145,26303.25,2026-01-30,,-1,,,,,,,,,,,,NO_BREAKDOWN_RECLAIM,2026-01-30 10:32:00,OFH13-20260130103200--1,DEV,,30s,FALSE
ARM0_CANONICAL,-32.96999999999854,26108.0,2026-01-30,0,-1,-0.0,STOP,AMB,ADV,ADV,ADV,26108.0,2026-01-30 13:24:00,45.25,3.0,-32.96999999999854,,2026-01-30 13:24:00,OFH13-20260130132400--1,DEV,32.099999999999994,30s,TRUE
ARM1_RECLAIM,-32.96999999999854,26108.0,2026-01-30,,-1,,,,,,,,,,,,NO_LTF_BARS_IN_WINDOW,2026-01-30 13:24:00,OFH13-20260130132400--1,DEV,,30s,FALSE
ARM2_PULLBACK_REEXPAND,-32.96999999999854,26108.0,2026-01-30,,-1,,,,,,,,,,,,NO_LTF_BARS_IN_WINDOW,2026-01-30 13:24:00,OFH13-20260130132400--1,DEV,,30s,FALSE
ARM3_SWEEP_RECLAIM,-32.96999999999854,26108.0,2026-01-30,,-1,,,,,,,,,,,,NO_LTF_BARS_IN_WINDOW,2026-01-30 13:24:00,OFH13-20260130132400--1,DEV,,30s,FALSE
ARM4_DETECT_CONFIRM,-32.96999999999854,26108.0,2026-01-30,,-1,,,,,,,,,,,,NO_LTF_BARS_IN_WINDOW,2026-01-30 13:24:00,OFH13-20260130132400--1,DEV,,30s,FALSE
ARM5_SECOND_PUSH,-32.96999999999854,26108.0,2026-01-30,,-1,,,,,,,,,,,,NO_LTF_BARS_IN_WINDOW,2026-01-30 13:24:00,OFH13-20260130132400--1,DEV,,30s,FALSE
ARM6_V_RECOVERY,-32.96999999999854,26108.0,2026-01-30,,-1,,,,,,,,,,,,NO_LTF_BARS_IN_WINDOW,2026-01-30 13:24:00,OFH13-20260130132400--1,DEV,,30s,FALSE
ARM7_COMPRESSION_RELEASE,-32.96999999999854,26108.0,2026-01-30,,-1,,,,,,,,,,,,NO_LTF_BARS_IN_WINDOW,2026-01-30 13:24:00,OFH13-20260130132400--1,DEV,,30s,FALSE
ARM8_FVG_BREAKDOWN,-32.96999999999854,26108.0,2026-01-30,,-1,,,,,,,,,,,,NO_LTF_BARS_IN_WINDOW,2026-01-30 13:24:00,OFH13-20260130132400--1,DEV,,30s,FALSE
ARM0_CANONICAL,9.13,26092.25,2026-02-03,0,-1,-0.0,TIME,AMB,AMB,ADV,FAV,26092.25,2026-02-03 10:09:00,49.5,112.0,9.13,,2026-02-03 10:09:00,OFH13-20260203100900--1,DEV,52.6875,30s,TRUE
ARM1_RECLAIM,9.13,26092.25,2026-02-03,840,-1,-37.75,STOP,AMB,AMB,FAV,FAV,26054.5,2026-02-03 10:23:00,74.25,74.25,-53.5575,,2026-02-03 10:09:00,OFH13-20260203100900--1,DEV,52.6875,30s,TRUE
ARM2_PULLBACK_REEXPAND,9.13,26092.25,2026-02-03,90,-1,11.75,TIME,AMB,ADV,ADV,FAV,26104.0,2026-02-03 10:10:30,37.75,123.75,38.63,,2026-02-03 10:09:00,OFH13-20260203100900--1,DEV,52.6875,30s,TRUE
ARM3_SWEEP_RECLAIM,9.13,26092.25,2026-02-03,750,-1,8.5,TIME,AMB,AMB,FAV,FAV,26100.75,2026-02-03 10:21:30,41.0,120.5,37.38,,2026-02-03 10:09:00,OFH13-20260203100900--1,DEV,52.6875,30s,TRUE
ARM4_DETECT_CONFIRM,9.13,26092.25,2026-02-03,,-1,,,,,,,,,,,,INSUFFICIENT DATA - finer tf absent,2026-02-03 10:09:00,OFH13-20260203100900--1,DEV,,30s,FALSE
ARM5_SECOND_PUSH,9.13,26092.25,2026-02-03,150,-1,3.25,TIME,AMB,AMB,FAV,FAV,26095.5,2026-02-03 10:11:30,46.25,115.25,44.38,,2026-02-03 10:09:00,OFH13-20260203100900--1,DEV,52.6875,30s,TRUE
ARM6_V_RECOVERY,9.13,26092.25,2026-02-03,150,-1,3.25,TIME,AMB,AMB,FAV,FAV,26095.5,2026-02-03 10:11:30,46.25,115.25,44.38,,2026-02-03 10:09:00,OFH13-20260203100900--1,DEV,52.6875,30s,TRUE
ARM7_COMPRESSION_RELEASE,9.13,26092.25,2026-02-03,,-1,,,,,,,,,,,,INSUFFICIENT DATA - finer tf absent,2026-02-03 10:09:00,OFH13-20260203100900--1,DEV,,30s,FALSE
ARM8_FVG_BREAKDOWN,9.13,26092.25,2026-02-03,,-1,,,,,,,,,,,,NO_BREAKDOWN_RECLAIM,2026-02-03 10:09:00,OFH13-20260203100900--1,DEV,,30s,FALSE
ARM0_CANONICAL,-61.58250000000145,25668.75,2026-02-04,0,-1,-0.0,STOP,AMB,FAV,FAV,ADV,25668.75,2026-02-04 10:04:00,61.75,24.25,-61.58250000000145,,2026-02-04 10:04:00,OFH13-20260204100400--1,DEV,60.712500000000006,30s,TRUE
ARM1_RECLAIM,-61.58250000000145,25668.75,2026-02-04,,-1,,,,,,,,,,,,NO_TRIGGER,2026-02-04 10:04:00,OFH13-20260204100400--1,DEV,,30s,FALSE
ARM2_PULLBACK_REEXPAND,-61.58250000000145,25668.75,2026-02-04,,-1,,,,,,,,,,,,NO_TRIGGER,2026-02-04 10:04:00,OFH13-20260204100400--1,DEV,,30s,FALSE
ARM3_SWEEP_RECLAIM,-61.58250000000145,25668.75,2026-02-04,,-1,,,,,,,,,,,,NO_SWEEP,2026-02-04 10:04:00,OFH13-20260204100400--1,DEV,,30s,FALSE
ARM4_DETECT_CONFIRM,-61.58250000000145,25668.75,2026-02-04,,-1,,,,,,,,,,,,INSUFFICIENT DATA - finer tf absent,2026-02-04 10:04:00,OFH13-20260204100400--1,DEV,,30s,FALSE
ARM5_SECOND_PUSH,-61.58250000000145,25668.75,2026-02-04,,-1,,,,,,,,,,,,NO_SECOND_PUSH,2026-02-04 10:04:00,OFH13-20260204100400--1,DEV,,30s,FALSE
ARM6_V_RECOVERY,-61.58250000000145,25668.75,2026-02-04,,-1,,,,,,,,,,,,NO_TRIGGER,2026-02-04 10:04:00,OFH13-20260204100400--1,DEV,,30s,FALSE
ARM7_COMPRESSION_RELEASE,-61.58250000000145,25668.75,2026-02-04,,-1,,,,,,,,,,,,INSUFFICIENT DATA - finer tf absent,2026-02-04 10:04:00,OFH13-20260204100400--1,DEV,,30s,FALSE
ARM8_FVG_BREAKDOWN,-61.58250000000145,25668.75,2026-02-04,,-1,,,,,,,,,,,,NO_BREAKDOWN_RECLAIM,2026-02-04 10:04:00,OFH13-20260204100400--1,DEV,,30s,FALSE
ARM0_CANONICAL,83.63,25224.5,2026-02-05,0,-1,-0.0,TIME,AMB,FAV,FAV,FAV,25224.5,2026-02-05 10:03:00,7.5,163.75,83.63,,2026-02-05 10:03:00,OFH13-20260205100300--1,DEV,72.4125,30s,TRUE
ARM1_RECLAIM,83.63,25224.5,2026-02-05,240,-1,-47.5,TIME,AMB,FAV,FAV,FAV,25177.0,2026-02-05 10:07:00,34.0,116.25,82.13,,2026-02-05 10:03:00,OFH13-20260205100300--1,DEV,72.4125,30s,TRUE
ARM2_PULLBACK_REEXPAND,83.63,25224.5,2026-02-05,120,-1,-10.5,TIME,AMB,FAV,FAV,FAV,25214.0,2026-02-05 10:05:00,9.0,153.25,117.63,,2026-02-05 10:03:00,OFH13-20260205100300--1,DEV,72.4125,30s,TRUE
ARM3_SWEEP_RECLAIM,83.63,25224.5,2026-02-05,1230,-1,-123.75,STOP,AMB,ADV,ADV,ADV,25100.75,2026-02-05 10:23:30,72.75,11.75,-73.28249999999855,,2026-02-05 10:03:00,OFH13-20260205100300--1,DEV,72.4125,30s,TRUE
ARM4_DETECT_CONFIRM,83.63,25224.5,2026-02-05,,-1,,,,,,,,,,,,INSUFFICIENT DATA - finer tf absent,2026-02-05 10:03:00,OFH13-20260205100300--1,DEV,,30s,FALSE
ARM5_SECOND_PUSH,83.63,25224.5,2026-02-05,,-1,,,,,,,,,,,,NO_SECOND_PUSH,2026-02-05 10:03:00,OFH13-20260205100300--1,DEV,,30s,FALSE
ARM6_V_RECOVERY,83.63,25224.5,2026-02-05,480,-1,-70.75,TIME,AMB,FAV,FAV,FAV,25153.75,2026-02-05 10:11:00,57.25,93.0,61.13,,2026-02-05 10:03:00,OFH13-20260205100300--1,DEV,72.4125,30s,TRUE
ARM7_COMPRESSION_RELEASE,83.63,25224.5,2026-02-05,,-1,,,,,,,,,,,,INSUFFICIENT DATA - finer tf absent,2026-02-05 10:03:00,OFH13-20260205100300--1,DEV,,30s,FALSE
ARM8_FVG_BREAKDOWN,83.63,25224.5,2026-02-05,,-1,,,,,,,,,,,,NO_BREAKDOWN_RECLAIM,2026-02-05 10:03:00,OFH13-20260205100300--1,DEV,,30s,FALSE
ARM0_CANONICAL,244.88,25624.5,2026-02-12,0,-1,-0.0,TIME,FAV,FAV,FAV,FAV,25624.5,2026-02-12 10:52:00,1.5,309.0,244.88,,2026-02-12 10:52:00,OFH13-20260212105200--1,DEV,35.04375,30s,TRUE
ARM1_RECLAIM,244.88,25624.5,2026-02-12,360,-1,-82.25,TIME,AMB,AMB,FAV,FAV,25542.25,2026-02-12 10:58:00,9.25,226.75,168.63,,2026-02-12 10:52:00,OFH13-20260212105200--1,DEV,35.04375,30s,TRUE
ARM2_PULLBACK_REEXPAND,244.88,25624.5,2026-02-12,120,-1,-33.25,TIME,FAV,FAV,FAV,FAV,25591.25,2026-02-12 10:54:00,1.75,275.75,220.38,,2026-02-12 10:52:00,OFH13-20260212105200--1,DEV,35.04375,30s,TRUE
ARM3_SWEEP_RECLAIM,244.88,25624.5,2026-02-12,,-1,,,,,,,,,,,,NO_SWEEP,2026-02-12 10:52:00,OFH13-20260212105200--1,DEV,,30s,FALSE
ARM4_DETECT_CONFIRM,244.88,25624.5,2026-02-12,,-1,,,,,,,,,,,,INSUFFICIENT DATA - finer tf absent,2026-02-12 10:52:00,OFH13-20260212105200--1,DEV,,30s,FALSE
ARM5_SECOND_PUSH,244.88,25624.5,2026-02-12,,-1,,,,,,,,,,,,NO_SECOND_PUSH,2026-02-12 10:52:00,OFH13-20260212105200--1,DEV,,30s,FALSE
ARM6_V_RECOVERY,244.88,25624.5,2026-02-12,360,-1,-82.25,TIME,AMB,AMB,FAV,FAV,25542.25,2026-02-12 10:58:00,9.25,226.75,168.63,,2026-02-12 10:52:00,OFH13-20260212105200--1,DEV,35.04375,30s,TRUE
ARM7_COMPRESSION_RELEASE,244.88,25624.5,2026-02-12,,-1,,,,,,,,,,,,INSUFFICIENT DATA - finer tf absent,2026-02-12 10:52:00,OFH13-20260212105200--1,DEV,,30s,FALSE
ARM8_FVG_BREAKDOWN,244.88,25624.5,2026-02-12,,-1,,,,,,,,,,,,NO_BREAKDOWN_RECLAIM,2026-02-12 10:52:00,OFH13-20260212105200--1,DEV,,30s,FALSE
ARM0_CANONICAL,86.13,25524.25,2026-02-18,0,1,0.0,TIME,AMB,AMB,AMB,FAV,25524.25,2026-02-18 10:09:00,17.5,101.75,86.13,,2026-02-18 10:09:00,OFH13-20260218100900-+1,DEV,40.6125,30s,TRUE
ARM1_RECLAIM,86.13,25524.25,2026-02-18,240,1,-14.0,TIME,FAV,FAV,FAV,FAV,25538.25,2026-02-18 10:13:00,7.0,87.75,67.13,,2026-02-18 10:09:00,OFH13-20260218100900-+1,DEV,40.6125,30s,TRUE
ARM2_PULLBACK_REEXPAND,86.13,25524.25,2026-02-18,60,1,-6.75,TIME,AMB,ADV,ADV,FAV,25531.0,2026-02-18 10:10:00,24.25,95.0,64.38,,2026-02-18 10:09:00,OFH13-20260218100900-+1,DEV,40.6125,30s,TRUE
ARM3_SWEEP_RECLAIM,86.13,25524.25,2026-02-18,,1,,,,,,,,,,,,SWEEP_NO_RECLAIM,2026-02-18 10:09:00,OFH13-20260218100900-+1,DEV,,30s,FALSE
ARM4_DETECT_CONFIRM,86.13,25524.25,2026-02-18,,1,,,,,,,,,,,,INSUFFICIENT DATA - finer tf absent,2026-02-18 10:09:00,OFH13-20260218100900-+1,DEV,,30s,FALSE
ARM5_SECOND_PUSH,86.13,25524.25,2026-02-18,210,1,-3.0,TIME,AMB,AMB,FAV,FAV,25527.25,2026-02-18 10:12:30,10.5,98.75,73.63,,2026-02-18 10:09:00,OFH13-20260218100900-+1,DEV,40.6125,30s,TRUE
ARM6_V_RECOVERY,86.13,25524.25,2026-02-18,210,1,-3.0,TIME,AMB,AMB,FAV,FAV,25527.25,2026-02-18 10:12:30,10.5,98.75,73.63,,2026-02-18 10:09:00,OFH13-20260218100900-+1,DEV,40.6125,30s,TRUE
ARM7_COMPRESSION_RELEASE,86.13,25524.25,2026-02-18,,1,,,,,,,,,,,,INSUFFICIENT DATA - finer tf absent,2026-02-18 10:09:00,OFH13-20260218100900-+1,DEV,,30s,FALSE
ARM8_FVG_BREAKDOWN,86.13,25524.25,2026-02-18,,1,,,,,,,,,,,,NO_BREAKDOWN_RECLAIM,2026-02-18 10:09:00,OFH13-20260218100900-+1,DEV,,30s,FALSE
ARM0_CANONICAL,-14.62,25402.0,2026-02-19,0,1,0.0,TIME,AMB,AMB,ADV,ADV,25402.0,2026-02-19 10:12:00,42.5,52.5,-14.62,,2026-02-19 10:12:00,OFH13-20260219101200-+1,DEV,44.662499999999994,30s,TRUE
ARM1_RECLAIM,-14.62,25402.0,2026-02-19,,1,,,,,,,,,,,,NO_TRIGGER,2026-02-19 10:12:00,OFH13-20260219101200-+1,DEV,,30s,FALSE
ARM2_PULLBACK_REEXPAND,-14.62,25402.0,2026-02-19,,1,,,,,,,,,,,,NO_TRIGGER,2026-02-19 10:12:00,OFH13-20260219101200-+1,DEV,,30s,FALSE
ARM3_SWEEP_RECLAIM,-14.62,25402.0,2026-02-19,,1,,,,,,,,,,,,NO_SWEEP,2026-02-19 10:12:00,OFH13-20260219101200-+1,DEV,,30s,FALSE
ARM4_DETECT_CONFIRM,-14.62,25402.0,2026-02-19,,1,,,,,,,,,,,,INSUFFICIENT DATA - finer tf absent,2026-02-19 10:12:00,OFH13-20260219101200-+1,DEV,,30s,FALSE
ARM5_SECOND_PUSH,-14.62,25402.0,2026-02-19,,1,,,,,,,,,,,,NO_SECOND_PUSH,2026-02-19 10:12:00,OFH13-20260219101200-+1,DEV,,30s,FALSE
ARM6_V_RECOVERY,-14.62,25402.0,2026-02-19,,1,,,,,,,,,,,,NO_TRIGGER,2026-02-19 10:12:00,OFH13-20260219101200-+1,DEV,,30s,FALSE
ARM7_COMPRESSION_RELEASE,-14.62,25402.0,2026-02-19,,1,,,,,,,,,,,,INSUFFICIENT DATA - finer tf absent,2026-02-19 10:12:00,OFH13-20260219101200-+1,DEV,,30s,FALSE
ARM8_FVG_BREAKDOWN,-14.62,25402.0,2026-02-19,,1,,,,,,,,,,,,NO_BREAKDOWN_RECLAIM,2026-02-19 10:12:00,OFH13-20260219101200-+1,DEV,,30s,FALSE
ARM0_CANONICAL,-31.4325,25393.25,2026-02-19,0,-1,-0.0,STOP,AMB,AMB,FAV,FAV,25393.25,2026-02-19 10:53:00,35.0,21.25,-31.4325,,2026-02-19 10:53:00,OFH13-20260219105300--1,DEV,30.5625,30s,TRUE
ARM1_RECLAIM,-31.4325,25393.25,2026-02-19,,-1,,,,,,,,,,,,NO_TRIGGER,2026-02-19 10:53:00,OFH13-20260219105300--1,DEV,,30s,FALSE
ARM2_PULLBACK_REEXPAND,-31.4325,25393.25,2026-02-19,60,-1,-9.5,STOP,AMB,AMB,FAV,ADV,25383.75,2026-02-19 10:54:00,44.5,11.75,-31.4325,,2026-02-19 10:53:00,OFH13-20260219105300--1,DEV,30.5625,30s,TRUE
ARM3_SWEEP_RECLAIM,-31.4325,25393.25,2026-02-19,,-1,,,,,,,,,,,,NO_SWEEP,2026-02-19 10:53:00,OFH13-20260219105300--1,DEV,,30s,FALSE
ARM4_DETECT_CONFIRM,-31.4325,25393.25,2026-02-19,,-1,,,,,,,,,,,,INSUFFICIENT DATA - finer tf absent,2026-02-19 10:53:00,OFH13-20260219105300--1,DEV,,30s,FALSE
ARM5_SECOND_PUSH,-31.4325,25393.25,2026-02-19,,-1,,,,,,,,,,,,NO_SECOND_PUSH,2026-02-19 10:53:00,OFH13-20260219105300--1,DEV,,30s,FALSE
ARM6_V_RECOVERY,-31.4325,25393.25,2026-02-19,,-1,,,,,,,,,,,,NO_TRIGGER,2026-02-19 10:53:00,OFH13-20260219105300--1,DEV,,30s,FALSE
ARM7_COMPRESSION_RELEASE,-31.4325,25393.25,2026-02-19,,-1,,,,,,,,,,,,INSUFFICIENT DATA - finer tf absent,2026-02-19 10:53:00,OFH13-20260219105300--1,DEV,,30s,FALSE
ARM8_FVG_BREAKDOWN,-31.4325,25393.25,2026-02-19,,-1,,,,,,,,,,,,NO_BREAKDOWN_RECLAIM,2026-02-19 10:53:00,OFH13-20260219105300--1,DEV,,30s,FALSE
ARM0_CANONICAL,-67.0575,25476.5,2026-02-20,0,1,0.0,STOP,AMB,AMB,FAV,ADV,25476.5,2026-02-20 10:04:00,85.5,40.25,-67.0575,,2026-02-20 10:04:00,OFH13-20260220100400-+1,DEV,66.1875,30s,TRUE
ARM1_RECLAIM,-67.0575,25476.5,2026-02-20,,1,,,,,,,,,,,,NO_TRIGGER,2026-02-20 10:04:00,OFH13-20260220100400-+1,DEV,,30s,FALSE
ARM2_PULLBACK_REEXPAND,-67.0575,25476.5,2026-02-20,,1,,,,,,,,,,,,NO_TRIGGER,2026-02-20 10:04:00,OFH13-20260220100400-+1,DEV,,30s,FALSE
ARM3_SWEEP_RECLAIM,-67.0575,25476.5,2026-02-20,,1,,,,,,,,,,,,NO_SWEEP,2026-02-20 10:04:00,OFH13-20260220100400-+1,DEV,,30s,FALSE
ARM4_DETECT_CONFIRM,-67.0575,25476.5,2026-02-20,,1,,,,,,,,,,,,INSUFFICIENT DATA - finer tf absent,2026-02-20 10:04:00,OFH13-20260220100400-+1,DEV,,30s,FALSE
ARM5_SECOND_PUSH,-67.0575,25476.5,2026-02-20,,1,,,,,,,,,,,,NO_SECOND_PUSH,2026-02-20 10:04:00,OFH13-20260220100400-+1,DEV,,30s,FALSE
ARM6_V_RECOVERY,-67.0575,25476.5,2026-02-20,,1,,,,,,,,,,,,NO_TRIGGER,2026-02-20 10:04:00,OFH13-20260220100400-+1,DEV,,30s,FALSE
ARM7_COMPRESSION_RELEASE,-67.0575,25476.5,2026-02-20,,1,,,,,,,,,,,,INSUFFICIENT DATA - finer tf absent,2026-02-20 10:04:00,OFH13-20260220100400-+1,DEV,,30s,FALSE
ARM8_FVG_BREAKDOWN,-67.0575,25476.5,2026-02-20,,1,,,,,,,,,,,,NO_BREAKDOWN_RECLAIM,2026-02-20 10:04:00,OFH13-20260220100400-+1,DEV,,30s,FALSE
ARM0_CANONICAL,68.13,25343.0,2026-02-23,0,-1,-0.0,TIME,FAV,FAV,FAV,FAV,25343.0,2026-02-23 10:46:00,19.25,165.25,68.13,,2026-02-23 10:46:00,OFH13-20260223104600--1,DEV,30.28125,30s,TRUE
ARM1_RECLAIM,68.13,25343.0,2026-02-23,,-1,,,,,,,,,,,,NO_TRIGGER,2026-02-23 10:46:00,OFH13-20260223104600--1,DEV,,30s,FALSE
ARM2_PULLBACK_REEXPAND,68.13,25343.0,2026-02-23,,-1,,,,,,,,,,,,NO_TRIGGER,2026-02-23 10:46:00,OFH13-20260223104600--1,DEV,,30s,FALSE
ARM3_SWEEP_RECLAIM,68.13,25343.0,2026-02-23,,-1,,,,,,,,,,,,NO_SWEEP,2026-02-23 10:46:00,OFH13-20260223104600--1,DEV,,30s,FALSE
ARM4_DETECT_CONFIRM,68.13,25343.0,2026-02-23,,-1,,,,,,,,,,,,INSUFFICIENT DATA - finer tf absent,2026-02-23 10:46:00,OFH13-20260223104600--1,DEV,,30s,FALSE
ARM5_SECOND_PUSH,68.13,25343.0,2026-02-23,,-1,,,,,,,,,,,,NO_SECOND_PUSH,2026-02-23 10:46:00,OFH13-20260223104600--1,DEV,,30s,FALSE
ARM6_V_RECOVERY,68.13,25343.0,2026-02-23,,-1,,,,,,,,,,,,NO_TRIGGER,2026-02-23 10:46:00,OFH13-20260223104600--1,DEV,,30s,FALSE
ARM7_COMPRESSION_RELEASE,68.13,25343.0,2026-02-23,,-1,,,,,,,,,,,,INSUFFICIENT DATA - finer tf absent,2026-02-23 10:46:00,OFH13-20260223104600--1,DEV,,30s,FALSE
ARM8_FVG_BREAKDOWN,68.13,25343.0,2026-02-23,,-1,,,,,,,,,,,,NO_BREAKDOWN_RECLAIM,2026-02-23 10:46:00,OFH13-20260223104600--1,DEV,,30s,FALSE
ARM0_CANONICAL,-17.745,25575.75,2026-02-24,0,1,0.0,STOP,AMB,ADV,ADV,ADV,25575.75,2026-02-24 12:16:00,17.0,2.5,-17.745,,2026-02-24 12:16:00,OFH13-20260224121600-+1,DEV,16.875,30s,TRUE
ARM1_RECLAIM,-17.745,25575.75,2026-02-24,,1,,,,,,,,,,,,NO_LTF_BARS_IN_WINDOW,2026-02-24 12:16:00,OFH13-20260224121600-+1,DEV,,30s,FALSE
ARM2_PULLBACK_REEXPAND,-17.745,25575.75,2026-02-24,,1,,,,,,,,,,,,NO_LTF_BARS_IN_WINDOW,2026-02-24 12:16:00,OFH13-20260224121600-+1,DEV,,30s,FALSE
ARM3_SWEEP_RECLAIM,-17.745,25575.75,2026-02-24,,1,,,,,,,,,,,,NO_LTF_BARS_IN_WINDOW,2026-02-24 12:16:00,OFH13-20260224121600-+1,DEV,,30s,FALSE
ARM4_DETECT_CONFIRM,-17.745,25575.75,2026-02-24,,1,,,,,,,,,,,,NO_LTF_BARS_IN_WINDOW,2026-02-24 12:16:00,OFH13-20260224121600-+1,DEV,,30s,FALSE
ARM5_SECOND_PUSH,-17.745,25575.75,2026-02-24,,1,,,,,,,,,,,,NO_LTF_BARS_IN_WINDOW,2026-02-24 12:16:00,OFH13-20260224121600-+1,DEV,,30s,FALSE
ARM6_V_RECOVERY,-17.745,25575.75,2026-02-24,,1,,,,,,,,,,,,NO_LTF_BARS_IN_WINDOW,2026-02-24 12:16:00,OFH13-20260224121600-+1,DEV,,30s,FALSE
ARM7_COMPRESSION_RELEASE,-17.745,25575.75,2026-02-24,,1,,,,,,,,,,,,NO_LTF_BARS_IN_WINDOW,2026-02-24 12:16:00,OFH13-20260224121600-+1,DEV,,30s,FALSE
ARM8_FVG_BREAKDOWN,-17.745,25575.75,2026-02-24,,1,,,,,,,,,,,,NO_LTF_BARS_IN_WINDOW,2026-02-24 12:16:00,OFH13-20260224121600-+1,DEV,,30s,FALSE
ARM0_CANONICAL,2.38,25809.25,2026-02-25,0,-1,-0.0,TIME,AMB,FAV,FAV,FAV,25809.25,2026-02-25 10:37:00,16.25,34.5,2.38,,2026-02-25 10:37:00,OFH13-20260225103700--1,DEV,24.825000000000003,30s,TRUE
ARM1_RECLAIM,2.38,25809.25,2026-02-25,810,-1,-7.25,STOP,ADV,ADV,ADV,FAV,25802.0,2026-02-25 10:50:30,28.25,27.25,-25.69500000000073,,2026-02-25 10:37:00,OFH13-20260225103700--1,DEV,24.825000000000003,30s,TRUE
ARM2_PULLBACK_REEXPAND,2.38,25809.25,2026-02-25,90,-1,-2.75,TIME,AMB,ADV,ADV,ADV,25806.5,2026-02-25 10:38:30,19.0,31.75,-4.37,,2026-02-25 10:37:00,OFH13-20260225103700--1,DEV,24.825000000000003,30s,TRUE
ARM3_SWEEP_RECLAIM,2.38,25809.25,2026-02-25,270,-1,-1.75,TIME,AMB,AMB,ADV,ADV,25807.5,2026-02-25 10:41:30,22.75,32.75,-23.12,,2026-02-25 10:37:00,OFH13-20260225103700--1,DEV,24.825000000000003,30s,TRUE
ARM4_DETECT_CONFIRM,2.38,25809.25,2026-02-25,,-1,,,,,,,,,,,,INSUFFICIENT DATA - finer tf absent,2026-02-25 10:37:00,OFH13-20260225103700--1,DEV,,30s,FALSE
ARM5_SECOND_PUSH,2.38,25809.25,2026-02-25,,-1,,,,,,,,,,,,NO_RECLAIM_AFTER_PUSH2,2026-02-25 10:37:00,OFH13-20260225103700--1,DEV,,30s,FALSE
ARM6_V_RECOVERY,2.38,25809.25,2026-02-25,180,-1,-3.0,TIME,AMB,ADV,ADV,ADV,25806.25,2026-02-25 10:40:00,19.25,31.5,-17.87,,2026-02-25 10:37:00,OFH13-20260225103700--1,DEV,24.825000000000003,30s,TRUE
ARM7_COMPRESSION_RELEASE,2.38,25809.25,2026-02-25,,-1,,,,,,,,,,,,INSUFFICIENT DATA - finer tf absent,2026-02-25 10:37:00,OFH13-20260225103700--1,DEV,,30s,FALSE
ARM8_FVG_BREAKDOWN,2.38,25809.25,2026-02-25,,-1,,,,,,,,,,,,NO_BREAKDOWN_RECLAIM,2026-02-25 10:37:00,OFH13-20260225103700--1,DEV,,30s,FALSE
ARM0_CANONICAL,72.88,25521.5,2026-02-26,0,-1,-0.0,TIME,AMB,ADV,ADV,ADV,25521.5,2026-02-26 11:49:00,18.25,76.5,72.88,,2026-02-26 11:49:00,OFH13-20260226114900--1,DEV,26.325000000000003,30s,TRUE
ARM1_RECLAIM,72.88,25521.5,2026-02-26,,-1,,,,,,,,,,,,NO_LTF_BARS_IN_WINDOW,2026-02-26 11:49:00,OFH13-20260226114900--1,DEV,,30s,FALSE
ARM2_PULLBACK_REEXPAND,72.88,25521.5,2026-02-26,,-1,,,,,,,,,,,,NO_LTF_BARS_IN_WINDOW,2026-02-26 11:49:00,OFH13-20260226114900--1,DEV,,30s,FALSE
ARM3_SWEEP_RECLAIM,72.88,25521.5,2026-02-26,,-1,,,,,,,,,,,,NO_LTF_BARS_IN_WINDOW,2026-02-26 11:49:00,OFH13-20260226114900--1,DEV,,30s,FALSE
ARM4_DETECT_CONFIRM,72.88,25521.5,2026-02-26,,-1,,,,,,,,,,,,NO_LTF_BARS_IN_WINDOW,2026-02-26 11:49:00,OFH13-20260226114900--1,DEV,,30s,FALSE
ARM5_SECOND_PUSH,72.88,25521.5,2026-02-26,,-1,,,,,,,,,,,,NO_LTF_BARS_IN_WINDOW,2026-02-26 11:49:00,OFH13-20260226114900--1,DEV,,30s,FALSE
ARM6_V_RECOVERY,72.88,25521.5,2026-02-26,,-1,,,,,,,,,,,,NO_LTF_BARS_IN_WINDOW,2026-02-26 11:49:00,OFH13-20260226114900--1,DEV,,30s,FALSE
ARM7_COMPRESSION_RELEASE,72.88,25521.5,2026-02-26,,-1,,,,,,,,,,,,NO_LTF_BARS_IN_WINDOW,2026-02-26 11:49:00,OFH13-20260226114900--1,DEV,,30s,FALSE
ARM8_FVG_BREAKDOWN,72.88,25521.5,2026-02-26,,-1,,,,,,,,,,,,NO_LTF_BARS_IN_WINDOW,2026-02-26 11:49:00,OFH13-20260226114900--1,DEV,,30s,FALSE
ARM0_CANONICAL,-52.07624999999927,25464.5,2026-03-04,0,1,0.0,STOP,AMB,ADV,ADV,ADV,25464.5,2026-03-04 10:03:00,58.5,7.75,-52.07624999999927,,2026-03-04 10:03:00,OFH13-20260304100300-+1,DEV,51.206250000000004,30s,TRUE
ARM1_RECLAIM,-52.07624999999927,25464.5,2026-03-04,,1,,,,,,,,,,,,NO_LTF_BARS_IN_WINDOW,2026-03-04 10:03:00,OFH13-20260304100300-+1,DEV,,30s,FALSE
ARM2_PULLBACK_REEXPAND,-52.07624999999927,25464.5,2026-03-04,,1,,,,,,,,,,,,NO_LTF_BARS_IN_WINDOW,2026-03-04 10:03:00,OFH13-20260304100300-+1,DEV,,30s,FALSE
ARM3_SWEEP_RECLAIM,-52.07624999999927,25464.5,2026-03-04,,1,,,,,,,,,,,,NO_LTF_BARS_IN_WINDOW,2026-03-04 10:03:00,OFH13-20260304100300-+1,DEV,,30s,FALSE
ARM4_DETECT_CONFIRM,-52.07624999999927,25464.5,2026-03-04,,1,,,,,,,,,,,,NO_LTF_BARS_IN_WINDOW,2026-03-04 10:03:00,OFH13-20260304100300-+1,DEV,,30s,FALSE
ARM5_SECOND_PUSH,-52.07624999999927,25464.5,2026-03-04,,1,,,,,,,,,,,,NO_LTF_BARS_IN_WINDOW,2026-03-04 10:03:00,OFH13-20260304100300-+1,DEV,,30s,FALSE
ARM6_V_RECOVERY,-52.07624999999927,25464.5,2026-03-04,,1,,,,,,,,,,,,NO_LTF_BARS_IN_WINDOW,2026-03-04 10:03:00,OFH13-20260304100300-+1,DEV,,30s,FALSE
ARM7_COMPRESSION_RELEASE,-52.07624999999927,25464.5,2026-03-04,,1,,,,,,,,,,,,NO_LTF_BARS_IN_WINDOW,2026-03-04 10:03:00,OFH13-20260304100300-+1,DEV,,30s,FALSE
ARM8_FVG_BREAKDOWN,-52.07624999999927,25464.5,2026-03-04,,1,,,,,,,,,,,,NO_LTF_BARS_IN_WINDOW,2026-03-04 10:03:00,OFH13-20260304100300-+1,DEV,,30s,FALSE
ARM0_CANONICAL,-16.451249999999273,25711.75,2026-03-04,0,1,0.0,STOP,ADV,ADV,ADV,ADV,25711.75,2026-03-04 13:55:00,16.0,0.25,-16.451249999999273,,2026-03-04 13:55:00,OFH13-20260304135500-+1,DEV,15.581249999999999,30s,TRUE
ARM1_RECLAIM,-16.451249999999273,25711.75,2026-03-04,,1,,,,,,,,,,,,NO_LTF_BARS_IN_WINDOW,2026-03-04 13:55:00,OFH13-20260304135500-+1,DEV,,30s,FALSE
ARM2_PULLBACK_REEXPAND,-16.451249999999273,25711.75,2026-03-04,,1,,,,,,,,,,,,NO_LTF_BARS_IN_WINDOW,2026-03-04 13:55:00,OFH13-20260304135500-+1,DEV,,30s,FALSE
ARM3_SWEEP_RECLAIM,-16.451249999999273,25711.75,2026-03-04,,1,,,,,,,,,,,,NO_LTF_BARS_IN_WINDOW,2026-03-04 13:55:00,OFH13-20260304135500-+1,DEV,,30s,FALSE
ARM4_DETECT_CONFIRM,-16.451249999999273,25711.75,2026-03-04,,1,,,,,,,,,,,,NO_LTF_BARS_IN_WINDOW,2026-03-04 13:55:00,OFH13-20260304135500-+1,DEV,,30s,FALSE
ARM5_SECOND_PUSH,-16.451249999999273,25711.75,2026-03-04,,1,,,,,,,,,,,,NO_LTF_BARS_IN_WINDOW,2026-03-04 13:55:00,OFH13-20260304135500-+1,DEV,,30s,FALSE
ARM6_V_RECOVERY,-16.451249999999273,25711.75,2026-03-04,,1,,,,,,,,,,,,NO_LTF_BARS_IN_WINDOW,2026-03-04 13:55:00,OFH13-20260304135500-+1,DEV,,30s,FALSE
ARM7_COMPRESSION_RELEASE,-16.451249999999273,25711.75,2026-03-04,,1,,,,,,,,,,,,NO_LTF_BARS_IN_WINDOW,2026-03-04 13:55:00,OFH13-20260304135500-+1,DEV,,30s,FALSE
ARM8_FVG_BREAKDOWN,-16.451249999999273,25711.75,2026-03-04,,1,,,,,,,,,,,,NO_LTF_BARS_IN_WINDOW,2026-03-04 13:55:00,OFH13-20260304135500-+1,DEV,,30s,FALSE
ARM0_CANONICAL,-44.9325,25485.0,2026-03-05,0,-1,-0.0,STOP,FAV,FAV,FAV,ADV,25485.0,2026-03-05 10:35:00,44.75,16.25,-44.9325,,2026-03-05 10:35:00,OFH13-20260305103500--1,DEV,44.0625,30s,TRUE
ARM1_RECLAIM,-44.9325,25485.0,2026-03-05,,-1,,,,,,,,,,,,NO_TRIGGER,2026-03-05 10:35:00,OFH13-20260305103500--1,DEV,,30s,FALSE
ARM2_PULLBACK_REEXPAND,-44.9325,25485.0,2026-03-05,,-1,,,,,,,,,,,,NO_TRIGGER,2026-03-05 10:35:00,OFH13-20260305103500--1,DEV,,30s,FALSE
ARM3_SWEEP_RECLAIM,-44.9325,25485.0,2026-03-05,,-1,,,,,,,,,,,,NO_SWEEP,2026-03-05 10:35:00,OFH13-20260305103500--1,DEV,,30s,FALSE
ARM4_DETECT_CONFIRM,-44.9325,25485.0,2026-03-05,,-1,,,,,,,,,,,,INSUFFICIENT DATA - finer tf absent,2026-03-05 10:35:00,OFH13-20260305103500--1,DEV,,30s,FALSE
ARM5_SECOND_PUSH,-44.9325,25485.0,2026-03-05,,-1,,,,,,,,,,,,NO_SECOND_PUSH,2026-03-05 10:35:00,OFH13-20260305103500--1,DEV,,30s,FALSE
ARM6_V_RECOVERY,-44.9325,25485.0,2026-03-05,,-1,,,,,,,,,,,,NO_TRIGGER,2026-03-05 10:35:00,OFH13-20260305103500--1,DEV,,30s,FALSE
ARM7_COMPRESSION_RELEASE,-44.9325,25485.0,2026-03-05,,-1,,,,,,,,,,,,INSUFFICIENT DATA - finer tf absent,2026-03-05 10:35:00,OFH13-20260305103500--1,DEV,,30s,FALSE
ARM8_FVG_BREAKDOWN,-44.9325,25485.0,2026-03-05,,-1,,,,,,,,,,,,NO_BREAKDOWN_RECLAIM,2026-03-05 10:35:00,OFH13-20260305103500--1,DEV,,30s,FALSE
ARM0_CANONICAL,-35.38874999999927,25279.25,2026-03-06,0,-1,-0.0,STOP,AMB,ADV,ADV,ADV,25279.25,2026-03-06 10:53:00,81.0,3.5,-35.38874999999927,,2026-03-06 10:53:00,OFH13-20260306105300--1,DEV,34.51875,30s,TRUE
ARM1_RECLAIM,-35.38874999999927,25279.25,2026-03-06,,-1,,,,,,,,,,,,NO_TRIGGER,2026-03-06 10:53:00,OFH13-20260306105300--1,DEV,,30s,FALSE
ARM2_PULLBACK_REEXPAND,-35.38874999999927,25279.25,2026-03-06,90,-1,2.25,STOP,AMB,ADV,ADV,ADV,25281.5,2026-03-06 10:54:30,78.75,5.75,-35.38874999999927,,2026-03-06 10:53:00,OFH13-20260306105300--1,DEV,34.51875,30s,TRUE
ARM3_SWEEP_RECLAIM,-35.38874999999927,25279.25,2026-03-06,,-1,,,,,,,,,,,,NO_SWEEP,2026-03-06 10:53:00,OFH13-20260306105300--1,DEV,,30s,FALSE
ARM4_DETECT_CONFIRM,-35.38874999999927,25279.25,2026-03-06,,-1,,,,,,,,,,,,INSUFFICIENT DATA - finer tf absent,2026-03-06 10:53:00,OFH13-20260306105300--1,DEV,,30s,FALSE
ARM5_SECOND_PUSH,-35.38874999999927,25279.25,2026-03-06,,-1,,,,,,,,,,,,NO_SECOND_PUSH,2026-03-06 10:53:00,OFH13-20260306105300--1,DEV,,30s,FALSE
ARM6_V_RECOVERY,-35.38874999999927,25279.25,2026-03-06,,-1,,,,,,,,,,,,NO_TRIGGER,2026-03-06 10:53:00,OFH13-20260306105300--1,DEV,,30s,FALSE
ARM7_COMPRESSION_RELEASE,-35.38874999999927,25279.25,2026-03-06,,-1,,,,,,,,,,,,INSUFFICIENT DATA - finer tf absent,2026-03-06 10:53:00,OFH13-20260306105300--1,DEV,,30s,FALSE
ARM8_FVG_BREAKDOWN,-35.38874999999927,25279.25,2026-03-06,,-1,,,,,,,,,,,,NO_BREAKDOWN_RECLAIM,2026-03-06 10:53:00,OFH13-20260306105300--1,DEV,,30s,FALSE
ARM0_CANONICAL,-48.32624999999927,25442.0,2026-03-10,0,-1,-0.0,STOP,AMB,FAV,FAV,FAV,25442.0,2026-03-10 10:13:00,52.0,39.5,-48.32624999999927,,2026-03-10 10:13:00,OFH13-20260310101300--1,DEV,47.45625,30s,TRUE
ARM1_RECLAIM,-48.32624999999927,25442.0,2026-03-10,,-1,,,,,,,,,,,,NO_TRIGGER,2026-03-10 10:13:00,OFH13-20260310101300--1,DEV,,30s,FALSE
ARM2_PULLBACK_REEXPAND,-48.32624999999927,25442.0,2026-03-10,90,-1,0.5,STOP,AMB,ADV,FAV,FAV,25442.5,2026-03-10 10:14:30,51.5,40.0,-48.32624999999927,,2026-03-10 10:13:00,OFH13-20260310101300--1,DEV,47.45625,30s,TRUE
ARM3_SWEEP_RECLAIM,-48.32624999999927,25442.0,2026-03-10,,-1,,,,,,,,,,,,SWEEP_NO_RECLAIM,2026-03-10 10:13:00,OFH13-20260310101300--1,DEV,,30s,FALSE
ARM4_DETECT_CONFIRM,-48.32624999999927,25442.0,2026-03-10,,-1,,,,,,,,,,,,INSUFFICIENT DATA - finer tf absent,2026-03-10 10:13:00,OFH13-20260310101300--1,DEV,,30s,FALSE
ARM5_SECOND_PUSH,-48.32624999999927,25442.0,2026-03-10,150,-1,-21.75,STOP,AMB,ADV,ADV,ADV,25420.25,2026-03-10 10:15:30,49.5,17.75,-48.32624999999927,,2026-03-10 10:13:00,OFH13-20260310101300--1,DEV,47.45625,30s,TRUE
ARM6_V_RECOVERY,-48.32624999999927,25442.0,2026-03-10,270,-1,-21.75,STOP,ADV,ADV,ADV,ADV,25420.25,2026-03-10 10:17:30,49.5,6.25,-48.32624999999927,,2026-03-10 10:13:00,OFH13-20260310101300--1,DEV,47.45625,30s,TRUE
ARM7_COMPRESSION_RELEASE,-48.32624999999927,25442.0,2026-03-10,,-1,,,,,,,,,,,,INSUFFICIENT DATA - finer tf absent,2026-03-10 10:13:00,OFH13-20260310101300--1,DEV,,30s,FALSE
ARM8_FVG_BREAKDOWN,-48.32624999999927,25442.0,2026-03-10,,-1,,,,,,,,,,,,NO_BREAKDOWN_RECLAIM,2026-03-10 10:13:00,OFH13-20260310101300--1,DEV,,30s,FALSE
ARM0_CANONICAL,-46.601250000000725,25640.5,2026-03-11,0,1,0.0,STOP,ADV,ADV,ADV,ADV,25640.5,2026-03-11 10:03:00,60.25,18.75,-46.601250000000725,,2026-03-11 10:03:00,OFH13-20260311100300-+1,DEV,45.73125,30s,TRUE
ARM1_RECLAIM,-46.601250000000725,25640.5,2026-03-11,,1,,,,,,,,,,,,NO_LTF_BARS_IN_WINDOW,2026-03-11 10:03:00,OFH13-20260311100300-+1,DEV,,30s,FALSE
ARM2_PULLBACK_REEXPAND,-46.601250000000725,25640.5,2026-03-11,,1,,,,,,,,,,,,NO_LTF_BARS_IN_WINDOW,2026-03-11 10:03:00,OFH13-20260311100300-+1,DEV,,30s,FALSE
ARM3_SWEEP_RECLAIM,-46.601250000000725,25640.5,2026-03-11,,1,,,,,,,,,,,,NO_LTF_BARS_IN_WINDOW,2026-03-11 10:03:00,OFH13-20260311100300-+1,DEV,,30s,FALSE
ARM4_DETECT_CONFIRM,-46.601250000000725,25640.5,2026-03-11,,1,,,,,,,,,,,,NO_LTF_BARS_IN_WINDOW,2026-03-11 10:03:00,OFH13-20260311100300-+1,DEV,,30s,FALSE
ARM5_SECOND_PUSH,-46.601250000000725,25640.5,2026-03-11,,1,,,,,,,,,,,,NO_LTF_BARS_IN_WINDOW,2026-03-11 10:03:00,OFH13-20260311100300-+1,DEV,,30s,FALSE
ARM6_V_RECOVERY,-46.601250000000725,25640.5,2026-03-11,,1,,,,,,,,,,,,NO_LTF_BARS_IN_WINDOW,2026-03-11 10:03:00,OFH13-20260311100300-+1,DEV,,30s,FALSE
ARM7_COMPRESSION_RELEASE,-46.601250000000725,25640.5,2026-03-11,,1,,,,,,,,,,,,NO_LTF_BARS_IN_WINDOW,2026-03-11 10:03:00,OFH13-20260311100300-+1,DEV,,30s,FALSE
ARM8_FVG_BREAKDOWN,-46.601250000000725,25640.5,2026-03-11,,1,,,,,,,,,,,,NO_LTF_BARS_IN_WINDOW,2026-03-11 10:03:00,OFH13-20260311100300-+1,DEV,,30s,FALSE
ARM0_CANONICAL,-40.35749999999927,25521.5,2026-03-11,0,-1,-0.0,STOP,AMB,AMB,ADV,ADV,25521.5,2026-03-11 10:37:00,41.75,15.25,-40.35749999999927,,2026-03-11 10:37:00,OFH13-20260311103700--1,DEV,39.4875,30s,TRUE
ARM1_RECLAIM,-40.35749999999927,25521.5,2026-03-11,,-1,,,,,,,,,,,,NO_TRIGGER,2026-03-11 10:37:00,OFH13-20260311103700--1,DEV,,30s,FALSE
ARM2_PULLBACK_REEXPAND,-40.35749999999927,25521.5,2026-03-11,,-1,,,,,,,,,,,,NO_TRIGGER,2026-03-11 10:37:00,OFH13-20260311103700--1,DEV,,30s,FALSE
ARM3_SWEEP_RECLAIM,-40.35749999999927,25521.5,2026-03-11,,-1,,,,,,,,,,,,NO_SWEEP,2026-03-11 10:37:00,OFH13-20260311103700--1,DEV,,30s,FALSE
ARM4_DETECT_CONFIRM,-40.35749999999927,25521.5,2026-03-11,,-1,,,,,,,,,,,,INSUFFICIENT DATA - finer tf absent,2026-03-11 10:37:00,OFH13-20260311103700--1,DEV,,30s,FALSE
ARM5_SECOND_PUSH,-40.35749999999927,25521.5,2026-03-11,,-1,,,,,,,,,,,,NO_SECOND_PUSH,2026-03-11 10:37:00,OFH13-20260311103700--1,DEV,,30s,FALSE
ARM6_V_RECOVERY,-40.35749999999927,25521.5,2026-03-11,,-1,,,,,,,,,,,,NO_TRIGGER,2026-03-11 10:37:00,OFH13-20260311103700--1,DEV,,30s,FALSE
ARM7_COMPRESSION_RELEASE,-40.35749999999927,25521.5,2026-03-11,,-1,,,,,,,,,,,,INSUFFICIENT DATA - finer tf absent,2026-03-11 10:37:00,OFH13-20260311103700--1,DEV,,30s,FALSE
ARM8_FVG_BREAKDOWN,-40.35749999999927,25521.5,2026-03-11,,-1,,,,,,,,,,,,NO_BREAKDOWN_RECLAIM,2026-03-11 10:37:00,OFH13-20260311103700--1,DEV,,30s,FALSE
ARM0_CANONICAL,224.38,25221.5,2026-03-13,0,-1,-0.0,TIME,AMB,AMB,ADV,FAV,25221.5,2026-03-13 10:05:00,23.5,250.0,224.38,,2026-03-13 10:05:00,OFH13-20260313100500--1,DEV,41.53125,30s,TRUE
ARM1_RECLAIM,224.38,25221.5,2026-03-13,,-1,,,,,,,,,,,,NO_LTF_BARS_IN_WINDOW,2026-03-13 10:05:00,OFH13-20260313100500--1,DEV,,30s,FALSE
ARM2_PULLBACK_REEXPAND,224.38,25221.5,2026-03-13,,-1,,,,,,,,,,,,NO_LTF_BARS_IN_WINDOW,2026-03-13 10:05:00,OFH13-20260313100500--1,DEV,,30s,FALSE
ARM3_SWEEP_RECLAIM,224.38,25221.5,2026-03-13,,-1,,,,,,,,,,,,NO_LTF_BARS_IN_WINDOW,2026-03-13 10:05:00,OFH13-20260313100500--1,DEV,,30s,FALSE
ARM4_DETECT_CONFIRM,224.38,25221.5,2026-03-13,,-1,,,,,,,,,,,,NO_LTF_BARS_IN_WINDOW,2026-03-13 10:05:00,OFH13-20260313100500--1,DEV,,30s,FALSE
ARM5_SECOND_PUSH,224.38,25221.5,2026-03-13,,-1,,,,,,,,,,,,NO_LTF_BARS_IN_WINDOW,2026-03-13 10:05:00,OFH13-20260313100500--1,DEV,,30s,FALSE
ARM6_V_RECOVERY,224.38,25221.5,2026-03-13,,-1,,,,,,,,,,,,NO_LTF_BARS_IN_WINDOW,2026-03-13 10:05:00,OFH13-20260313100500--1,DEV,,30s,FALSE
ARM7_COMPRESSION_RELEASE,224.38,25221.5,2026-03-13,,-1,,,,,,,,,,,,NO_LTF_BARS_IN_WINDOW,2026-03-13 10:05:00,OFH13-20260313100500--1,DEV,,30s,FALSE
ARM8_FVG_BREAKDOWN,224.38,25221.5,2026-03-13,,-1,,,,,,,,,,,,NO_LTF_BARS_IN_WINDOW,2026-03-13 10:05:00,OFH13-20260313100500--1,DEV,,30s,FALSE
ARM0_CANONICAL,133.38,25078.5,2026-03-13,0,-1,-0.0,TIME,AMB,AMB,ADV,ADV,25078.5,2026-03-13 10:49:00,29.25,172.25,133.38,,2026-03-13 10:49:00,OFH13-20260313104900--1,DEV,40.40625,30s,TRUE
ARM1_RECLAIM,133.38,25078.5,2026-03-13,210,-1,-15.75,TIME,AMB,AMB,ADV,FAV,25062.75,2026-03-13 10:52:30,20.0,156.5,132.13,,2026-03-13 10:49:00,OFH13-20260313104900--1,DEV,40.40625,30s,TRUE
ARM2_PULLBACK_REEXPAND,133.38,25078.5,2026-03-13,60,-1,3.75,TIME,AMB,AMB,ADV,FAV,25082.25,2026-03-13 10:50:00,25.5,176.0,126.88,,2026-03-13 10:49:00,OFH13-20260313104900--1,DEV,40.40625,30s,TRUE
ARM3_SWEEP_RECLAIM,133.38,25078.5,2026-03-13,,-1,,,,,,,,,,,,NO_SWEEP,2026-03-13 10:49:00,OFH13-20260313104900--1,DEV,,30s,FALSE
ARM4_DETECT_CONFIRM,133.38,25078.5,2026-03-13,,-1,,,,,,,,,,,,INSUFFICIENT DATA - finer tf absent,2026-03-13 10:49:00,OFH13-20260313104900--1,DEV,,30s,FALSE
ARM5_SECOND_PUSH,133.38,25078.5,2026-03-13,,-1,,,,,,,,,,,,NO_SECOND_PUSH,2026-03-13 10:49:00,OFH13-20260313104900--1,DEV,,30s,FALSE
ARM6_V_RECOVERY,133.38,25078.5,2026-03-13,300,-1,-7.25,TIME,AMB,FAV,FAV,FAV,25071.25,2026-03-13 10:54:00,8.25,165.0,152.38,,2026-03-13 10:49:00,OFH13-20260313104900--1,DEV,40.40625,30s,TRUE
ARM7_COMPRESSION_RELEASE,133.38,25078.5,2026-03-13,,-1,,,,,,,,,,,,INSUFFICIENT DATA - finer tf absent,2026-03-13 10:49:00,OFH13-20260313104900--1,DEV,,30s,FALSE
ARM8_FVG_BREAKDOWN,133.38,25078.5,2026-03-13,,-1,,,,,,,,,,,,NO_BREAKDOWN_RECLAIM,2026-03-13 10:49:00,OFH13-20260313104900--1,DEV,,30s,FALSE
ARM0_CANONICAL,-21.00750000000073,25327.5,2026-03-17,0,-1,-0.0,STOP,AMB,AMB,AMB,FAV,25327.5,2026-03-17 11:11:00,21.0,14.75,-21.00750000000073,,2026-03-17 11:11:00,OFH13-20260317111100--1,DEV,20.137500000000003,30s,TRUE
ARM1_RECLAIM,-21.00750000000073,25327.5,2026-03-17,,-1,,,,,,,,,,,,NO_LTF_BARS_IN_WINDOW,2026-03-17 11:11:00,OFH13-20260317111100--1,DEV,,30s,FALSE
ARM2_PULLBACK_REEXPAND,-21.00750000000073,25327.5,2026-03-17,,-1,,,,,,,,,,,,NO_LTF_BARS_IN_WINDOW,2026-03-17 11:11:00,OFH13-20260317111100--1,DEV,,30s,FALSE
ARM3_SWEEP_RECLAIM,-21.00750000000073,25327.5,2026-03-17,,-1,,,,,,,,,,,,NO_LTF_BARS_IN_WINDOW,2026-03-17 11:11:00,OFH13-20260317111100--1,DEV,,30s,FALSE
ARM4_DETECT_CONFIRM,-21.00750000000073,25327.5,2026-03-17,,-1,,,,,,,,,,,,NO_LTF_BARS_IN_WINDOW,2026-03-17 11:11:00,OFH13-20260317111100--1,DEV,,30s,FALSE
ARM5_SECOND_PUSH,-21.00750000000073,25327.5,2026-03-17,,-1,,,,,,,,,,,,NO_LTF_BARS_IN_WINDOW,2026-03-17 11:11:00,OFH13-20260317111100--1,DEV,,30s,FALSE
ARM6_V_RECOVERY,-21.00750000000073,25327.5,2026-03-17,,-1,,,,,,,,,,,,NO_LTF_BARS_IN_WINDOW,2026-03-17 11:11:00,OFH13-20260317111100--1,DEV,,30s,FALSE
ARM7_COMPRESSION_RELEASE,-21.00750000000073,25327.5,2026-03-17,,-1,,,,,,,,,,,,NO_LTF_BARS_IN_WINDOW,2026-03-17 11:11:00,OFH13-20260317111100--1,DEV,,30s,FALSE
ARM8_FVG_BREAKDOWN,-21.00750000000073,25327.5,2026-03-17,,-1,,,,,,,,,,,,NO_LTF_BARS_IN_WINDOW,2026-03-17 11:11:00,OFH13-20260317111100--1,DEV,,30s,FALSE
ARM0_CANONICAL,-30.326249999999273,25158.25,2026-03-18,0,-1,-0.0,STOP,FAV,FAV,FAV,FAV,25158.25,2026-03-18 10:34:00,47.0,43.25,-30.326249999999273,,2026-03-18 10:34:00,OFH13-20260318103400--1,DEV,29.456249999999997,30s,TRUE
ARM1_RECLAIM,-30.326249999999273,25158.25,2026-03-18,600,-1,-33.5,STOP,AMB,ADV,ADV,ADV,25124.75,2026-03-18 10:44:00,35.25,9.75,-30.326249999999273,,2026-03-18 10:34:00,OFH13-20260318103400--1,DEV,29.456249999999997,30s,TRUE
ARM2_PULLBACK_REEXPAND,-30.326249999999273,25158.25,2026-03-18,120,-1,-24.0,STOP,AMB,ADV,ADV,ADV,25134.25,2026-03-18 10:36:00,37.25,19.25,-30.326249999999273,,2026-03-18 10:34:00,OFH13-20260318103400--1,DEV,29.456249999999997,30s,TRUE
ARM3_SWEEP_RECLAIM,-30.326249999999273,25158.25,2026-03-18,570,-1,-32.5,STOP,AMB,AMB,ADV,ADV,25125.75,2026-03-18 10:43:30,34.25,10.75,-30.326249999999273,,2026-03-18 10:34:00,OFH13-20260318103400--1,DEV,29.456249999999997,30s,TRUE
ARM4_DETECT_CONFIRM,-30.326249999999273,25158.25,2026-03-18,,-1,,,,,,,,,,,,INSUFFICIENT DATA - finer tf absent,2026-03-18 10:34:00,OFH13-20260318103400--1,DEV,,30s,FALSE
ARM5_SECOND_PUSH,-30.326249999999273,25158.25,2026-03-18,,-1,,,,,,,,,,,,NO_RECLAIM_AFTER_PUSH2,2026-03-18 10:34:00,OFH13-20260318103400--1,DEV,,30s,FALSE
ARM6_V_RECOVERY,-30.326249999999273,25158.25,2026-03-18,360,-1,-25.5,STOP,AMB,AMB,ADV,ADV,25132.75,2026-03-18 10:40:00,38.75,17.75,-30.326249999999273,,2026-03-18 10:34:00,OFH13-20260318103400--1,DEV,29.456249999999997,30s,TRUE
ARM7_COMPRESSION_RELEASE,-30.326249999999273,25158.25,2026-03-18,,-1,,,,,,,,,,,,INSUFFICIENT DATA - finer tf absent,2026-03-18 10:34:00,OFH13-20260318103400--1,DEV,,30s,FALSE
ARM8_FVG_BREAKDOWN,-30.326249999999273,25158.25,2026-03-18,,-1,,,,,,,,,,,,NO_BREAKDOWN_RECLAIM,2026-03-18 10:34:00,OFH13-20260318103400--1,DEV,,30s,FALSE
ARM0_CANONICAL,-34.95750000000145,24741.75,2026-03-23,0,1,0.0,STOP,AMB,AMB,ADV,ADV,24741.75,2026-03-23 13:39:00,42.25,6.0,-34.95750000000145,,2026-03-23 13:39:00,OFH13-20260323133900-+1,DEV,34.087500000000006,30s,TRUE
ARM1_RECLAIM,-34.95750000000145,24741.75,2026-03-23,,1,,,,,,,,,,,,NO_LTF_BARS_IN_WINDOW,2026-03-23 13:39:00,OFH13-20260323133900-+1,DEV,,30s,FALSE
ARM2_PULLBACK_REEXPAND,-34.95750000000145,24741.75,2026-03-23,,1,,,,,,,,,,,,NO_LTF_BARS_IN_WINDOW,2026-03-23 13:39:00,OFH13-20260323133900-+1,DEV,,30s,FALSE
ARM3_SWEEP_RECLAIM,-34.95750000000145,24741.75,2026-03-23,,1,,,,,,,,,,,,NO_LTF_BARS_IN_WINDOW,2026-03-23 13:39:00,OFH13-20260323133900-+1,DEV,,30s,FALSE
ARM4_DETECT_CONFIRM,-34.95750000000145,24741.75,2026-03-23,,1,,,,,,,,,,,,NO_LTF_BARS_IN_WINDOW,2026-03-23 13:39:00,OFH13-20260323133900-+1,DEV,,30s,FALSE
ARM5_SECOND_PUSH,-34.95750000000145,24741.75,2026-03-23,,1,,,,,,,,,,,,NO_LTF_BARS_IN_WINDOW,2026-03-23 13:39:00,OFH13-20260323133900-+1,DEV,,30s,FALSE
ARM6_V_RECOVERY,-34.95750000000145,24741.75,2026-03-23,,1,,,,,,,,,,,,NO_LTF_BARS_IN_WINDOW,2026-03-23 13:39:00,OFH13-20260323133900-+1,DEV,,30s,FALSE
ARM7_COMPRESSION_RELEASE,-34.95750000000145,24741.75,2026-03-23,,1,,,,,,,,,,,,NO_LTF_BARS_IN_WINDOW,2026-03-23 13:39:00,OFH13-20260323133900-+1,DEV,,30s,FALSE
ARM8_FVG_BREAKDOWN,-34.95750000000145,24741.75,2026-03-23,,1,,,,,,,,,,,,NO_LTF_BARS_IN_WINDOW,2026-03-23 13:39:00,OFH13-20260323133900-+1,DEV,,30s,FALSE
ARM0_CANONICAL,-41.1825,24689.75,2026-03-25,0,-1,-0.0,STOP,AMB,AMB,FAV,ADV,24689.75,2026-03-25 11:25:00,42.5,15.5,-41.1825,,2026-03-25 11:25:00,OFH13-20260325112500--1,DEV,40.3125,30s,TRUE
ARM1_RECLAIM,-41.1825,24689.75,2026-03-25,,-1,,,,,,,,,,,,NO_LTF_BARS_IN_WINDOW,2026-03-25 11:25:00,OFH13-20260325112500--1,DEV,,30s,FALSE
ARM2_PULLBACK_REEXPAND,-41.1825,24689.75,2026-03-25,,-1,,,,,,,,,,,,NO_LTF_BARS_IN_WINDOW,2026-03-25 11:25:00,OFH13-20260325112500--1,DEV,,30s,FALSE
ARM3_SWEEP_RECLAIM,-41.1825,24689.75,2026-03-25,,-1,,,,,,,,,,,,NO_LTF_BARS_IN_WINDOW,2026-03-25 11:25:00,OFH13-20260325112500--1,DEV,,30s,FALSE
ARM4_DETECT_CONFIRM,-41.1825,24689.75,2026-03-25,,-1,,,,,,,,,,,,NO_LTF_BARS_IN_WINDOW,2026-03-25 11:25:00,OFH13-20260325112500--1,DEV,,30s,FALSE
ARM5_SECOND_PUSH,-41.1825,24689.75,2026-03-25,,-1,,,,,,,,,,,,NO_LTF_BARS_IN_WINDOW,2026-03-25 11:25:00,OFH13-20260325112500--1,DEV,,30s,FALSE
ARM6_V_RECOVERY,-41.1825,24689.75,2026-03-25,,-1,,,,,,,,,,,,NO_LTF_BARS_IN_WINDOW,2026-03-25 11:25:00,OFH13-20260325112500--1,DEV,,30s,FALSE
ARM7_COMPRESSION_RELEASE,-41.1825,24689.75,2026-03-25,,-1,,,,,,,,,,,,NO_LTF_BARS_IN_WINDOW,2026-03-25 11:25:00,OFH13-20260325112500--1,DEV,,30s,FALSE
ARM8_FVG_BREAKDOWN,-41.1825,24689.75,2026-03-25,,-1,,,,,,,,,,,,NO_LTF_BARS_IN_WINDOW,2026-03-25 11:25:00,OFH13-20260325112500--1,DEV,,30s,FALSE
ARM0_CANONICAL,-34.976250000000725,23845.5,2026-03-31,0,1,0.0,STOP,ADV,ADV,ADV,ADV,23845.5,2026-03-31 10:20:00,47.5,2.25,-34.976250000000725,,2026-03-31 10:20:00,OFH13-20260331102000-+1,DEV,34.10625,30s,TRUE
ARM1_RECLAIM,-34.976250000000725,23845.5,2026-03-31,,1,,,,,,,,,,,,NO_TRIGGER,2026-03-31 10:20:00,OFH13-20260331102000-+1,DEV,,30s,FALSE
ARM2_PULLBACK_REEXPAND,-34.976250000000725,23845.5,2026-03-31,,1,,,,,,,,,,,,NO_TRIGGER,2026-03-31 10:20:00,OFH13-20260331102000-+1,DEV,,30s,FALSE
ARM3_SWEEP_RECLAIM,-34.976250000000725,23845.5,2026-03-31,,1,,,,,,,,,,,,NO_SWEEP,2026-03-31 10:20:00,OFH13-20260331102000-+1,DEV,,30s,FALSE
ARM4_DETECT_CONFIRM,-34.976250000000725,23845.5,2026-03-31,,1,,,,,,,,,,,,INSUFFICIENT DATA - finer tf absent,2026-03-31 10:20:00,OFH13-20260331102000-+1,DEV,,30s,FALSE
ARM5_SECOND_PUSH,-34.976250000000725,23845.5,2026-03-31,,1,,,,,,,,,,,,NO_SECOND_PUSH,2026-03-31 10:20:00,OFH13-20260331102000-+1,DEV,,30s,FALSE
ARM6_V_RECOVERY,-34.976250000000725,23845.5,2026-03-31,,1,,,,,,,,,,,,NO_TRIGGER,2026-03-31 10:20:00,OFH13-20260331102000-+1,DEV,,30s,FALSE
ARM7_COMPRESSION_RELEASE,-34.976250000000725,23845.5,2026-03-31,,1,,,,,,,,,,,,INSUFFICIENT DATA - finer tf absent,2026-03-31 10:20:00,OFH13-20260331102000-+1,DEV,,30s,FALSE
ARM8_FVG_BREAKDOWN,-34.976250000000725,23845.5,2026-03-31,,1,,,,,,,,,,,,NO_BREAKDOWN_RECLAIM,2026-03-31 10:20:00,OFH13-20260331102000-+1,DEV,,30s,FALSE
ARM0_CANONICAL,-33.663750000000725,24257.5,2026-04-07,0,-1,-0.0,STOP,AMB,AMB,ADV,ADV,24257.5,2026-04-07 11:08:00,37.25,10.75,-33.663750000000725,,2026-04-07 11:08:00,OFH13-20260407110800--1,IR,32.79375,30s,TRUE
ARM1_RECLAIM,-33.663750000000725,24257.5,2026-04-07,,-1,,,,,,,,,,,,NO_LTF_BARS_IN_WINDOW,2026-04-07 11:08:00,OFH13-20260407110800--1,IR,,30s,FALSE
ARM2_PULLBACK_REEXPAND,-33.663750000000725,24257.5,2026-04-07,,-1,,,,,,,,,,,,NO_LTF_BARS_IN_WINDOW,2026-04-07 11:08:00,OFH13-20260407110800--1,IR,,30s,FALSE
ARM3_SWEEP_RECLAIM,-33.663750000000725,24257.5,2026-04-07,,-1,,,,,,,,,,,,NO_LTF_BARS_IN_WINDOW,2026-04-07 11:08:00,OFH13-20260407110800--1,IR,,30s,FALSE
ARM4_DETECT_CONFIRM,-33.663750000000725,24257.5,2026-04-07,,-1,,,,,,,,,,,,NO_LTF_BARS_IN_WINDOW,2026-04-07 11:08:00,OFH13-20260407110800--1,IR,,30s,FALSE
ARM5_SECOND_PUSH,-33.663750000000725,24257.5,2026-04-07,,-1,,,,,,,,,,,,NO_LTF_BARS_IN_WINDOW,2026-04-07 11:08:00,OFH13-20260407110800--1,IR,,30s,FALSE
ARM6_V_RECOVERY,-33.663750000000725,24257.5,2026-04-07,,-1,,,,,,,,,,,,NO_LTF_BARS_IN_WINDOW,2026-04-07 11:08:00,OFH13-20260407110800--1,IR,,30s,FALSE
ARM7_COMPRESSION_RELEASE,-33.663750000000725,24257.5,2026-04-07,,-1,,,,,,,,,,,,NO_LTF_BARS_IN_WINDOW,2026-04-07 11:08:00,OFH13-20260407110800--1,IR,,30s,FALSE
ARM8_FVG_BREAKDOWN,-33.663750000000725,24257.5,2026-04-07,,-1,,,,,,,,,,,,NO_LTF_BARS_IN_WINDOW,2026-04-07 11:08:00,OFH13-20260407110800--1,IR,,30s,FALSE
ARM0_CANONICAL,-27.66375000000073,24544.5,2026-04-07,0,1,0.0,STOP,AMB,AMB,ADV,ADV,24544.5,2026-04-07 13:42:00,31.5,5.5,-27.66375000000073,,2026-04-07 13:42:00,OFH13-20260407134200-+1,IR,26.793750000000003,30s,TRUE
ARM1_RECLAIM,-27.66375000000073,24544.5,2026-04-07,,1,,,,,,,,,,,,NO_LTF_BARS_IN_WINDOW,2026-04-07 13:42:00,OFH13-20260407134200-+1,IR,,30s,FALSE
ARM2_PULLBACK_REEXPAND,-27.66375000000073,24544.5,2026-04-07,,1,,,,,,,,,,,,NO_LTF_BARS_IN_WINDOW,2026-04-07 13:42:00,OFH13-20260407134200-+1,IR,,30s,FALSE
ARM3_SWEEP_RECLAIM,-27.66375000000073,24544.5,2026-04-07,,1,,,,,,,,,,,,NO_LTF_BARS_IN_WINDOW,2026-04-07 13:42:00,OFH13-20260407134200-+1,IR,,30s,FALSE
ARM4_DETECT_CONFIRM,-27.66375000000073,24544.5,2026-04-07,,1,,,,,,,,,,,,NO_LTF_BARS_IN_WINDOW,2026-04-07 13:42:00,OFH13-20260407134200-+1,IR,,30s,FALSE
ARM5_SECOND_PUSH,-27.66375000000073,24544.5,2026-04-07,,1,,,,,,,,,,,,NO_LTF_BARS_IN_WINDOW,2026-04-07 13:42:00,OFH13-20260407134200-+1,IR,,30s,FALSE
ARM6_V_RECOVERY,-27.66375000000073,24544.5,2026-04-07,,1,,,,,,,,,,,,NO_LTF_BARS_IN_WINDOW,2026-04-07 13:42:00,OFH13-20260407134200-+1,IR,,30s,FALSE
ARM7_COMPRESSION_RELEASE,-27.66375000000073,24544.5,2026-04-07,,1,,,,,,,,,,,,NO_LTF_BARS_IN_WINDOW,2026-04-07 13:42:00,OFH13-20260407134200-+1,IR,,30s,FALSE
ARM8_FVG_BREAKDOWN,-27.66375000000073,24544.5,2026-04-07,,1,,,,,,,,,,,,NO_LTF_BARS_IN_WINDOW,2026-04-07 13:42:00,OFH13-20260407134200-+1,IR,,30s,FALSE
ARM0_CANONICAL,-33.62624999999854,25268.0,2026-04-08,0,-1,-0.0,STOP,ADV,ADV,ADV,ADV,25268.0,2026-04-08 10:58:00,37.25,0.0,-33.62624999999854,,2026-04-08 10:58:00,OFH13-20260408105800--1,IR,32.756249999999994,30s,TRUE
ARM1_RECLAIM,-33.62624999999854,25268.0,2026-04-08,,-1,,,,,,,,,,,,NO_TRIGGER,2026-04-08 10:58:00,OFH13-20260408105800--1,IR,,30s,FALSE
ARM2_PULLBACK_REEXPAND,-33.62624999999854,25268.0,2026-04-08,90,-1,13.25,STOP,AMB,ADV,ADV,ADV,25281.25,2026-04-08 10:59:30,35.25,2.75,-33.62624999999854,,2026-04-08 10:58:00,OFH13-20260408105800--1,IR,32.756249999999994,30s,TRUE
ARM3_SWEEP_RECLAIM,-33.62624999999854,25268.0,2026-04-08,,-1,,,,,,,,,,,,NO_SWEEP,2026-04-08 10:58:00,OFH13-20260408105800--1,IR,,30s,FALSE
ARM4_DETECT_CONFIRM,-33.62624999999854,25268.0,2026-04-08,,-1,,,,,,,,,,,,INSUFFICIENT DATA - finer tf absent,2026-04-08 10:58:00,OFH13-20260408105800--1,IR,,30s,FALSE
ARM5_SECOND_PUSH,-33.62624999999854,25268.0,2026-04-08,,-1,,,,,,,,,,,,NO_SECOND_PUSH,2026-04-08 10:58:00,OFH13-20260408105800--1,IR,,30s,FALSE
ARM6_V_RECOVERY,-33.62624999999854,25268.0,2026-04-08,,-1,,,,,,,,,,,,NO_TRIGGER,2026-04-08 10:58:00,OFH13-20260408105800--1,IR,,30s,FALSE
ARM7_COMPRESSION_RELEASE,-33.62624999999854,25268.0,2026-04-08,,-1,,,,,,,,,,,,INSUFFICIENT DATA - finer tf absent,2026-04-08 10:58:00,OFH13-20260408105800--1,IR,,30s,FALSE
ARM8_FVG_BREAKDOWN,-33.62624999999854,25268.0,2026-04-08,,-1,,,,,,,,,,,,NO_BREAKDOWN_RECLAIM,2026-04-08 10:58:00,OFH13-20260408105800--1,IR,,30s,FALSE
ARM0_CANONICAL,-25.863750000001456,25514.75,2026-04-09,0,1,0.0,STOP,ADV,ADV,ADV,FAV,25514.75,2026-04-09 12:14:00,26.75,24.25,-25.863750000001456,,2026-04-09 12:14:00,OFH13-20260409121400-+1,IR,24.993750000000002,30s,TRUE
ARM1_RECLAIM,-25.863750000001456,25514.75,2026-04-09,,1,,,,,,,,,,,,NO_LTF_BARS_IN_WINDOW,2026-04-09 12:14:00,OFH13-20260409121400-+1,IR,,30s,FALSE
ARM2_PULLBACK_REEXPAND,-25.863750000001456,25514.75,2026-04-09,,1,,,,,,,,,,,,NO_LTF_BARS_IN_WINDOW,2026-04-09 12:14:00,OFH13-20260409121400-+1,IR,,30s,FALSE
ARM3_SWEEP_RECLAIM,-25.863750000001456,25514.75,2026-04-09,,1,,,,,,,,,,,,NO_LTF_BARS_IN_WINDOW,2026-04-09 12:14:00,OFH13-20260409121400-+1,IR,,30s,FALSE
ARM4_DETECT_CONFIRM,-25.863750000001456,25514.75,2026-04-09,,1,,,,,,,,,,,,NO_LTF_BARS_IN_WINDOW,2026-04-09 12:14:00,OFH13-20260409121400-+1,IR,,30s,FALSE
ARM5_SECOND_PUSH,-25.863750000001456,25514.75,2026-04-09,,1,,,,,,,,,,,,NO_LTF_BARS_IN_WINDOW,2026-04-09 12:14:00,OFH13-20260409121400-+1,IR,,30s,FALSE
ARM6_V_RECOVERY,-25.863750000001456,25514.75,2026-04-09,,1,,,,,,,,,,,,NO_LTF_BARS_IN_WINDOW,2026-04-09 12:14:00,OFH13-20260409121400-+1,IR,,30s,FALSE
ARM7_COMPRESSION_RELEASE,-25.863750000001456,25514.75,2026-04-09,,1,,,,,,,,,,,,NO_LTF_BARS_IN_WINDOW,2026-04-09 12:14:00,OFH13-20260409121400-+1,IR,,30s,FALSE
ARM8_FVG_BREAKDOWN,-25.863750000001456,25514.75,2026-04-09,,1,,,,,,,,,,,,NO_LTF_BARS_IN_WINDOW,2026-04-09 12:14:00,OFH13-20260409121400-+1,IR,,30s,FALSE
ARM0_CANONICAL,-43.038750000000725,25599.25,2026-04-13,0,1,0.0,STOP,ADV,ADV,ADV,FAV,25599.25,2026-04-13 10:03:00,43.5,29.5,-43.038750000000725,,2026-04-13 10:03:00,OFH13-20260413100300-+1,IR,42.16875,30s,TRUE
ARM1_RECLAIM,-43.038750000000725,25599.25,2026-04-13,,1,,,,,,,,,,,,NO_TRIGGER,2026-04-13 10:03:00,OFH13-20260413100300-+1,IR,,30s,FALSE
ARM2_PULLBACK_REEXPAND,-43.038750000000725,25599.25,2026-04-13,60,1,5.0,STOP,FAV,FAV,FAV,FAV,25594.25,2026-04-13 10:04:00,46.5,34.5,-43.038750000000725,,2026-04-13 10:03:00,OFH13-20260413100300-+1,IR,42.16875,30s,TRUE
ARM3_SWEEP_RECLAIM,-43.038750000000725,25599.25,2026-04-13,,1,,,,,,,,,,,,SWEEP_NO_RECLAIM,2026-04-13 10:03:00,OFH13-20260413100300-+1,IR,,30s,FALSE
ARM4_DETECT_CONFIRM,-43.038750000000725,25599.25,2026-04-13,,1,,,,,,,,,,,,INSUFFICIENT DATA - finer tf absent,2026-04-13 10:03:00,OFH13-20260413100300-+1,IR,,30s,FALSE
ARM5_SECOND_PUSH,-43.038750000000725,25599.25,2026-04-13,,1,,,,,,,,,,,,NO_RECLAIM_AFTER_PUSH2,2026-04-13 10:03:00,OFH13-20260413100300-+1,IR,,30s,FALSE
ARM6_V_RECOVERY,-43.038750000000725,25599.25,2026-04-13,420,1,-6.25,STOP,ADV,ADV,ADV,ADV,25605.5,2026-04-13 10:10:00,49.75,0.0,-43.038750000000725,,2026-04-13 10:03:00,OFH13-20260413100300-+1,IR,42.16875,30s,TRUE
ARM7_COMPRESSION_RELEASE,-43.038750000000725,25599.25,2026-04-13,,1,,,,,,,,,,,,INSUFFICIENT DATA - finer tf absent,2026-04-13 10:03:00,OFH13-20260413100300-+1,IR,,30s,FALSE
ARM8_FVG_BREAKDOWN,-43.038750000000725,25599.25,2026-04-13,,1,,,,,,,,,,,,NO_BREAKDOWN_RECLAIM,2026-04-13 10:03:00,OFH13-20260413100300-+1,IR,,30s,FALSE
ARM0_CANONICAL,71.88,26431.75,2026-04-15,0,1,0.0,TIME,AMB,AMB,FAV,FAV,26431.75,2026-04-15 10:43:00,3.5,72.75,71.88,,2026-04-15 10:43:00,OFH13-20260415104300-+1,IR,20.90625,30s,TRUE
ARM1_RECLAIM,71.88,26431.75,2026-04-15,360,1,-14.0,TIME,AMB,FAV,FAV,FAV,26445.75,2026-04-15 10:49:00,11.25,65.0,61.38,,2026-04-15 10:43:00,OFH13-20260415104300-+1,IR,20.90625,30s,TRUE
ARM2_PULLBACK_REEXPAND,71.88,26431.75,2026-04-15,120,1,-9.25,TIME,AMB,AMB,ADV,FAV,26441.0,2026-04-15 10:45:00,8.75,64.25,56.13,,2026-04-15 10:43:00,OFH13-20260415104300-+1,IR,20.90625,30s,TRUE
ARM3_SWEEP_RECLAIM,71.88,26431.75,2026-04-15,300,1,-7.75,TIME,AMB,AMB,FAV,FAV,26439.5,2026-04-15 10:48:00,5.0,70.0,58.13,,2026-04-15 10:43:00,OFH13-20260415104300-+1,IR,20.90625,30s,TRUE
ARM4_DETECT_CONFIRM,71.88,26431.75,2026-04-15,,1,,,,,,,,,,,,INSUFFICIENT DATA - finer tf absent,2026-04-15 10:43:00,OFH13-20260415104300-+1,IR,,30s,FALSE
ARM5_SECOND_PUSH,71.88,26431.75,2026-04-15,,1,,,,,,,,,,,,NO_SECOND_PUSH,2026-04-15 10:43:00,OFH13-20260415104300-+1,IR,,30s,FALSE
ARM6_V_RECOVERY,71.88,26431.75,2026-04-15,150,1,-9.5,TIME,AMB,ADV,ADV,FAV,26441.25,2026-04-15 10:45:30,9.0,64.0,55.88,,2026-04-15 10:43:00,OFH13-20260415104300-+1,IR,20.90625,30s,TRUE
ARM7_COMPRESSION_RELEASE,71.88,26431.75,2026-04-15,,1,,,,,,,,,,,,INSUFFICIENT DATA - finer tf absent,2026-04-15 10:43:00,OFH13-20260415104300-+1,IR,,30s,FALSE
ARM8_FVG_BREAKDOWN,71.88,26431.75,2026-04-15,,1,,,,,,,,,,,,NO_BREAKDOWN_RECLAIM,2026-04-15 10:43:00,OFH13-20260415104300-+1,IR,,30s,FALSE
ARM0_CANONICAL,-26.501249999998546,26435.75,2026-04-15,0,-1,-0.0,STOP,AMB,ADV,ADV,ADV,26435.75,2026-04-15 12:58:00,30.75,3.75,-26.501249999998546,,2026-04-15 12:58:00,OFH13-20260415125800--1,IR,25.631249999999998,30s,TRUE
ARM1_RECLAIM,-26.501249999998546,26435.75,2026-04-15,,-1,,,,,,,,,,,,NO_LTF_BARS_IN_WINDOW,2026-04-15 12:58:00,OFH13-20260415125800--1,IR,,30s,FALSE
ARM2_PULLBACK_REEXPAND,-26.501249999998546,26435.75,2026-04-15,,-1,,,,,,,,,,,,NO_LTF_BARS_IN_WINDOW,2026-04-15 12:58:00,OFH13-20260415125800--1,IR,,30s,FALSE
ARM3_SWEEP_RECLAIM,-26.501249999998546,26435.75,2026-04-15,,-1,,,,,,,,,,,,NO_LTF_BARS_IN_WINDOW,2026-04-15 12:58:00,OFH13-20260415125800--1,IR,,30s,FALSE
ARM4_DETECT_CONFIRM,-26.501249999998546,26435.75,2026-04-15,,-1,,,,,,,,,,,,NO_LTF_BARS_IN_WINDOW,2026-04-15 12:58:00,OFH13-20260415125800--1,IR,,30s,FALSE
ARM5_SECOND_PUSH,-26.501249999998546,26435.75,2026-04-15,,-1,,,,,,,,,,,,NO_LTF_BARS_IN_WINDOW,2026-04-15 12:58:00,OFH13-20260415125800--1,IR,,30s,FALSE
ARM6_V_RECOVERY,-26.501249999998546,26435.75,2026-04-15,,-1,,,,,,,,,,,,NO_LTF_BARS_IN_WINDOW,2026-04-15 12:58:00,OFH13-20260415125800--1,IR,,30s,FALSE
ARM7_COMPRESSION_RELEASE,-26.501249999998546,26435.75,2026-04-15,,-1,,,,,,,,,,,,NO_LTF_BARS_IN_WINDOW,2026-04-15 12:58:00,OFH13-20260415125800--1,IR,,30s,FALSE
ARM8_FVG_BREAKDOWN,-26.501249999998546,26435.75,2026-04-15,,-1,,,,,,,,,,,,NO_LTF_BARS_IN_WINDOW,2026-04-15 12:58:00,OFH13-20260415125800--1,IR,,30s,FALSE
ARM0_CANONICAL,-31.22625000000073,26635.25,2026-04-16,0,-1,-0.0,STOP,FAV,FAV,FAV,FAV,26635.25,2026-04-16 10:22:00,40.5,28.75,-31.22625000000073,,2026-04-16 10:22:00,OFH13-20260416102200--1,IR,30.356250000000003,30s,TRUE
ARM1_RECLAIM,-31.22625000000073,26635.25,2026-04-16,,-1,,,,,,,,,,,,NO_TRIGGER,2026-04-16 10:22:00,OFH13-20260416102200--1,IR,,30s,FALSE
ARM2_PULLBACK_REEXPAND,-31.22625000000073,26635.25,2026-04-16,150,-1,-17.75,STOP,AMB,ADV,ADV,ADV,26617.5,2026-04-16 10:24:30,58.25,3.25,-31.22625000000073,,2026-04-16 10:22:00,OFH13-20260416102200--1,IR,30.356250000000003,30s,TRUE
ARM3_SWEEP_RECLAIM,-31.22625000000073,26635.25,2026-04-16,,-1,,,,,,,,,,,,NO_SWEEP,2026-04-16 10:22:00,OFH13-20260416102200--1,IR,,30s,FALSE
ARM4_DETECT_CONFIRM,-31.22625000000073,26635.25,2026-04-16,,-1,,,,,,,,,,,,INSUFFICIENT DATA - finer tf absent,2026-04-16 10:22:00,OFH13-20260416102200--1,IR,,30s,FALSE
ARM5_SECOND_PUSH,-31.22625000000073,26635.25,2026-04-16,,-1,,,,,,,,,,,,NO_SECOND_PUSH,2026-04-16 10:22:00,OFH13-20260416102200--1,IR,,30s,FALSE
ARM6_V_RECOVERY,-31.22625000000073,26635.25,2026-04-16,,-1,,,,,,,,,,,,NO_TRIGGER,2026-04-16 10:22:00,OFH13-20260416102200--1,IR,,30s,FALSE
ARM7_COMPRESSION_RELEASE,-31.22625000000073,26635.25,2026-04-16,,-1,,,,,,,,,,,,INSUFFICIENT DATA - finer tf absent,2026-04-16 10:22:00,OFH13-20260416102200--1,IR,,30s,FALSE
ARM8_FVG_BREAKDOWN,-31.22625000000073,26635.25,2026-04-16,,-1,,,,,,,,,,,,NO_BREAKDOWN_RECLAIM,2026-04-16 10:22:00,OFH13-20260416102200--1,IR,,30s,FALSE
ARM0_CANONICAL,-20.63250000000073,26755.0,2026-04-16,0,-1,-0.0,STOP,AMB,AMB,FAV,ADV,26755.0,2026-04-16 13:08:00,20.5,28.25,-20.63250000000073,,2026-04-16 13:08:00,OFH13-20260416130800--1,IR,19.762500000000003,30s,TRUE
ARM1_RECLAIM,-20.63250000000073,26755.0,2026-04-16,,-1,,,,,,,,,,,,NO_LTF_BARS_IN_WINDOW,2026-04-16 13:08:00,OFH13-20260416130800--1,IR,,30s,FALSE
ARM2_PULLBACK_REEXPAND,-20.63250000000073,26755.0,2026-04-16,,-1,,,,,,,,,,,,NO_LTF_BARS_IN_WINDOW,2026-04-16 13:08:00,OFH13-20260416130800--1,IR,,30s,FALSE
ARM3_SWEEP_RECLAIM,-20.63250000000073,26755.0,2026-04-16,,-1,,,,,,,,,,,,NO_LTF_BARS_IN_WINDOW,2026-04-16 13:08:00,OFH13-20260416130800--1,IR,,30s,FALSE
ARM4_DETECT_CONFIRM,-20.63250000000073,26755.0,2026-04-16,,-1,,,,,,,,,,,,NO_LTF_BARS_IN_WINDOW,2026-04-16 13:08:00,OFH13-20260416130800--1,IR,,30s,FALSE
ARM5_SECOND_PUSH,-20.63250000000073,26755.0,2026-04-16,,-1,,,,,,,,,,,,NO_LTF_BARS_IN_WINDOW,2026-04-16 13:08:00,OFH13-20260416130800--1,IR,,30s,FALSE
ARM6_V_RECOVERY,-20.63250000000073,26755.0,2026-04-16,,-1,,,,,,,,,,,,NO_LTF_BARS_IN_WINDOW,2026-04-16 13:08:00,OFH13-20260416130800--1,IR,,30s,FALSE
ARM7_COMPRESSION_RELEASE,-20.63250000000073,26755.0,2026-04-16,,-1,,,,,,,,,,,,NO_LTF_BARS_IN_WINDOW,2026-04-16 13:08:00,OFH13-20260416130800--1,IR,,30s,FALSE
ARM8_FVG_BREAKDOWN,-20.63250000000073,26755.0,2026-04-16,,-1,,,,,,,,,,,,NO_LTF_BARS_IN_WINDOW,2026-04-16 13:08:00,OFH13-20260416130800--1,IR,,30s,FALSE
ARM0_CANONICAL,59.13,27010.5,2026-04-20,0,-1,-0.0,TIME,AMB,AMB,FAV,FAV,27010.5,2026-04-20 10:50:00,6.25,145.75,59.13,,2026-04-20 10:50:00,OFH13-20260420105000--1,IR,26.118750000000002,30s,TRUE
ARM1_RECLAIM,59.13,27010.5,2026-04-20,,-1,,,,,,,,,,,,NO_TRIGGER,2026-04-20 10:50:00,OFH13-20260420105000--1,IR,,30s,FALSE
ARM2_PULLBACK_REEXPAND,59.13,27010.5,2026-04-20,180,-1,-55.25,STOP,AMB,ADV,ADV,ADV,26955.25,2026-04-20 10:53:00,29.75,90.5,-26.988750000001456,,2026-04-20 10:50:00,OFH13-20260420105000--1,IR,26.118750000000002,30s,TRUE
ARM3_SWEEP_RECLAIM,59.13,27010.5,2026-04-20,,-1,,,,,,,,,,,,NO_SWEEP,2026-04-20 10:50:00,OFH13-20260420105000--1,IR,,30s,FALSE
ARM4_DETECT_CONFIRM,59.13,27010.5,2026-04-20,,-1,,,,,,,,,,,,INSUFFICIENT DATA - finer tf absent,2026-04-20 10:50:00,OFH13-20260420105000--1,IR,,30s,FALSE
ARM5_SECOND_PUSH,59.13,27010.5,2026-04-20,,-1,,,,,,,,,,,,NO_SECOND_PUSH,2026-04-20 10:50:00,OFH13-20260420105000--1,IR,,30s,FALSE
ARM6_V_RECOVERY,59.13,27010.5,2026-04-20,240,-1,-47.25,STOP,AMB,AMB,AMB,FAV,26963.25,2026-04-20 10:54:00,43.0,98.5,-26.988750000001456,,2026-04-20 10:50:00,OFH13-20260420105000--1,IR,26.118750000000002,30s,TRUE
ARM7_COMPRESSION_RELEASE,59.13,27010.5,2026-04-20,,-1,,,,,,,,,,,,INSUFFICIENT DATA - finer tf absent,2026-04-20 10:50:00,OFH13-20260420105000--1,IR,,30s,FALSE
ARM8_FVG_BREAKDOWN,59.13,27010.5,2026-04-20,,-1,,,,,,,,,,,,NO_BREAKDOWN_RECLAIM,2026-04-20 10:50:00,OFH13-20260420105000--1,IR,,30s,FALSE
ARM0_CANONICAL,-30.57000000000073,27012.0,2026-04-21,0,-1,-0.0,STOP,AMB,FAV,FAV,ADV,27012.0,2026-04-21 11:38:00,36.5,13.25,-30.57000000000073,,2026-04-21 11:38:00,OFH13-20260421113800--1,IR,29.700000000000003,30s,TRUE
ARM1_RECLAIM,-30.57000000000073,27012.0,2026-04-21,,-1,,,,,,,,,,,,NO_LTF_BARS_IN_WINDOW,2026-04-21 11:38:00,OFH13-20260421113800--1,IR,,30s,FALSE
ARM2_PULLBACK_REEXPAND,-30.57000000000073,27012.0,2026-04-21,,-1,,,,,,,,,,,,NO_LTF_BARS_IN_WINDOW,2026-04-21 11:38:00,OFH13-20260421113800--1,IR,,30s,FALSE
ARM3_SWEEP_RECLAIM,-30.57000000000073,27012.0,2026-04-21,,-1,,,,,,,,,,,,NO_LTF_BARS_IN_WINDOW,2026-04-21 11:38:00,OFH13-20260421113800--1,IR,,30s,FALSE
ARM4_DETECT_CONFIRM,-30.57000000000073,27012.0,2026-04-21,,-1,,,,,,,,,,,,NO_LTF_BARS_IN_WINDOW,2026-04-21 11:38:00,OFH13-20260421113800--1,IR,,30s,FALSE
ARM5_SECOND_PUSH,-30.57000000000073,27012.0,2026-04-21,,-1,,,,,,,,,,,,NO_LTF_BARS_IN_WINDOW,2026-04-21 11:38:00,OFH13-20260421113800--1,IR,,30s,FALSE
ARM6_V_RECOVERY,-30.57000000000073,27012.0,2026-04-21,,-1,,,,,,,,,,,,NO_LTF_BARS_IN_WINDOW,2026-04-21 11:38:00,OFH13-20260421113800--1,IR,,30s,FALSE
ARM7_COMPRESSION_RELEASE,-30.57000000000073,27012.0,2026-04-21,,-1,,,,,,,,,,,,NO_LTF_BARS_IN_WINDOW,2026-04-21 11:38:00,OFH13-20260421113800--1,IR,,30s,FALSE
ARM8_FVG_BREAKDOWN,-30.57000000000073,27012.0,2026-04-21,,-1,,,,,,,,,,,,NO_LTF_BARS_IN_WINDOW,2026-04-21 11:38:00,OFH13-20260421113800--1,IR,,30s,FALSE
ARM0_CANONICAL,79.13,27185.0,2026-04-22,0,1,0.0,TIME,FAV,FAV,FAV,FAV,27185.0,2026-04-22 10:10:00,1.25,117.5,79.13,,2026-04-22 10:10:00,OFH13-20260422101000-+1,IR,28.912499999999998,30s,TRUE
ARM1_RECLAIM,79.13,27185.0,2026-04-22,600,1,-57.0,TIME,AMB,AMB,FAV,FAV,27242.0,2026-04-22 10:20:00,6.0,60.5,35.63,,2026-04-22 10:10:00,OFH13-20260422101000-+1,IR,28.912499999999998,30s,TRUE
ARM2_PULLBACK_REEXPAND,79.13,27185.0,2026-04-22,120,1,-9.75,TIME,AMB,ADV,FAV,FAV,27194.75,2026-04-22 10:12:00,8.5,107.75,77.63,,2026-04-22 10:10:00,OFH13-20260422101000-+1,IR,28.912499999999998,30s,TRUE
ARM3_SWEEP_RECLAIM,79.13,27185.0,2026-04-22,540,1,-42.0,TIME,AMB,FAV,FAV,FAV,27227.0,2026-04-22 10:19:00,2.0,75.5,44.63,,2026-04-22 10:10:00,OFH13-20260422101000-+1,IR,28.912499999999998,30s,TRUE
ARM4_DETECT_CONFIRM,79.13,27185.0,2026-04-22,,1,,,,,,,,,,,,INSUFFICIENT DATA - finer tf absent,2026-04-22 10:10:00,OFH13-20260422101000-+1,IR,,30s,FALSE
ARM5_SECOND_PUSH,79.13,27185.0,2026-04-22,,1,,,,,,,,,,,,NO_RECLAIM_AFTER_PUSH2,2026-04-22 10:10:00,OFH13-20260422101000-+1,IR,,30s,FALSE
ARM6_V_RECOVERY,79.13,27185.0,2026-04-22,240,1,-14.75,TIME,FAV,FAV,FAV,FAV,27199.75,2026-04-22 10:14:00,1.0,102.75,69.63,,2026-04-22 10:10:00,OFH13-20260422101000-+1,IR,28.912499999999998,30s,TRUE
ARM7_COMPRESSION_RELEASE,79.13,27185.0,2026-04-22,,1,,,,,,,,,,,,INSUFFICIENT DATA - finer tf absent,2026-04-22 10:10:00,OFH13-20260422101000-+1,IR,,30s,FALSE
ARM8_FVG_BREAKDOWN,79.13,27185.0,2026-04-22,,1,,,,,,,,,,,,NO_BREAKDOWN_RECLAIM,2026-04-22 10:10:00,OFH13-20260422101000-+1,IR,,30s,FALSE
ARM0_CANONICAL,-20.25750000000073,27408.75,2026-04-23,0,1,0.0,STOP,AMB,FAV,FAV,FAV,27408.75,2026-04-23 11:16:00,31.25,43.0,-20.25750000000073,,2026-04-23 11:16:00,OFH13-20260423111600-+1,IR,19.387500000000003,30s,TRUE
ARM1_RECLAIM,-20.25750000000073,27408.75,2026-04-23,,1,,,,,,,,,,,,NO_LTF_BARS_IN_WINDOW,2026-04-23 11:16:00,OFH13-20260423111600-+1,IR,,30s,FALSE
ARM2_PULLBACK_REEXPAND,-20.25750000000073,27408.75,2026-04-23,,1,,,,,,,,,,,,NO_LTF_BARS_IN_WINDOW,2026-04-23 11:16:00,OFH13-20260423111600-+1,IR,,30s,FALSE
ARM3_SWEEP_RECLAIM,-20.25750000000073,27408.75,2026-04-23,,1,,,,,,,,,,,,NO_LTF_BARS_IN_WINDOW,2026-04-23 11:16:00,OFH13-20260423111600-+1,IR,,30s,FALSE
ARM4_DETECT_CONFIRM,-20.25750000000073,27408.75,2026-04-23,,1,,,,,,,,,,,,NO_LTF_BARS_IN_WINDOW,2026-04-23 11:16:00,OFH13-20260423111600-+1,IR,,30s,FALSE
ARM5_SECOND_PUSH,-20.25750000000073,27408.75,2026-04-23,,1,,,,,,,,,,,,NO_LTF_BARS_IN_WINDOW,2026-04-23 11:16:00,OFH13-20260423111600-+1,IR,,30s,FALSE
ARM6_V_RECOVERY,-20.25750000000073,27408.75,2026-04-23,,1,,,,,,,,,,,,NO_LTF_BARS_IN_WINDOW,2026-04-23 11:16:00,OFH13-20260423111600-+1,IR,,30s,FALSE
ARM7_COMPRESSION_RELEASE,-20.25750000000073,27408.75,2026-04-23,,1,,,,,,,,,,,,NO_LTF_BARS_IN_WINDOW,2026-04-23 11:16:00,OFH13-20260423111600-+1,IR,,30s,FALSE
ARM8_FVG_BREAKDOWN,-20.25750000000073,27408.75,2026-04-23,,1,,,,,,,,,,,,NO_LTF_BARS_IN_WINDOW,2026-04-23 11:16:00,OFH13-20260423111600-+1,IR,,30s,FALSE
ARM0_CANONICAL,-25.245,27368.25,2026-04-23,0,-1,-0.0,STOP,AMB,ADV,ADV,ADV,27368.25,2026-04-23 12:13:00,33.25,5.5,-25.245,,2026-04-23 12:13:00,OFH13-20260423121300--1,IR,24.375,30s,TRUE
ARM1_RECLAIM,-25.245,27368.25,2026-04-23,,-1,,,,,,,,,,,,NO_LTF_BARS_IN_WINDOW,2026-04-23 12:13:00,OFH13-20260423121300--1,IR,,30s,FALSE
ARM2_PULLBACK_REEXPAND,-25.245,27368.25,2026-04-23,,-1,,,,,,,,,,,,NO_LTF_BARS_IN_WINDOW,2026-04-23 12:13:00,OFH13-20260423121300--1,IR,,30s,FALSE
ARM3_SWEEP_RECLAIM,-25.245,27368.25,2026-04-23,,-1,,,,,,,,,,,,NO_LTF_BARS_IN_WINDOW,2026-04-23 12:13:00,OFH13-20260423121300--1,IR,,30s,FALSE
ARM4_DETECT_CONFIRM,-25.245,27368.25,2026-04-23,,-1,,,,,,,,,,,,NO_LTF_BARS_IN_WINDOW,2026-04-23 12:13:00,OFH13-20260423121300--1,IR,,30s,FALSE
ARM5_SECOND_PUSH,-25.245,27368.25,2026-04-23,,-1,,,,,,,,,,,,NO_LTF_BARS_IN_WINDOW,2026-04-23 12:13:00,OFH13-20260423121300--1,IR,,30s,FALSE
ARM6_V_RECOVERY,-25.245,27368.25,2026-04-23,,-1,,,,,,,,,,,,NO_LTF_BARS_IN_WINDOW,2026-04-23 12:13:00,OFH13-20260423121300--1,IR,,30s,FALSE
ARM7_COMPRESSION_RELEASE,-25.245,27368.25,2026-04-23,,-1,,,,,,,,,,,,NO_LTF_BARS_IN_WINDOW,2026-04-23 12:13:00,OFH13-20260423121300--1,IR,,30s,FALSE
ARM8_FVG_BREAKDOWN,-25.245,27368.25,2026-04-23,,-1,,,,,,,,,,,,NO_LTF_BARS_IN_WINDOW,2026-04-23 12:13:00,OFH13-20260423121300--1,IR,,30s,FALSE
ARM0_CANONICAL,-31.33875,27683.0,2026-04-30,0,1,0.0,STOP,ADV,ADV,ADV,FAV,27683.0,2026-04-30 11:13:00,31.25,48.25,-31.33875,,2026-04-30 11:13:00,OFH13-20260430111300-+1,IR,30.46875,30s,TRUE
ARM1_RECLAIM,-31.33875,27683.0,2026-04-30,,1,,,,,,,,,,,,NO_LTF_BARS_IN_WINDOW,2026-04-30 11:13:00,OFH13-20260430111300-+1,IR,,30s,FALSE
ARM2_PULLBACK_REEXPAND,-31.33875,27683.0,2026-04-30,,1,,,,,,,,,,,,NO_LTF_BARS_IN_WINDOW,2026-04-30 11:13:00,OFH13-20260430111300-+1,IR,,30s,FALSE
ARM3_SWEEP_RECLAIM,-31.33875,27683.0,2026-04-30,,1,,,,,,,,,,,,NO_LTF_BARS_IN_WINDOW,2026-04-30 11:13:00,OFH13-20260430111300-+1,IR,,30s,FALSE
ARM4_DETECT_CONFIRM,-31.33875,27683.0,2026-04-30,,1,,,,,,,,,,,,NO_LTF_BARS_IN_WINDOW,2026-04-30 11:13:00,OFH13-20260430111300-+1,IR,,30s,FALSE
ARM5_SECOND_PUSH,-31.33875,27683.0,2026-04-30,,1,,,,,,,,,,,,NO_LTF_BARS_IN_WINDOW,2026-04-30 11:13:00,OFH13-20260430111300-+1,IR,,30s,FALSE
ARM6_V_RECOVERY,-31.33875,27683.0,2026-04-30,,1,,,,,,,,,,,,NO_LTF_BARS_IN_WINDOW,2026-04-30 11:13:00,OFH13-20260430111300-+1,IR,,30s,FALSE
ARM7_COMPRESSION_RELEASE,-31.33875,27683.0,2026-04-30,,1,,,,,,,,,,,,NO_LTF_BARS_IN_WINDOW,2026-04-30 11:13:00,OFH13-20260430111300-+1,IR,,30s,FALSE
ARM8_FVG_BREAKDOWN,-31.33875,27683.0,2026-04-30,,1,,,,,,,,,,,,NO_LTF_BARS_IN_WINDOW,2026-04-30 11:13:00,OFH13-20260430111300-+1,IR,,30s,FALSE
ARM0_CANONICAL,23.38,28031.0,2026-05-04,0,-1,-0.0,TIME,AMB,AMB,ADV,ADV,28031.0,2026-05-04 11:42:00,35.75,121.0,23.38,,2026-05-04 11:42:00,OFH13-20260504114200--1,IR,46.2,30s,TRUE
ARM1_RECLAIM,23.38,28031.0,2026-05-04,,-1,,,,,,,,,,,,NO_LTF_BARS_IN_WINDOW,2026-05-04 11:42:00,OFH13-20260504114200--1,IR,,30s,FALSE
ARM2_PULLBACK_REEXPAND,23.38,28031.0,2026-05-04,,-1,,,,,,,,,,,,NO_LTF_BARS_IN_WINDOW,2026-05-04 11:42:00,OFH13-20260504114200--1,IR,,30s,FALSE
ARM3_SWEEP_RECLAIM,23.38,28031.0,2026-05-04,,-1,,,,,,,,,,,,NO_LTF_BARS_IN_WINDOW,2026-05-04 11:42:00,OFH13-20260504114200--1,IR,,30s,FALSE
ARM4_DETECT_CONFIRM,23.38,28031.0,2026-05-04,,-1,,,,,,,,,,,,NO_LTF_BARS_IN_WINDOW,2026-05-04 11:42:00,OFH13-20260504114200--1,IR,,30s,FALSE
ARM5_SECOND_PUSH,23.38,28031.0,2026-05-04,,-1,,,,,,,,,,,,NO_LTF_BARS_IN_WINDOW,2026-05-04 11:42:00,OFH13-20260504114200--1,IR,,30s,FALSE
ARM6_V_RECOVERY,23.38,28031.0,2026-05-04,,-1,,,,,,,,,,,,NO_LTF_BARS_IN_WINDOW,2026-05-04 11:42:00,OFH13-20260504114200--1,IR,,30s,FALSE
ARM7_COMPRESSION_RELEASE,23.38,28031.0,2026-05-04,,-1,,,,,,,,,,,,NO_LTF_BARS_IN_WINDOW,2026-05-04 11:42:00,OFH13-20260504114200--1,IR,,30s,FALSE
ARM8_FVG_BREAKDOWN,23.38,28031.0,2026-05-04,,-1,,,,,,,,,,,,NO_LTF_BARS_IN_WINDOW,2026-05-04 11:42:00,OFH13-20260504114200--1,IR,,30s,FALSE
ARM0_CANONICAL,-44.38874999999927,28750.5,2026-05-06,0,-1,-0.0,STOP,AMB,AMB,FAV,FAV,28750.5,2026-05-06 10:26:00,49.0,41.0,-44.38874999999927,,2026-05-06 10:26:00,OFH13-20260506102600--1,IR,43.51875,30s,TRUE
ARM1_RECLAIM,-44.38874999999927,28750.5,2026-05-06,,-1,,,,,,,,,,,,NO_TRIGGER,2026-05-06 10:26:00,OFH13-20260506102600--1,IR,,30s,FALSE
ARM2_PULLBACK_REEXPAND,-44.38874999999927,28750.5,2026-05-06,,-1,,,,,,,,,,,,NO_TRIGGER,2026-05-06 10:26:00,OFH13-20260506102600--1,IR,,30s,FALSE
ARM3_SWEEP_RECLAIM,-44.38874999999927,28750.5,2026-05-06,,-1,,,,,,,,,,,,NO_SWEEP,2026-05-06 10:26:00,OFH13-20260506102600--1,IR,,30s,FALSE
ARM4_DETECT_CONFIRM,-44.38874999999927,28750.5,2026-05-06,,-1,,,,,,,,,,,,INSUFFICIENT DATA - finer tf absent,2026-05-06 10:26:00,OFH13-20260506102600--1,IR,,30s,FALSE
ARM5_SECOND_PUSH,-44.38874999999927,28750.5,2026-05-06,,-1,,,,,,,,,,,,NO_SECOND_PUSH,2026-05-06 10:26:00,OFH13-20260506102600--1,IR,,30s,FALSE
ARM6_V_RECOVERY,-44.38874999999927,28750.5,2026-05-06,,-1,,,,,,,,,,,,NO_TRIGGER,2026-05-06 10:26:00,OFH13-20260506102600--1,IR,,30s,FALSE
ARM7_COMPRESSION_RELEASE,-44.38874999999927,28750.5,2026-05-06,,-1,,,,,,,,,,,,INSUFFICIENT DATA - finer tf absent,2026-05-06 10:26:00,OFH13-20260506102600--1,IR,,30s,FALSE
ARM8_FVG_BREAKDOWN,-44.38874999999927,28750.5,2026-05-06,,-1,,,,,,,,,,,,NO_BREAKDOWN_RECLAIM,2026-05-06 10:26:00,OFH13-20260506102600--1,IR,,30s,FALSE
ARM0_CANONICAL,6.63,29164.25,2026-05-07,0,1,0.0,TIME,AMB,ADV,ADV,FAV,29164.25,2026-05-07 10:24:00,21.75,76.5,6.63,,2026-05-07 10:24:00,OFH13-20260507102400-+1,IR,28.087500000000002,30s,TRUE
ARM1_RECLAIM,6.63,29164.25,2026-05-07,300,1,-20.0,STOP,AMB,AMB,ADV,ADV,29184.25,2026-05-07 10:29:00,28.25,6.75,-28.957500000001456,,2026-05-07 10:24:00,OFH13-20260507102400-+1,IR,28.087500000000002,30s,TRUE
ARM2_PULLBACK_REEXPAND,6.63,29164.25,2026-05-07,90,1,-14.75,STOP,AMB,ADV,ADV,ADV,29179.0,2026-05-07 10:25:30,36.5,61.75,-28.957500000001456,,2026-05-07 10:24:00,OFH13-20260507102400-+1,IR,28.087500000000002,30s,TRUE
ARM3_SWEEP_RECLAIM,6.63,29164.25,2026-05-07,,1,,,,,,,,,,,,SWEEP_NO_RECLAIM,2026-05-07 10:24:00,OFH13-20260507102400-+1,IR,,30s,FALSE
ARM4_DETECT_CONFIRM,6.63,29164.25,2026-05-07,,1,,,,,,,,,,,,INSUFFICIENT DATA - finer tf absent,2026-05-07 10:24:00,OFH13-20260507102400-+1,IR,,30s,FALSE
ARM5_SECOND_PUSH,6.63,29164.25,2026-05-07,,1,,,,,,,,,,,,NO_SECOND_PUSH,2026-05-07 10:24:00,OFH13-20260507102400-+1,IR,,30s,FALSE
ARM6_V_RECOVERY,6.63,29164.25,2026-05-07,210,1,-14.5,STOP,AMB,ADV,AMB,ADV,29178.75,2026-05-07 10:27:30,36.25,62.0,-28.957500000001456,,2026-05-07 10:24:00,OFH13-20260507102400-+1,IR,28.087500000000002,30s,TRUE
ARM7_COMPRESSION_RELEASE,6.63,29164.25,2026-05-07,,1,,,,,,,,,,,,INSUFFICIENT DATA - finer tf absent,2026-05-07 10:24:00,OFH13-20260507102400-+1,IR,,30s,FALSE
ARM8_FVG_BREAKDOWN,6.63,29164.25,2026-05-07,,1,,,,,,,,,,,,NO_BREAKDOWN_RECLAIM,2026-05-07 10:24:00,OFH13-20260507102400-+1,IR,,30s,FALSE
ARM0_CANONICAL,70.38,29024.25,2026-05-07,0,-1,-0.0,TIME,AMB,AMB,AMB,FAV,29024.25,2026-05-07 12:43:00,10.0,175.0,70.38,,2026-05-07 12:43:00,OFH13-20260507124300--1,IR,27.262500000000003,30s,TRUE
ARM1_RECLAIM,70.38,29024.25,2026-05-07,,-1,,,,,,,,,,,,NO_LTF_BARS_IN_WINDOW,2026-05-07 12:43:00,OFH13-20260507124300--1,IR,,30s,FALSE
ARM2_PULLBACK_REEXPAND,70.38,29024.25,2026-05-07,,-1,,,,,,,,,,,,NO_LTF_BARS_IN_WINDOW,2026-05-07 12:43:00,OFH13-20260507124300--1,IR,,30s,FALSE
ARM3_SWEEP_RECLAIM,70.38,29024.25,2026-05-07,,-1,,,,,,,,,,,,NO_LTF_BARS_IN_WINDOW,2026-05-07 12:43:00,OFH13-20260507124300--1,IR,,30s,FALSE
ARM4_DETECT_CONFIRM,70.38,29024.25,2026-05-07,,-1,,,,,,,,,,,,NO_LTF_BARS_IN_WINDOW,2026-05-07 12:43:00,OFH13-20260507124300--1,IR,,30s,FALSE
ARM5_SECOND_PUSH,70.38,29024.25,2026-05-07,,-1,,,,,,,,,,,,NO_LTF_BARS_IN_WINDOW,2026-05-07 12:43:00,OFH13-20260507124300--1,IR,,30s,FALSE
ARM6_V_RECOVERY,70.38,29024.25,2026-05-07,,-1,,,,,,,,,,,,NO_LTF_BARS_IN_WINDOW,2026-05-07 12:43:00,OFH13-20260507124300--1,IR,,30s,FALSE
ARM7_COMPRESSION_RELEASE,70.38,29024.25,2026-05-07,,-1,,,,,,,,,,,,NO_LTF_BARS_IN_WINDOW,2026-05-07 12:43:00,OFH13-20260507124300--1,IR,,30s,FALSE
ARM8_FVG_BREAKDOWN,70.38,29024.25,2026-05-07,,-1,,,,,,,,,,,,NO_LTF_BARS_IN_WINDOW,2026-05-07 12:43:00,OFH13-20260507124300--1,IR,,30s,FALSE
ARM0_CANONICAL,-30.75750000000073,29078.0,2026-05-12,0,-1,-0.0,STOP,ADV,ADV,ADV,ADV,29078.0,2026-05-12 12:44:00,32.75,41.0,-30.75750000000073,,2026-05-12 12:44:00,OFH13-20260512124400--1,IR,29.887500000000003,30s,TRUE
ARM1_RECLAIM,-30.75750000000073,29078.0,2026-05-12,,-1,,,,,,,,,,,,NO_LTF_BARS_IN_WINDOW,2026-05-12 12:44:00,OFH13-20260512124400--1,IR,,30s,FALSE
ARM2_PULLBACK_REEXPAND,-30.75750000000073,29078.0,2026-05-12,,-1,,,,,,,,,,,,NO_LTF_BARS_IN_WINDOW,2026-05-12 12:44:00,OFH13-20260512124400--1,IR,,30s,FALSE
ARM3_SWEEP_RECLAIM,-30.75750000000073,29078.0,2026-05-12,,-1,,,,,,,,,,,,NO_LTF_BARS_IN_WINDOW,2026-05-12 12:44:00,OFH13-20260512124400--1,IR,,30s,FALSE
ARM4_DETECT_CONFIRM,-30.75750000000073,29078.0,2026-05-12,,-1,,,,,,,,,,,,NO_LTF_BARS_IN_WINDOW,2026-05-12 12:44:00,OFH13-20260512124400--1,IR,,30s,FALSE
ARM5_SECOND_PUSH,-30.75750000000073,29078.0,2026-05-12,,-1,,,,,,,,,,,,NO_LTF_BARS_IN_WINDOW,2026-05-12 12:44:00,OFH13-20260512124400--1,IR,,30s,FALSE
ARM6_V_RECOVERY,-30.75750000000073,29078.0,2026-05-12,,-1,,,,,,,,,,,,NO_LTF_BARS_IN_WINDOW,2026-05-12 12:44:00,OFH13-20260512124400--1,IR,,30s,FALSE
ARM7_COMPRESSION_RELEASE,-30.75750000000073,29078.0,2026-05-12,,-1,,,,,,,,,,,,NO_LTF_BARS_IN_WINDOW,2026-05-12 12:44:00,OFH13-20260512124400--1,IR,,30s,FALSE
ARM8_FVG_BREAKDOWN,-30.75750000000073,29078.0,2026-05-12,,-1,,,,,,,,,,,,NO_LTF_BARS_IN_WINDOW,2026-05-12 12:44:00,OFH13-20260512124400--1,IR,,30s,FALSE
ARM0_CANONICAL,-25.657499999998546,30008.75,2026-05-14,0,1,0.0,STOP,AMB,AMB,AMB,ADV,30008.75,2026-05-14 10:53:00,30.75,9.0,-25.657499999998546,,2026-05-14 10:53:00,OFH13-20260514105300-+1,IR,24.787499999999998,30s,TRUE
ARM1_RECLAIM,-25.657499999998546,30008.75,2026-05-14,,1,,,,,,,,,,,,NO_TRIGGER,2026-05-14 10:53:00,OFH13-20260514105300-+1,IR,,30s,FALSE
ARM2_PULLBACK_REEXPAND,-25.657499999998546,30008.75,2026-05-14,,1,,,,,,,,,,,,NO_TRIGGER,2026-05-14 10:53:00,OFH13-20260514105300-+1,IR,,30s,FALSE
ARM3_SWEEP_RECLAIM,-25.657499999998546,30008.75,2026-05-14,,1,,,,,,,,,,,,NO_SWEEP,2026-05-14 10:53:00,OFH13-20260514105300-+1,IR,,30s,FALSE
ARM4_DETECT_CONFIRM,-25.657499999998546,30008.75,2026-05-14,,1,,,,,,,,,,,,INSUFFICIENT DATA - finer tf absent,2026-05-14 10:53:00,OFH13-20260514105300-+1,IR,,30s,FALSE
ARM5_SECOND_PUSH,-25.657499999998546,30008.75,2026-05-14,,1,,,,,,,,,,,,NO_SECOND_PUSH,2026-05-14 10:53:00,OFH13-20260514105300-+1,IR,,30s,FALSE
ARM6_V_RECOVERY,-25.657499999998546,30008.75,2026-05-14,,1,,,,,,,,,,,,NO_TRIGGER,2026-05-14 10:53:00,OFH13-20260514105300-+1,IR,,30s,FALSE
ARM7_COMPRESSION_RELEASE,-25.657499999998546,30008.75,2026-05-14,,1,,,,,,,,,,,,INSUFFICIENT DATA - finer tf absent,2026-05-14 10:53:00,OFH13-20260514105300-+1,IR,,30s,FALSE
ARM8_FVG_BREAKDOWN,-25.657499999998546,30008.75,2026-05-14,,1,,,,,,,,,,,,NO_BREAKDOWN_RECLAIM,2026-05-14 10:53:00,OFH13-20260514105300-+1,IR,,30s,FALSE
ARM0_CANONICAL,-20.501249999998546,30030.25,2026-05-14,0,1,0.0,STOP,AMB,AMB,AMB,FAV,30030.25,2026-05-14 11:39:00,19.75,49.25,-20.501249999998546,,2026-05-14 11:39:00,OFH13-20260514113900-+1,IR,19.63125,30s,TRUE
ARM1_RECLAIM,-20.501249999998546,30030.25,2026-05-14,,1,,,,,,,,,,,,NO_LTF_BARS_IN_WINDOW,2026-05-14 11:39:00,OFH13-20260514113900-+1,IR,,30s,FALSE
ARM2_PULLBACK_REEXPAND,-20.501249999998546,30030.25,2026-05-14,,1,,,,,,,,,,,,NO_LTF_BARS_IN_WINDOW,2026-05-14 11:39:00,OFH13-20260514113900-+1,IR,,30s,FALSE
ARM3_SWEEP_RECLAIM,-20.501249999998546,30030.25,2026-05-14,,1,,,,,,,,,,,,NO_LTF_BARS_IN_WINDOW,2026-05-14 11:39:00,OFH13-20260514113900-+1,IR,,30s,FALSE
ARM4_DETECT_CONFIRM,-20.501249999998546,30030.25,2026-05-14,,1,,,,,,,,,,,,NO_LTF_BARS_IN_WINDOW,2026-05-14 11:39:00,OFH13-20260514113900-+1,IR,,30s,FALSE
ARM5_SECOND_PUSH,-20.501249999998546,30030.25,2026-05-14,,1,,,,,,,,,,,,NO_LTF_BARS_IN_WINDOW,2026-05-14 11:39:00,OFH13-20260514113900-+1,IR,,30s,FALSE
ARM6_V_RECOVERY,-20.501249999998546,30030.25,2026-05-14,,1,,,,,,,,,,,,NO_LTF_BARS_IN_WINDOW,2026-05-14 11:39:00,OFH13-20260514113900-+1,IR,,30s,FALSE
ARM7_COMPRESSION_RELEASE,-20.501249999998546,30030.25,2026-05-14,,1,,,,,,,,,,,,NO_LTF_BARS_IN_WINDOW,2026-05-14 11:39:00,OFH13-20260514113900-+1,IR,,30s,FALSE
ARM8_FVG_BREAKDOWN,-20.501249999998546,30030.25,2026-05-14,,1,,,,,,,,,,,,NO_LTF_BARS_IN_WINDOW,2026-05-14 11:39:00,OFH13-20260514113900-+1,IR,,30s,FALSE
ARM0_CANONICAL,-1.12,29088.25,2026-05-19,0,-1,-0.0,TIME,AMB,AMB,ADV,FAV,29088.25,2026-05-19 10:10:00,38.5,129.5,-1.12,,2026-05-19 10:10:00,OFH13-20260519101000--1,IR,71.36250000000001,30s,TRUE
ARM1_RECLAIM,-1.12,29088.25,2026-05-19,270,-1,-36.75,STOP,AMB,AMB,FAV,FAV,29051.5,2026-05-19 10:14:30,72.5,92.75,-72.23249999999928,,2026-05-19 10:10:00,OFH13-20260519101000--1,IR,71.36250000000001,30s,TRUE
ARM2_PULLBACK_REEXPAND,-1.12,29088.25,2026-05-19,90,-1,-16.25,TIME,AMB,AMB,ADV,ADV,29072.0,2026-05-19 10:11:30,54.75,113.25,-45.12,,2026-05-19 10:10:00,OFH13-20260519101000--1,IR,71.36250000000001,30s,TRUE
ARM3_SWEEP_RECLAIM,-1.12,29088.25,2026-05-19,1140,-1,-80.0,STOP,AMB,ADV,AMB,ADV,29008.25,2026-05-19 10:29:00,77.5,28.75,-72.23249999999928,,2026-05-19 10:10:00,OFH13-20260519101000--1,IR,71.36250000000001,30s,TRUE
ARM4_DETECT_CONFIRM,-1.12,29088.25,2026-05-19,,-1,,,,,,,,,,,,INSUFFICIENT DATA - finer tf absent,2026-05-19 10:10:00,OFH13-20260519101000--1,IR,,30s,FALSE
ARM5_SECOND_PUSH,-1.12,29088.25,2026-05-19,,-1,,,,,,,,,,,,NO_SECOND_PUSH,2026-05-19 10:10:00,OFH13-20260519101000--1,IR,,30s,FALSE
ARM6_V_RECOVERY,-1.12,29088.25,2026-05-19,150,-1,-0.75,TIME,AMB,ADV,FAV,FAV,29087.5,2026-05-19 10:12:30,44.75,128.75,-26.62,,2026-05-19 10:10:00,OFH13-20260519101000--1,IR,71.36250000000001,30s,TRUE
ARM7_COMPRESSION_RELEASE,-1.12,29088.25,2026-05-19,,-1,,,,,,,,,,,,INSUFFICIENT DATA - finer tf absent,2026-05-19 10:10:00,OFH13-20260519101000--1,IR,,30s,FALSE
ARM8_FVG_BREAKDOWN,-1.12,29088.25,2026-05-19,,-1,,,,,,,,,,,,NO_BREAKDOWN_RECLAIM,2026-05-19 10:10:00,OFH13-20260519101000--1,IR,,30s,FALSE
ARM0_CANONICAL,74.13,29063.5,2026-05-19,0,1,0.0,TIME,AMB,AMB,FAV,FAV,29063.5,2026-05-19 11:08:00,40.75,113.25,74.13,,2026-05-19 11:08:00,OFH13-20260519110800-+1,IR,48.056250000000006,30s,TRUE
ARM1_RECLAIM,74.13,29063.5,2026-05-19,,1,,,,,,,,,,,,NO_LTF_BARS_IN_WINDOW,2026-05-19 11:08:00,OFH13-20260519110800-+1,IR,,30s,FALSE
ARM2_PULLBACK_REEXPAND,74.13,29063.5,2026-05-19,,1,,,,,,,,,,,,NO_LTF_BARS_IN_WINDOW,2026-05-19 11:08:00,OFH13-20260519110800-+1,IR,,30s,FALSE
ARM3_SWEEP_RECLAIM,74.13,29063.5,2026-05-19,,1,,,,,,,,,,,,NO_LTF_BARS_IN_WINDOW,2026-05-19 11:08:00,OFH13-20260519110800-+1,IR,,30s,FALSE
ARM4_DETECT_CONFIRM,74.13,29063.5,2026-05-19,,1,,,,,,,,,,,,NO_LTF_BARS_IN_WINDOW,2026-05-19 11:08:00,OFH13-20260519110800-+1,IR,,30s,FALSE
ARM5_SECOND_PUSH,74.13,29063.5,2026-05-19,,1,,,,,,,,,,,,NO_LTF_BARS_IN_WINDOW,2026-05-19 11:08:00,OFH13-20260519110800-+1,IR,,30s,FALSE
ARM6_V_RECOVERY,74.13,29063.5,2026-05-19,,1,,,,,,,,,,,,NO_LTF_BARS_IN_WINDOW,2026-05-19 11:08:00,OFH13-20260519110800-+1,IR,,30s,FALSE
ARM7_COMPRESSION_RELEASE,74.13,29063.5,2026-05-19,,1,,,,,,,,,,,,NO_LTF_BARS_IN_WINDOW,2026-05-19 11:08:00,OFH13-20260519110800-+1,IR,,30s,FALSE
ARM8_FVG_BREAKDOWN,74.13,29063.5,2026-05-19,,1,,,,,,,,,,,,NO_LTF_BARS_IN_WINDOW,2026-05-19 11:08:00,OFH13-20260519110800-+1,IR,,30s,FALSE
ARM0_CANONICAL,-43.788750000000725,29596.75,2026-05-21,0,1,0.0,STOP,AMB,AMB,ADV,ADV,29596.75,2026-05-21 10:12:00,51.0,8.5,-43.788750000000725,,2026-05-21 10:12:00,OFH13-20260521101200-+1,IR,42.91875,30s,TRUE
ARM1_RECLAIM,-43.788750000000725,29596.75,2026-05-21,,1,,,,,,,,,,,,NO_TRIGGER,2026-05-21 10:12:00,OFH13-20260521101200-+1,IR,,30s,FALSE
ARM2_PULLBACK_REEXPAND,-43.788750000000725,29596.75,2026-05-21,,1,,,,,,,,,,,,NO_TRIGGER,2026-05-21 10:12:00,OFH13-20260521101200-+1,IR,,30s,FALSE
ARM3_SWEEP_RECLAIM,-43.788750000000725,29596.75,2026-05-21,,1,,,,,,,,,,,,NO_SWEEP,2026-05-21 10:12:00,OFH13-20260521101200-+1,IR,,30s,FALSE
ARM4_DETECT_CONFIRM,-43.788750000000725,29596.75,2026-05-21,,1,,,,,,,,,,,,INSUFFICIENT DATA - finer tf absent,2026-05-21 10:12:00,OFH13-20260521101200-+1,IR,,30s,FALSE
ARM5_SECOND_PUSH,-43.788750000000725,29596.75,2026-05-21,,1,,,,,,,,,,,,NO_SECOND_PUSH,2026-05-21 10:12:00,OFH13-20260521101200-+1,IR,,30s,FALSE
ARM6_V_RECOVERY,-43.788750000000725,29596.75,2026-05-21,,1,,,,,,,,,,,,NO_TRIGGER,2026-05-21 10:12:00,OFH13-20260521101200-+1,IR,,30s,FALSE
ARM7_COMPRESSION_RELEASE,-43.788750000000725,29596.75,2026-05-21,,1,,,,,,,,,,,,INSUFFICIENT DATA - finer tf absent,2026-05-21 10:12:00,OFH13-20260521101200-+1,IR,,30s,FALSE
ARM8_FVG_BREAKDOWN,-43.788750000000725,29596.75,2026-05-21,,1,,,,,,,,,,,,NO_BREAKDOWN_RECLAIM,2026-05-21 10:12:00,OFH13-20260521101200-+1,IR,,30s,FALSE
ARM0_CANONICAL,124.63,29642.75,2026-05-21,0,1,0.0,TIME,AMB,ADV,ADV,ADV,29642.75,2026-05-21 13:13:00,23.75,206.75,124.63,,2026-05-21 13:13:00,OFH13-20260521131300-+1,IR,28.59375,30s,TRUE
ARM1_RECLAIM,124.63,29642.75,2026-05-21,,1,,,,,,,,,,,,NO_LTF_BARS_IN_WINDOW,2026-05-21 13:13:00,OFH13-20260521131300-+1,IR,,30s,FALSE
ARM2_PULLBACK_REEXPAND,124.63,29642.75,2026-05-21,,1,,,,,,,,,,,,NO_LTF_BARS_IN_WINDOW,2026-05-21 13:13:00,OFH13-20260521131300-+1,IR,,30s,FALSE
ARM3_SWEEP_RECLAIM,124.63,29642.75,2026-05-21,,1,,,,,,,,,,,,NO_LTF_BARS_IN_WINDOW,2026-05-21 13:13:00,OFH13-20260521131300-+1,IR,,30s,FALSE
ARM4_DETECT_CONFIRM,124.63,29642.75,2026-05-21,,1,,,,,,,,,,,,NO_LTF_BARS_IN_WINDOW,2026-05-21 13:13:00,OFH13-20260521131300-+1,IR,,30s,FALSE
ARM5_SECOND_PUSH,124.63,29642.75,2026-05-21,,1,,,,,,,,,,,,NO_LTF_BARS_IN_WINDOW,2026-05-21 13:13:00,OFH13-20260521131300-+1,IR,,30s,FALSE
ARM6_V_RECOVERY,124.63,29642.75,2026-05-21,,1,,,,,,,,,,,,NO_LTF_BARS_IN_WINDOW,2026-05-21 13:13:00,OFH13-20260521131300-+1,IR,,30s,FALSE
ARM7_COMPRESSION_RELEASE,124.63,29642.75,2026-05-21,,1,,,,,,,,,,,,NO_LTF_BARS_IN_WINDOW,2026-05-21 13:13:00,OFH13-20260521131300-+1,IR,,30s,FALSE
ARM8_FVG_BREAKDOWN,124.63,29642.75,2026-05-21,,1,,,,,,,,,,,,NO_LTF_BARS_IN_WINDOW,2026-05-21 13:13:00,OFH13-20260521131300-+1,IR,,30s,FALSE
ARM0_CANONICAL,-19.919999999999273,30256.25,2026-05-26,0,-1,-0.0,STOP,AMB,AMB,FAV,ADV,30256.25,2026-05-26 12:51:00,20.75,7.5,-19.919999999999273,,2026-05-26 12:51:00,OFH13-20260526125100--1,IR,19.049999999999997,30s,TRUE
ARM1_RECLAIM,-19.919999999999273,30256.25,2026-05-26,,-1,,,,,,,,,,,,NO_LTF_BARS_IN_WINDOW,2026-05-26 12:51:00,OFH13-20260526125100--1,IR,,30s,FALSE
ARM2_PULLBACK_REEXPAND,-19.919999999999273,30256.25,2026-05-26,,-1,,,,,,,,,,,,NO_LTF_BARS_IN_WINDOW,2026-05-26 12:51:00,OFH13-20260526125100--1,IR,,30s,FALSE
ARM3_SWEEP_RECLAIM,-19.919999999999273,30256.25,2026-05-26,,-1,,,,,,,,,,,,NO_LTF_BARS_IN_WINDOW,2026-05-26 12:51:00,OFH13-20260526125100--1,IR,,30s,FALSE
ARM4_DETECT_CONFIRM,-19.919999999999273,30256.25,2026-05-26,,-1,,,,,,,,,,,,NO_LTF_BARS_IN_WINDOW,2026-05-26 12:51:00,OFH13-20260526125100--1,IR,,30s,FALSE
ARM5_SECOND_PUSH,-19.919999999999273,30256.25,2026-05-26,,-1,,,,,,,,,,,,NO_LTF_BARS_IN_WINDOW,2026-05-26 12:51:00,OFH13-20260526125100--1,IR,,30s,FALSE
ARM6_V_RECOVERY,-19.919999999999273,30256.25,2026-05-26,,-1,,,,,,,,,,,,NO_LTF_BARS_IN_WINDOW,2026-05-26 12:51:00,OFH13-20260526125100--1,IR,,30s,FALSE
ARM7_COMPRESSION_RELEASE,-19.919999999999273,30256.25,2026-05-26,,-1,,,,,,,,,,,,NO_LTF_BARS_IN_WINDOW,2026-05-26 12:51:00,OFH13-20260526125100--1,IR,,30s,FALSE
ARM8_FVG_BREAKDOWN,-19.919999999999273,30256.25,2026-05-26,,-1,,,,,,,,,,,,NO_LTF_BARS_IN_WINDOW,2026-05-26 12:51:00,OFH13-20260526125100--1,IR,,30s,FALSE
ARM0_CANONICAL,107.63,30343.25,2026-05-27,0,-1,-0.0,TIME,AMB,AMB,FAV,FAV,30343.25,2026-05-27 10:17:00,9.75,171.5,107.63,,2026-05-27 10:17:00,OFH13-20260527101700--1,IR,51.525000000000006,30s,TRUE
ARM1_RECLAIM,107.63,30343.25,2026-05-27,210,-1,-35.25,TIME,AMB,AMB,AMB,FAV,30308.0,2026-05-27 10:20:30,31.0,136.25,108.63,,2026-05-27 10:17:00,OFH13-20260527101700--1,IR,51.525000000000006,30s,TRUE
ARM2_PULLBACK_REEXPAND,107.63,30343.25,2026-05-27,60,-1,-13.0,TIME,AMB,FAV,FAV,FAV,30330.25,2026-05-27 10:18:00,9.0,158.5,103.88,,2026-05-27 10:17:00,OFH13-20260527101700--1,IR,51.525000000000006,30s,TRUE
ARM3_SWEEP_RECLAIM,107.63,30343.25,2026-05-27,930,-1,-120.0,STOP,AMB,AMB,AMB,FAV,30223.25,2026-05-27 10:32:30,52.25,51.5,-52.39500000000145,,2026-05-27 10:17:00,OFH13-20260527101700--1,IR,51.525000000000006,30s,TRUE
ARM4_DETECT_CONFIRM,107.63,30343.25,2026-05-27,,-1,,,,,,,,,,,,INSUFFICIENT DATA - finer tf absent,2026-05-27 10:17:00,OFH13-20260527101700--1,IR,,30s,FALSE
ARM5_SECOND_PUSH,107.63,30343.25,2026-05-27,,-1,,,,,,,,,,,,NO_SECOND_PUSH,2026-05-27 10:17:00,OFH13-20260527101700--1,IR,,30s,FALSE
ARM6_V_RECOVERY,107.63,30343.25,2026-05-27,210,-1,-35.25,TIME,AMB,AMB,AMB,FAV,30308.0,2026-05-27 10:20:30,31.0,136.25,108.63,,2026-05-27 10:17:00,OFH13-20260527101700--1,IR,51.525000000000006,30s,TRUE
ARM7_COMPRESSION_RELEASE,107.63,30343.25,2026-05-27,,-1,,,,,,,,,,,,INSUFFICIENT DATA - finer tf absent,2026-05-27 10:17:00,OFH13-20260527101700--1,IR,,30s,FALSE
ARM8_FVG_BREAKDOWN,107.63,30343.25,2026-05-27,,-1,,,,,,,,,,,,NO_BREAKDOWN_RECLAIM,2026-05-27 10:17:00,OFH13-20260527101700--1,IR,,30s,FALSE
ARM0_CANONICAL,167.13,30361.5,2026-05-28,0,1,0.0,TIME,FAV,FAV,FAV,FAV,30361.5,2026-05-28 10:24:00,2.5,184.25,167.13,,2026-05-28 10:24:00,OFH13-20260528102400-+1,IR,61.237500000000004,30s,TRUE
ARM1_RECLAIM,167.13,30361.5,2026-05-28,1020,1,-93.25,TIME,AMB,ADV,ADV,FAV,30454.75,2026-05-28 10:41:00,38.25,134.75,115.38,,2026-05-28 10:24:00,OFH13-20260528102400-+1,IR,61.237500000000004,30s,TRUE
ARM2_PULLBACK_REEXPAND,167.13,30361.5,2026-05-28,180,1,-66.0,TIME,AMB,ADV,FAV,FAV,30427.5,2026-05-28 10:27:00,24.5,134.25,131.38,,2026-05-28 10:24:00,OFH13-20260528102400-+1,IR,61.237500000000004,30s,TRUE
ARM3_SWEEP_RECLAIM,167.13,30361.5,2026-05-28,1410,1,-77.0,TIME,AMB,ADV,FAV,FAV,30438.5,2026-05-28 10:47:30,15.0,151.0,122.38,,2026-05-28 10:24:00,OFH13-20260528102400-+1,IR,61.237500000000004,30s,TRUE
ARM4_DETECT_CONFIRM,167.13,30361.5,2026-05-28,,1,,,,,,,,,,,,INSUFFICIENT DATA - finer tf absent,2026-05-28 10:24:00,OFH13-20260528102400-+1,IR,,30s,FALSE
ARM5_SECOND_PUSH,167.13,30361.5,2026-05-28,,1,,,,,,,,,,,,NO_SECOND_PUSH,2026-05-28 10:24:00,OFH13-20260528102400-+1,IR,,30s,FALSE
ARM6_V_RECOVERY,167.13,30361.5,2026-05-28,690,1,-56.0,TIME,AMB,AMB,FAV,FAV,30417.5,2026-05-28 10:35:30,14.5,162.25,156.38,,2026-05-28 10:24:00,OFH13-20260528102400-+1,IR,61.237500000000004,30s,TRUE
ARM7_COMPRESSION_RELEASE,167.13,30361.5,2026-05-28,,1,,,,,,,,,,,,INSUFFICIENT DATA - finer tf absent,2026-05-28 10:24:00,OFH13-20260528102400-+1,IR,,30s,FALSE
ARM8_FVG_BREAKDOWN,167.13,30361.5,2026-05-28,,1,,,,,,,,,,,,NO_BREAKDOWN_RECLAIM,2026-05-28 10:24:00,OFH13-20260528102400-+1,IR,,30s,FALSE
ARM0_CANONICAL,-47.351250000000725,30620.0,2026-05-29,0,-1,-0.0,STOP,AMB,AMB,AMB,ADV,30620.0,2026-05-29 10:51:00,59.5,16.5,-47.351250000000725,,2026-05-29 10:51:00,OFH13-20260529105100--1,IR,46.48125,30s,TRUE
ARM1_RECLAIM,-47.351250000000725,30620.0,2026-05-29,,-1,,,,,,,,,,,,NO_LTF_BARS_IN_WINDOW,2026-05-29 10:51:00,OFH13-20260529105100--1,IR,,30s,FALSE
ARM2_PULLBACK_REEXPAND,-47.351250000000725,30620.0,2026-05-29,,-1,,,,,,,,,,,,NO_LTF_BARS_IN_WINDOW,2026-05-29 10:51:00,OFH13-20260529105100--1,IR,,30s,FALSE
ARM3_SWEEP_RECLAIM,-47.351250000000725,30620.0,2026-05-29,,-1,,,,,,,,,,,,NO_LTF_BARS_IN_WINDOW,2026-05-29 10:51:00,OFH13-20260529105100--1,IR,,30s,FALSE
ARM4_DETECT_CONFIRM,-47.351250000000725,30620.0,2026-05-29,,-1,,,,,,,,,,,,NO_LTF_BARS_IN_WINDOW,2026-05-29 10:51:00,OFH13-20260529105100--1,IR,,30s,FALSE
ARM5_SECOND_PUSH,-47.351250000000725,30620.0,2026-05-29,,-1,,,,,,,,,,,,NO_LTF_BARS_IN_WINDOW,2026-05-29 10:51:00,OFH13-20260529105100--1,IR,,30s,FALSE
ARM6_V_RECOVERY,-47.351250000000725,30620.0,2026-05-29,,-1,,,,,,,,,,,,NO_LTF_BARS_IN_WINDOW,2026-05-29 10:51:00,OFH13-20260529105100--1,IR,,30s,FALSE
ARM7_COMPRESSION_RELEASE,-47.351250000000725,30620.0,2026-05-29,,-1,,,,,,,,,,,,NO_LTF_BARS_IN_WINDOW,2026-05-29 10:51:00,OFH13-20260529105100--1,IR,,30s,FALSE
ARM8_FVG_BREAKDOWN,-47.351250000000725,30620.0,2026-05-29,,-1,,,,,,,,,,,,NO_LTF_BARS_IN_WINDOW,2026-05-29 10:51:00,OFH13-20260529105100--1,IR,,30s,FALSE
ARM0_CANONICAL,89.13,30852.75,2026-06-01,0,1,0.0,TIME,AMB,AMB,ADV,FAV,30852.75,2026-06-01 13:25:00,9.75,135.0,89.13,,2026-06-01 13:25:00,OFH13-20260601132500-+1,IR,15.693750000000001,30s,TRUE
ARM1_RECLAIM,89.13,30852.75,2026-06-01,,1,,,,,,,,,,,,NO_LTF_BARS_IN_WINDOW,2026-06-01 13:25:00,OFH13-20260601132500-+1,IR,,30s,FALSE
ARM2_PULLBACK_REEXPAND,89.13,30852.75,2026-06-01,,1,,,,,,,,,,,,NO_LTF_BARS_IN_WINDOW,2026-06-01 13:25:00,OFH13-20260601132500-+1,IR,,30s,FALSE
ARM3_SWEEP_RECLAIM,89.13,30852.75,2026-06-01,,1,,,,,,,,,,,,NO_LTF_BARS_IN_WINDOW,2026-06-01 13:25:00,OFH13-20260601132500-+1,IR,,30s,FALSE
ARM4_DETECT_CONFIRM,89.13,30852.75,2026-06-01,,1,,,,,,,,,,,,NO_LTF_BARS_IN_WINDOW,2026-06-01 13:25:00,OFH13-20260601132500-+1,IR,,30s,FALSE
ARM5_SECOND_PUSH,89.13,30852.75,2026-06-01,,1,,,,,,,,,,,,NO_LTF_BARS_IN_WINDOW,2026-06-01 13:25:00,OFH13-20260601132500-+1,IR,,30s,FALSE
ARM6_V_RECOVERY,89.13,30852.75,2026-06-01,,1,,,,,,,,,,,,NO_LTF_BARS_IN_WINDOW,2026-06-01 13:25:00,OFH13-20260601132500-+1,IR,,30s,FALSE
ARM7_COMPRESSION_RELEASE,89.13,30852.75,2026-06-01,,1,,,,,,,,,,,,NO_LTF_BARS_IN_WINDOW,2026-06-01 13:25:00,OFH13-20260601132500-+1,IR,,30s,FALSE
ARM8_FVG_BREAKDOWN,89.13,30852.75,2026-06-01,,1,,,,,,,,,,,,NO_LTF_BARS_IN_WINDOW,2026-06-01 13:25:00,OFH13-20260601132500-+1,IR,,30s,FALSE
ARM0_CANONICAL,133.13,29862.75,2026-06-05,0,-1,-0.0,TIME,ADV,ADV,ADV,ADV,29862.75,2026-06-05 12:23:00,22.75,206.0,133.13,,2026-06-05 12:23:00,OFH13-20260605122300--1,IR,33.76875,30s,TRUE
ARM1_RECLAIM,133.13,29862.75,2026-06-05,,-1,,,,,,,,,,,,NO_LTF_BARS_IN_WINDOW,2026-06-05 12:23:00,OFH13-20260605122300--1,IR,,30s,FALSE
ARM2_PULLBACK_REEXPAND,133.13,29862.75,2026-06-05,,-1,,,,,,,,,,,,NO_LTF_BARS_IN_WINDOW,2026-06-05 12:23:00,OFH13-20260605122300--1,IR,,30s,FALSE
ARM3_SWEEP_RECLAIM,133.13,29862.75,2026-06-05,,-1,,,,,,,,,,,,NO_LTF_BARS_IN_WINDOW,2026-06-05 12:23:00,OFH13-20260605122300--1,IR,,30s,FALSE
ARM4_DETECT_CONFIRM,133.13,29862.75,2026-06-05,,-1,,,,,,,,,,,,NO_LTF_BARS_IN_WINDOW,2026-06-05 12:23:00,OFH13-20260605122300--1,IR,,30s,FALSE
ARM5_SECOND_PUSH,133.13,29862.75,2026-06-05,,-1,,,,,,,,,,,,NO_LTF_BARS_IN_WINDOW,2026-06-05 12:23:00,OFH13-20260605122300--1,IR,,30s,FALSE
ARM6_V_RECOVERY,133.13,29862.75,2026-06-05,,-1,,,,,,,,,,,,NO_LTF_BARS_IN_WINDOW,2026-06-05 12:23:00,OFH13-20260605122300--1,IR,,30s,FALSE
ARM7_COMPRESSION_RELEASE,133.13,29862.75,2026-06-05,,-1,,,,,,,,,,,,NO_LTF_BARS_IN_WINDOW,2026-06-05 12:23:00,OFH13-20260605122300--1,IR,,30s,FALSE
ARM8_FVG_BREAKDOWN,133.13,29862.75,2026-06-05,,-1,,,,,,,,,,,,NO_LTF_BARS_IN_WINDOW,2026-06-05 12:23:00,OFH13-20260605122300--1,IR,,30s,FALSE
ARM0_CANONICAL,-67.995,29711.75,2026-06-08,0,-1,-0.0,STOP,AMB,AMB,FAV,ADV,29711.75,2026-06-08 10:18:00,76.75,29.75,-67.995,,2026-06-08 10:18:00,OFH13-20260608101800--1,IR,67.125,30s,TRUE
ARM1_RECLAIM,-67.995,29711.75,2026-06-08,,-1,,,,,,,,,,,,NO_LTF_BARS_IN_WINDOW,2026-06-08 10:18:00,OFH13-20260608101800--1,IR,,30s,FALSE
ARM2_PULLBACK_REEXPAND,-67.995,29711.75,2026-06-08,,-1,,,,,,,,,,,,NO_LTF_BARS_IN_WINDOW,2026-06-08 10:18:00,OFH13-20260608101800--1,IR,,30s,FALSE
ARM3_SWEEP_RECLAIM,-67.995,29711.75,2026-06-08,,-1,,,,,,,,,,,,NO_LTF_BARS_IN_WINDOW,2026-06-08 10:18:00,OFH13-20260608101800--1,IR,,30s,FALSE
ARM4_DETECT_CONFIRM,-67.995,29711.75,2026-06-08,,-1,,,,,,,,,,,,NO_LTF_BARS_IN_WINDOW,2026-06-08 10:18:00,OFH13-20260608101800--1,IR,,30s,FALSE
ARM5_SECOND_PUSH,-67.995,29711.75,2026-06-08,,-1,,,,,,,,,,,,NO_LTF_BARS_IN_WINDOW,2026-06-08 10:18:00,OFH13-20260608101800--1,IR,,30s,FALSE
ARM6_V_RECOVERY,-67.995,29711.75,2026-06-08,,-1,,,,,,,,,,,,NO_LTF_BARS_IN_WINDOW,2026-06-08 10:18:00,OFH13-20260608101800--1,IR,,30s,FALSE
ARM7_COMPRESSION_RELEASE,-67.995,29711.75,2026-06-08,,-1,,,,,,,,,,,,NO_LTF_BARS_IN_WINDOW,2026-06-08 10:18:00,OFH13-20260608101800--1,IR,,30s,FALSE
ARM8_FVG_BREAKDOWN,-67.995,29711.75,2026-06-08,,-1,,,,,,,,,,,,NO_LTF_BARS_IN_WINDOW,2026-06-08 10:18:00,OFH13-20260608101800--1,IR,,30s,FALSE
ARM0_CANONICAL,-34.11375000000145,29814.0,2026-06-08,0,-1,-0.0,STOP,AMB,AMB,ADV,ADV,29814.0,2026-06-08 13:05:00,35.75,10.25,-34.11375000000145,,2026-06-08 13:05:00,OFH13-20260608130500--1,IR,33.243750000000006,30s,TRUE
ARM1_RECLAIM,-34.11375000000145,29814.0,2026-06-08,,-1,,,,,,,,,,,,NO_LTF_BARS_IN_WINDOW,2026-06-08 13:05:00,OFH13-20260608130500--1,IR,,30s,FALSE
ARM2_PULLBACK_REEXPAND,-34.11375000000145,29814.0,2026-06-08,,-1,,,,,,,,,,,,NO_LTF_BARS_IN_WINDOW,2026-06-08 13:05:00,OFH13-20260608130500--1,IR,,30s,FALSE
ARM3_SWEEP_RECLAIM,-34.11375000000145,29814.0,2026-06-08,,-1,,,,,,,,,,,,NO_LTF_BARS_IN_WINDOW,2026-06-08 13:05:00,OFH13-20260608130500--1,IR,,30s,FALSE
ARM4_DETECT_CONFIRM,-34.11375000000145,29814.0,2026-06-08,,-1,,,,,,,,,,,,NO_LTF_BARS_IN_WINDOW,2026-06-08 13:05:00,OFH13-20260608130500--1,IR,,30s,FALSE
ARM5_SECOND_PUSH,-34.11375000000145,29814.0,2026-06-08,,-1,,,,,,,,,,,,NO_LTF_BARS_IN_WINDOW,2026-06-08 13:05:00,OFH13-20260608130500--1,IR,,30s,FALSE
ARM6_V_RECOVERY,-34.11375000000145,29814.0,2026-06-08,,-1,,,,,,,,,,,,NO_LTF_BARS_IN_WINDOW,2026-06-08 13:05:00,OFH13-20260608130500--1,IR,,30s,FALSE
ARM7_COMPRESSION_RELEASE,-34.11375000000145,29814.0,2026-06-08,,-1,,,,,,,,,,,,NO_LTF_BARS_IN_WINDOW,2026-06-08 13:05:00,OFH13-20260608130500--1,IR,,30s,FALSE
ARM8_FVG_BREAKDOWN,-34.11375000000145,29814.0,2026-06-08,,-1,,,,,,,,,,,,NO_LTF_BARS_IN_WINDOW,2026-06-08 13:05:00,OFH13-20260608130500--1,IR,,30s,FALSE
ARM0_CANONICAL,282.63,28855.5,2026-06-09,0,1,0.0,TIME,FAV,FAV,FAV,FAV,28855.5,2026-06-09 13:11:00,0.0,365.25,282.63,,2026-06-09 13:11:00,OFH13-20260609131100-+1,IR,87.82499999999999,30s,TRUE
ARM1_RECLAIM,282.63,28855.5,2026-06-09,,1,,,,,,,,,,,,NO_LTF_BARS_IN_WINDOW,2026-06-09 13:11:00,OFH13-20260609131100-+1,IR,,30s,FALSE
ARM2_PULLBACK_REEXPAND,282.63,28855.5,2026-06-09,,1,,,,,,,,,,,,NO_LTF_BARS_IN_WINDOW,2026-06-09 13:11:00,OFH13-20260609131100-+1,IR,,30s,FALSE
ARM3_SWEEP_RECLAIM,282.63,28855.5,2026-06-09,,1,,,,,,,,,,,,NO_LTF_BARS_IN_WINDOW,2026-06-09 13:11:00,OFH13-20260609131100-+1,IR,,30s,FALSE
ARM4_DETECT_CONFIRM,282.63,28855.5,2026-06-09,,1,,,,,,,,,,,,NO_LTF_BARS_IN_WINDOW,2026-06-09 13:11:00,OFH13-20260609131100-+1,IR,,30s,FALSE
ARM5_SECOND_PUSH,282.63,28855.5,2026-06-09,,1,,,,,,,,,,,,NO_LTF_BARS_IN_WINDOW,2026-06-09 13:11:00,OFH13-20260609131100-+1,IR,,30s,FALSE
ARM6_V_RECOVERY,282.63,28855.5,2026-06-09,,1,,,,,,,,,,,,NO_LTF_BARS_IN_WINDOW,2026-06-09 13:11:00,OFH13-20260609131100-+1,IR,,30s,FALSE
ARM7_COMPRESSION_RELEASE,282.63,28855.5,2026-06-09,,1,,,,,,,,,,,,NO_LTF_BARS_IN_WINDOW,2026-06-09 13:11:00,OFH13-20260609131100-+1,IR,,30s,FALSE
ARM8_FVG_BREAKDOWN,282.63,28855.5,2026-06-09,,1,,,,,,,,,,,,NO_LTF_BARS_IN_WINDOW,2026-06-09 13:11:00,OFH13-20260609131100-+1,IR,,30s,FALSE
ARM0_CANONICAL,-59.48249999999927,30370.5,2026-06-17,0,-1,-0.0,STOP,AMB,AMB,ADV,ADV,30370.5,2026-06-17 10:50:00,64.0,16.25,-59.48249999999927,,2026-06-17 10:50:00,OFH13-20260617105000--1,IR,58.612500000000004,30s,TRUE
ARM1_RECLAIM,-59.48249999999927,30370.5,2026-06-17,,-1,,,,,,,,,,,,NO_LTF_BARS_IN_WINDOW,2026-06-17 10:50:00,OFH13-20260617105000--1,IR,,30s,FALSE
ARM2_PULLBACK_REEXPAND,-59.48249999999927,30370.5,2026-06-17,,-1,,,,,,,,,,,,NO_LTF_BARS_IN_WINDOW,2026-06-17 10:50:00,OFH13-20260617105000--1,IR,,30s,FALSE
ARM3_SWEEP_RECLAIM,-59.48249999999927,30370.5,2026-06-17,,-1,,,,,,,,,,,,NO_LTF_BARS_IN_WINDOW,2026-06-17 10:50:00,OFH13-20260617105000--1,IR,,30s,FALSE
ARM4_DETECT_CONFIRM,-59.48249999999927,30370.5,2026-06-17,,-1,,,,,,,,,,,,NO_LTF_BARS_IN_WINDOW,2026-06-17 10:50:00,OFH13-20260617105000--1,IR,,30s,FALSE
ARM5_SECOND_PUSH,-59.48249999999927,30370.5,2026-06-17,,-1,,,,,,,,,,,,NO_LTF_BARS_IN_WINDOW,2026-06-17 10:50:00,OFH13-20260617105000--1,IR,,30s,FALSE
ARM6_V_RECOVERY,-59.48249999999927,30370.5,2026-06-17,,-1,,,,,,,,,,,,NO_LTF_BARS_IN_WINDOW,2026-06-17 10:50:00,OFH13-20260617105000--1,IR,,30s,FALSE
ARM7_COMPRESSION_RELEASE,-59.48249999999927,30370.5,2026-06-17,,-1,,,,,,,,,,,,NO_LTF_BARS_IN_WINDOW,2026-06-17 10:50:00,OFH13-20260617105000--1,IR,,30s,FALSE
ARM8_FVG_BREAKDOWN,-59.48249999999927,30370.5,2026-06-17,,-1,,,,,,,,,,,,NO_LTF_BARS_IN_WINDOW,2026-06-17 10:50:00,OFH13-20260617105000--1,IR,,30s,FALSE
ARM0_CANONICAL,-52.038750000000725,30549.0,2026-06-18,0,1,0.0,STOP,AMB,ADV,ADV,ADV,30549.0,2026-06-18 10:28:00,85.75,4.0,-52.038750000000725,,2026-06-18 10:28:00,OFH13-20260618102800-+1,IR,51.168749999999996,30s,TRUE
ARM1_RECLAIM,-52.038750000000725,30549.0,2026-06-18,,1,,,,,,,,,,,,NO_LTF_BARS_IN_WINDOW,2026-06-18 10:28:00,OFH13-20260618102800-+1,IR,,30s,FALSE
ARM2_PULLBACK_REEXPAND,-52.038750000000725,30549.0,2026-06-18,,1,,,,,,,,,,,,NO_LTF_BARS_IN_WINDOW,2026-06-18 10:28:00,OFH13-20260618102800-+1,IR,,30s,FALSE
ARM3_SWEEP_RECLAIM,-52.038750000000725,30549.0,2026-06-18,,1,,,,,,,,,,,,NO_LTF_BARS_IN_WINDOW,2026-06-18 10:28:00,OFH13-20260618102800-+1,IR,,30s,FALSE
ARM4_DETECT_CONFIRM,-52.038750000000725,30549.0,2026-06-18,,1,,,,,,,,,,,,NO_LTF_BARS_IN_WINDOW,2026-06-18 10:28:00,OFH13-20260618102800-+1,IR,,30s,FALSE
ARM5_SECOND_PUSH,-52.038750000000725,30549.0,2026-06-18,,1,,,,,,,,,,,,NO_LTF_BARS_IN_WINDOW,2026-06-18 10:28:00,OFH13-20260618102800-+1,IR,,30s,FALSE
ARM6_V_RECOVERY,-52.038750000000725,30549.0,2026-06-18,,1,,,,,,,,,,,,NO_LTF_BARS_IN_WINDOW,2026-06-18 10:28:00,OFH13-20260618102800-+1,IR,,30s,FALSE
ARM7_COMPRESSION_RELEASE,-52.038750000000725,30549.0,2026-06-18,,1,,,,,,,,,,,,NO_LTF_BARS_IN_WINDOW,2026-06-18 10:28:00,OFH13-20260618102800-+1,IR,,30s,FALSE
ARM8_FVG_BREAKDOWN,-52.038750000000725,30549.0,2026-06-18,,1,,,,,,,,,,,,NO_LTF_BARS_IN_WINDOW,2026-06-18 10:28:00,OFH13-20260618102800-+1,IR,,30s,FALSE
ARM0_CANONICAL,-36.87,29836.25,2026-06-23,0,1,0.0,STOP,FAV,FAV,FAV,FAV,29836.25,2026-06-23 12:21:00,41.25,70.5,-36.87,,2026-06-23 12:21:00,OFH13-20260623122100-+1,IR,36.0,30s,TRUE
ARM1_RECLAIM,-36.87,29836.25,2026-06-23,,1,,,,,,,,,,,,NO_LTF_BARS_IN_WINDOW,2026-06-23 12:21:00,OFH13-20260623122100-+1,IR,,30s,FALSE
ARM2_PULLBACK_REEXPAND,-36.87,29836.25,2026-06-23,,1,,,,,,,,,,,,NO_LTF_BARS_IN_WINDOW,2026-06-23 12:21:00,OFH13-20260623122100-+1,IR,,30s,FALSE
ARM3_SWEEP_RECLAIM,-36.87,29836.25,2026-06-23,,1,,,,,,,,,,,,NO_LTF_BARS_IN_WINDOW,2026-06-23 12:21:00,OFH13-20260623122100-+1,IR,,30s,FALSE
ARM4_DETECT_CONFIRM,-36.87,29836.25,2026-06-23,,1,,,,,,,,,,,,NO_LTF_BARS_IN_WINDOW,2026-06-23 12:21:00,OFH13-20260623122100-+1,IR,,30s,FALSE
ARM5_SECOND_PUSH,-36.87,29836.25,2026-06-23,,1,,,,,,,,,,,,NO_LTF_BARS_IN_WINDOW,2026-06-23 12:21:00,OFH13-20260623122100-+1,IR,,30s,FALSE
ARM6_V_RECOVERY,-36.87,29836.25,2026-06-23,,1,,,,,,,,,,,,NO_LTF_BARS_IN_WINDOW,2026-06-23 12:21:00,OFH13-20260623122100-+1,IR,,30s,FALSE
ARM7_COMPRESSION_RELEASE,-36.87,29836.25,2026-06-23,,1,,,,,,,,,,,,NO_LTF_BARS_IN_WINDOW,2026-06-23 12:21:00,OFH13-20260623122100-+1,IR,,30s,FALSE
ARM8_FVG_BREAKDOWN,-36.87,29836.25,2026-06-23,,1,,,,,,,,,,,,NO_LTF_BARS_IN_WINDOW,2026-06-23 12:21:00,OFH13-20260623122100-+1,IR,,30s,FALSE
ARM0_CANONICAL,-50.070000000000725,29743.75,2026-06-24,0,-1,-0.0,STOP,ADV,ADV,ADV,ADV,29743.75,2026-06-24 11:27:00,58.75,2.0,-50.070000000000725,,2026-06-24 11:27:00,OFH13-20260624112700--1,IR,49.199999999999996,30s,TRUE
ARM1_RECLAIM,-50.070000000000725,29743.75,2026-06-24,,-1,,,,,,,,,,,,NO_LTF_BARS_IN_WINDOW,2026-06-24 11:27:00,OFH13-20260624112700--1,IR,,30s,FALSE
ARM2_PULLBACK_REEXPAND,-50.070000000000725,29743.75,2026-06-24,,-1,,,,,,,,,,,,NO_LTF_BARS_IN_WINDOW,2026-06-24 11:27:00,OFH13-20260624112700--1,IR,,30s,FALSE
ARM3_SWEEP_RECLAIM,-50.070000000000725,29743.75,2026-06-24,,-1,,,,,,,,,,,,NO_LTF_BARS_IN_WINDOW,2026-06-24 11:27:00,OFH13-20260624112700--1,IR,,30s,FALSE
ARM4_DETECT_CONFIRM,-50.070000000000725,29743.75,2026-06-24,,-1,,,,,,,,,,,,NO_LTF_BARS_IN_WINDOW,2026-06-24 11:27:00,OFH13-20260624112700--1,IR,,30s,FALSE
ARM5_SECOND_PUSH,-50.070000000000725,29743.75,2026-06-24,,-1,,,,,,,,,,,,NO_LTF_BARS_IN_WINDOW,2026-06-24 11:27:00,OFH13-20260624112700--1,IR,,30s,FALSE
ARM6_V_RECOVERY,-50.070000000000725,29743.75,2026-06-24,,-1,,,,,,,,,,,,NO_LTF_BARS_IN_WINDOW,2026-06-24 11:27:00,OFH13-20260624112700--1,IR,,30s,FALSE
ARM7_COMPRESSION_RELEASE,-50.070000000000725,29743.75,2026-06-24,,-1,,,,,,,,,,,,NO_LTF_BARS_IN_WINDOW,2026-06-24 11:27:00,OFH13-20260624112700--1,IR,,30s,FALSE
ARM8_FVG_BREAKDOWN,-50.070000000000725,29743.75,2026-06-24,,-1,,,,,,,,,,,,NO_LTF_BARS_IN_WINDOW,2026-06-24 11:27:00,OFH13-20260624112700--1,IR,,30s,FALSE
ARM0_CANONICAL,-59.20124999999927,30366.25,2026-06-30,0,1,0.0,STOP,AMB,ADV,ADV,ADV,30366.25,2026-06-30 10:06:00,60.5,5.5,-59.20124999999927,,2026-06-30 10:06:00,OFH13-20260630100600-+1,IR,58.331250000000004,30s,TRUE
ARM1_RECLAIM,-59.20124999999927,30366.25,2026-06-30,,1,,,,,,,,,,,,NO_LTF_BARS_IN_WINDOW,2026-06-30 10:06:00,OFH13-20260630100600-+1,IR,,30s,FALSE
ARM2_PULLBACK_REEXPAND,-59.20124999999927,30366.25,2026-06-30,,1,,,,,,,,,,,,NO_LTF_BARS_IN_WINDOW,2026-06-30 10:06:00,OFH13-20260630100600-+1,IR,,30s,FALSE
ARM3_SWEEP_RECLAIM,-59.20124999999927,30366.25,2026-06-30,,1,,,,,,,,,,,,NO_LTF_BARS_IN_WINDOW,2026-06-30 10:06:00,OFH13-20260630100600-+1,IR,,30s,FALSE
ARM4_DETECT_CONFIRM,-59.20124999999927,30366.25,2026-06-30,,1,,,,,,,,,,,,NO_LTF_BARS_IN_WINDOW,2026-06-30 10:06:00,OFH13-20260630100600-+1,IR,,30s,FALSE
ARM5_SECOND_PUSH,-59.20124999999927,30366.25,2026-06-30,,1,,,,,,,,,,,,NO_LTF_BARS_IN_WINDOW,2026-06-30 10:06:00,OFH13-20260630100600-+1,IR,,30s,FALSE
ARM6_V_RECOVERY,-59.20124999999927,30366.25,2026-06-30,,1,,,,,,,,,,,,NO_LTF_BARS_IN_WINDOW,2026-06-30 10:06:00,OFH13-20260630100600-+1,IR,,30s,FALSE
ARM7_COMPRESSION_RELEASE,-59.20124999999927,30366.25,2026-06-30,,1,,,,,,,,,,,,NO_LTF_BARS_IN_WINDOW,2026-06-30 10:06:00,OFH13-20260630100600-+1,IR,,30s,FALSE
ARM8_FVG_BREAKDOWN,-59.20124999999927,30366.25,2026-06-30,,1,,,,,,,,,,,,NO_LTF_BARS_IN_WINDOW,2026-06-30 10:06:00,OFH13-20260630100600-+1,IR,,30s,FALSE
ARM0_CANONICAL,-39.21375,30219.0,2026-07-01,0,-1,-0.0,STOP,AMB,AMB,AMB,FAV,30219.0,2026-07-01 10:44:00,39.75,82.5,-39.21375,,2026-07-01 10:44:00,OFH13-20260701104400--1,IR,38.34375,30s,TRUE
ARM1_RECLAIM,-39.21375,30219.0,2026-07-01,,-1,,,,,,,,,,,,NO_LTF_BARS_IN_WINDOW,2026-07-01 10:44:00,OFH13-20260701104400--1,IR,,30s,FALSE
ARM2_PULLBACK_REEXPAND,-39.21375,30219.0,2026-07-01,,-1,,,,,,,,,,,,NO_LTF_BARS_IN_WINDOW,2026-07-01 10:44:00,OFH13-20260701104400--1,IR,,30s,FALSE
ARM3_SWEEP_RECLAIM,-39.21375,30219.0,2026-07-01,,-1,,,,,,,,,,,,NO_LTF_BARS_IN_WINDOW,2026-07-01 10:44:00,OFH13-20260701104400--1,IR,,30s,FALSE
ARM4_DETECT_CONFIRM,-39.21375,30219.0,2026-07-01,,-1,,,,,,,,,,,,NO_LTF_BARS_IN_WINDOW,2026-07-01 10:44:00,OFH13-20260701104400--1,IR,,30s,FALSE
ARM5_SECOND_PUSH,-39.21375,30219.0,2026-07-01,,-1,,,,,,,,,,,,NO_LTF_BARS_IN_WINDOW,2026-07-01 10:44:00,OFH13-20260701104400--1,IR,,30s,FALSE
ARM6_V_RECOVERY,-39.21375,30219.0,2026-07-01,,-1,,,,,,,,,,,,NO_LTF_BARS_IN_WINDOW,2026-07-01 10:44:00,OFH13-20260701104400--1,IR,,30s,FALSE
ARM7_COMPRESSION_RELEASE,-39.21375,30219.0,2026-07-01,,-1,,,,,,,,,,,,NO_LTF_BARS_IN_WINDOW,2026-07-01 10:44:00,OFH13-20260701104400--1,IR,,30s,FALSE
ARM8_FVG_BREAKDOWN,-39.21375,30219.0,2026-07-01,,-1,,,,,,,,,,,,NO_LTF_BARS_IN_WINDOW,2026-07-01 10:44:00,OFH13-20260701104400--1,IR,,30s,FALSE
ARM0_CANONICAL,213.13,29741.25,2026-07-02,0,-1,-0.0,TIME,AMB,FAV,FAV,FAV,29741.25,2026-07-02 11:46:00,6.75,287.0,213.13,,2026-07-02 11:46:00,OFH13-20260702114600--1,IR,51.543749999999996,30s,TRUE
ARM1_RECLAIM,213.13,29741.25,2026-07-02,,-1,,,,,,,,,,,,NO_LTF_BARS_IN_WINDOW,2026-07-02 11:46:00,OFH13-20260702114600--1,IR,,30s,FALSE
ARM2_PULLBACK_REEXPAND,213.13,29741.25,2026-07-02,,-1,,,,,,,,,,,,NO_LTF_BARS_IN_WINDOW,2026-07-02 11:46:00,OFH13-20260702114600--1,IR,,30s,FALSE
ARM3_SWEEP_RECLAIM,213.13,29741.25,2026-07-02,,-1,,,,,,,,,,,,NO_LTF_BARS_IN_WINDOW,2026-07-02 11:46:00,OFH13-20260702114600--1,IR,,30s,FALSE
ARM4_DETECT_CONFIRM,213.13,29741.25,2026-07-02,,-1,,,,,,,,,,,,NO_LTF_BARS_IN_WINDOW,2026-07-02 11:46:00,OFH13-20260702114600--1,IR,,30s,FALSE
ARM5_SECOND_PUSH,213.13,29741.25,2026-07-02,,-1,,,,,,,,,,,,NO_LTF_BARS_IN_WINDOW,2026-07-02 11:46:00,OFH13-20260702114600--1,IR,,30s,FALSE
ARM6_V_RECOVERY,213.13,29741.25,2026-07-02,,-1,,,,,,,,,,,,NO_LTF_BARS_IN_WINDOW,2026-07-02 11:46:00,OFH13-20260702114600--1,IR,,30s,FALSE
ARM7_COMPRESSION_RELEASE,213.13,29741.25,2026-07-02,,-1,,,,,,,,,,,,NO_LTF_BARS_IN_WINDOW,2026-07-02 11:46:00,OFH13-20260702114600--1,IR,,30s,FALSE
ARM8_FVG_BREAKDOWN,213.13,29741.25,2026-07-02,,-1,,,,,,,,,,,,NO_LTF_BARS_IN_WINDOW,2026-07-02 11:46:00,OFH13-20260702114600--1,IR,,30s,FALSE
ARM0_CANONICAL,-42.6825,29599.5,2026-07-15,0,-1,-0.0,STOP,AMB,ADV,FAV,FAV,29599.5,2026-07-15 11:19:00,43.25,56.75,-42.6825,,2026-07-15 11:19:00,OFH13-20260715111900--1,IR,41.8125,30s,TRUE
ARM1_RECLAIM,-42.6825,29599.5,2026-07-15,,-1,,,,,,,,,,,,NO_LTF_BARS_IN_WINDOW,2026-07-15 11:19:00,OFH13-20260715111900--1,IR,,30s,FALSE
ARM2_PULLBACK_REEXPAND,-42.6825,29599.5,2026-07-15,,-1,,,,,,,,,,,,NO_LTF_BARS_IN_WINDOW,2026-07-15 11:19:00,OFH13-20260715111900--1,IR,,30s,FALSE
ARM3_SWEEP_RECLAIM,-42.6825,29599.5,2026-07-15,,-1,,,,,,,,,,,,NO_LTF_BARS_IN_WINDOW,2026-07-15 11:19:00,OFH13-20260715111900--1,IR,,30s,FALSE
ARM4_DETECT_CONFIRM,-42.6825,29599.5,2026-07-15,,-1,,,,,,,,,,,,NO_LTF_BARS_IN_WINDOW,2026-07-15 11:19:00,OFH13-20260715111900--1,IR,,30s,FALSE
ARM5_SECOND_PUSH,-42.6825,29599.5,2026-07-15,,-1,,,,,,,,,,,,NO_LTF_BARS_IN_WINDOW,2026-07-15 11:19:00,OFH13-20260715111900--1,IR,,30s,FALSE
ARM6_V_RECOVERY,-42.6825,29599.5,2026-07-15,,-1,,,,,,,,,,,,NO_LTF_BARS_IN_WINDOW,2026-07-15 11:19:00,OFH13-20260715111900--1,IR,,30s,FALSE
ARM7_COMPRESSION_RELEASE,-42.6825,29599.5,2026-07-15,,-1,,,,,,,,,,,,NO_LTF_BARS_IN_WINDOW,2026-07-15 11:19:00,OFH13-20260715111900--1,IR,,30s,FALSE
ARM8_FVG_BREAKDOWN,-42.6825,29599.5,2026-07-15,,-1,,,,,,,,,,,,NO_LTF_BARS_IN_WINDOW,2026-07-15 11:19:00,OFH13-20260715111900--1,IR,,30s,FALSE
ARM0_CANONICAL,-48.77625,29424.5,2026-07-16,0,1,0.0,STOP,AMB,ADV,ADV,FAV,29424.5,2026-07-16 10:22:00,48.0,84.5,-48.77625,,2026-07-16 10:22:00,OFH13-20260716102200-+1,IR,47.90625,30s,TRUE
ARM1_RECLAIM,-48.77625,29424.5,2026-07-16,,1,,,,,,,,,,,,NO_LTF_BARS_IN_WINDOW,2026-07-16 10:22:00,OFH13-20260716102200-+1,IR,,30s,FALSE
ARM2_PULLBACK_REEXPAND,-48.77625,29424.5,2026-07-16,,1,,,,,,,,,,,,NO_LTF_BARS_IN_WINDOW,2026-07-16 10:22:00,OFH13-20260716102200-+1,IR,,30s,FALSE
ARM3_SWEEP_RECLAIM,-48.77625,29424.5,2026-07-16,,1,,,,,,,,,,,,NO_LTF_BARS_IN_WINDOW,2026-07-16 10:22:00,OFH13-20260716102200-+1,IR,,30s,FALSE
ARM4_DETECT_CONFIRM,-48.77625,29424.5,2026-07-16,,1,,,,,,,,,,,,NO_LTF_BARS_IN_WINDOW,2026-07-16 10:22:00,OFH13-20260716102200-+1,IR,,30s,FALSE
ARM5_SECOND_PUSH,-48.77625,29424.5,2026-07-16,,1,,,,,,,,,,,,NO_LTF_BARS_IN_WINDOW,2026-07-16 10:22:00,OFH13-20260716102200-+1,IR,,30s,FALSE
ARM6_V_RECOVERY,-48.77625,29424.5,2026-07-16,,1,,,,,,,,,,,,NO_LTF_BARS_IN_WINDOW,2026-07-16 10:22:00,OFH13-20260716102200-+1,IR,,30s,FALSE
ARM7_COMPRESSION_RELEASE,-48.77625,29424.5,2026-07-16,,1,,,,,,,,,,,,NO_LTF_BARS_IN_WINDOW,2026-07-16 10:22:00,OFH13-20260716102200-+1,IR,,30s,FALSE
ARM8_FVG_BREAKDOWN,-48.77625,29424.5,2026-07-16,,1,,,,,,,,,,,,NO_LTF_BARS_IN_WINDOW,2026-07-16 10:22:00,OFH13-20260716102200-+1,IR,,30s,FALSE
ARM0_CANONICAL,3.88,29323.5,2026-07-16,0,-1,-0.0,TIME,AMB,AMB,ADV,FAV,29323.5,2026-07-16 12:32:00,29.0,52.75,3.88,,2026-07-16 12:32:00,OFH13-20260716123200--1,IR,32.962500000000006,30s,TRUE
ARM1_RECLAIM,3.88,29323.5,2026-07-16,,-1,,,,,,,,,,,,NO_LTF_BARS_IN_WINDOW,2026-07-16 12:32:00,OFH13-20260716123200--1,IR,,30s,FALSE
ARM2_PULLBACK_REEXPAND,3.88,29323.5,2026-07-16,,-1,,,,,,,,,,,,NO_LTF_BARS_IN_WINDOW,2026-07-16 12:32:00,OFH13-20260716123200--1,IR,,30s,FALSE
ARM3_SWEEP_RECLAIM,3.88,29323.5,2026-07-16,,-1,,,,,,,,,,,,NO_LTF_BARS_IN_WINDOW,2026-07-16 12:32:00,OFH13-20260716123200--1,IR,,30s,FALSE
ARM4_DETECT_CONFIRM,3.88,29323.5,2026-07-16,,-1,,,,,,,,,,,,NO_LTF_BARS_IN_WINDOW,2026-07-16 12:32:00,OFH13-20260716123200--1,IR,,30s,FALSE
ARM5_SECOND_PUSH,3.88,29323.5,2026-07-16,,-1,,,,,,,,,,,,NO_LTF_BARS_IN_WINDOW,2026-07-16 12:32:00,OFH13-20260716123200--1,IR,,30s,FALSE
ARM6_V_RECOVERY,3.88,29323.5,2026-07-16,,-1,,,,,,,,,,,,NO_LTF_BARS_IN_WINDOW,2026-07-16 12:32:00,OFH13-20260716123200--1,IR,,30s,FALSE
ARM7_COMPRESSION_RELEASE,3.88,29323.5,2026-07-16,,-1,,,,,,,,,,,,NO_LTF_BARS_IN_WINDOW,2026-07-16 12:32:00,OFH13-20260716123200--1,IR,,30s,FALSE
ARM8_FVG_BREAKDOWN,3.88,29323.5,2026-07-16,,-1,,,,,,,,,,,,NO_LTF_BARS_IN_WINDOW,2026-07-16 12:32:00,OFH13-20260716123200--1,IR,,30s,FALSE
ARM0_CANONICAL,119.13,28903.5,2026-07-17,0,1,0.0,TIME,AMB,FAV,FAV,FAV,28903.5,2026-07-17 12:12:00,43.5,143.5,119.13,,2026-07-17 12:12:00,OFH13-20260717121200-+1,IR,45.09375,30s,TRUE
ARM1_RECLAIM,119.13,28903.5,2026-07-17,,1,,,,,,,,,,,,NO_LTF_BARS_IN_WINDOW,2026-07-17 12:12:00,OFH13-20260717121200-+1,IR,,30s,FALSE
ARM2_PULLBACK_REEXPAND,119.13,28903.5,2026-07-17,,1,,,,,,,,,,,,NO_LTF_BARS_IN_WINDOW,2026-07-17 12:12:00,OFH13-20260717121200-+1,IR,,30s,FALSE
ARM3_SWEEP_RECLAIM,119.13,28903.5,2026-07-17,,1,,,,,,,,,,,,NO_LTF_BARS_IN_WINDOW,2026-07-17 12:12:00,OFH13-20260717121200-+1,IR,,30s,FALSE
ARM4_DETECT_CONFIRM,119.13,28903.5,2026-07-17,,1,,,,,,,,,,,,NO_LTF_BARS_IN_WINDOW,2026-07-17 12:12:00,OFH13-20260717121200-+1,IR,,30s,FALSE
ARM5_SECOND_PUSH,119.13,28903.5,2026-07-17,,1,,,,,,,,,,,,NO_LTF_BARS_IN_WINDOW,2026-07-17 12:12:00,OFH13-20260717121200-+1,IR,,30s,FALSE
ARM6_V_RECOVERY,119.13,28903.5,2026-07-17,,1,,,,,,,,,,,,NO_LTF_BARS_IN_WINDOW,2026-07-17 12:12:00,OFH13-20260717121200-+1,IR,,30s,FALSE
ARM7_COMPRESSION_RELEASE,119.13,28903.5,2026-07-17,,1,,,,,,,,,,,,NO_LTF_BARS_IN_WINDOW,2026-07-17 12:12:00,OFH13-20260717121200-+1,IR,,30s,FALSE
ARM8_FVG_BREAKDOWN,119.13,28903.5,2026-07-17,,1,,,,,,,,,,,,NO_LTF_BARS_IN_WINDOW,2026-07-17 12:12:00,OFH13-20260717121200-+1,IR,,30s,FALSE
ARM0_CANONICAL,-21.363750000001456,29081.75,2026-07-20,0,1,0.0,STOP,ADV,ADV,ADV,FAV,29081.75,2026-07-20 12:26:00,34.75,19.25,-21.363750000001456,,2026-07-20 12:26:00,OFH13-20260720122600-+1,IR,20.49375,30s,TRUE
ARM1_RECLAIM,-21.363750000001456,29081.75,2026-07-20,,1,,,,,,,,,,,,NO_LTF_BARS_IN_WINDOW,2026-07-20 12:26:00,OFH13-20260720122600-+1,IR,,30s,FALSE
ARM2_PULLBACK_REEXPAND,-21.363750000001456,29081.75,2026-07-20,,1,,,,,,,,,,,,NO_LTF_BARS_IN_WINDOW,2026-07-20 12:26:00,OFH13-20260720122600-+1,IR,,30s,FALSE
ARM3_SWEEP_RECLAIM,-21.363750000001456,29081.75,2026-07-20,,1,,,,,,,,,,,,NO_LTF_BARS_IN_WINDOW,2026-07-20 12:26:00,OFH13-20260720122600-+1,IR,,30s,FALSE
ARM4_DETECT_CONFIRM,-21.363750000001456,29081.75,2026-07-20,,1,,,,,,,,,,,,NO_LTF_BARS_IN_WINDOW,2026-07-20 12:26:00,OFH13-20260720122600-+1,IR,,30s,FALSE
ARM5_SECOND_PUSH,-21.363750000001456,29081.75,2026-07-20,,1,,,,,,,,,,,,NO_LTF_BARS_IN_WINDOW,2026-07-20 12:26:00,OFH13-20260720122600-+1,IR,,30s,FALSE
ARM6_V_RECOVERY,-21.363750000001456,29081.75,2026-07-20,,1,,,,,,,,,,,,NO_LTF_BARS_IN_WINDOW,2026-07-20 12:26:00,OFH13-20260720122600-+1,IR,,30s,FALSE
ARM7_COMPRESSION_RELEASE,-21.363750000001456,29081.75,2026-07-20,,1,,,,,,,,,,,,NO_LTF_BARS_IN_WINDOW,2026-07-20 12:26:00,OFH13-20260720122600-+1,IR,,30s,FALSE
ARM8_FVG_BREAKDOWN,-21.363750000001456,29081.75,2026-07-20,,1,,,,,,,,,,,,NO_LTF_BARS_IN_WINDOW,2026-07-20 12:26:00,OFH13-20260720122600-+1,IR,,30s,FALSE
ARM0_CANONICAL,-33.71999999999854,29223.5,2026-07-21,0,1,0.0,STOP,AMB,FAV,FAV,FAV,29223.5,2026-07-21 10:48:00,42.0,34.25,-33.71999999999854,,2026-07-21 10:48:00,OFH13-20260721104800-+1,IR,32.849999999999994,30s,TRUE
ARM1_RECLAIM,-33.71999999999854,29223.5,2026-07-21,,1,,,,,,,,,,,,NO_LTF_BARS_IN_WINDOW,2026-07-21 10:48:00,OFH13-20260721104800-+1,IR,,30s,FALSE
ARM2_PULLBACK_REEXPAND,-33.71999999999854,29223.5,2026-07-21,,1,,,,,,,,,,,,NO_LTF_BARS_IN_WINDOW,2026-07-21 10:48:00,OFH13-20260721104800-+1,IR,,30s,FALSE
ARM3_SWEEP_RECLAIM,-33.71999999999854,29223.5,2026-07-21,,1,,,,,,,,,,,,NO_LTF_BARS_IN_WINDOW,2026-07-21 10:48:00,OFH13-20260721104800-+1,IR,,30s,FALSE
ARM4_DETECT_CONFIRM,-33.71999999999854,29223.5,2026-07-21,,1,,,,,,,,,,,,NO_LTF_BARS_IN_WINDOW,2026-07-21 10:48:00,OFH13-20260721104800-+1,IR,,30s,FALSE
ARM5_SECOND_PUSH,-33.71999999999854,29223.5,2026-07-21,,1,,,,,,,,,,,,NO_LTF_BARS_IN_WINDOW,2026-07-21 10:48:00,OFH13-20260721104800-+1,IR,,30s,FALSE
ARM6_V_RECOVERY,-33.71999999999854,29223.5,2026-07-21,,1,,,,,,,,,,,,NO_LTF_BARS_IN_WINDOW,2026-07-21 10:48:00,OFH13-20260721104800-+1,IR,,30s,FALSE
ARM7_COMPRESSION_RELEASE,-33.71999999999854,29223.5,2026-07-21,,1,,,,,,,,,,,,NO_LTF_BARS_IN_WINDOW,2026-07-21 10:48:00,OFH13-20260721104800-+1,IR,,30s,FALSE
ARM8_FVG_BREAKDOWN,-33.71999999999854,29223.5,2026-07-21,,1,,,,,,,,,,,,NO_LTF_BARS_IN_WINDOW,2026-07-21 10:48:00,OFH13-20260721104800-+1,IR,,30s,FALSE
ARM0_CANONICAL,-35.01374999999927,28616.0,2026-07-23,0,1,0.0,STOP,AMB,ADV,ADV,ADV,28616.0,2026-07-23 12:05:00,36.75,5.25,-35.01374999999927,,2026-07-23 12:05:00,OFH13-20260723120500-+1,IR,34.14375,30s,TRUE
ARM1_RECLAIM,-35.01374999999927,28616.0,2026-07-23,,1,,,,,,,,,,,,NO_LTF_BARS_IN_WINDOW,2026-07-23 12:05:00,OFH13-20260723120500-+1,IR,,30s,FALSE
ARM2_PULLBACK_REEXPAND,-35.01374999999927,28616.0,2026-07-23,,1,,,,,,,,,,,,NO_LTF_BARS_IN_WINDOW,2026-07-23 12:05:00,OFH13-20260723120500-+1,IR,,30s,FALSE
ARM3_SWEEP_RECLAIM,-35.01374999999927,28616.0,2026-07-23,,1,,,,,,,,,,,,NO_LTF_BARS_IN_WINDOW,2026-07-23 12:05:00,OFH13-20260723120500-+1,IR,,30s,FALSE
ARM4_DETECT_CONFIRM,-35.01374999999927,28616.0,2026-07-23,,1,,,,,,,,,,,,NO_LTF_BARS_IN_WINDOW,2026-07-23 12:05:00,OFH13-20260723120500-+1,IR,,30s,FALSE
ARM5_SECOND_PUSH,-35.01374999999927,28616.0,2026-07-23,,1,,,,,,,,,,,,NO_LTF_BARS_IN_WINDOW,2026-07-23 12:05:00,OFH13-20260723120500-+1,IR,,30s,FALSE
ARM6_V_RECOVERY,-35.01374999999927,28616.0,2026-07-23,,1,,,,,,,,,,,,NO_LTF_BARS_IN_WINDOW,2026-07-23 12:05:00,OFH13-20260723120500-+1,IR,,30s,FALSE
ARM7_COMPRESSION_RELEASE,-35.01374999999927,28616.0,2026-07-23,,1,,,,,,,,,,,,NO_LTF_BARS_IN_WINDOW,2026-07-23 12:05:00,OFH13-20260723120500-+1,IR,,30s,FALSE
ARM8_FVG_BREAKDOWN,-35.01374999999927,28616.0,2026-07-23,,1,,,,,,,,,,,,NO_LTF_BARS_IN_WINDOW,2026-07-23 12:05:00,OFH13-20260723120500-+1,IR,,30s,FALSE
ARM0_CANONICAL,124.38,28273.5,2026-07-27,0,-1,-0.0,TIME,AMB,AMB,FAV,FAV,28273.5,2026-07-27 10:13:00,25.25,335.0,124.38,,2026-07-27 10:13:00,OFH13-20260727101300--1,IR,55.96875,30s,TRUE
ARM1_RECLAIM,124.38,28273.5,2026-07-27,,-1,,,,,,,,,,,,NO_LTF_BARS_IN_WINDOW,2026-07-27 10:13:00,OFH13-20260727101300--1,IR,,30s,FALSE
ARM2_PULLBACK_REEXPAND,124.38,28273.5,2026-07-27,,-1,,,,,,,,,,,,NO_LTF_BARS_IN_WINDOW,2026-07-27 10:13:00,OFH13-20260727101300--1,IR,,30s,FALSE
ARM3_SWEEP_RECLAIM,124.38,28273.5,2026-07-27,,-1,,,,,,,,,,,,NO_LTF_BARS_IN_WINDOW,2026-07-27 10:13:00,OFH13-20260727101300--1,IR,,30s,FALSE
ARM4_DETECT_CONFIRM,124.38,28273.5,2026-07-27,,-1,,,,,,,,,,,,NO_LTF_BARS_IN_WINDOW,2026-07-27 10:13:00,OFH13-20260727101300--1,IR,,30s,FALSE
ARM5_SECOND_PUSH,124.38,28273.5,2026-07-27,,-1,,,,,,,,,,,,NO_LTF_BARS_IN_WINDOW,2026-07-27 10:13:00,OFH13-20260727101300--1,IR,,30s,FALSE
ARM6_V_RECOVERY,124.38,28273.5,2026-07-27,,-1,,,,,,,,,,,,NO_LTF_BARS_IN_WINDOW,2026-07-27 10:13:00,OFH13-20260727101300--1,IR,,30s,FALSE
ARM7_COMPRESSION_RELEASE,124.38,28273.5,2026-07-27,,-1,,,,,,,,,,,,NO_LTF_BARS_IN_WINDOW,2026-07-27 10:13:00,OFH13-20260727101300--1,IR,,30s,FALSE
ARM8_FVG_BREAKDOWN,124.38,28273.5,2026-07-27,,-1,,,,,,,,,,,,NO_LTF_BARS_IN_WINDOW,2026-07-27 10:13:00,OFH13-20260727101300--1,IR,,30s,FALSE
ARM0_CANONICAL,40.88,28105.5,2026-07-27,0,-1,-0.0,TIME,ADV,ADV,ADV,ADV,28105.5,2026-07-27 11:20:00,48.5,125.25,40.88,,2026-07-27 11:20:00,OFH13-20260727112000--1,IR,51.768750000000004,30s,TRUE
ARM1_RECLAIM,40.88,28105.5,2026-07-27,,-1,,,,,,,,,,,,NO_LTF_BARS_IN_WINDOW,2026-07-27 11:20:00,OFH13-20260727112000--1,IR,,30s,FALSE
ARM2_PULLBACK_REEXPAND,40.88,28105.5,2026-07-27,,-1,,,,,,,,,,,,NO_LTF_BARS_IN_WINDOW,2026-07-27 11:20:00,OFH13-20260727112000--1,IR,,30s,FALSE
ARM3_SWEEP_RECLAIM,40.88,28105.5,2026-07-27,,-1,,,,,,,,,,,,NO_LTF_BARS_IN_WINDOW,2026-07-27 11:20:00,OFH13-20260727112000--1,IR,,30s,FALSE
ARM4_DETECT_CONFIRM,40.88,28105.5,2026-07-27,,-1,,,,,,,,,,,,NO_LTF_BARS_IN_WINDOW,2026-07-27 11:20:00,OFH13-20260727112000--1,IR,,30s,FALSE
ARM5_SECOND_PUSH,40.88,28105.5,2026-07-27,,-1,,,,,,,,,,,,NO_LTF_BARS_IN_WINDOW,2026-07-27 11:20:00,OFH13-20260727112000--1,IR,,30s,FALSE
ARM6_V_RECOVERY,40.88,28105.5,2026-07-27,,-1,,,,,,,,,,,,NO_LTF_BARS_IN_WINDOW,2026-07-27 11:20:00,OFH13-20260727112000--1,IR,,30s,FALSE
ARM7_COMPRESSION_RELEASE,40.88,28105.5,2026-07-27,,-1,,,,,,,,,,,,NO_LTF_BARS_IN_WINDOW,2026-07-27 11:20:00,OFH13-20260727112000--1,IR,,30s,FALSE
ARM8_FVG_BREAKDOWN,40.88,28105.5,2026-07-27,,-1,,,,,,,,,,,,NO_LTF_BARS_IN_WINDOW,2026-07-27 11:20:00,OFH13-20260727112000--1,IR,,30s,FALSE
ARM0_CANONICAL,74.88,29518.25,2026-08-04,0,1,0.0,TIME,AMB,ADV,FAV,FAV,29518.25,2026-08-04 10:10:00,36.0,77.75,74.88,,2026-08-04 10:10:00,OFH13-20260804101000-+1,IR,41.212500000000006,30s,TRUE
ARM1_RECLAIM,74.88,29518.25,2026-08-04,,1,,,,,,,,,,,,NO_LTF_BARS_IN_WINDOW,2026-08-04 10:10:00,OFH13-20260804101000-+1,IR,,30s,FALSE
ARM2_PULLBACK_REEXPAND,74.88,29518.25,2026-08-04,,1,,,,,,,,,,,,NO_LTF_BARS_IN_WINDOW,2026-08-04 10:10:00,OFH13-20260804101000-+1,IR,,30s,FALSE
ARM3_SWEEP_RECLAIM,74.88,29518.25,2026-08-04,,1,,,,,,,,,,,,NO_LTF_BARS_IN_WINDOW,2026-08-04 10:10:00,OFH13-20260804101000-+1,IR,,30s,FALSE
ARM4_DETECT_CONFIRM,74.88,29518.25,2026-08-04,,1,,,,,,,,,,,,NO_LTF_BARS_IN_WINDOW,2026-08-04 10:10:00,OFH13-20260804101000-+1,IR,,30s,FALSE
ARM5_SECOND_PUSH,74.88,29518.25,2026-08-04,,1,,,,,,,,,,,,NO_LTF_BARS_IN_WINDOW,2026-08-04 10:10:00,OFH13-20260804101000-+1,IR,,30s,FALSE
ARM6_V_RECOVERY,74.88,29518.25,2026-08-04,,1,,,,,,,,,,,,NO_LTF_BARS_IN_WINDOW,2026-08-04 10:10:00,OFH13-20260804101000-+1,IR,,30s,FALSE
ARM7_COMPRESSION_RELEASE,74.88,29518.25,2026-08-04,,1,,,,,,,,,,,,NO_LTF_BARS_IN_WINDOW,2026-08-04 10:10:00,OFH13-20260804101000-+1,IR,,30s,FALSE
ARM8_FVG_BREAKDOWN,74.88,29518.25,2026-08-04,,1,,,,,,,,,,,,NO_LTF_BARS_IN_WINDOW,2026-08-04 10:10:00,OFH13-20260804101000-+1,IR,,30s,FALSE
ARM0_CANONICAL,-63.77625,29957.75,2026-08-05,0,-1,-0.0,STOP,AMB,AMB,FAV,ADV,29957.75,2026-08-05 10:04:00,73.25,28.5,-63.77625,,2026-08-05 10:04:00,OFH13-20260805100400--1,IR,62.90625,30s,TRUE
ARM1_RECLAIM,-63.77625,29957.75,2026-08-05,,-1,,,,,,,,,,,,NO_LTF_BARS_IN_WINDOW,2026-08-05 10:04:00,OFH13-20260805100400--1,IR,,30s,FALSE
ARM2_PULLBACK_REEXPAND,-63.77625,29957.75,2026-08-05,,-1,,,,,,,,,,,,NO_LTF_BARS_IN_WINDOW,2026-08-05 10:04:00,OFH13-20260805100400--1,IR,,30s,FALSE
ARM3_SWEEP_RECLAIM,-63.77625,29957.75,2026-08-05,,-1,,,,,,,,,,,,NO_LTF_BARS_IN_WINDOW,2026-08-05 10:04:00,OFH13-20260805100400--1,IR,,30s,FALSE
ARM4_DETECT_CONFIRM,-63.77625,29957.75,2026-08-05,,-1,,,,,,,,,,,,NO_LTF_BARS_IN_WINDOW,2026-08-05 10:04:00,OFH13-20260805100400--1,IR,,30s,FALSE
ARM5_SECOND_PUSH,-63.77625,29957.75,2026-08-05,,-1,,,,,,,,,,,,NO_LTF_BARS_IN_WINDOW,2026-08-05 10:04:00,OFH13-20260805100400--1,IR,,30s,FALSE
ARM6_V_RECOVERY,-63.77625,29957.75,2026-08-05,,-1,,,,,,,,,,,,NO_LTF_BARS_IN_WINDOW,2026-08-05 10:04:00,OFH13-20260805100400--1,IR,,30s,FALSE
ARM7_COMPRESSION_RELEASE,-63.77625,29957.75,2026-08-05,,-1,,,,,,,,,,,,NO_LTF_BARS_IN_WINDOW,2026-08-05 10:04:00,OFH13-20260805100400--1,IR,,30s,FALSE
ARM8_FVG_BREAKDOWN,-63.77625,29957.75,2026-08-05,,-1,,,,,,,,,,,,NO_LTF_BARS_IN_WINDOW,2026-08-05 10:04:00,OFH13-20260805100400--1,IR,,30s,FALSE
ARM0_CANONICAL,113.13,29847.75,2026-08-05,0,-1,-0.0,TIME,AMB,AMB,FAV,ADV,29847.75,2026-08-05 10:58:00,43.25,135.0,113.13,,2026-08-05 10:58:00,OFH13-20260805105800--1,IR,50.175000000000004,30s,TRUE
ARM1_RECLAIM,113.13,29847.75,2026-08-05,,-1,,,,,,,,,,,,NO_LTF_BARS_IN_WINDOW,2026-08-05 10:58:00,OFH13-20260805105800--1,IR,,30s,FALSE
ARM2_PULLBACK_REEXPAND,113.13,29847.75,2026-08-05,,-1,,,,,,,,,,,,NO_LTF_BARS_IN_WINDOW,2026-08-05 10:58:00,OFH13-20260805105800--1,IR,,30s,FALSE
ARM3_SWEEP_RECLAIM,113.13,29847.75,2026-08-05,,-1,,,,,,,,,,,,NO_LTF_BARS_IN_WINDOW,2026-08-05 10:58:00,OFH13-20260805105800--1,IR,,30s,FALSE
ARM4_DETECT_CONFIRM,113.13,29847.75,2026-08-05,,-1,,,,,,,,,,,,NO_LTF_BARS_IN_WINDOW,2026-08-05 10:58:00,OFH13-20260805105800--1,IR,,30s,FALSE
ARM5_SECOND_PUSH,113.13,29847.75,2026-08-05,,-1,,,,,,,,,,,,NO_LTF_BARS_IN_WINDOW,2026-08-05 10:58:00,OFH13-20260805105800--1,IR,,30s,FALSE
ARM6_V_RECOVERY,113.13,29847.75,2026-08-05,,-1,,,,,,,,,,,,NO_LTF_BARS_IN_WINDOW,2026-08-05 10:58:00,OFH13-20260805105800--1,IR,,30s,FALSE
ARM7_COMPRESSION_RELEASE,113.13,29847.75,2026-08-05,,-1,,,,,,,,,,,,NO_LTF_BARS_IN_WINDOW,2026-08-05 10:58:00,OFH13-20260805105800--1,IR,,30s,FALSE
ARM8_FVG_BREAKDOWN,113.13,29847.75,2026-08-05,,-1,,,,,,,,,,,,NO_LTF_BARS_IN_WINDOW,2026-08-05 10:58:00,OFH13-20260805105800--1,IR,,30s,FALSE
ARM0_CANONICAL,-40.02000000000145,29634.0,2026-08-06,0,1,0.0,STOP,AMB,AMB,ADV,ADV,29634.0,2026-08-06 10:25:00,53.25,6.75,-40.02000000000145,,2026-08-06 10:25:00,OFH13-20260806102500-+1,IR,39.150000000000006,30s,TRUE
ARM1_RECLAIM,-40.02000000000145,29634.0,2026-08-06,,1,,,,,,,,,,,,NO_LTF_BARS_IN_WINDOW,2026-08-06 10:25:00,OFH13-20260806102500-+1,IR,,30s,FALSE
ARM2_PULLBACK_REEXPAND,-40.02000000000145,29634.0,2026-08-06,,1,,,,,,,,,,,,NO_LTF_BARS_IN_WINDOW,2026-08-06 10:25:00,OFH13-20260806102500-+1,IR,,30s,FALSE
ARM3_SWEEP_RECLAIM,-40.02000000000145,29634.0,2026-08-06,,1,,,,,,,,,,,,NO_LTF_BARS_IN_WINDOW,2026-08-06 10:25:00,OFH13-20260806102500-+1,IR,,30s,FALSE
ARM4_DETECT_CONFIRM,-40.02000000000145,29634.0,2026-08-06,,1,,,,,,,,,,,,NO_LTF_BARS_IN_WINDOW,2026-08-06 10:25:00,OFH13-20260806102500-+1,IR,,30s,FALSE
ARM5_SECOND_PUSH,-40.02000000000145,29634.0,2026-08-06,,1,,,,,,,,,,,,NO_LTF_BARS_IN_WINDOW,2026-08-06 10:25:00,OFH13-20260806102500-+1,IR,,30s,FALSE
ARM6_V_RECOVERY,-40.02000000000145,29634.0,2026-08-06,,1,,,,,,,,,,,,NO_LTF_BARS_IN_WINDOW,2026-08-06 10:25:00,OFH13-20260806102500-+1,IR,,30s,FALSE
ARM7_COMPRESSION_RELEASE,-40.02000000000145,29634.0,2026-08-06,,1,,,,,,,,,,,,NO_LTF_BARS_IN_WINDOW,2026-08-06 10:25:00,OFH13-20260806102500-+1,IR,,30s,FALSE
ARM8_FVG_BREAKDOWN,-40.02000000000145,29634.0,2026-08-06,,1,,,,,,,,,,,,NO_LTF_BARS_IN_WINDOW,2026-08-06 10:25:00,OFH13-20260806102500-+1,IR,,30s,FALSE
ARM0_CANONICAL,-35.59499999999854,29884.75,2026-08-10,0,1,0.0,STOP,ADV,ADV,ADV,ADV,29884.75,2026-08-10 10:17:00,42.25,1.25,-35.59499999999854,,2026-08-10 10:17:00,OFH13-20260810101700-+1,IR,34.724999999999994,30s,TRUE
ARM1_RECLAIM,-35.59499999999854,29884.75,2026-08-10,,1,,,,,,,,,,,,NO_LTF_BARS_IN_WINDOW,2026-08-10 10:17:00,OFH13-20260810101700-+1,IR,,30s,FALSE
ARM2_PULLBACK_REEXPAND,-35.59499999999854,29884.75,2026-08-10,,1,,,,,,,,,,,,NO_LTF_BARS_IN_WINDOW,2026-08-10 10:17:00,OFH13-20260810101700-+1,IR,,30s,FALSE
ARM3_SWEEP_RECLAIM,-35.59499999999854,29884.75,2026-08-10,,1,,,,,,,,,,,,NO_LTF_BARS_IN_WINDOW,2026-08-10 10:17:00,OFH13-20260810101700-+1,IR,,30s,FALSE
ARM4_DETECT_CONFIRM,-35.59499999999854,29884.75,2026-08-10,,1,,,,,,,,,,,,NO_LTF_BARS_IN_WINDOW,2026-08-10 10:17:00,OFH13-20260810101700-+1,IR,,30s,FALSE
ARM5_SECOND_PUSH,-35.59499999999854,29884.75,2026-08-10,,1,,,,,,,,,,,,NO_LTF_BARS_IN_WINDOW,2026-08-10 10:17:00,OFH13-20260810101700-+1,IR,,30s,FALSE
ARM6_V_RECOVERY,-35.59499999999854,29884.75,2026-08-10,,1,,,,,,,,,,,,NO_LTF_BARS_IN_WINDOW,2026-08-10 10:17:00,OFH13-20260810101700-+1,IR,,30s,FALSE
ARM7_COMPRESSION_RELEASE,-35.59499999999854,29884.75,2026-08-10,,1,,,,,,,,,,,,NO_LTF_BARS_IN_WINDOW,2026-08-10 10:17:00,OFH13-20260810101700-+1,IR,,30s,FALSE
ARM8_FVG_BREAKDOWN,-35.59499999999854,29884.75,2026-08-10,,1,,,,,,,,,,,,NO_LTF_BARS_IN_WINDOW,2026-08-10 10:17:00,OFH13-20260810101700-+1,IR,,30s,FALSE
ARM0_CANONICAL,30.38,30193.75,2026-08-13,0,1,0.0,TIME,AMB,FAV,FAV,FAV,30193.75,2026-08-13 10:21:00,3.0,73.25,30.38,,2026-08-13 10:21:00,OFH13-20260813102100-+1,IR,23.606250000000003,30s,TRUE
ARM1_RECLAIM,30.38,30193.75,2026-08-13,,1,,,,,,,,,,,,NO_LTF_BARS_IN_WINDOW,2026-08-13 10:21:00,OFH13-20260813102100-+1,IR,,30s,FALSE
ARM2_PULLBACK_REEXPAND,30.38,30193.75,2026-08-13,,1,,,,,,,,,,,,NO_LTF_BARS_IN_WINDOW,2026-08-13 10:21:00,OFH13-20260813102100-+1,IR,,30s,FALSE
ARM3_SWEEP_RECLAIM,30.38,30193.75,2026-08-13,,1,,,,,,,,,,,,NO_LTF_BARS_IN_WINDOW,2026-08-13 10:21:00,OFH13-20260813102100-+1,IR,,30s,FALSE
ARM4_DETECT_CONFIRM,30.38,30193.75,2026-08-13,,1,,,,,,,,,,,,NO_LTF_BARS_IN_WINDOW,2026-08-13 10:21:00,OFH13-20260813102100-+1,IR,,30s,FALSE
ARM5_SECOND_PUSH,30.38,30193.75,2026-08-13,,1,,,,,,,,,,,,NO_LTF_BARS_IN_WINDOW,2026-08-13 10:21:00,OFH13-20260813102100-+1,IR,,30s,FALSE
ARM6_V_RECOVERY,30.38,30193.75,2026-08-13,,1,,,,,,,,,,,,NO_LTF_BARS_IN_WINDOW,2026-08-13 10:21:00,OFH13-20260813102100-+1,IR,,30s,FALSE
ARM7_COMPRESSION_RELEASE,30.38,30193.75,2026-08-13,,1,,,,,,,,,,,,NO_LTF_BARS_IN_WINDOW,2026-08-13 10:21:00,OFH13-20260813102100-+1,IR,,30s,FALSE
ARM8_FVG_BREAKDOWN,30.38,30193.75,2026-08-13,,1,,,,,,,,,,,,NO_LTF_BARS_IN_WINDOW,2026-08-13 10:21:00,OFH13-20260813102100-+1,IR,,30s,FALSE
ARM0_CANONICAL,-21.40125,30055.5,2026-08-14,0,-1,-0.0,STOP,ADV,ADV,ADV,ADV,30055.5,2026-08-14 11:54:00,28.25,3.5,-21.40125,,2026-08-14 11:54:00,OFH13-20260814115400--1,IR,20.53125,30s,TRUE
ARM1_RECLAIM,-21.40125,30055.5,2026-08-14,,-1,,,,,,,,,,,,NO_LTF_BARS_IN_WINDOW,2026-08-14 11:54:00,OFH13-20260814115400--1,IR,,30s,FALSE
ARM2_PULLBACK_REEXPAND,-21.40125,30055.5,2026-08-14,,-1,,,,,,,,,,,,NO_LTF_BARS_IN_WINDOW,2026-08-14 11:54:00,OFH13-20260814115400--1,IR,,30s,FALSE
ARM3_SWEEP_RECLAIM,-21.40125,30055.5,2026-08-14,,-1,,,,,,,,,,,,NO_LTF_BARS_IN_WINDOW,2026-08-14 11:54:00,OFH13-20260814115400--1,IR,,30s,FALSE
ARM4_DETECT_CONFIRM,-21.40125,30055.5,2026-08-14,,-1,,,,,,,,,,,,NO_LTF_BARS_IN_WINDOW,2026-08-14 11:54:00,OFH13-20260814115400--1,IR,,30s,FALSE
ARM5_SECOND_PUSH,-21.40125,30055.5,2026-08-14,,-1,,,,,,,,,,,,NO_LTF_BARS_IN_WINDOW,2026-08-14 11:54:00,OFH13-20260814115400--1,IR,,30s,FALSE
ARM6_V_RECOVERY,-21.40125,30055.5,2026-08-14,,-1,,,,,,,,,,,,NO_LTF_BARS_IN_WINDOW,2026-08-14 11:54:00,OFH13-20260814115400--1,IR,,30s,FALSE
ARM7_COMPRESSION_RELEASE,-21.40125,30055.5,2026-08-14,,-1,,,,,,,,,,,,NO_LTF_BARS_IN_WINDOW,2026-08-14 11:54:00,OFH13-20260814115400--1,IR,,30s,FALSE
ARM8_FVG_BREAKDOWN,-21.40125,30055.5,2026-08-14,,-1,,,,,,,,,,,,NO_LTF_BARS_IN_WINDOW,2026-08-14 11:54:00,OFH13-20260814115400--1,IR,,30s,FALSE
ARM0_CANONICAL,-46.67625000000145,29633.25,2026-08-18,0,1,0.0,STOP,ADV,ADV,ADV,ADV,29633.25,2026-08-18 10:19:00,71.75,57.75,-46.67625000000145,,2026-08-18 10:19:00,OFH13-20260818101900-+1,IR,45.806250000000006,30s,TRUE
ARM1_RECLAIM,-46.67625000000145,29633.25,2026-08-18,,1,,,,,,,,,,,,NO_LTF_BARS_IN_WINDOW,2026-08-18 10:19:00,OFH13-20260818101900-+1,IR,,30s,FALSE
ARM2_PULLBACK_REEXPAND,-46.67625000000145,29633.25,2026-08-18,,1,,,,,,,,,,,,NO_LTF_BARS_IN_WINDOW,2026-08-18 10:19:00,OFH13-20260818101900-+1,IR,,30s,FALSE
ARM3_SWEEP_RECLAIM,-46.67625000000145,29633.25,2026-08-18,,1,,,,,,,,,,,,NO_LTF_BARS_IN_WINDOW,2026-08-18 10:19:00,OFH13-20260818101900-+1,IR,,30s,FALSE
ARM4_DETECT_CONFIRM,-46.67625000000145,29633.25,2026-08-18,,1,,,,,,,,,,,,NO_LTF_BARS_IN_WINDOW,2026-08-18 10:19:00,OFH13-20260818101900-+1,IR,,30s,FALSE
ARM5_SECOND_PUSH,-46.67625000000145,29633.25,2026-08-18,,1,,,,,,,,,,,,NO_LTF_BARS_IN_WINDOW,2026-08-18 10:19:00,OFH13-20260818101900-+1,IR,,30s,FALSE
ARM6_V_RECOVERY,-46.67625000000145,29633.25,2026-08-18,,1,,,,,,,,,,,,NO_LTF_BARS_IN_WINDOW,2026-08-18 10:19:00,OFH13-20260818101900-+1,IR,,30s,FALSE
ARM7_COMPRESSION_RELEASE,-46.67625000000145,29633.25,2026-08-18,,1,,,,,,,,,,,,NO_LTF_BARS_IN_WINDOW,2026-08-18 10:19:00,OFH13-20260818101900-+1,IR,,30s,FALSE
ARM8_FVG_BREAKDOWN,-46.67625000000145,29633.25,2026-08-18,,1,,,,,,,,,,,,NO_LTF_BARS_IN_WINDOW,2026-08-18 10:19:00,OFH13-20260818101900-+1,IR,,30s,FALSE
ARM0_CANONICAL,-52.995,29421.25,2026-08-19,0,-1,-0.0,STOP,AMB,AMB,ADV,ADV,29421.25,2026-08-19 10:16:00,63.5,36.0,-52.995,,2026-08-19 10:16:00,OFH13-20260819101600--1,IR,52.125,30s,TRUE
ARM1_RECLAIM,-52.995,29421.25,2026-08-19,,-1,,,,,,,,,,,,NO_LTF_BARS_IN_WINDOW,2026-08-19 10:16:00,OFH13-20260819101600--1,IR,,30s,FALSE
ARM2_PULLBACK_REEXPAND,-52.995,29421.25,2026-08-19,,-1,,,,,,,,,,,,NO_LTF_BARS_IN_WINDOW,2026-08-19 10:16:00,OFH13-20260819101600--1,IR,,30s,FALSE
ARM3_SWEEP_RECLAIM,-52.995,29421.25,2026-08-19,,-1,,,,,,,,,,,,NO_LTF_BARS_IN_WINDOW,2026-08-19 10:16:00,OFH13-20260819101600--1,IR,,30s,FALSE
ARM4_DETECT_CONFIRM,-52.995,29421.25,2026-08-19,,-1,,,,,,,,,,,,NO_LTF_BARS_IN_WINDOW,2026-08-19 10:16:00,OFH13-20260819101600--1,IR,,30s,FALSE
ARM5_SECOND_PUSH,-52.995,29421.25,2026-08-19,,-1,,,,,,,,,,,,NO_LTF_BARS_IN_WINDOW,2026-08-19 10:16:00,OFH13-20260819101600--1,IR,,30s,FALSE
ARM6_V_RECOVERY,-52.995,29421.25,2026-08-19,,-1,,,,,,,,,,,,NO_LTF_BARS_IN_WINDOW,2026-08-19 10:16:00,OFH13-20260819101600--1,IR,,30s,FALSE
ARM7_COMPRESSION_RELEASE,-52.995,29421.25,2026-08-19,,-1,,,,,,,,,,,,NO_LTF_BARS_IN_WINDOW,2026-08-19 10:16:00,OFH13-20260819101600--1,IR,,30s,FALSE
ARM8_FVG_BREAKDOWN,-52.995,29421.25,2026-08-19,,-1,,,,,,,,,,,,NO_LTF_BARS_IN_WINDOW,2026-08-19 10:16:00,OFH13-20260819101600--1,IR,,30s,FALSE
