day,rth_open,dec_close,D,thr90_lagged,beta126,stop_scale60,warm,dgate,rgate,trade
2019-07-05,11188.00,11229.50,41.50,warmup,warmup,warmup,0,0,0,0
2019-07-08,11176.50,11168.00,-8.50,warmup,warmup,warmup,0,0,0,0
2019-07-09,11129.75,11193.75,64.00,warmup,warmup,warmup,0,0,0,0
2019-07-10,11253.25,11275.75,22.50,warmup,warmup,warmup,0,0,0,0
2019-07-11,11298.50,11267.00,-31.50,warmup,warmup,warmup,0,0,0,0
2019-07-12,11285.75,11311.75,26.00,warmup,warmup,warmup,0,0,0,0
2019-07-15,11342.25,11343.50,1.25,warmup,warmup,warmup,0,0,0,0
2019-07-16,11336.75,11309.00,-27.75,warmup,warmup,warmup,0,0,0,0
2019-07-17,11308.50,11288.25,-20.25,warmup,warmup,warmup,0,0,0,0
2019-07-18,11229.50,11271.00,41.50,warmup,warmup,warmup,0,0,0,0
2019-07-19,11333.00,11231.25,-101.75,warmup,warmup,warmup,0,0,0,0
2019-07-22,11236.25,11279.50,43.25,warmup,warmup,warmup,0,0,0,0
2019-07-23,11320.50,11318.50,-2.00,warmup,warmup,warmup,0,0,0,0
2019-07-24,11298.75,11382.00,83.25,warmup,warmup,warmup,0,0,0,0
2019-07-25,11356.50,11311.00,-45.50,warmup,warmup,warmup,0,0,0,0
2019-07-26,11356.50,11395.00,38.50,warmup,warmup,warmup,0,0,0,0
2019-07-29,11383.25,11358.50,-24.75,warmup,warmup,warmup,0,0,0,0
2019-07-30,11298.75,11324.75,26.00,warmup,warmup,warmup,0,0,0,0
2019-07-31,11346.25,11267.00,-79.25,warmup,warmup,warmup,0,0,0,0
2019-08-01,11230.00,11185.75,-44.25,warmup,warmup,warmup,0,0,0,0
2019-08-02,11117.25,11059.25,-58.00,warmup,warmup,warmup,0,0,0,0
2019-08-05,10898.25,10756.50,-141.75,warmup,warmup,warmup,0,0,0,0
2019-08-06,10849.75,10880.00,30.25,warmup,warmup,warmup,0,0,0,0
2019-08-07,10805.25,10920.25,115.00,warmup,warmup,warmup,0,0,0,0
2019-08-08,10960.25,11063.50,103.25,warmup,warmup,warmup,0,0,0,0
2019-08-09,11051.00,11039.50,-11.50,warmup,warmup,warmup,0,0,0,0
2019-08-12,10970.00,10922.25,-47.75,warmup,warmup,warmup,0,0,0,0
2019-08-13,10925.50,11101.25,175.75,warmup,warmup,warmup,0,0,0,0
2019-08-14,10966.50,10873.00,-93.50,warmup,warmup,warmup,0,0,0,0
2019-08-15,10874.75,10850.75,-24.00,warmup,warmup,warmup,0,0,0,0
2019-08-16,10914.75,10971.25,56.50,warmup,warmup,warmup,0,0,0,0
2019-08-19,11075.75,11092.50,16.75,warmup,warmup,warmup,0,0,0,0
2019-08-20,11074.75,11057.25,-17.50,warmup,warmup,warmup,0,0,0,0
2019-08-21,11101.00,11093.75,-7.25,warmup,warmup,warmup,0,0,0,0
2019-08-22,11112.25,11080.75,-31.50,warmup,warmup,warmup,0,0,0,0
2019-08-23,11022.00,10841.00,-181.00,warmup,warmup,warmup,0,0,0,0
2019-08-26,10914.50,10913.75,-0.75,warmup,warmup,warmup,0,0,0,0
2019-08-27,10992.50,10930.25,-62.25,warmup,warmup,warmup,0,0,0,0
2019-08-28,10900.25,10949.50,49.25,warmup,warmup,warmup,0,0,0,0
2019-08-29,11044.75,11058.50,13.75,warmup,warmup,warmup,0,0,0,0
2019-08-30,11108.25,11033.00,-75.25,warmup,warmup,21.00,0,0,0,0
2019-09-03,10997.25,10967.75,-29.50,warmup,warmup,21.50,0,0,0,0
2019-09-04,11043.75,11079.00,35.25,warmup,warmup,21.12,0,0,0,0
2019-09-05,11166.00,11228.25,62.25,warmup,warmup,20.75,0,0,0,0
2019-09-06,11232.75,11234.50,1.75,warmup,warmup,20.62,0,0,0,0
2019-09-09,11237.75,11183.00,-54.75,warmup,warmup,20.75,0,0,0,0
2019-09-10,11155.25,11129.75,-25.50,warmup,warmup,21.12,0,0,0,0
2019-09-11,11187.25,11232.00,44.75,warmup,warmup,21.50,0,0,0,0
2019-09-13,11265.75,11249.00,-16.75,warmup,warmup,21.50,0,0,0,0
2019-09-16,11199.25,11209.00,9.75,warmup,warmup,21.50,0,0,0,0
2019-09-17,11215.50,11231.75,16.25,warmup,warmup,21.12,0,0,0,0
2019-09-18,11237.50,11213.50,-24.00,warmup,warmup,21.50,0,0,0,0
2019-09-19,11261.00,11269.75,8.75,warmup,warmup,21.50,0,0,0,0
2019-09-20,11271.00,11192.00,-79.00,warmup,warmup,21.50,0,0,0,0
2019-09-23,11170.00,11194.50,24.50,warmup,warmup,21.50,0,0,0,0
2019-09-24,11213.25,11059.25,-154.00,warmup,warmup,21.50,0,0,0,0
2019-09-25,11063.75,11164.25,100.50,warmup,warmup,22.00,0,0,0,0
2019-09-26,11150.00,11139.75,-10.25,warmup,warmup,22.50,0,0,0,0
2019-09-27,11141.50,11005.25,-136.25,warmup,warmup,22.62,0,0,0,0
2019-09-30,11059.25,11098.50,39.25,warmup,warmup,22.75,0,0,0,0
2019-10-01,11134.00,11059.25,-74.75,warmup,warmup,22.62,0,0,0,0
2019-10-02,10988.25,10909.75,-78.50,warmup,warmup,22.62,0,0,0,0
2019-10-03,10903.75,10968.75,65.00,warmup,warmup,23.00,0,0,0,0
2019-10-04,11024.50,11088.00,63.50,warmup,warmup,23.00,0,0,0,0
2019-10-07,11074.50,11097.75,23.25,warmup,warmup,23.50,0,0,0,0
2019-10-08,11021.75,11005.00,-16.75,warmup,warmup,23.88,0,0,0,0
2019-10-09,11020.75,11061.50,40.75,warmup,warmup,24.00,0,0,0,0
2019-10-10,11033.00,11090.25,57.25,warmup,warmup,24.25,0,0,0,0
2019-10-11,11179.25,11244.25,65.00,warmup,warmup,24.25,0,0,0,0
2019-10-14,11179.50,11202.50,23.00,warmup,warmup,24.25,0,0,0,0
2019-10-15,11211.75,11299.25,87.50,warmup,warmup,24.25,0,0,0,0
2019-10-16,11262.50,11260.00,-2.50,warmup,warmup,24.00,0,0,0,0
2019-10-17,11316.25,11289.50,-26.75,warmup,warmup,24.00,0,0,0,0
2019-10-18,11279.00,11234.75,-44.25,warmup,warmup,24.00,0,0,0,0
2019-10-21,11250.50,11277.25,26.75,warmup,warmup,24.25,0,0,0,0
2019-10-22,11309.50,11241.00,-68.50,warmup,warmup,24.25,0,0,0,0
2019-10-23,11200.50,11219.75,19.25,warmup,warmup,25.00,0,0,0,0
2019-10-24,11290.25,11300.50,10.25,warmup,warmup,25.00,0,0,0,0
2019-10-25,11266.25,11365.00,98.75,warmup,warmup,25.00,0,0,0,0
2019-10-28,11410.50,11461.25,50.75,warmup,warmup,24.25,0,0,0,0
2019-10-29,11438.00,11399.25,-38.75,warmup,warmup,24.00,0,0,0,0
2019-10-30,11404.25,11429.50,25.25,warmup,warmup,23.88,0,0,0,0
2019-10-31,11449.25,11406.50,-42.75,warmup,warmup,23.50,0,0,0,0
2019-11-01,11463.75,11481.00,17.25,warmup,warmup,23.50,0,0,0,0
2019-11-04,11556.00,11547.25,-8.75,warmup,warmup,23.25,0,0,0,0
2019-11-05,11559.75,11560.50,0.75,warmup,warmup,23.00,0,0,0,0
2019-11-06,11546.50,11530.00,-16.50,warmup,warmup,22.62,0,0,0,0
2019-11-07,11577.75,11553.75,-24.00,warmup,warmup,22.62,0,0,0,0
2019-11-08,11547.50,11586.25,38.75,warmup,warmup,22.62,0,0,0,0
2019-11-11,11555.25,11582.00,26.75,warmup,warmup,22.25,0,0,0,0
2019-11-12,11591.50,11597.00,5.50,warmup,warmup,21.75,0,0,0,0
2019-11-13,11579.75,11604.00,24.25,warmup,warmup,21.75,0,0,0,0
2019-11-14,11578.50,11602.75,24.25,warmup,warmup,21.75,0,0,0,0
2019-11-15,11650.50,11636.50,-14.00,warmup,warmup,21.12,0,0,0,0
2019-11-18,11649.75,11669.25,19.50,warmup,warmup,21.50,0,0,0,0
2019-11-19,11700.25,11681.75,-18.50,warmup,warmup,21.12,0,0,0,0
2019-11-20,11659.75,11603.25,-56.50,warmup,warmup,20.50,0,0,0,0
2019-11-21,11619.25,11614.75,-4.50,warmup,warmup,20.50,0,0,0,0
2019-11-22,11628.75,11613.00,-15.75,warmup,warmup,20.50,0,0,0,0
2019-11-25,11648.25,11707.75,59.50,warmup,warmup,20.50,0,0,0,0
2019-11-26,11716.25,11724.25,8.00,warmup,warmup,20.50,0,0,0,0
2019-11-27,11748.50,11781.00,32.50,warmup,warmup,19.75,0,0,0,0
2019-12-02,11747.00,11652.50,-94.50,warmup,warmup,19.12,0,0,0,0
2019-12-03,11548.75,11590.00,41.25,warmup,warmup,19.38,0,0,0,0
2019-12-04,11637.25,11640.00,2.75,warmup,warmup,19.88,0,0,0,0
2019-12-05,11663.50,11648.75,-14.75,warmup,warmup,19.38,0,0,0,0
2019-12-06,11706.75,11736.00,29.25,warmup,warmup,19.12,0,0,0,0
2019-12-09,11724.25,11719.25,-5.00,warmup,warmup,18.25,0,0,0,0
2019-12-10,11704.75,11698.75,-6.00,warmup,warmup,18.25,0,0,0,0
2019-12-11,11712.75,11741.50,28.75,warmup,warmup,19.12,0,0,0,0
2019-12-13,11799.50,11833.75,34.25,warmup,warmup,19.12,0,0,0,0
2019-12-16,11888.00,11922.50,34.50,warmup,warmup,18.00,0,0,0,0
2019-12-17,11930.50,11924.50,-6.00,warmup,warmup,16.75,0,0,0,0
2019-12-18,11933.75,11945.00,11.25,warmup,warmup,16.38,0,0,0,0
2019-12-19,11935.00,11974.75,39.75,warmup,warmup,16.38,0,0,0,0
2019-12-20,12022.00,12021.50,-0.50,warmup,warmup,16.38,0,0,0,0
2019-12-23,12049.25,12042.75,-6.50,warmup,warmup,16.38,0,0,0,0
2019-12-26,12056.00,12099.00,43.00,warmup,warmup,16.25,0,0,0,0
2019-12-27,12147.75,12112.00,-35.75,warmup,warmup,16.25,0,0,0,0
2019-12-30,12103.00,12055.75,-47.25,warmup,warmup,16.25,0,0,0,0
2019-12-31,12024.75,12054.25,29.50,warmup,warmup,16.25,0,0,0,0
2020-01-02,12136.00,12181.00,45.00,warmup,warmup,16.25,0,0,0,0
2020-01-03,12086.50,12144.00,57.50,warmup,warmup,16.25,0,0,0,0
2020-01-06,12054.75,12159.25,104.50,warmup,warmup,16.25,0,0,0,0
2020-01-07,12182.50,12195.50,13.00,warmup,warmup,16.25,0,0,0,0
2020-01-08,12176.75,12285.75,109.00,warmup,warmup,16.25,0,0,0,0
2020-01-09,12317.75,12310.00,-7.75,94.00,0.006567,16.25,1,0,1,0
2020-01-10,12354.75,12302.25,-52.50,93.90,0.006417,16.25,1,0,1,0
2020-01-13,12333.00,12382.50,49.50,93.80,0.006959,16.25,1,0,1,0
2020-01-14,12392.25,12360.25,-32.00,93.70,0.006775,16.25,1,0,1,0
2020-01-15,12369.75,12354.50,-15.25,93.60,0.005674,16.38,1,0,1,0
2020-01-16,12411.50,12425.50,14.00,93.50,0.006068,16.38,1,0,1,0
2020-01-17,12491.25,12476.75,-14.50,92.90,0.006185,16.88,1,0,1,0
2020-01-21,12469.25,12501.00,31.75,92.30,0.005276,17.50,1,0,1,0
2020-01-22,12539.25,12515.50,-23.75,91.70,0.004680,17.50,1,0,1,0
2020-01-23,12509.00,12542.50,33.50,91.10,0.003400,17.50,1,0,1,0
2020-01-24,12588.75,12476.25,-112.50,90.50,0.002615,16.88,1,1,1,1
2020-01-27,12263.00,12293.00,30.00,93.90,-0.000056,17.50,1,0,0,0
2020-01-28,12339.50,12434.00,94.50,93.80,-0.001248,17.88,1,1,0,0
2020-01-29,12464.75,12452.25,-12.50,94.50,-0.005859,18.25,1,0,0,0
2020-01-30,12367.25,12429.50,62.25,94.50,-0.005454,18.88,1,0,0,0
2020-01-31,12497.50,12308.00,-189.50,94.50,-0.001386,19.25,1,1,0,0
2020-02-03,12357.25,12459.50,102.25,94.50,-0.001815,19.38,1,1,0,0
2020-02-04,12573.50,12672.00,98.50,97.90,-0.004602,19.38,1,1,0,0
2020-02-05,12772.75,12694.25,-78.50,98.68,-0.007931,19.38,1,0,0,0
2020-02-06,12712.00,12745.25,33.25,98.65,-0.016455,19.88,1,0,0,0
2020-02-07,12727.00,12718.50,-8.50,98.62,-0.016304,20.38,1,0,0,0
2020-02-10,12695.75,12824.25,128.50,98.60,-0.016677,20.38,1,1,0,0
2020-02-11,12892.50,12837.75,-54.75,99.28,-0.004071,20.50,1,0,0,0
2020-02-12,12896.25,12924.25,28.00,99.10,-0.004700,20.62,1,0,0,0
2020-02-13,12865.50,12930.75,65.25,98.92,-0.003215,20.88,1,0,0,0
2020-02-14,12934.50,12921.50,-13.00,98.75,-0.011415,21.00,1,0,0,0
2020-02-18,12899.50,12959.00,59.50,98.72,-0.013290,21.00,1,0,0,0
2020-02-19,13006.00,13049.00,43.00,98.70,-0.013446,21.00,1,0,0,0
2020-02-20,13020.75,12938.25,-82.50,98.68,-0.012941,21.00,1,0,0,0
2020-02-21,12905.50,12742.00,-163.50,98.65,-0.019059,21.00,1,1,0,0
2020-02-24,12418.00,12458.75,40.75,99.62,-0.028124,21.62,1,0,0,0
2020-02-25,12473.75,12175.25,-298.50,99.45,-0.033542,21.62,1,1,0,0
2020-02-26,12206.75,12211.75,5.00,100.88,-0.015030,21.62,1,0,0,0
2020-02-27,11971.25,11876.50,-94.75,100.75,-0.016045,22.25,1,0,0,0
2020-02-28,11477.50,11571.00,93.50,100.62,0.008093,22.38,1,0,1,0
2020-03-02,11879.75,12019.50,139.75,100.50,0.046768,22.62,1,1,1,1
2020-03-03,12217.25,12015.25,-202.00,101.62,0.090844,23.00,1,1,1,1
2020-03-04,12061.25,12201.00,139.75,102.15,0.122924,23.25,1,1,1,1
2020-03-05,12032.50,11940.75,-91.75,102.95,0.133098,23.25,1,0,1,0
2020-03-06,11700.50,11688.75,-11.75,102.85,0.124153,23.75,1,0,1,0
2020-03-09,11337.75,11369.00,31.25,102.75,0.120321,24.38,1,0,1,0
2020-03-10,11552.75,11552.75,0.00,102.65,0.116698,25.00,1,0,1,0
2020-03-11,11479.50,11268.00,-211.50,102.55,0.116396,25.88,1,1,1,1
2020-03-13,10953.00,10862.75,-90.25,103.50,0.092914,26.25,1,0,1,0
2020-03-16,10702.25,10557.75,-144.50,103.38,0.035729,26.38,1,1,1,1
2020-03-17,10486.75,10647.75,161.00,104.50,0.105283,26.62,1,1,1,1
2020-03-18,10266.00,10227.25,-38.75,108.55,0.128521,26.88,1,0,1,0
2020-03-19,10498.75,10741.00,242.25,108.10,0.112344,27.12,1,1,1,1
2020-03-20,10749.75,10455.50,-294.25,111.45,0.049397,27.62,1,1,1,1
2020-03-23,10318.75,10198.50,-120.25,114.00,0.104289,28.25,1,1,1,1
2020-03-24,10686.75,10806.00,119.25,117.62,0.085905,28.50,1,1,1,1
2020-03-25,10874.75,10981.00,106.25,119.65,0.090139,29.00,1,0,1,0
2020-03-26,10849.50,11088.25,238.75,119.55,0.063734,29.88,1,1,1,1
2020-03-27,10976.75,11093.25,116.50,121.90,0.084959,30.38,1,0,1,0
2020-03-30,10982.50,11145.25,162.75,121.07,0.056726,30.88,1,1,1,1
2020-03-31,11166.00,11079.50,-86.50,128.50,0.062288,32.50,1,0,1,0
2020-04-01,10884.25,10756.75,-127.50,127.68,0.060907,34.75,1,0,1,0
2020-04-02,10753.50,10876.75,123.25,128.30,0.057407,37.62,1,0,1,0
2020-04-03,10913.75,10796.75,-117.00,128.20,0.063454,41.38,1,0,1,0
2020-04-06,11118.25,11299.00,180.75,128.10,0.063265,46.12,1,1,1,1
2020-04-08,11436.75,11529.75,93.00,132.38,0.074058,50.88,1,0,1,0
2020-04-09,11605.50,11522.50,-83.00,131.60,0.071435,60.38,1,0,1,0
2020-04-13,11510.25,11601.50,91.25,130.83,0.068457,60.38,1,0,1,0
2020-04-14,11807.75,11995.75,188.00,130.05,0.070014,61.62,1,1,1,1
2020-04-15,11864.25,11925.50,61.25,136.60,0.067512,61.62,1,0,1,0
2020-04-16,11999.50,12029.75,30.25,136.25,0.066392,61.62,1,0,1,0
2020-04-17,12169.00,12080.25,-88.75,135.48,0.065491,61.62,1,0,1,0
2020-04-20,12057.75,12072.50,14.75,134.70,0.061142,62.25,1,0,1,0
2020-04-21,11952.25,11767.00,-185.25,133.93,0.061279,62.25,1,1,1,1
2020-04-22,11889.25,11989.75,100.50,138.35,0.074390,64.12,1,0,1,0
2020-04-23,11997.50,11970.00,-27.50,138.00,0.071610,64.12,1,0,1,0
2020-04-24,11965.25,12073.50,108.25,137.65,0.074263,64.12,1,0,1,0
2020-04-27,12179.75,12146.25,-33.50,137.30,0.074636,64.12,1,0,1,0
2020-04-28,12224.50,12045.50,-179.00,136.95,0.074714,64.12,1,1,1,1
2020-04-29,12181.00,12327.50,146.50,139.75,0.082165,66.75,1,1,1,1
2020-04-30,12337.00,12291.25,-45.75,139.75,0.074186,66.75,1,0,1,0
2020-05-01,12111.50,12043.25,-68.25,139.75,0.072307,69.62,1,0,1,0
2020-05-04,11991.50,12120.75,129.25,139.75,0.072995,69.62,1,0,1,0
2020-05-05,12228.25,12269.75,41.50,139.75,0.073281,69.62,1,0,1,0
2020-05-06,12308.50,12343.50,35.00,139.75,0.072545,71.00,1,0,1,0
2020-05-07,12407.75,12409.00,1.25,139.75,0.071732,71.00,1,0,1,0
2020-05-08,12480.00,12514.50,34.50,139.75,0.071293,71.00,1,0,1,0
2020-05-11,12478.50,12637.00,158.50,139.75,0.071693,71.00,1,1,1,1
2020-05-12,12641.00,12535.50,-105.50,140.15,0.066382,71.00,1,0,1,0
2020-05-13,12443.25,12238.50,-204.75,139.95,0.077148,73.12,1,1,1,1
2020-05-14,12255.25,12358.25,103.00,141.75,0.061903,74.75,1,0,1,0
2020-05-15,12283.50,12437.75,154.25,141.55,0.064827,78.88,1,1,1,1
2020-05-18,12589.75,12653.50,63.75,143.95,0.066682,78.88,1,0,1,0
2020-05-19,12647.75,12697.00,49.25,143.68,0.065813,78.88,1,0,1,0
2020-05-20,12723.25,12800.00,76.75,143.40,0.062570,83.38,1,0,1,0
2020-05-21,12804.50,12720.75,-83.75,143.12,0.062164,83.38,1,0,1,0
2020-05-22,12679.25,12707.25,28.00,142.85,0.063664,83.38,1,0,1,0
2020-05-26,12879.75,12745.25,-134.50,142.58,0.063998,83.38,1,0,1,0
2020-05-27,12682.00,12725.25,43.25,142.30,0.067711,83.38,1,0,1,0
2020-05-28,12703.75,12787.25,83.50,142.02,0.068639,78.88,1,0,1,0
2020-05-29,12762.50,12834.25,71.75,141.75,0.064974,78.88,1,0,1,0
2020-06-01,12841.75,12916.75,75.00,141.55,0.065921,74.75,1,0,1,0
2020-06-02,12925.25,12921.75,-3.50,141.35,0.066693,72.38,1,0,1,0
2020-06-03,12998.25,13033.00,34.75,141.15,0.066053,68.88,1,0,1,0
2020-06-04,13002.25,12922.25,-80.00,140.95,0.065556,66.75,1,0,1,0
2020-06-05,12991.50,13161.75,170.25,140.75,0.063749,65.88,1,1,1,1
2020-06-08,13131.00,13181.50,50.50,142.85,0.058897,65.62,1,0,1,0
2020-06-09,13178.75,13316.00,137.25,142.58,0.059832,65.00,1,0,1,0
2020-06-10,13359.25,13471.75,112.50,142.30,0.055621,64.12,1,0,1,0
2020-06-11,13243.50,12930.50,-313.00,142.02,0.050127,64.12,1,1,1,1
2020-06-12,13115.50,12900.75,-214.75,144.50,0.050112,64.12,1,1,1,1
2020-06-15,12842.25,13074.25,232.00,146.30,0.036975,64.12,1,1,1,1
2020-06-16,13309.25,13241.00,-68.25,152.50,0.038580,63.00,1,0,1,0
2020-06-17,13333.75,13303.00,-30.75,151.75,0.036801,62.12,1,0,1,0
2020-06-18,13287.50,13294.25,6.75,151.00,0.036845,61.50,1,0,1,0
2020-06-19,13430.50,13336.00,-94.50,150.25,0.036878,60.88,1,0,1,0
2020-06-22,13322.50,13410.25,87.75,149.50,0.037966,60.62,1,0,1,0
2020-06-23,13513.25,13544.25,31.00,148.75,0.039695,59.62,1,0,1,0
2020-06-24,13499.25,13340.00,-159.25,148.00,0.039277,58.62,1,1,1,1
2020-06-25,13329.00,13394.00,65.00,154.03,0.041096,58.62,1,0,1,0
2020-06-26,13404.75,13210.75,-194.00,154.00,0.041643,58.25,1,1,1,1
2020-06-29,13168.50,13227.00,58.50,154.22,0.045314,58.25,1,0,1,0
2020-06-30,13281.50,13436.25,154.75,154.20,0.046769,58.25,1,1,1,1
2020-07-01,13480.75,13621.50,140.75,154.60,0.047762,58.25,1,0,1,0
2020-07-02,13700.25,13707.50,7.25,154.55,0.044478,57.50,1,0,1,0
2020-07-06,13802.00,13899.00,97.00,154.50,0.044125,57.50,1,0,1,0
2020-07-07,13911.50,13900.00,-11.50,154.45,0.044891,56.88,1,0,1,0
2020-07-08,13905.50,13963.00,57.50,154.40,0.045271,57.50,1,0,1,0
2020-07-09,14066.00,14045.50,-20.50,154.35,0.046493,56.62,1,0,1,0
2020-07-10,14066.50,14138.50,72.00,154.30,0.045490,57.50,1,0,1,0
2020-07-13,14269.50,14035.50,-234.00,154.25,0.045815,57.50,1,1,1,1
2020-07-14,13824.75,13933.75,109.00,154.70,0.063676,57.50,1,0,1,0
2020-07-15,14056.50,14013.00,-43.50,154.70,0.067317,57.50,1,0,1,0
2020-07-16,13903.25,13956.00,52.75,154.70,0.066995,57.50,1,0,1,0
2020-07-17,13975.00,13983.50,8.50,154.70,0.066220,57.25,1,0,1,0
2020-07-20,13991.75,14259.00,267.25,154.70,0.066270,57.25,1,1,1,1
2020-07-21,14333.25,14163.50,-169.75,158.13,0.064424,57.25,1,1,1,1
2020-07-22,14170.50,14155.25,-15.25,159.18,0.064482,57.75,1,0,1,0
2020-07-23,14174.75,13893.00,-281.75,159.18,0.064284,57.75,1,1,1,1
2020-07-24,13747.00,13778.75,31.75,160.83,0.060806,57.62,1,0,1,0
2020-07-27,13878.75,14005.25,126.50,160.83,0.060979,56.88,1,0,1,0
2020-07-28,13963.25,13890.00,-73.25,160.83,0.059562,55.00,1,0,1,0
2020-07-29,13921.25,13983.75,62.50,160.83,0.060511,56.88,1,0,1,0
2020-07-30,13898.75,14057.00,158.25,160.83,0.060457,56.88,1,0,1,0
2020-07-31,14227.50,14171.00,-56.50,160.83,0.059130,55.00,1,0,1,0
2020-08-03,14319.00,14371.50,52.50,160.83,0.056858,55.00,1,0,1,0
2020-08-04,14346.75,14367.25,20.50,160.83,0.055970,55.00,1,0,1,0
2020-08-05,14433.00,14434.50,1.50,160.83,0.057053,56.88,1,0,1,0
2020-08-06,14431.00,14588.25,157.25,160.83,0.058267,56.88,1,0,1,0
2020-08-07,14565.00,14417.25,-147.75,160.83,0.058189,55.00,1,0,1,0
2020-08-10,14469.75,14384.50,-85.25,160.83,0.054156,55.00,1,0,1,0
2020-08-11,14359.25,14279.50,-79.75,160.83,0.052743,52.12,1,0,1,0
2020-08-12,14289.75,14488.25,198.50,160.83,0.056440,52.12,1,1,1,1
2020-08-13,14505.50,14518.50,13.00,162.58,0.053514,52.12,1,0,1,0
2020-08-14,14523.25,14461.25,-62.00,162.58,0.053462,50.38,1,0,1,0
2020-08-17,14560.75,14624.75,64.00,162.58,0.052418,50.38,1,0,1,0
2020-08-18,14662.00,14733.50,71.50,162.58,0.052462,50.38,1,0,1,0
2020-08-19,14725.00,14673.50,-51.50,162.58,0.052130,50.38,1,0,1,0
2020-08-20,14616.25,14796.25,180.00,162.58,0.053335,50.38,1,1,1,1
2020-08-21,14813.25,14891.50,78.25,162.58,0.053123,50.00,1,0,1,0
2020-08-24,15019.25,14924.25,-95.00,162.58,0.053085,49.25,1,0,1,0
2020-08-25,14923.00,15042.50,119.50,162.58,0.053993,48.12,1,0,1,0
2020-08-26,15100.75,15282.75,182.00,162.58,0.054557,48.12,1,1,1,1
2020-08-27,15345.50,15306.50,-39.00,163.43,0.052816,47.38,1,0,1,0
2020-08-28,15311.50,15314.00,2.50,163.43,0.054141,48.12,1,0,1,0
2020-08-31,15349.50,15469.50,120.00,163.43,0.046539,48.12,1,0,1,0
2020-09-01,15530.75,15599.75,69.00,163.43,0.035209,48.12,1,0,1,0
2020-09-02,15764.25,15743.25,-21.00,162.58,0.024864,48.12,1,0,1,0
2020-09-03,15556.75,14994.25,-562.50,162.58,0.012803,47.38,1,1,1,1
2020-09-04,15046.00,15066.25,20.25,163.43,-0.023546,47.38,1,0,0,0
2020-09-08,14489.75,14489.75,0.00,163.43,-0.022183,47.38,1,0,0,0
2020-09-09,14625.50,14794.00,168.50,163.43,-0.019985,47.38,1,1,0,0
2020-09-10,14870.50,14472.25,-398.25,168.00,-0.024364,47.38,1,1,0,0
2020-09-11,14551.75,14421.50,-130.25,169.62,-0.029745,47.38,1,0,0,0
2020-09-14,14580.00,14600.25,20.25,169.62,-0.024395,48.50,1,0,0,0
2020-09-15,14768.50,14759.25,-9.25,169.62,-0.007037,48.50,1,0,0,0
2020-09-16,14803.00,14630.50,-172.50,169.62,-0.028384,49.88,1,1,0,0
2020-09-17,14300.50,14324.25,23.75,170.20,-0.032166,50.38,1,0,0,0
2020-09-18,14466.25,14270.00,-196.25,170.20,-0.025078,51.00,1,1,0,0
2020-09-21,14108.75,14219.50,110.75,172.28,-0.008949,49.88,1,0,0,0
2020-09-22,14417.75,14502.75,85.00,172.28,-0.026911,51.00,1,0,0,0
2020-09-23,14503.50,14200.25,-303.25,172.28,-0.019509,51.00,1,1,0,0
2020-09-24,14070.00,14179.25,109.25,178.35,-0.016816,51.00,1,0,0,0
2020-09-25,14245.50,14495.50,250.00,178.35,-0.005759,51.00,1,1,0,0
2020-09-28,14692.00,14696.25,4.25,179.90,-0.017053,51.00,1,0,0,0
2020-09-29,14696.50,14673.75,-22.75,179.90,-0.007333,51.00,1,0,0,0
2020-09-30,14670.50,14730.50,60.00,179.90,-0.010016,51.00,1,0,0,0
2020-10-01,14906.50,14899.75,-6.75,179.90,-0.008140,51.00,1,0,0,0
2020-10-02,14666.50,14634.25,-32.25,179.90,-0.006530,51.00,1,0,0,0
2020-10-05,14675.75,14838.25,162.50,179.90,-0.008997,51.00,1,0,0,0
2020-10-06,14797.50,14676.00,-121.50,179.90,-0.006984,51.00,1,0,0,0
2020-10-07,14736.00,14839.25,103.25,179.90,-0.009930,51.00,1,0,0,0
2020-10-08,14922.25,14881.50,-40.75,179.90,-0.010463,49.88,1,0,0,0
2020-10-09,14952.75,15049.00,96.25,179.90,-0.009581,49.88,1,0,0,0
2020-10-12,15263.00,15466.50,203.50,179.90,-0.010412,48.38,1,1,0,0
2020-10-13,15502.00,15482.00,-20.00,180.68,-0.014552,49.88,1,0,0,0
2020-10-14,15461.75,15351.50,-110.25,180.68,-0.013386,51.00,1,0,0,0
2020-10-15,15125.50,15254.00,128.50,180.68,-0.012530,51.00,1,0,0,0
2020-10-16,15311.75,15254.75,-57.00,180.68,-0.010501,49.88,1,0,0,0
2020-10-19,15082.75,15056.00,-26.75,180.68,-0.008121,49.88,1,0,0,0
2020-10-20,15078.50,15083.00,4.50,180.68,-0.013268,48.12,1,0,0,0
2020-10-21,14975.00,14985.00,10.00,180.68,-0.012468,50.62,1,0,0,0
2020-10-22,14993.75,14978.25,-15.50,180.68,-0.012799,48.12,1,0,0,0
2020-10-26,14926.75,14808.75,-118.00,180.68,-0.013931,48.12,1,0,0,0
2020-10-27,14885.25,14939.50,54.25,180.68,-0.016160,50.62,1,0,0,0
2020-10-28,14751.00,14590.25,-160.75,180.68,-0.021290,48.12,1,0,0,0
2020-10-29,14540.00,14768.75,228.75,180.68,-0.010791,50.62,1,1,0,0
2020-10-30,14596.75,14324.50,-272.25,181.88,-0.019487,50.62,1,1,0,0
2020-11-02,14490.50,14386.50,-104.00,184.93,-0.030212,53.00,1,0,0,0
2020-11-03,14493.75,14644.50,150.75,184.93,-0.033024,55.62,1,0,0,0
2020-11-04,14978.50,15092.25,113.75,184.93,-0.034371,55.62,1,0,0,0
2020-11-05,15380.75,15433.50,52.75,184.93,-0.032617,58.62,1,0,0,0
2020-11-06,15385.50,15409.25,23.75,184.93,-0.032902,58.62,1,0,0,0
2020-11-09,15541.75,15314.50,-227.25,184.93,-0.032949,58.62,1,1,0,0
2020-11-10,15042.50,14999.25,-43.25,187.73,-0.016910,61.25,1,0,0,0
2020-11-11,15070.00,15201.25,131.25,187.73,-0.021657,62.62,1,0,0,0
2020-11-12,15268.75,15152.25,-116.50,187.73,-0.013014,62.62,1,0,0,0
2020-11-13,15240.75,15265.50,24.75,187.73,-0.016510,62.62,1,0,0,0
2020-11-16,15265.50,15324.50,59.00,187.73,-0.018695,62.62,1,0,0,0
2020-11-17,15378.00,15327.00,-51.00,187.73,-0.017345,62.62,1,0,0,0
2020-11-18,15309.75,15341.75,32.00,187.73,-0.015679,62.62,1,0,0,0
2020-11-19,15220.50,15330.75,110.25,187.73,-0.017120,63.88,1,0,0,0
2020-11-20,15334.50,15293.75,-40.75,187.73,-0.017542,63.88,1,0,0,0
2020-11-23,15296.75,15273.00,-23.75,187.73,-0.017072,63.88,1,0,0,0
2020-11-24,15299.75,15429.25,129.50,187.73,-0.019058,63.88,1,0,0,0
2020-11-25,15463.25,15514.50,51.25,187.73,-0.019546,63.88,1,0,0,0
2020-11-30,15620.75,15603.00,-17.75,187.73,-0.018028,61.62,1,0,0,0
2020-12-01,15726.50,15798.25,71.75,187.73,-0.019328,61.62,1,0,0,0
2020-12-02,15740.75,15787.25,46.50,187.73,-0.019210,61.62,1,0,0,0
2020-12-03,15815.25,15857.00,41.75,187.73,-0.018579,60.12,1,0,0,0
2020-12-04,15825.50,15859.00,33.50,187.73,-0.018906,60.12,1,0,0,0
2020-12-07,15883.25,15935.25,52.00,187.73,-0.017572,58.50,1,0,0,0
2020-12-08,15927.25,15991.50,64.25,187.73,-0.015872,56.88,1,0,0,0
2020-12-09,15981.75,15659.50,-322.25,187.73,-0.016718,55.50,1,1,0,0
2020-12-10,15611.75,15749.75,138.00,189.35,-0.021670,56.88,1,0,0,0
2020-12-11,15678.00,15707.50,29.50,189.35,-0.018919,55.50,1,0,0,0
2020-12-14,15771.75,15866.00,94.25,189.35,-0.021059,52.62,1,0,0,0
2020-12-15,15913.25,15934.25,21.00,189.35,-0.015591,52.62,1,0,0,0
2020-12-16,15966.25,16040.00,73.75,189.35,-0.018675,50.88,1,0,0,0
2020-12-17,16086.00,16064.00,-22.00,189.35,-0.018030,50.88,1,0,0,0
2020-12-18,16123.50,15984.75,-138.75,189.35,-0.018473,49.88,1,0,0,0
2020-12-21,15930.25,16015.25,85.00,189.35,-0.022811,49.88,1,0,0,0
2020-12-22,16067.75,16037.25,-30.50,189.35,-0.022567,49.88,1,0,0,0
2020-12-23,16062.75,16043.25,-19.50,189.35,-0.024689,48.88,1,0,0,0
2020-12-28,16164.75,16189.75,25.00,189.35,-0.024075,49.88,1,0,0,0
2020-12-29,16240.50,16207.25,-33.25,189.35,-0.025565,48.88,1,0,0,0
2020-12-30,16245.50,16185.75,-59.75,189.35,-0.026193,48.88,1,0,0,0
2020-12-31,16190.25,16190.75,0.50,189.35,-0.029770,48.38,1,0,0,0
2021-01-04,16282.00,15998.75,-283.25,189.35,-0.031421,48.88,1,1,0,0
2021-01-05,15999.25,16107.75,108.50,193.55,-0.039313,48.88,1,0,0,0
2021-01-06,15947.50,16004.25,56.75,193.55,-0.036186,48.88,1,0,0,0
2021-01-07,16076.25,16295.50,219.25,193.55,-0.036932,48.88,1,1,0,0
2021-01-08,16367.50,16404.75,37.25,196.03,-0.039611,48.88,1,0,0,0
2021-01-11,16313.25,16223.00,-90.25,196.03,-0.039325,49.88,1,0,0,0
2021-01-12,16251.50,16226.25,-25.25,196.03,-0.040959,50.88,1,0,0,0
2021-01-13,16238.00,16312.25,74.25,196.03,-0.040735,49.88,1,0,0,0
2021-01-14,16334.50,16262.00,-72.50,196.03,-0.041037,48.88,1,0,0,0
2021-01-15,16238.50,16172.75,-65.75,196.03,-0.053527,48.88,1,0,0,0
2021-01-19,16244.75,16337.50,92.75,196.03,-0.056693,48.88,1,0,0,0
2021-01-20,16485.50,16659.25,173.75,196.03,-0.056456,48.38,1,0,0,0
2021-01-21,16688.50,16751.25,62.75,196.03,-0.057322,48.38,1,0,0,0
2021-01-22,16696.75,16735.75,39.00,196.03,-0.057288,47.50,1,0,0,0
2021-01-25,16846.50,16747.50,-99.00,196.03,-0.061194,47.50,1,0,0,0
2021-01-26,16842.25,16852.50,10.25,196.03,-0.066090,48.38,1,0,0,0
2021-01-27,16738.50,16422.50,-316.00,196.03,-0.065813,47.50,1,1,0,0
2021-01-28,16503.75,16607.50,103.75,198.28,-0.071088,48.38,1,0,0,0
2021-01-29,16459.25,16324.50,-134.75,198.28,-0.075009,48.38,1,0,0,0
2021-02-01,16400.25,16597.50,197.25,198.28,-0.069965,48.38,1,0,0,0
2021-02-02,16701.00,16829.75,128.75,198.38,-0.071242,47.50,1,0,0,0
2021-02-03,16880.00,16763.00,-117.00,198.38,-0.072623,46.38,1,0,0,0
2021-02-04,16798.50,16864.50,66.00,198.38,-0.070446,46.38,1,0,0,0
2021-02-05,16939.00,16919.75,-19.25,198.38,-0.067516,45.50,1,0,0,0
2021-02-08,17015.50,16995.25,-20.25,198.38,-0.067908,44.50,1,0,0,0
2021-02-09,16994.25,17040.00,45.75,198.38,-0.068798,43.62,1,0,0,0
2021-02-10,17091.25,17011.75,-79.50,198.38,-0.068841,43.62,1,0,0,0
2021-02-11,17066.00,17052.75,-13.25,198.38,-0.069213,43.62,1,0,0,0
2021-02-12,17042.25,17097.75,55.50,198.38,-0.066726,43.62,1,0,0,0
2021-02-16,17184.25,17117.50,-66.75,198.38,-0.064100,43.62,1,0,0,0
2021-02-17,16986.75,17034.00,47.25,198.38,-0.067067,43.62,1,0,0,0
2021-02-18,16892.50,17001.75,109.25,198.38,-0.067171,43.50,1,0,0,0
2021-02-19,17044.75,16945.00,-99.75,198.38,-0.067295,43.50,1,0,0,0
2021-02-22,16740.00,16602.75,-137.25,198.38,-0.065382,43.50,1,0,0,0
2021-02-23,16349.00,16597.75,248.75,198.38,-0.063252,43.62,1,1,0,0
2021-02-24,16423.25,16622.75,199.50,201.65,-0.068307,43.62,1,0,0,0
2021-02-25,16529.75,16175.25,-354.50,201.75,-0.065370,43.75,1,1,0,0
2021-02-26,16300.75,16311.00,10.25,203.35,-0.064547,44.50,1,0,0,0
2021-03-01,16447.25,16620.75,173.50,203.35,-0.064921,45.50,1,0,0,0
2021-03-02,16646.25,16461.25,-185.00,203.35,-0.062330,45.50,1,0,0,0
2021-03-03,16361.50,16065.75,-295.75,203.35,-0.058156,46.25,1,1,0,0
2021-03-04,16012.50,15810.00,-202.50,203.35,-0.054470,46.88,1,0,0,0
2021-03-05,15931.75,16004.75,73.00,203.40,-0.055348,46.88,1,0,0,0
2021-03-08,15984.25,15690.00,-294.25,203.40,-0.054850,47.25,1,1,0,0
2021-03-09,15957.50,16197.50,240.00,204.62,-0.047501,47.25,1,1,0,0
2021-03-10,16316.50,16123.25,-193.25,210.83,-0.053659,48.12,1,0,0,0
2021-03-11,16299.75,16432.75,133.00,210.83,-0.051560,48.12,1,0,0,0
2021-03-12,16218.50,16257.00,38.50,210.83,-0.028732,48.12,1,0,0,0
2021-03-15,16298.75,16355.75,57.00,210.83,-0.026907,48.12,1,0,0,0
2021-03-16,16517.25,16509.25,-8.00,210.83,-0.024733,48.12,1,0,0,0
2021-03-17,16364.50,16573.50,209.00,210.83,-0.019526,50.00,1,0,0,0
2021-03-18,16336.75,16201.50,-135.25,211.25,-0.012758,52.12,1,0,0,0
2021-03-19,16133.00,16201.50,68.50,208.58,-0.010133,53.25,1,0,0,0
2021-03-22,16286.50,16457.00,170.50,208.58,-0.010287,52.12,1,0,0,0
2021-03-23,16471.25,16368.25,-103.00,208.58,-0.011885,49.38,1,0,0,0
2021-03-24,16428.75,16219.00,-209.75,208.58,-0.015085,52.38,1,1,0,0
2021-03-25,16074.50,16132.50,58.00,209.68,-0.009432,52.38,1,0,0,0
2021-03-26,16122.00,16204.00,82.00,208.58,-0.009723,53.50,1,0,0,0
2021-03-29,16299.00,16313.50,14.50,204.62,-0.010333,54.38,1,0,0,0
2021-03-30,16231.25,16254.25,23.00,204.62,-0.011068,54.38,1,0,0,0
2021-03-31,16326.00,16484.50,158.50,204.62,-0.015157,54.38,1,0,0,0
2021-04-01,16610.75,16644.50,33.75,204.62,-0.020301,54.38,1,0,0,0
2021-04-05,16777.50,16936.25,158.75,203.40,-0.019944,54.38,1,0,0,0
2021-04-06,16925.75,16957.00,31.25,203.40,-0.018901,53.50,1,0,0,0
2021-04-07,16910.50,16945.50,35.00,203.40,-0.019291,54.38,1,0,0,0
2021-04-08,17084.75,17086.50,1.75,203.40,-0.019533,53.50,1,0,0,0
2021-04-09,17046.75,17155.75,109.00,203.40,-0.019400,52.38,1,0,0,0
2021-04-12,17142.25,17148.00,5.75,203.40,-0.018003,52.38,1,0,0,0
2021-04-13,17235.00,17349.50,114.50,203.40,-0.018593,52.38,1,0,0,0
2021-04-14,17340.50,17187.75,-152.75,203.40,-0.022134,49.38,1,0,0,0
2021-04-15,17286.75,17344.00,57.25,203.40,-0.020417,52.38,1,0,0,0
2021-04-16,17396.50,17386.75,-9.75,203.40,-0.019219,52.38,1,0,0,0
2021-04-19,17323.00,17220.75,-102.25,203.40,-0.020248,52.38,1,0,0,0
2021-04-20,17231.50,17143.50,-88.00,203.40,-0.019481,53.50,1,0,0,0
2021-04-21,17104.75,17230.25,125.50,203.40,-0.020869,53.50,1,0,0,0
2021-04-22,17258.50,17093.75,-164.75,203.40,-0.018810,53.50,1,0,0,0
2021-04-23,17134.00,17322.25,188.25,203.40,-0.019843,53.50,1,0,0,0
2021-04-26,17291.00,17352.75,61.75,203.40,-0.025406,53.50,1,0,0,0
2021-04-27,17382.25,17319.75,-62.50,203.40,-0.024302,52.38,1,0,0,0
2021-04-28,17297.50,17289.25,-8.25,203.40,-0.023945,50.38,1,0,0,0
2021-04-29,17400.25,17305.00,-95.25,203.40,-0.023694,50.38,1,0,0,0
2021-04-30,17210.25,17228.25,18.00,203.40,-0.024013,50.38,1,0,0,0
2021-05-03,17273.00,17156.25,-116.75,203.40,-0.021784,49.50,1,0,0,0
2021-05-04,17040.50,16828.75,-211.75,203.40,-0.021364,49.50,1,1,0,0
2021-05-05,16986.50,16836.25,-150.25,204.62,-0.036511,50.38,1,0,0,0
2021-05-06,16842.00,16882.50,40.50,204.62,-0.028005,50.38,1,0,0,0
2021-05-07,17072.25,17087.75,15.50,204.62,-0.015247,52.38,1,0,0,0
2021-05-10,17008.00,16751.50,-256.50,204.62,-0.013696,50.38,1,1,0,0
2021-05-11,16471.50,16714.50,243.00,208.58,-0.006272,51.50,1,1,0,0
2021-05-12,16490.25,16360.25,-130.00,209.68,-0.008597,51.50,1,0,0,0
2021-05-13,16479.00,16494.75,15.75,209.68,-0.008081,53.50,1,0,0,0
2021-05-14,16589.25,16761.00,171.75,209.68,-0.008698,53.88,1,0,0,0
2021-05-17,16671.25,16611.00,-60.25,209.68,-0.026076,53.88,1,0,0,0
2021-05-18,16703.25,16650.75,-52.50,209.68,-0.028251,54.38,1,0,0,0
2021-05-19,16342.00,16569.00,227.00,209.68,-0.028451,54.38,1,1,0,0
2021-05-20,16649.75,16880.00,230.25,211.55,-0.024135,54.38,1,1,0,0
2021-05-21,16910.00,16805.25,-104.75,214.45,-0.027686,54.38,1,0,0,0
2021-05-24,16866.75,17028.00,161.25,214.45,-0.026852,53.88,1,0,0,0
2021-05-25,17058.75,17009.00,-49.75,214.45,-0.028612,53.50,1,0,0,0
2021-05-26,17043.75,17059.75,16.00,214.45,-0.027553,53.50,1,0,0,0
2021-05-27,17043.25,17015.00,-28.25,214.45,-0.027953,52.88,1,0,0,0
2021-05-28,17061.25,17081.25,20.00,214.45,-0.028724,50.88,1,0,0,0
2021-06-01,17110.00,17027.50,-82.50,214.45,-0.029193,49.50,1,0,0,0
2021-06-02,17025.00,16998.25,-26.75,214.45,-0.028561,49.38,1,0,0,0
2021-06-03,16913.25,16905.25,-8.00,214.45,-0.028862,48.75,1,0,0,0
2021-06-04,16967.75,17125.00,157.25,214.45,-0.028494,47.62,1,0,0,0
2021-06-07,17096.50,17158.75,62.25,214.45,-0.028160,46.75,1,0,0,0
2021-06-08,17236.50,17177.25,-59.25,214.45,-0.028512,46.75,1,0,0,0
2021-06-09,17229.00,17179.25,-49.75,214.45,-0.027677,46.75,1,0,0,0
2021-06-10,17192.75,17310.00,117.25,214.45,-0.027937,46.25,1,0,0,0
2021-06-11,17324.25,17334.00,9.75,214.45,-0.027264,46.00,1,0,0,0
2021-06-14,17380.25,17439.50,59.25,214.45,-0.027158,45.88,1,0,0,0
2021-06-15,17483.25,17387.75,-95.50,214.45,-0.018644,45.88,1,0,0,0
2021-06-16,17423.25,17367.00,-56.25,214.45,-0.019313,45.88,1,0,0,0
2021-06-17,17307.50,17558.00,250.50,211.55,-0.019095,46.00,1,1,0,0
2021-06-18,17453.50,17450.00,-3.50,211.55,-0.019446,46.00,1,0,0,0
2021-06-21,17424.25,17483.25,59.00,209.68,-0.019471,46.00,1,0,0,0
2021-06-22,17492.75,17647.25,154.50,209.68,-0.018427,45.88,1,0,0,0
2021-06-23,17631.00,17664.75,33.75,209.68,-0.018760,45.38,1,0,0,0
2021-06-24,17722.50,17717.75,-4.75,209.68,-0.014676,45.12,1,0,0,0
2021-06-25,17752.75,17714.50,-38.25,209.68,-0.015587,44.38,1,0,0,0
2021-06-28,17766.50,17883.25,116.75,209.68,-0.015141,43.12,1,0,0,0
2021-06-29,17878.50,17928.75,50.25,209.68,-0.015241,43.12,1,0,0,0
2021-06-30,17931.75,17927.25,-4.50,209.68,-0.014961,43.12,1,0,0,0
2021-07-01,17900.50,17908.25,7.75,209.68,-0.015163,41.75,1,0,0,0
2021-07-02,18002.25,18078.50,76.25,209.68,-0.014882,40.75,1,0,0,0
2021-07-06,18113.00,18147.25,34.25,209.68,-0.014304,40.75,1,0,0,0
2021-07-07,18244.00,18173.50,-70.50,209.68,-0.007552,39.88,1,0,0,0
2021-07-08,17967.00,18066.00,99.00,209.68,-0.009586,39.50,1,0,0,0
2021-07-09,18066.50,18187.75,121.25,209.68,-0.007359,39.88,1,0,0,0
2021-07-12,18243.25,18235.00,-8.25,209.68,-0.005466,39.50,1,0,0,0
2021-07-13,18226.00,18248.50,22.50,209.68,-0.006121,37.88,1,0,0,0
2021-07-14,18342.00,18278.50,-63.50,209.68,-0.004830,39.50,1,0,0,0
2021-07-15,18265.75,18142.25,-123.50,209.68,-0.004469,39.50,1,0,0,0
2021-07-16,18202.25,18056.75,-145.50,209.68,-0.006477,39.50,1,0,0,0
2021-07-19,17901.25,17836.25,-65.00,208.45,-0.006303,38.12,1,0,0,0
2021-07-20,17964.00,18147.75,183.75,208.45,-0.010303,38.12,1,0,0,0
2021-07-21,18074.75,18166.25,91.50,208.45,-0.014751,38.12,1,0,0,0
2021-07-22,18212.50,18301.00,88.50,208.45,-0.011530,39.50,1,0,0,0
2021-07-23,18358.25,18467.50,109.25,208.45,-0.011241,39.50,1,0,0,0
2021-07-26,18447.75,18495.25,47.50,203.40,-0.010381,38.12,1,0,0,0
2021-07-27,18478.00,18284.00,-194.00,203.40,-0.006296,38.12,1,0,0,0
2021-07-28,18371.00,18402.50,31.50,203.40,-0.010297,38.12,1,0,0,0
2021-07-29,18356.00,18406.25,50.25,202.20,-0.002653,38.12,1,0,0,0
2021-07-30,18241.25,18321.50,80.25,202.20,0.001374,35.75,1,0,1,0
2021-08-02,18400.00,18330.50,-69.50,202.20,-0.003406,34.38,1,0,0,0
2021-08-03,18358.75,18410.75,52.00,202.20,-0.001720,34.12,1,0,0,0
2021-08-04,18417.00,18446.50,29.50,202.20,0.000554,33.88,1,0,1,0
2021-08-05,18474.00,18515.25,41.25,202.20,-0.001176,33.50,1,0,0,0
2021-08-06,18481.75,18465.25,-16.50,202.20,-0.001862,33.25,1,0,0,0
2021-08-09,18488.00,18500.75,12.75,202.20,-0.001513,33.00,1,0,0,0
2021-08-10,18517.00,18422.75,-94.25,202.20,-0.000889,32.75,1,0,0,0
2021-08-11,18471.25,18393.00,-78.25,202.20,-0.000602,32.00,1,0,0,0
2021-08-12,18372.25,18455.00,82.75,202.20,-0.001258,31.12,1,0,0,0
2021-08-13,18461.50,18483.75,22.25,202.20,-0.001154,30.88,1,0,0,0
2021-08-16,18452.25,18490.25,38.00,202.20,-0.002454,30.62,1,0,0,0
2021-08-17,18390.75,18347.75,-43.00,202.20,-0.002303,30.62,1,0,0,0
2021-08-18,18351.50,18320.75,-30.75,202.20,-0.003360,30.62,1,0,0,0
2021-08-19,18147.50,18344.25,196.75,202.20,-0.000887,30.62,1,0,0,0
2021-08-20,18346.25,18455.25,109.00,202.20,-0.005798,30.88,1,0,0,0
2021-08-23,18500.00,18693.25,193.25,202.20,-0.007483,30.88,1,0,0,0
2021-08-24,18705.75,18742.25,36.50,202.20,-0.000947,30.62,1,0,0,0
2021-08-25,18738.25,18738.50,0.25,202.20,-0.003618,29.38,1,0,0,0
2021-08-26,18708.00,18660.25,-47.75,202.20,-0.002926,29.38,1,0,0,0
2021-08-27,18673.75,18810.25,136.50,202.20,-0.002650,28.75,1,0,0,0
2021-08-30,18828.50,18983.00,154.50,202.20,-0.003795,28.00,1,0,0,0
2021-08-31,18980.00,18944.00,-36.00,202.20,-0.011227,27.50,1,0,0,0
2021-09-01,19002.75,19014.00,11.25,202.20,-0.019361,27.50,1,0,0,0
2021-09-02,19041.25,18958.75,-82.50,202.20,-0.018305,28.75,1,0,0,0
2021-09-03,18927.75,19027.25,99.50,202.20,-0.019707,28.75,1,0,0,0
2021-09-07,19027.50,19052.50,25.00,202.20,-0.029732,28.12,1,0,0,0
2021-09-08,19038.75,18977.50,-61.25,202.20,-0.020109,27.38,1,0,0,0
2021-09-09,19003.25,18961.50,-41.75,202.20,-0.025612,27.38,1,0,0,0
2021-09-10,19011.25,18856.75,-154.50,199.28,-0.021330,27.38,1,0,0,0
2021-09-13,18921.25,18800.00,-121.25,199.28,-0.016669,27.38,1,0,0,0
2021-09-14,18875.25,18732.25,-143.00,199.28,-0.020087,27.38,1,0,0,0
2021-09-15,18787.25,18881.25,94.00,199.28,-0.023737,27.38,1,0,0,0
2021-09-16,18823.50,18879.75,56.25,197.20,-0.021423,26.75,1,0,0,0
2021-09-17,18866.25,18681.50,-184.75,197.20,-0.028151,26.62,1,0,0,0
2021-09-20,18457.75,18257.25,-200.50,197.20,-0.030785,26.62,1,1,0,0
2021-09-21,18464.00,18466.00,2.00,199.28,-0.047416,27.38,1,0,0,0
2021-09-22,18443.75,18575.25,131.50,199.28,-0.047933,27.38,1,0,0,0
2021-09-23,18593.00,18700.50,107.50,199.28,-0.063733,28.12,1,0,0,0
2021-09-24,18588.25,18689.00,100.75,199.28,-0.064744,28.75,1,0,0,0
2021-09-27,18567.00,18595.50,28.50,199.28,-0.069808,28.12,1,0,0,0
2021-09-28,18383.25,18184.50,-198.75,199.28,-0.069988,28.75,1,0,0,0
2021-09-29,18199.75,18194.25,-5.50,198.60,-0.062645,29.88,1,0,0,0
2021-09-30,18192.00,18157.25,-34.75,198.60,-0.058761,30.75,1,0,0,0
2021-10-01,18091.75,18162.50,70.75,197.20,-0.056029,31.25,1,0,0,0
2021-10-04,18086.50,17790.00,-296.50,197.20,-0.058185,31.25,1,1,0,0
2021-10-05,17889.00,18088.00,199.00,198.60,-0.066751,31.75,1,1,0,0
2021-10-06,17903.75,18100.25,196.50,198.97,-0.072091,32.38,1,0,0,0
2021-10-07,18264.00,18316.75,52.75,198.97,-0.065748,32.38,1,0,0,0
2021-10-08,18314.75,18231.00,-83.75,198.97,-0.069841,32.38,1,0,0,0
2021-10-11,18130.50,18137.75,7.25,198.97,-0.067206,32.38,1,0,0,0
2021-10-12,18141.75,18050.00,-91.75,198.97,-0.066723,32.38,1,0,0,0
2021-10-13,18128.75,18118.25,-10.50,198.97,-0.068486,32.38,1,0,0,0
2021-10-14,18301.75,18413.75,112.00,198.97,-0.070049,32.38,1,0,0,0
2021-10-15,18471.00,18500.75,29.75,198.97,-0.069022,32.38,1,0,0,0
2021-10-18,18459.00,18662.00,203.00,198.60,-0.066001,32.75,1,1,0,0
2021-10-19,18712.25,18776.00,63.75,198.97,-0.062557,32.75,1,0,0,0
2021-10-20,18801.00,18750.00,-51.00,198.97,-0.066411,32.75,1,0,0,0
2021-10-21,18728.75,18851.50,122.75,198.97,-0.065984,32.38,1,0,0,0
2021-10-22,18804.50,18717.50,-87.00,198.97,-0.061613,31.75,1,0,0,0
2021-10-25,18787.25,18897.00,109.75,198.97,-0.062745,31.75,1,0,0,0
2021-10-26,18980.00,18937.25,-42.75,198.97,-0.063827,32.38,1,0,0,0
2021-10-27,18952.75,19023.25,70.50,198.97,-0.063807,32.75,1,0,0,0
2021-10-28,19051.00,19120.75,69.75,198.97,-0.065505,33.75,1,0,0,0
2021-10-29,19013.25,19167.50,154.25,198.97,-0.064429,35.62,1,0,0,0
2021-11-01,19240.00,19233.50,-6.50,198.97,-0.059716,37.00,1,0,0,0
2021-11-02,19247.75,19336.50,88.75,198.97,-0.050786,37.62,1,0,0,0
2021-11-03,19362.25,19481.50,119.25,198.60,-0.048785,37.62,1,0,0,0
2021-11-04,19561.75,19712.25,150.50,197.20,-0.047152,38.50,1,0,0,0
2021-11-05,19792.50,19726.50,-66.00,197.20,-0.045974,39.38,1,0,0,0
2021-11-08,19732.00,19735.25,3.25,197.20,-0.056056,39.75,1,0,0,0
2021-11-09,19757.50,19577.50,-180.00,197.20,-0.056116,40.62,1,0,0,0
2021-11-10,19483.75,19361.25,-122.50,197.20,-0.059080,40.62,1,0,0,0
2021-11-11,19484.25,19411.25,-73.00,197.20,-0.058496,40.62,1,0,0,0
2021-11-12,19451.75,19579.50,127.75,196.72,-0.056693,39.75,1,0,0,0
2021-11-15,19623.00,19575.00,-48.00,196.72,-0.053663,39.38,1,0,0,0
2021-11-16,19539.00,19685.25,146.25,196.72,-0.057785,39.38,1,0,0,0
2021-11-17,19697.25,19696.75,-0.50,196.72,-0.062149,39.38,1,0,0,0
2021-11-18,19780.00,19857.50,77.50,196.72,-0.058292,39.38,1,0,0,0
2021-11-19,19931.75,19959.25,27.50,196.72,-0.061970,39.38,1,0,0,0
2021-11-22,20020.50,19931.00,-89.50,196.72,-0.059490,39.38,1,0,0,0
2021-11-23,19712.75,19626.75,-86.00,196.72,-0.044767,39.75,1,0,0,0
2021-11-24,19580.75,19736.25,155.50,196.72,-0.049643,40.62,1,0,0,0
2021-11-29,19621.25,19795.00,173.75,196.72,-0.047895,40.62,1,0,0,0
2021-11-30,19737.50,19502.50,-235.00,196.72,-0.049287,41.50,1,1,0,0
2021-12-01,19720.50,19361.00,-359.50,197.20,-0.054038,43.62,1,1,0,0
2021-12-02,19206.25,19373.00,166.75,198.60,-0.022146,46.25,1,0,0,0
2021-12-03,19428.50,18988.25,-440.25,198.60,-0.021698,47.88,1,1,0,0
2021-12-06,19116.25,19237.75,121.50,198.97,-0.049884,49.00,1,0,0,0
2021-12-07,19501.25,19647.25,146.00,198.97,-0.050338,49.25,1,0,0,0
2021-12-08,19712.25,19749.75,37.50,198.97,-0.045845,49.25,1,0,0,0
2021-12-09,19718.00,19549.25,-168.75,198.97,-0.045745,50.00,1,0,0,0
2021-12-10,19646.25,19652.25,6.00,198.97,-0.044183,50.75,1,0,0,0
2021-12-13,19705.00,19529.50,-175.50,198.97,-0.044335,51.25,1,0,0,0
2021-12-14,19260.75,19315.25,54.50,198.60,-0.038697,51.38,1,0,0,0
2021-12-15,19286.00,19584.50,298.50,198.60,-0.038039,53.50,1,1,0,0
2021-12-16,19700.25,19261.25,-439.00,198.97,-0.024882,53.50,1,1,0,0
2021-12-17,19090.75,19215.00,124.25,199.45,-0.015514,53.50,1,0,0,0
2021-12-20,18955.00,18994.25,39.25,199.45,-0.018843,53.50,1,0,0,0
2021-12-21,19139.75,19318.75,179.00,199.45,-0.019096,55.75,1,0,0,0
2021-12-22,19340.25,19498.50,158.25,199.45,-0.015162,56.12,1,0,0,0
2021-12-23,19561.50,19692.50,131.00,199.45,-0.011046,58.12,1,0,0,0
2021-12-27,19725.00,19915.75,190.75,199.45,-0.012059,58.12,1,0,0,0
2021-12-28,19978.25,19876.00,-102.25,199.45,-0.009877,56.12,1,0,0,0
2021-12-29,19874.25,19864.25,-10.00,199.45,-0.009889,55.75,1,0,0,0
2021-12-30,19853.50,19873.50,20.00,199.45,-0.010107,55.00,1,0,0,0
2021-12-31,19785.75,19759.25,-26.50,199.45,-0.010452,55.00,1,0,0,0
2022-01-03,19760.75,19859.50,98.75,199.45,-0.009426,55.00,1,0,0,0
2022-01-04,19887.75,19663.50,-224.25,199.45,-0.009348,53.00,1,1,0,0
2022-01-05,19578.25,19212.00,-366.25,199.45,-0.007952,53.00,1,1,0,0
2022-01-06,19069.00,19181.25,112.25,200.40,0.003870,53.00,1,0,1,0
2022-01-07,19135.50,18991.50,-144.00,200.40,0.000654,53.00,1,0,1,0
2022-01-10,18755.50,18852.25,96.75,199.45,0.002430,53.00,1,0,1,0
2022-01-11,18943.00,19197.00,254.00,199.45,0.007821,55.25,1,1,1,1
2022-01-12,19317.00,19251.50,-65.50,200.40,0.009266,55.75,1,0,1,0
2022-01-13,19328.00,18960.50,-367.50,200.40,0.008295,55.75,1,1,1,1
2022-01-14,18766.75,18940.75,174.00,202.30,0.021546,56.12,1,0,1,0
2022-01-18,18725.25,18623.75,-101.50,202.30,0.023202,56.12,1,0,1,0
2022-01-19,18645.00,18512.50,-132.50,202.30,0.027112,57.12,1,0,1,0
2022-01-20,18546.75,18348.50,-198.25,202.30,0.036235,59.00,1,0,1,0
2022-01-21,18124.00,17842.50,-281.50,202.30,0.044761,60.12,1,1,1,1
2022-01-24,17568.75,17640.00,71.25,202.95,0.048047,61.75,1,0,1,0
2022-01-25,17598.25,17596.25,-2.00,202.95,0.054750,63.50,1,0,1,0
2022-01-26,17853.75,17543.00,-310.75,202.95,0.054855,63.50,1,1,1,1
2022-01-27,17711.25,17376.25,-335.00,208.40,0.058449,64.25,1,1,1,1
2022-01-28,17445.75,17631.75,186.00,208.40,0.057180,64.25,1,0,1,0
2022-01-31,17865.75,18147.00,281.25,208.40,0.069024,66.25,1,1,1,1
2022-02-01,18321.50,18322.75,1.25,209.68,0.079860,71.12,1,0,1,0
2022-02-02,18545.50,18485.75,-59.75,209.68,0.079967,74.75,1,0,1,0
2022-02-03,18082.50,17974.75,-107.75,209.68,0.079604,74.75,1,0,1,0
2022-02-04,17896.25,18154.75,258.50,209.68,0.082760,75.62,1,1,1,1
2022-02-07,18085.25,18018.25,-67.00,211.55,0.072125,76.25,1,0,1,0
2022-02-08,17893.50,18077.25,183.75,211.55,0.073645,76.75,1,0,1,0
2022-02-09,18297.00,18383.75,86.75,211.55,0.075191,78.88,1,0,1,0
2022-02-10,18120.75,18100.25,-20.50,211.55,0.076409,78.88,1,0,1,0
2022-02-11,18078.25,17638.00,-440.25,211.55,0.076827,80.62,1,1,1,1
2022-02-14,17586.50,17621.50,35.00,223.00,0.074663,81.62,1,0,1,0
2022-02-15,17850.00,17960.25,110.25,223.00,0.074680,81.62,1,0,1,0
2022-02-16,17892.00,18013.50,121.50,223.00,0.075187,83.38,1,0,1,0
2022-02-17,17840.75,17575.50,-265.25,223.00,0.073988,83.38,1,1,1,1
2022-02-18,17582.50,17392.25,-190.25,226.73,0.073841,83.38,1,0,1,0
2022-02-22,17258.75,17340.00,81.25,226.73,0.076762,83.38,1,0,1,0
2022-02-23,17373.00,16957.75,-415.25,226.73,0.074244,86.88,1,1,1,1
2022-02-24,16451.75,17190.50,738.75,226.73,0.080218,90.25,1,1,1,1
2022-02-25,17373.25,17512.50,139.25,229.93,0.099100,91.75,1,0,1,0
2022-02-28,17420.75,17485.00,64.25,226.73,0.100426,91.75,1,0,1,0
2022-03-01,17553.25,17358.25,-195.00,226.73,0.102470,91.75,1,0,1,0
2022-03-02,17445.25,17641.00,195.75,226.73,0.101174,91.75,1,0,1,0
2022-03-03,17729.50,17421.00,-308.50,226.73,0.100046,90.25,1,1,1,1
2022-03-04,17312.50,17167.25,-145.25,226.73,0.098348,90.25,1,0,1,0
2022-03-07,17209.25,16792.50,-416.75,226.73,0.096451,91.75,1,1,1,1
2022-03-08,16665.00,16727.75,62.75,229.93,0.101918,93.12,1,0,1,0
2022-03-09,16981.50,17148.50,167.00,226.73,0.100439,94.00,1,0,1,0
2022-03-10,16942.50,16961.75,19.25,223.00,0.098628,94.12,1,0,1,0
2022-03-11,17086.25,16747.50,-338.75,223.00,0.099012,93.88,1,1,1,1
2022-03-14,16626.00,16453.00,-173.00,226.73,0.101450,94.12,1,0,1,0
2022-03-15,16535.25,16816.25,281.00,226.73,0.101011,93.88,1,1,1,1
2022-03-16,16998.75,17227.25,228.50,229.93,0.101196,93.12,1,0,1,0
2022-03-17,17252.25,17432.75,180.50,230.08,0.107261,93.88,1,0,1,0
2022-03-18,17426.00,17771.00,345.00,230.08,0.109510,93.88,1,1,1,1
2022-03-21,17751.50,17698.25,-53.25,234.53,0.108036,93.88,1,0,1,0
2022-03-22,17770.25,18021.00,250.75,234.53,0.109213,94.12,1,1,1,1
2022-03-23,17911.50,17881.00,-30.50,242.20,0.115517,94.12,1,0,1,0
2022-03-24,17903.25,18105.50,202.25,242.20,0.115875,94.12,1,0,1,0
2022-03-25,18143.00,18026.00,-117.00,242.20,0.117950,94.12,1,0,1,0
2022-03-28,18133.50,18326.75,193.25,242.20,0.115468,94.50,1,0,1,0
2022-03-29,18528.00,18637.00,109.00,242.20,0.116312,94.50,1,0,1,0
2022-03-30,18545.75,18416.00,-129.75,242.20,0.115791,94.50,1,0,1,0
2022-03-31,18460.25,18368.75,-91.50,242.20,0.113638,94.50,1,0,1,0
2022-04-01,18279.00,18158.00,-121.00,242.20,0.115721,96.38,1,0,1,0
2022-04-04,18275.75,18521.75,246.00,242.20,0.112483,96.38,1,1,1,1
2022-04-05,18485.25,18202.75,-282.50,245.70,0.112606,94.50,1,1,1,1
2022-04-06,17982.00,17870.75,-111.25,250.05,0.115998,94.50,1,0,1,0
2022-04-07,17847.00,17955.75,108.75,250.05,0.118596,94.50,1,0,1,0
2022-04-08,17848.00,17765.50,-82.50,250.05,0.116999,96.38,1,0,1,0
2022-04-11,17538.00,17424.50,-113.50,250.05,0.118463,96.38,1,0,1,0
2022-04-12,17579.50,17281.50,-298.00,250.05,0.118697,94.50,1,1,1,1
2022-04-13,17334.00,17624.50,290.50,250.72,0.114184,94.50,1,1,1,1
2022-04-14,17604.00,17312.50,-291.50,253.68,0.110433,94.50,1,1,1,1
2022-04-18,17230.00,17272.00,42.00,256.25,0.110942,94.12,1,0,1,0
2022-04-19,17255.00,17597.75,342.75,256.25,0.111359,93.88,1,1,1,1
2022-04-20,17631.00,17410.25,-220.75,258.30,0.108212,93.75,1,0,1,0
2022-04-21,17552.75,17143.00,-409.75,258.30,0.109096,92.38,1,1,1,1
2022-04-22,17105.50,16815.25,-290.25,264.58,0.108963,90.12,1,1,1,1
2022-04-25,16668.75,16856.00,187.25,279.43,0.111581,90.12,1,0,1,0
2022-04-26,16824.00,16456.25,-367.75,279.43,0.113149,89.12,1,1,1,1
2022-04-27,16401.75,16409.00,7.25,281.23,0.114973,89.12,1,0,1,0
2022-04-28,16592.00,16883.75,291.75,281.23,0.115541,88.62,1,1,1,1
2022-04-29,16667.75,16316.50,-351.25,281.48,0.111316,88.62,1,1,1,1
2022-05-02,16220.50,16348.75,128.25,282.40,0.114828,89.12,1,0,1,0
2022-05-03,16452.75,16469.75,17.00,282.40,0.116870,89.12,1,0,1,0
2022-05-04,16487.00,16844.75,357.75,282.40,0.115897,89.12,1,1,1,1
2022-05-05,16722.50,16102.00,-620.50,289.48,0.117506,89.12,1,1,1,1
2022-05-06,16139.00,15991.50,-147.50,290.48,0.096692,90.12,1,0,1,0
2022-05-09,15829.75,15616.00,-213.75,290.48,0.094319,91.50,1,0,1,0
2022-05-10,15877.50,15775.75,-101.75,290.48,0.095337,91.50,1,0,1,0
2022-05-11,15627.25,15397.25,-230.00,290.48,0.095988,90.12,1,0,1,0
2022-05-12,15170.75,15199.75,29.00,290.48,0.096851,91.50,1,0,1,0
2022-05-13,15512.50,15802.50,290.00,290.48,0.098867,92.88,1,0,1,0
2022-05-16,15691.25,15660.75,-30.50,290.48,0.095504,93.75,1,0,1,0
2022-05-17,15870.75,15943.25,72.50,290.48,0.095546,93.75,1,0,1,0
2022-05-18,15748.75,15295.25,-453.50,290.48,0.095959,92.88,1,1,1,1
2022-05-19,15245.00,15272.25,27.25,291.40,0.091381,91.75,1,0,1,0
2022-05-20,15405.75,15055.75,-350.00,291.40,0.091605,90.38,1,1,1,1
2022-05-23,15265.25,15366.75,101.50,291.73,0.082151,90.38,1,0,1,0
2022-05-24,15196.75,15115.00,-81.75,291.73,0.082931,90.38,1,0,1,0
2022-05-25,15097.25,15371.25,274.00,291.73,0.082602,90.38,1,0,1,0
2022-05-26,15293.25,15635.50,342.25,291.73,0.077824,90.38,1,1,1,1
2022-05-27,15787.50,16033.25,245.75,296.03,0.077731,90.38,1,0,1,0
2022-05-31,16057.75,16089.50,31.75,296.03,0.078146,90.38,1,0,1,0
2022-06-01,16113.00,16002.00,-111.00,296.03,0.078757,90.38,1,0,1,0
2022-06-02,15882.50,16200.50,318.00,296.03,0.081009,90.38,1,1,1,1
2022-06-03,16052.25,15931.50,-120.75,297.85,0.079084,88.75,1,0,1,0
2022-06-06,16121.50,15944.50,-177.00,297.85,0.079438,87.62,1,0,1,0
2022-06-07,15837.75,16071.00,233.25,297.85,0.087585,87.62,1,0,1,0
2022-06-08,16053.25,16015.75,-37.50,297.85,0.087955,86.62,1,0,1,0
2022-06-09,15919.25,15741.00,-178.25,297.85,0.087042,86.62,1,0,1,0
2022-06-10,15415.00,15320.00,-95.00,297.85,0.089011,87.62,1,0,1,0
2022-06-13,14842.00,14677.75,-164.25,297.85,0.090076,87.62,1,0,1,0
2022-06-14,14761.75,14651.25,-110.50,297.85,0.089714,87.62,1,0,1,0
2022-06-15,14833.25,15079.00,245.75,297.85,0.087756,88.75,1,0,1,0
2022-06-16,14675.75,14509.75,-166.00,297.85,0.082965,88.75,1,0,1,0
2022-06-17,14536.75,14695.50,158.75,297.85,0.080210,88.75,1,0,1,0
2022-06-21,14827.00,14957.50,130.50,297.85,0.079144,87.62,1,0,1,0
2022-06-22,14816.50,14947.00,130.50,297.85,0.079646,87.62,1,0,1,0
2022-06-23,15008.00,15039.50,31.50,297.85,0.078344,86.62,1,0,1,0
2022-06-24,15195.25,15400.75,205.50,297.85,0.078094,86.62,1,0,1,0
2022-06-27,15534.75,15392.50,-142.25,297.85,0.079793,87.62,1,0,1,0
2022-06-28,15409.50,15054.75,-354.75,297.85,0.080397,87.62,1,1,1,1
2022-06-29,15015.00,15065.25,50.25,298.45,0.080664,86.62,1,0,1,0
2022-06-30,14901.75,14899.75,-2.00,298.45,0.080312,86.25,1,0,1,0
2022-07-01,14826.50,14922.25,95.75,298.45,0.080248,86.62,1,0,1,0
2022-07-05,14799.25,15137.50,338.25,298.45,0.081199,86.62,1,1,1,1
2022-07-06,15171.50,15302.00,130.50,307.50,0.080691,86.25,1,0,1,0
2022-07-07,15265.50,15488.25,222.75,307.50,0.078805,86.25,1,0,1,0
2022-07-08,15364.00,15503.00,139.00,307.50,0.078009,86.12,1,0,1,0
2022-07-11,15396.75,15244.25,-152.50,307.50,0.075329,86.12,1,0,1,0
2022-07-12,15289.50,15097.00,-192.50,307.50,0.076340,84.50,1,0,1,0
2022-07-13,14891.00,15138.00,247.00,307.50,0.074820,84.50,1,0,1,0
2022-07-14,14989.50,15171.50,182.00,307.50,0.070592,84.50,1,0,1,0
2022-07-15,15269.25,15323.00,53.75,307.50,0.069672,83.00,1,0,1,0
2022-07-18,15470.75,15265.25,-205.50,307.50,0.070179,83.00,1,0,1,0
2022-07-19,15406.75,15607.00,200.25,307.50,0.066827,82.75,1,0,1,0
2022-07-20,15635.00,15843.25,208.25,307.50,0.066128,82.00,1,0,1,0
2022-07-21,15829.75,15956.50,126.75,307.50,0.064201,81.38,1,0,1,0
2022-07-22,15953.25,15773.00,-180.25,307.50,0.062955,81.12,1,0,1,0
2022-07-25,15771.00,15624.75,-146.25,307.50,0.059105,80.88,1,0,1,0
2022-07-26,15624.75,15445.00,-179.75,307.50,0.055708,81.12,1,0,1,0
2022-07-27,15648.75,16032.25,383.50,307.50,0.052400,80.88,1,1,1,1
2022-07-28,15953.00,16094.50,141.50,310.53,0.046937,79.88,1,0,1,0
2022-07-29,16149.75,16337.00,187.25,310.53,0.046319,78.25,1,0,1,0
2022-08-01,16244.00,16293.50,49.50,310.53,0.045590,77.25,1,0,1,0
2022-08-02,16210.50,16306.50,96.00,310.53,0.040797,75.75,1,0,1,0
2022-08-03,16339.75,16618.75,279.00,310.53,0.035065,73.50,1,0,1,0
2022-08-04,16621.25,16678.75,57.50,310.53,0.034708,72.00,1,0,1,0
2022-08-05,16464.50,16533.50,69.00,310.53,0.034789,70.88,1,0,1,0
2022-08-08,16611.00,16506.50,-104.50,310.53,0.033554,70.00,1,0,1,0
2022-08-09,16447.75,16393.75,-54.00,310.53,0.037304,68.75,1,0,1,0
2022-08-10,16686.75,16724.75,38.00,310.53,0.036609,66.88,1,0,1,0
2022-08-11,16836.00,16665.75,-170.25,310.53,0.035912,65.38,1,0,1,0
2022-08-12,16748.75,16908.25,159.50,310.53,0.035358,64.38,1,0,1,0
2022-08-15,16881.75,17047.25,165.50,310.53,0.035572,63.62,1,0,1,0
2022-08-16,16987.50,16990.50,3.00,310.53,0.034613,63.12,1,0,1,0
2022-08-17,16863.75,16866.75,3.00,310.53,0.034558,61.75,1,0,1,0
2022-08-18,16837.50,16909.75,72.25,310.53,0.034214,59.25,1,0,1,0
2022-08-19,16745.75,16617.75,-128.00,310.53,0.034565,59.25,1,0,1,0
2022-08-22,16426.00,16252.00,-174.00,310.53,0.033668,57.12,1,0,1,0
2022-08-23,16245.00,16273.75,28.75,310.53,0.033108,56.25,1,0,1,0
2022-08-24,16223.00,16299.50,76.50,310.53,0.034219,55.88,1,0,1,0
2022-08-25,16354.25,16433.75,79.50,310.53,0.029726,55.38,1,0,1,0
2022-08-26,16492.75,16029.75,-463.00,310.53,0.012796,55.38,1,1,1,1
2022-08-29,15849.00,15899.25,50.25,317.28,0.016613,55.38,1,0,1,0
2022-08-30,15909.50,15698.25,-211.25,317.28,0.014647,55.38,1,0,1,0
2022-08-31,15823.25,15682.00,-141.25,317.28,0.015423,55.88,1,0,1,0
2022-09-01,15519.25,15541.25,22.00,317.28,0.017687,55.88,1,0,1,0
2022-09-02,15751.50,15456.75,-294.75,317.28,0.018039,55.88,1,0,1,0
2022-09-06,15474.00,15379.75,-94.25,317.28,0.019049,55.88,1,0,1,0
2022-09-07,15385.75,15649.25,263.50,317.28,0.012628,55.38,1,0,1,0
2022-09-08,15519.75,15623.75,104.00,317.28,0.011584,55.25,1,0,1,0
2022-09-09,15764.00,15942.75,178.75,317.28,0.013450,55.25,1,0,1,0
2022-09-12,15999.75,16069.00,69.25,317.28,0.013201,55.00,1,0,1,0
2022-09-13,15726.75,15424.75,-302.00,317.28,0.009233,53.00,1,0,1,0
2022-09-14,15441.75,15396.00,-45.75,317.28,0.010194,53.00,1,0,1,0
2022-09-15,15402.75,15218.00,-184.75,317.28,0.008549,53.00,1,0,1,0
2022-09-16,15137.00,15168.25,31.25,317.28,0.002041,53.00,1,0,1,0
2022-09-19,15090.75,15281.25,190.50,317.28,-0.000043,53.00,1,0,0,0
2022-09-20,15188.00,15200.00,12.00,317.28,-0.000590,51.12,1,0,0,0
2022-09-21,15234.00,15123.50,-110.50,317.28,-0.000066,51.12,1,0,0,0
2022-09-22,14913.00,14896.50,-16.50,317.28,0.002355,51.12,1,0,1,0
2022-09-23,14732.25,14590.50,-141.75,317.28,0.002217,51.12,1,0,1,0
2022-09-26,14624.00,14649.75,25.75,317.28,-0.000974,51.12,1,0,0,0
2022-09-27,14741.75,14582.25,-159.50,317.28,0.001100,51.12,1,0,1,0
2022-09-28,14602.00,14833.50,231.50,317.28,-0.001320,51.12,1,0,0,0
2022-09-29,14658.00,14430.25,-227.75,317.28,-0.001248,53.25,1,0,0,0
2022-09-30,14458.50,14399.75,-58.75,317.28,-0.003287,53.25,1,0,0,0
2022-10-03,14376.25,14615.50,239.25,317.28,-0.004261,55.25,1,0,0,0
2022-10-04,14787.50,14885.50,98.00,317.28,-0.004755,55.75,1,0,0,0
2022-10-05,14757.25,14941.75,184.50,317.28,-0.005409,55.75,1,0,0,0
2022-10-06,14861.75,14854.50,-7.25,317.28,-0.005952,55.75,1,0,0,0
2022-10-07,14617.00,14342.50,-274.50,317.28,-0.005524,56.88,1,0,0,0
2022-10-10,14379.25,14281.00,-98.25,317.28,-0.006459,56.88,1,0,0,0
2022-10-11,14191.00,14085.75,-105.25,317.28,-0.006678,58.75,1,0,0,0
2022-10-12,14137.00,14133.00,-4.00,317.28,-0.008200,58.75,1,0,0,0
2022-10-13,13794.50,14362.75,568.25,317.28,-0.005778,58.75,1,1,0,0
2022-10-14,14451.50,14059.50,-392.00,333.30,-0.005080,60.25,1,1,0,0
2022-10-17,14272.25,14391.75,119.50,337.93,-0.004141,60.88,1,0,0,0
2022-10-18,14674.75,14423.50,-251.25,337.93,-0.004497,60.88,1,0,0,0
2022-10-19,14401.00,14387.75,-13.25,337.93,-0.006904,60.88,1,0,0,0
2022-10-20,14382.50,14353.50,-29.00,337.93,-0.008027,60.88,1,0,0,0
2022-10-21,14315.25,14633.25,318.00,337.93,-0.011481,60.88,1,0,0,0
2022-10-24,14630.50,14773.00,142.50,337.93,-0.016197,60.88,1,0,0,0
2022-10-25,14787.00,14983.75,196.75,337.93,-0.018853,60.88,1,0,0,0
2022-10-26,14745.75,14739.00,-6.75,337.93,-0.023931,60.88,1,0,0,0
2022-10-27,14672.00,14540.00,-132.00,337.93,-0.023896,60.62,1,0,0,0
2022-10-28,14484.00,14856.00,372.00,337.93,-0.021151,61.88,1,1,0,0
2022-10-31,14759.50,14724.25,-35.25,338.70,-0.026819,61.88,1,0,0,0
2022-11-01,14866.50,14609.00,-257.50,338.70,-0.029362,61.88,1,0,0,0
2022-11-02,14601.25,14291.75,-309.50,338.70,-0.028648,61.88,1,0,0,0
2022-11-03,14100.50,14066.00,-34.50,338.70,-0.028745,63.12,1,0,0,0
2022-11-04,14203.50,14107.00,-96.50,338.70,-0.011326,63.88,1,0,0,0
2022-11-07,14210.25,14296.00,85.75,338.70,-0.009823,64.12,1,0,0,0
2022-11-08,14347.75,14384.00,36.25,338.70,-0.011688,64.12,1,0,0,0
2022-11-09,14289.25,14144.50,-144.75,338.70,-0.012976,65.00,1,0,0,0
2022-11-10,14628.00,14848.50,220.50,338.70,-0.013779,65.00,1,0,0,0
2022-11-11,14895.75,15107.50,211.75,338.70,-0.011567,66.62,1,0,0,0
2022-11-14,15031.50,15095.50,64.00,338.70,-0.008847,66.62,1,0,0,0
2022-11-15,15292.75,15200.75,-92.00,338.70,-0.010021,68.12,1,0,0,0
2022-11-16,15094.75,14998.00,-96.75,338.70,-0.009626,68.12,1,0,0,0
2022-11-17,14822.25,14910.00,87.75,338.70,-0.007160,68.12,1,0,0,0
2022-11-18,15108.75,14980.00,-128.75,338.70,-0.005785,69.38,1,0,0,0
2022-11-21,14920.50,14857.25,-63.25,338.70,0.008305,68.12,1,0,1,0
2022-11-22,14888.50,14999.00,110.50,338.70,0.007085,66.62,1,0,1,0
2022-11-23,15021.00,15142.75,121.75,338.70,0.009009,65.00,1,0,1,0
2022-11-28,14974.50,14852.50,-122.00,338.70,0.011451,65.00,1,0,1,0
2022-11-29,14893.50,14785.50,-108.00,338.70,0.008467,64.12,1,0,1,0
2022-11-30,14805.75,15244.00,438.25,338.70,0.006108,63.88,1,1,1,1
2022-12-01,15327.50,15333.00,5.50,341.90,0.014784,63.88,1,0,1,0
2022-12-02,15117.00,15283.25,166.25,341.90,0.012800,63.88,1,0,1,0
2022-12-05,15192.75,15030.50,-162.25,338.70,0.007443,63.88,1,0,1,0
2022-12-06,15070.25,14782.00,-288.25,338.70,0.005639,63.12,1,0,1,0
2022-12-07,14780.50,14766.00,-14.50,337.93,0.003334,63.88,1,0,1,0
2022-12-08,14836.75,14928.50,91.75,337.93,0.001966,63.88,1,0,1,0
2022-12-09,14873.25,14914.25,41.00,337.93,0.001677,63.12,1,0,1,0
2022-12-12,14847.25,14951.75,104.50,337.93,-0.003082,63.12,1,0,0,0
2022-12-13,15442.25,15102.75,-339.50,337.93,-0.004973,62.25,1,1,0,0
2022-12-14,15085.25,14990.50,-94.75,338.70,-0.006027,62.00,1,0,0,0
2022-12-15,14839.50,14643.75,-195.75,338.70,-0.005327,62.25,1,0,0,0
2022-12-16,14582.75,14519.50,-63.25,338.70,0.001556,62.25,1,0,1,0
2022-12-19,14508.00,14304.25,-203.75,338.70,0.002188,62.25,1,0,1,0
2022-12-20,14287.25,14345.25,58.00,337.93,0.002114,62.25,1,0,1,0
2022-12-21,14371.00,14478.25,107.25,337.93,0.002867,62.00,1,0,1,0
2022-12-22,14356.75,14194.50,-162.25,337.93,0.004451,61.12,1,0,1,0
2022-12-23,14151.00,14207.25,56.25,337.93,0.003524,61.12,1,0,1,0
2022-12-27,14205.75,14094.00,-111.75,337.93,-0.000746,59.88,1,0,0,0
2022-12-28,14054.25,13927.00,-127.25,337.93,-0.000190,59.25,1,0,0,0
2022-12-29,14039.50,14201.25,161.75,337.93,-0.003191,58.62,1,0,0,0
2022-12-30,14065.25,14096.50,31.25,337.93,-0.003394,57.88,1,0,0,0
2023-01-03,14273.25,14097.25,-176.00,337.93,-0.002914,58.62,1,0,0,0
2023-01-04,14187.75,14110.75,-77.00,337.93,-0.003759,57.88,1,0,0,0
2023-01-05,14077.00,13990.25,-86.75,337.93,-0.006624,58.62,1,0,0,0
2023-01-06,14044.25,14287.00,242.75,337.93,-0.003937,56.25,1,0,0,0
2023-01-09,14353.25,14369.00,15.75,337.93,-0.004777,54.12,1,0,0,0
2023-01-10,14296.75,14396.25,99.50,333.30,-0.004899,54.12,1,0,0,0
2023-01-11,14477.25,14595.50,118.25,333.30,-0.004033,54.12,1,0,0,0
2023-01-12,14644.75,14670.50,25.75,333.30,-0.001608,54.00,1,0,0,0
2023-01-13,14578.25,14752.00,173.75,333.30,0.000697,53.88,1,0,1,0
2023-01-17,14752.25,14781.25,29.00,333.30,0.002321,53.88,1,0,1,0
2023-01-18,14848.50,14671.25,-177.25,333.30,0.001856,53.62,1,0,1,0
2023-01-19,14561.25,14571.75,10.50,318.00,0.002969,53.25,1,0,1,0
2023-01-20,14582.00,14810.25,228.25,318.00,0.002338,53.25,1,0,1,0
2023-01-23,14857.75,15057.25,199.50,318.00,0.005293,53.25,1,0,1,0
2023-01-24,15013.75,15058.75,45.00,318.00,0.005549,52.00,1,0,1,0
2023-01-25,14866.25,15021.75,155.50,318.00,0.005500,53.62,1,0,1,0
2023-01-26,15171.50,15232.25,60.75,318.00,0.008940,53.62,1,0,1,0
2023-01-27,15200.75,15446.00,245.25,318.00,0.009991,52.00,1,0,1,0
2023-01-30,15236.75,15125.75,-111.00,318.00,0.012969,53.62,1,0,1,0
2023-01-31,15128.25,15230.75,102.50,318.00,0.013312,53.62,1,0,1,0
2023-02-01,15297.50,15584.75,287.25,317.15,0.016549,53.88,1,0,1,0
2023-02-02,15832.25,15935.75,103.50,317.15,0.015187,53.88,1,0,1,0
2023-02-03,15728.25,15782.75,54.50,317.15,0.018075,53.88,1,0,1,0
2023-02-06,15662.75,15638.75,-24.00,317.15,0.018409,53.62,1,0,1,0
2023-02-07,15657.75,15902.75,245.00,317.15,0.018259,53.88,1,0,1,0
2023-02-08,15867.50,15687.25,-180.25,317.15,0.018798,53.88,1,0,1,0
2023-02-09,15876.50,15558.25,-318.25,317.15,0.018816,53.62,1,1,1,1
2023-02-10,15488.75,15464.75,-24.00,318.00,0.016261,53.62,1,0,1,0
2023-02-13,15555.75,15679.75,124.00,318.00,0.015906,53.88,1,0,1,0
2023-02-14,15627.25,15782.75,155.50,318.00,0.016395,52.12,1,0,1,0
2023-02-15,15707.00,15834.25,127.25,318.00,0.015732,50.25,1,0,1,0
2023-02-16,15677.75,15666.50,-11.25,317.15,0.018255,50.25,1,0,1,0
2023-02-17,15543.50,15514.25,-29.25,317.15,0.018364,50.25,1,0,1,0
2023-02-21,15382.50,15264.00,-118.50,317.15,0.018122,50.00,1,0,1,0
2023-02-22,15273.75,15227.00,-46.75,317.15,0.019197,50.00,1,0,1,0
2023-02-23,15406.00,15395.75,-10.25,317.15,0.018576,50.25,1,0,1,0
2023-02-24,15147.75,15130.25,-17.50,317.15,0.019244,50.25,1,0,1,0
2023-02-27,15285.00,15242.00,-43.00,317.15,0.019365,51.00,1,0,1,0
2023-02-28,15209.75,15245.25,35.50,309.40,0.019888,51.00,1,0,1,0
2023-03-01,15206.00,15099.25,-106.75,307.85,0.018165,50.25,1,0,1,0
2023-03-02,15011.00,15204.75,193.75,307.85,0.009993,50.25,1,0,1,0
2023-03-03,15288.25,15461.00,172.75,307.85,0.011427,50.25,1,0,1,0
2023-03-06,15514.75,15471.50,-43.25,307.85,0.011542,50.00,1,0,1,0
2023-03-07,15478.00,15307.75,-170.25,307.85,0.009130,50.00,1,0,1,0
2023-03-08,15338.75,15323.75,-15.00,301.60,0.008039,50.00,1,0,1,0
2023-03-09,15400.00,15151.00,-249.00,301.60,0.007515,50.00,1,0,1,0
2023-03-10,15171.75,15018.25,-153.50,297.68,0.006514,50.00,1,0,1,0
2023-03-13,14918.75,15122.25,203.50,297.68,0.011095,50.00,1,0,1,0
2023-03-14,15238.75,15238.25,-0.50,297.68,0.007422,50.00,1,0,1,0
2023-03-15,15242.25,15417.50,175.25,297.68,0.007710,50.00,1,0,1,0
2023-03-16,15376.75,15759.50,382.75,294.45,0.007336,50.00,1,1,1,1
2023-03-17,15742.00,15693.25,-48.75,297.68,0.002467,49.88,1,0,1,0
2023-03-20,15655.00,15692.50,37.50,297.68,0.004177,49.00,1,0,1,0
2023-03-21,15807.00,15891.25,84.25,297.68,0.007498,49.88,1,0,1,0
2023-03-22,15904.00,15982.25,78.25,297.68,0.007643,49.88,1,0,1,0
2023-03-23,15886.50,15828.25,-58.25,294.45,0.002024,49.88,1,0,1,0
2023-03-24,15858.50,15914.00,55.50,294.45,0.001030,50.00,1,0,1,0
2023-03-27,15950.75,15873.00,-77.75,294.45,-0.004087,49.88,1,0,0,0
2023-03-28,15807.75,15719.50,-88.25,294.45,-0.003484,50.00,1,0,0,0
2023-03-29,15919.25,16011.75,92.50,294.45,-0.002407,50.75,1,0,0,0
2023-03-30,16096.25,16111.75,15.50,294.45,-0.002466,50.00,1,0,0,0
2023-03-31,16123.50,16328.75,205.25,294.45,-0.001528,50.00,1,0,0,0
2023-04-03,16241.75,16275.75,34.00,294.45,-0.000840,50.00,1,0,0,0
2023-04-04,16316.75,16216.75,-100.00,294.45,0.004256,50.00,1,0,1,0
2023-04-05,16205.50,16086.00,-119.50,294.45,0.000821,50.75,1,0,1,0
2023-04-06,16043.75,16205.50,161.75,294.45,0.003822,50.00,1,0,1,0
2023-04-10,16075.00,16168.75,93.75,294.45,0.002835,50.00,1,0,1,0
2023-04-11,16191.00,16155.25,-35.75,294.45,0.005388,49.88,1,0,1,0
2023-04-12,16188.25,15982.75,-205.50,294.45,0.005862,49.88,1,0,1,0
2023-04-13,16059.50,16250.75,191.25,294.45,0.007737,49.88,1,0,1,0
2023-04-14,16170.75,16189.75,19.00,294.45,0.005901,49.88,1,0,1,0
2023-04-17,16194.00,16205.50,11.50,294.45,0.006916,49.88,1,0,1,0
2023-04-18,16311.75,16204.00,-107.75,291.73,0.006725,49.38,1,0,1,0
2023-04-19,16116.75,16233.75,117.00,291.73,0.009425,49.38,1,0,1,0
2023-04-20,16083.50,16057.50,-26.00,291.60,0.002559,48.38,1,0,1,0
2023-04-21,16089.00,16107.25,18.25,291.60,0.002446,48.38,1,0,1,0
2023-04-24,16109.00,16081.25,-27.75,290.23,0.006854,48.38,1,0,1,0
2023-04-25,16020.00,15873.75,-146.25,290.23,0.007113,47.62,1,0,1,0
2023-04-26,15981.75,15922.50,-59.25,289.82,0.009217,47.62,1,0,1,0
2023-04-27,16072.25,16271.75,199.50,288.15,0.011292,47.62,1,0,1,0
2023-04-28,16251.75,16318.75,67.00,288.15,0.011555,47.38,1,0,1,0
2023-05-01,16332.50,16339.00,6.50,286.43,0.012641,47.38,1,0,1,0
2023-05-02,16332.00,16232.25,-99.75,286.43,0.012533,47.25,1,0,1,0
2023-05-03,16230.50,16155.25,-75.25,278.55,0.011678,46.50,1,0,1,0
2023-05-04,16114.25,16093.25,-21.00,274.45,0.013812,45.75,1,0,1,0
2023-05-05,16170.50,16372.50,202.00,274.45,0.013905,45.75,1,0,1,0
2023-05-08,16332.50,16374.50,42.00,274.45,0.011206,45.75,1,0,1,0
2023-05-09,16312.50,16294.75,-17.75,272.95,0.000273,45.62,1,0,1,0
2023-05-10,16398.25,16462.00,63.75,262.90,-0.001214,45.00,1,0,0,0
2023-05-11,16458.50,16485.25,26.75,262.90,0.000682,45.62,1,0,1,0
2023-05-12,16499.25,16391.00,-108.25,262.90,0.001076,45.00,1,0,1,0
2023-05-15,16448.25,16491.50,43.25,262.90,-0.000364,44.12,1,0,0,0
2023-05-16,16467.75,16568.25,100.50,262.90,-0.003502,43.50,1,0,0,0
2023-05-17,16556.50,16669.75,113.25,262.90,-0.009700,43.50,1,0,0,0
2023-05-18,16685.25,16878.00,192.75,256.88,-0.010340,43.50,1,0,0,0
2023-05-19,16929.25,16871.00,-58.25,256.88,-0.005540,43.50,1,0,0,0
2023-05-22,16879.75,16936.25,56.50,256.88,-0.007324,41.62,1,0,0,0
2023-05-23,16862.75,16770.00,-92.75,251.03,-0.007153,39.75,1,0,0,0
2023-05-24,16674.25,16712.50,38.25,251.03,-0.008288,39.75,1,0,0,0
2023-05-25,16986.25,17042.00,55.75,248.80,-0.009123,41.62,1,0,0,0
2023-05-26,17049.50,17378.25,328.75,248.80,-0.009938,43.50,1,1,0,0
2023-05-30,17541.50,17447.75,-93.75,251.03,-0.012739,41.62,1,0,0,0
2023-05-31,17361.75,17350.75,-11.00,248.80,-0.011277,43.50,1,0,0,0
2023-06-01,17329.75,17515.00,185.25,246.88,-0.009604,44.12,1,0,0,0
2023-06-02,17574.75,17606.50,31.75,246.88,-0.010301,45.00,1,0,0,0
2023-06-05,17600.25,17623.25,23.00,246.88,-0.025098,44.12,1,0,0,0
2023-06-06,17592.25,17621.00,28.75,246.88,-0.025151,43.50,1,0,0,0
2023-06-07,17623.50,17387.00,-236.50,245.70,-0.025294,41.62,1,0,0,0
2023-06-08,17369.25,17520.00,150.75,245.70,-0.018698,41.62,1,0,0,0
2023-06-09,17592.75,17596.50,3.75,245.70,-0.011987,39.88,1,0,0,0
2023-06-12,17656.75,17807.50,150.75,245.70,-0.011752,39.62,1,0,0,0
2023-06-13,17949.75,17921.25,-28.50,245.70,-0.009387,39.88,1,0,0,0
2023-06-14,17948.25,17994.25,46.00,245.70,-0.009182,39.88,1,0,0,0
2023-06-15,17993.75,18264.75,271.00,245.70,-0.009750,39.88,1,1,0,0
2023-06-16,18323.25,18147.50,-175.75,246.88,-0.013593,39.88,1,0,0,0
2023-06-20,18065.25,18104.50,39.25,246.88,-0.010079,39.88,1,0,0,0
2023-06-21,18054.50,17949.00,-105.50,246.83,-0.013907,39.88,1,0,0,0
2023-06-22,17834.50,18013.25,178.75,246.83,-0.011659,39.88,1,0,0,0
2023-06-23,17896.25,17915.25,19.00,246.83,-0.004374,39.88,1,0,0,0
2023-06-26,17888.75,17774.50,-114.25,246.83,-0.004064,39.62,1,0,0,0
2023-06-27,17770.75,17991.25,220.50,246.83,0.000143,39.62,1,0,1,0
2023-06-28,17882.50,17957.75,75.25,246.83,-0.001782,39.62,1,0,0,0
2023-06-29,17971.75,17932.25,-39.50,246.83,-0.001381,39.62,1,0,0,0
2023-06-30,18104.75,18208.50,103.75,246.83,-0.003726,40.50,1,0,0,0
2023-07-05,18146.75,18238.50,91.75,245.22,-0.005184,39.62,1,0,0,0
2023-07-06,18048.75,18089.50,40.75,245.22,-0.004897,39.62,1,0,0,0
2023-07-07,18073.50,18103.50,30.00,245.22,-0.004939,39.62,1,0,0,0
2023-07-10,18021.50,18022.75,1.25,245.22,-0.005290,40.50,1,0,0,0
2023-07-11,18054.50,18071.00,16.50,244.78,-0.003535,40.50,1,0,0,0
2023-07-12,18283.00,18295.00,12.00,244.78,-0.004983,40.50,1,0,0,0
2023-07-13,18428.75,18571.00,142.25,244.78,-0.002863,40.50,1,0,0,0
2023-07-14,18574.25,18531.25,-43.00,244.78,-0.003911,40.50,1,0,0,0
2023-07-17,18582.50,18721.50,139.00,244.78,-0.006190,41.88,1,0,0,0
2023-07-18,18667.75,18861.50,193.75,244.78,-0.009008,41.88,1,0,0,0
2023-07-19,18865.50,18834.50,-31.00,242.40,-0.011907,41.88,1,0,0,0
2023-07-20,18686.50,18405.25,-281.25,242.40,-0.011772,40.50,1,1,0,0
2023-07-21,18540.75,18404.00,-136.75,244.78,-0.016480,41.88,1,0,0,0
2023-07-24,18431.25,18380.00,-51.25,244.78,-0.019317,42.38,1,0,0,0
2023-07-25,18441.50,18554.50,113.00,244.78,-0.021169,41.75,1,0,0,0
2023-07-26,18472.00,18428.00,-44.00,244.78,-0.024766,41.62,1,0,0,0
2023-07-27,18687.75,18424.25,-263.50,244.78,-0.028540,42.12,1,1,0,0
2023-07-28,18590.25,18697.25,107.00,245.22,-0.026293,42.12,1,0,0,0
2023-07-31,18712.75,18682.00,-30.75,245.22,-0.026637,42.12,1,0,0,0
2023-08-01,18649.25,18686.75,37.50,245.22,-0.027863,42.38,1,0,0,0
2023-08-02,18520.50,18287.75,-232.75,244.78,-0.020773,42.38,1,0,0,0
2023-08-03,18211.00,18293.50,82.50,244.78,-0.024303,42.38,1,0,0,0
2023-08-04,18364.50,18230.75,-133.75,244.78,-0.027716,42.38,1,0,0,0
2023-08-07,18286.50,18297.75,11.25,244.78,-0.025028,42.88,1,0,0,0
2023-08-08,18232.00,18185.50,-46.50,244.78,-0.028314,43.38,1,0,0,0
2023-08-09,18215.25,18101.75,-113.50,242.40,-0.028606,43.38,1,0,0,0
2023-08-10,18154.00,18058.00,-96.00,242.40,-0.023430,43.62,1,0,0,0
2023-08-11,17944.25,17969.25,25.00,242.40,-0.026277,43.62,1,0,0,0
2023-08-14,17920.75,18076.75,156.00,242.40,-0.025950,45.38,1,0,0,0
2023-08-15,18077.75,17941.50,-136.25,242.40,-0.019658,45.38,1,0,0,0
2023-08-16,17932.50,17818.75,-113.75,242.40,-0.019973,45.38,1,0,0,0
2023-08-17,17847.00,17647.50,-199.50,242.40,-0.019078,45.38,1,0,0,0
2023-08-18,17482.00,17607.50,125.50,242.40,-0.016323,47.12,1,0,0,0
2023-08-21,17661.25,17842.50,181.25,242.40,-0.019860,47.38,1,0,0,0
2023-08-22,17944.50,17822.75,-121.75,242.40,-0.020178,47.38,1,0,0,0
2023-08-23,17862.00,18080.25,218.25,242.40,-0.018713,47.12,1,0,0,0
2023-08-24,18188.00,17775.00,-413.00,242.40,-0.022184,47.12,1,1,0,0
2023-08-25,17749.75,17866.00,116.25,244.78,-0.007132,47.38,1,0,0,0
2023-08-28,17951.00,17898.25,-52.75,244.78,-0.009112,47.38,1,0,0,0
2023-08-29,17929.50,18279.25,349.75,244.78,-0.010196,47.38,1,1,0,0
2023-08-30,18269.75,18346.50,76.75,245.22,-0.011554,47.12,1,0,0,0
2023-08-31,18345.00,18423.75,78.75,245.22,-0.011074,47.12,1,0,0,0
2023-09-01,18486.25,18365.75,-120.50,244.78,-0.011027,47.38,1,0,0,0
2023-09-05,18334.25,18403.75,69.50,244.78,-0.012972,47.38,1,0,0,0
2023-09-06,18352.75,18213.00,-139.75,244.78,-0.013988,47.12,1,0,0,0
2023-09-07,18053.25,18137.50,84.25,244.78,-0.016335,47.12,1,0,0,0
2023-09-08,18125.50,18117.00,-8.50,244.78,-0.015311,47.12,1,0,0,0
2023-09-11,18276.50,18348.25,71.75,242.40,-0.014795,47.12,1,0,0,0
2023-09-12,18258.25,18150.00,-108.25,242.40,-0.014272,47.12,1,0,0,0
2023-09-13,18161.50,18199.75,38.25,238.98,-0.016526,46.38,1,0,0,0
2023-09-14,18277.25,18336.50,59.25,238.98,-0.013569,45.62,1,0,0,0
2023-09-15,18268.25,18057.00,-211.25,238.98,-0.012603,44.62,1,0,0,0
2023-09-18,18013.75,18063.25,49.50,238.98,-0.012527,44.50,1,0,0,0
2023-09-19,18012.75,18019.00,6.25,236.13,-0.011520,43.12,1,0,0,0
2023-09-20,18077.00,17910.00,-167.00,236.13,-0.011952,42.50,1,0,0,0
2023-09-21,17646.25,17553.50,-92.75,236.13,-0.003605,43.12,1,0,0,0
2023-09-22,17595.00,17609.25,14.25,236.13,-0.002813,43.12,1,0,0,0
2023-09-25,17483.00,17548.75,65.75,236.13,0.005522,44.50,1,0,1,0
2023-09-26,17482.75,17332.25,-150.50,236.13,0.008644,44.50,1,0,1,0
2023-09-27,17411.25,17423.00,11.75,236.13,0.005364,45.38,1,0,1,0
2023-09-28,17353.00,17567.50,214.50,236.13,0.003681,45.62,1,0,1,0
2023-09-29,17659.75,17535.00,-124.75,236.13,0.001050,46.62,1,0,1,0
2023-10-02,17531.75,17576.25,44.50,236.13,0.001766,47.75,1,0,1,0
2023-10-03,17537.25,17322.25,-215.00,236.13,0.002953,47.75,1,0,1,0
2023-10-04,17411.00,17575.25,164.25,236.13,-0.003686,48.00,1,0,0,0
2023-10-05,17567.00,17540.50,-26.50,236.13,-0.003744,47.75,1,0,0,0
2023-10-06,17393.50,17808.50,415.00,236.13,-0.001476,47.75,1,1,0,0
2023-10-09,17670.50,17850.25,179.75,236.13,-0.005978,48.00,1,0,0,0
2023-10-10,17858.25,17945.50,87.25,236.13,-0.005873,47.75,1,0,0,0
2023-10-11,17983.00,17997.50,14.50,236.13,-0.007442,47.75,1,0,0,0
2023-10-12,18050.75,17959.50,-91.25,236.13,-0.008366,47.75,1,0,0,0
2023-10-13,18000.00,17766.50,-233.50,232.30,-0.008220,47.75,1,1,0,0
2023-10-16,17833.75,17989.75,156.00,233.43,-0.009258,47.75,1,0,0,0
2023-10-17,17796.50,17875.25,78.75,233.43,-0.011577,48.00,1,0,0,0
2023-10-18,17788.25,17685.25,-103.00,233.43,-0.010772,48.00,1,0,0,0
2023-10-19,17745.50,17553.50,-192.00,232.30,-0.009697,48.50,1,0,0,0
2023-10-20,17519.75,17354.50,-165.25,227.48,-0.008182,48.50,1,0,0,0
2023-10-23,17260.25,17395.00,134.75,227.48,-0.004864,48.50,1,0,0,0
2023-10-24,17436.00,17509.00,73.00,220.50,-0.006362,48.50,1,0,0,0
2023-10-25,17399.25,17145.25,-254.00,220.50,-0.006176,48.00,1,1,0,0
2023-10-26,17078.75,16922.25,-156.50,227.48,-0.007178,48.00,1,0,0,0
2023-10-27,16964.50,16914.25,-50.25,220.50,-0.002740,48.00,1,0,0,0
2023-10-30,17023.00,17105.25,82.25,220.50,-0.002749,48.50,1,0,0,0
2023-10-31,17077.50,17144.00,66.50,220.50,-0.004599,48.00,1,0,0,0
2023-11-01,17177.50,17388.50,211.00,220.50,-0.004436,47.75,1,0,0,0
2023-11-02,17578.50,17651.00,72.50,220.50,-0.003540,47.38,1,0,0,0
2023-11-03,17708.75,17854.25,145.50,220.28,-0.003976,46.50,1,0,0,0
2023-11-06,17862.00,17863.25,1.25,220.28,-0.005040,46.50,1,0,0,0
2023-11-07,17933.50,18054.50,121.00,217.93,-0.004200,45.62,1,0,0,0
2023-11-08,18046.25,18027.50,-18.75,214.95,-0.005211,45.62,1,0,0,0
2023-11-09,18061.75,17913.50,-148.25,214.95,-0.005369,45.62,1,0,0,0
2023-11-10,17985.75,18247.75,262.00,214.95,-0.005362,45.38,1,1,0,0
2023-11-13,18187.25,18231.00,43.75,217.93,-0.004103,45.00,1,0,0,0
2023-11-14,18470.00,18567.75,97.75,217.93,-0.002347,43.62,1,0,0,0
2023-11-15,18614.75,18554.00,-60.75,217.93,-0.003440,45.00,1,0,0,0
2023-11-16,18509.25,18533.25,24.00,214.95,-0.001615,45.00,1,0,0,0
2023-11-17,18520.25,18566.25,46.00,214.95,-0.001934,43.62,1,0,0,0
2023-11-20,18553.00,18763.50,210.50,214.95,-0.005628,42.50,1,0,0,0
2023-11-21,18670.75,18649.25,-21.50,214.95,-0.005923,42.25,1,0,0,0
2023-11-22,18727.50,18714.25,-13.25,214.95,-0.006058,41.75,1,0,0,0
2023-11-27,18656.50,18696.25,39.75,214.95,-0.006401,41.75,1,0,0,0
2023-11-28,18632.00,18663.50,31.50,214.95,-0.006458,42.25,1,0,0,0
2023-11-29,18805.00,18679.50,-125.50,214.95,-0.005582,42.25,1,0,0,0
2023-11-30,18690.25,18541.50,-148.75,214.95,-0.004910,42.25,1,0,0,0
2023-12-01,18591.00,18689.00,98.00,214.95,-0.012019,42.25,1,0,0,0
2023-12-04,18520.00,18494.00,-26.00,214.95,-0.012214,41.75,1,0,0,0
2023-12-05,18448.75,18552.75,104.00,214.95,-0.012386,41.75,1,0,0,0
2023-12-06,18691.50,18484.75,-206.75,214.18,-0.011624,41.25,1,0,0,0
2023-12-07,18592.00,18698.00,106.00,214.18,-0.010578,42.00,1,0,0,0
2023-12-08,18613.75,18766.50,152.75,214.18,-0.010576,42.00,1,0,0,0
2023-12-11,18736.75,18877.00,140.25,214.18,-0.013362,42.00,1,0,0,0
2023-12-12,18891.50,19010.00,118.50,211.22,-0.013051,42.00,1,0,0,0
2023-12-13,19056.50,19167.75,111.25,211.22,-0.012253,41.25,1,0,0,0
2023-12-14,19267.75,19180.50,-87.25,211.22,-0.011755,42.00,1,0,0,0
2023-12-15,19235.00,19279.00,44.00,211.22,-0.012251,42.00,1,0,0,0
2023-12-18,19293.50,19417.00,123.50,211.22,-0.013380,42.00,1,0,0,0
2023-12-19,19399.50,19443.75,44.25,210.95,-0.011538,41.25,1,0,0,0
2023-12-20,19433.00,19239.50,-193.50,210.95,-0.012647,40.50,1,0,0,0
2023-12-21,19369.25,19386.50,17.25,210.95,-0.010205,40.50,1,0,0,0
2023-12-22,19446.25,19436.75,-9.50,210.95,-0.012570,40.12,1,0,0,0
2023-12-26,19456.50,19547.75,91.25,210.95,-0.016770,39.00,1,0,0,0
2023-12-27,19539.00,19531.00,-8.00,210.95,-0.017199,39.00,1,0,0,0
2023-12-28,19595.50,19547.25,-48.25,210.95,-0.020826,39.00,1,0,0,0
2023-12-29,19536.00,19481.75,-54.25,210.95,-0.018493,38.12,1,0,0,0
2024-01-02,19309.25,19092.25,-217.00,210.95,-0.019254,38.12,1,1,0,0
2024-01-03,19056.50,19005.25,-51.25,211.22,-0.025797,38.12,1,0,0,0
2024-01-04,18900.00,18931.75,31.75,211.22,-0.024501,39.00,1,0,0,0
2024-01-05,18896.00,18865.75,-30.25,211.22,-0.024123,39.00,1,0,0,0
2024-01-08,18959.00,19225.00,266.00,211.22,-0.024792,40.12,1,1,0,0
2024-01-09,19116.00,19273.00,157.00,214.18,-0.020615,40.12,1,0,0,0
2024-01-10,19287.00,19386.00,99.00,214.18,-0.019974,40.12,1,0,0,0
2024-01-11,19431.50,19393.75,-37.75,214.18,-0.019933,40.50,1,0,0,0
2024-01-12,19455.25,19400.75,-54.50,211.22,-0.020300,40.50,1,0,0,0
2024-01-16,19363.75,19375.50,11.75,211.22,-0.020274,40.12,1,0,0,0
2024-01-17,19272.00,19251.50,-20.50,211.22,-0.019667,40.12,1,0,0,0
2024-01-18,19443.50,19555.75,112.25,211.22,-0.019137,40.12,1,0,0,0
2024-01-19,19637.50,19877.00,239.50,211.22,-0.016400,40.00,1,1,0,0
2024-01-22,19975.50,19932.25,-43.25,214.18,-0.015072,39.00,1,0,0,0
2024-01-23,19934.75,19956.50,21.75,214.18,-0.010637,38.12,1,0,0,0
2024-01-24,20139.75,20063.50,-76.25,214.18,-0.011493,39.00,1,0,0,0
2024-01-25,20169.50,20045.00,-124.50,214.18,-0.010844,40.00,1,0,0,0
2024-01-26,20004.75,19986.25,-18.50,211.22,-0.011539,40.00,1,0,0,0
2024-01-29,19995.25,20151.50,156.25,211.22,-0.010630,39.00,1,0,0,0
2024-01-30,20108.25,20045.75,-62.50,211.22,-0.011443,38.12,1,0,0,0
2024-01-31,19846.75,19745.50,-101.25,211.22,-0.011200,38.12,1,0,0,0
2024-02-01,19753.50,19885.25,131.75,211.22,-0.007842,39.00,1,0,0,0
2024-02-02,19955.00,20213.25,258.25,210.95,-0.007456,40.00,1,1,0,0
2024-02-05,20169.50,20162.00,-7.50,211.22,-0.007780,40.38,1,0,0,0
2024-02-06,20188.50,20082.50,-106.00,211.22,-0.007391,40.00,1,0,0,0
2024-02-07,20220.50,20302.75,82.25,210.95,-0.010034,40.00,1,0,0,0
2024-02-08,20282.50,20317.50,35.00,210.95,-0.010435,40.00,1,0,0,0
2024-02-09,20356.00,20489.25,133.25,210.95,-0.010004,40.00,1,0,0,0
2024-02-12,20476.50,20420.50,-56.00,210.95,-0.013947,40.00,1,0,0,0
2024-02-13,20074.75,20021.00,-53.75,210.13,-0.013876,40.00,1,0,0,0
2024-02-14,20235.75,20283.75,48.00,210.13,-0.017010,40.00,1,0,0,0
2024-02-15,20335.25,20343.00,7.75,206.62,-0.019747,40.38,1,0,0,0
2024-02-16,20373.75,20235.25,-138.50,206.62,-0.018892,40.38,1,0,0,0
2024-02-20,20108.75,20033.50,-75.25,206.62,-0.017498,40.38,1,0,0,0
2024-02-21,19942.25,19868.00,-74.25,206.62,-0.021105,41.25,1,0,0,0
2024-02-22,20342.75,20506.25,163.50,206.62,-0.025607,42.12,1,0,0,0
2024-02-23,20552.75,20419.00,-133.75,206.62,-0.026434,42.38,1,0,0,0
2024-02-26,20464.00,20461.25,-2.75,206.62,-0.027896,42.38,1,0,0,0
2024-02-27,20465.25,20472.75,7.50,206.62,-0.025268,42.38,1,0,0,0
2024-02-28,20370.50,20372.00,1.50,206.62,-0.041718,42.38,1,0,0,0
2024-02-29,20477.25,20497.00,19.75,206.62,-0.039918,42.12,1,0,0,0
2024-03-01,20543.50,20791.50,248.00,206.62,-0.038454,42.38,1,1,0,0
2024-03-04,20777.00,20767.75,-9.25,210.13,-0.038427,42.12,1,0,0,0
2024-03-05,20580.75,20288.50,-292.25,210.13,-0.037933,42.38,1,1,0,0
2024-03-06,20551.00,20465.50,-85.50,210.95,-0.048624,43.50,1,0,0,0
2024-03-07,20629.25,20750.75,121.50,210.95,-0.049647,45.25,1,0,0,0
2024-03-08,20768.00,20497.50,-270.50,210.95,-0.048695,45.25,1,1,0,0
2024-03-11,20424.00,20402.25,-21.75,211.22,-0.042979,46.12,1,0,0,0
2024-03-12,20510.50,20667.50,157.00,211.22,-0.042875,46.12,1,0,0,0
2024-03-13,20627.50,20512.75,-114.75,211.22,-0.041802,45.88,1,0,0,0
2024-03-14,20574.25,20391.25,-183.00,210.95,-0.041897,45.88,1,0,0,0
2024-03-15,20351.50,20287.50,-64.00,210.95,-0.048918,45.88,1,0,0,0
2024-03-18,20483.75,20478.75,-5.00,210.95,-0.047819,46.12,1,0,0,0
2024-03-19,20342.75,20431.50,88.75,210.95,-0.047352,46.62,1,0,0,0
2024-03-20,20517.25,20685.50,168.25,210.95,-0.048043,46.62,1,0,0,0
2024-03-21,20887.50,20785.75,-101.75,210.13,-0.047929,47.12,1,0,0,0
2024-03-22,20736.75,20771.75,35.00,210.13,-0.045955,47.25,1,0,0,0
2024-03-25,20658.00,20731.00,73.00,210.13,-0.055643,47.25,1,0,0,0
2024-03-26,20768.00,20710.75,-57.25,210.13,-0.058504,47.62,1,0,0,0
2024-03-27,20765.50,20635.25,-130.25,210.13,-0.056071,48.12,1,0,0,0
2024-03-28,20699.25,20699.50,0.25,210.13,-0.061387,48.75,1,0,0,0
2024-04-01,20700.00,20668.00,-32.00,210.13,-0.059484,48.75,1,0,0,0
2024-04-02,20486.25,20506.25,20.00,210.13,-0.059915,48.75,1,0,0,0
2024-04-03,20440.00,20532.75,92.75,210.13,-0.055449,47.75,1,0,0,0
2024-04-04,20740.75,20308.75,-432.00,210.13,-0.055287,47.75,1,1,0,0
2024-04-05,20338.25,20488.50,150.25,210.95,-0.043671,48.75,1,0,0,0
2024-04-08,20529.50,20514.75,-14.75,210.95,-0.038794,48.38,1,0,0,0
2024-04-09,20590.25,20527.50,-62.75,210.95,-0.038850,47.75,1,0,0,0
2024-04-10,20339.25,20381.25,42.00,210.95,-0.040185,48.38,1,0,0,0
2024-04-11,20464.50,20701.25,236.75,210.95,-0.035013,48.88,1,1,0,0
2024-04-12,20496.00,20339.25,-156.75,211.22,-0.036900,48.88,1,0,0,0
2024-04-15,20534.75,20057.75,-477.00,211.22,-0.038685,48.88,1,1,0,0
2024-04-16,20067.00,20143.75,76.75,214.18,-0.037849,49.25,1,0,0,0
2024-04-17,20156.50,19854.75,-301.75,214.18,-0.039970,49.50,1,1,0,0
2024-04-18,19872.75,19761.50,-111.25,214.95,-0.037753,50.12,1,0,0,0
2024-04-19,19694.00,19381.00,-313.00,214.95,-0.034051,50.50,1,1,0,0
2024-04-22,19487.75,19588.50,100.75,216.80,-0.033093,50.50,1,0,0,0
2024-04-23,19627.50,19824.00,196.50,216.80,-0.035157,51.00,1,0,0,0
2024-04-24,19932.25,19868.75,-63.50,216.80,-0.037879,51.00,1,0,0,0
2024-04-25,19553.50,19797.25,243.75,216.80,-0.040632,51.00,1,1,0,0
2024-04-26,19896.75,20087.75,191.00,218.12,-0.041269,52.25,1,0,0,0
2024-04-29,20120.75,20046.75,-74.00,218.12,-0.044487,52.12,1,0,0,0
2024-04-30,20034.50,19891.50,-143.00,218.12,-0.049022,52.88,1,0,0,0
2024-05-01,19700.00,19917.00,217.00,218.12,-0.045870,54.88,1,0,0,0
2024-05-02,19782.25,19868.75,86.50,218.12,-0.070596,57.12,1,0,0,0
2024-05-03,20157.25,20215.50,58.25,218.12,-0.070344,57.12,1,0,0,0
2024-05-06,20273.50,20339.75,66.25,218.12,-0.070729,57.12,1,0,0,0
2024-05-07,20410.50,20399.75,-10.75,218.12,-0.071423,58.38,1,0,0,0
2024-05-08,20283.00,20383.25,100.25,218.12,-0.071660,58.38,1,0,0,0
2024-05-09,20386.00,20407.50,21.50,218.12,-0.070684,58.38,1,0,0,0
2024-05-10,20473.50,20460.25,-13.25,218.12,-0.070586,57.12,1,0,0,0
2024-05-13,20531.50,20487.25,-44.25,218.12,-0.069772,54.88,1,0,0,0
2024-05-14,20473.25,20618.50,145.25,218.12,-0.069732,54.88,1,0,0,0
2024-05-15,20708.50,20893.75,185.25,218.12,-0.070269,52.88,1,0,0,0
2024-05-16,20877.75,20889.00,11.25,218.12,-0.072184,52.12,1,0,0,0
2024-05-17,20851.00,20829.25,-21.75,218.12,-0.071904,51.00,1,0,0,0
2024-05-20,20841.75,20978.25,136.50,218.12,-0.070965,51.00,1,0,0,0
2024-05-21,20885.50,20973.00,87.50,218.12,-0.071528,50.50,1,0,0,0
2024-05-22,21007.25,20940.00,-67.25,218.12,-0.070574,50.50,1,0,0,0
2024-05-23,21181.75,20849.75,-332.00,218.12,-0.071910,51.00,1,1,0,0
2024-05-24,20961.50,21061.50,100.00,220.28,-0.074388,52.12,1,0,0,0
2024-05-28,21119.50,21078.75,-40.75,220.28,-0.073748,51.00,1,0,0,0
2024-05-29,20964.75,21047.25,82.50,220.28,-0.074893,52.12,1,0,0,0
2024-05-30,20964.25,20834.25,-130.00,220.28,-0.075543,52.12,1,0,0,0
2024-05-31,20801.25,20609.00,-192.25,220.28,-0.073629,52.12,1,0,0,0
2024-06-03,20912.25,20787.25,-125.00,218.12,-0.087915,52.12,1,0,0,0
2024-06-04,20837.25,20867.75,30.50,218.12,-0.085640,54.75,1,0,0,0
2024-06-05,21048.00,21231.75,183.75,218.12,-0.085202,57.12,1,0,0,0
2024-06-06,21302.25,21263.00,-39.25,218.12,-0.080516,58.38,1,0,0,0
2024-06-07,21240.00,21246.75,6.75,218.12,-0.081367,58.38,1,0,0,0
2024-06-10,21187.75,21314.50,126.75,218.12,-0.084229,58.38,1,0,0,0
2024-06-11,21257.25,21393.75,136.50,218.12,-0.084011,57.12,1,0,0,0
2024-06-12,21601.25,21665.50,64.25,217.00,-0.080830,58.38,1,0,0,0
2024-06-13,21836.00,21801.00,-35.00,217.00,-0.081560,58.38,1,0,0,0
2024-06-14,21777.00,21871.25,94.25,217.00,-0.082299,58.00,1,0,0,0
2024-06-17,21896.75,22197.00,300.25,217.00,-0.084629,54.75,1,1,0,0
2024-06-18,22130.25,22131.25,1.00,218.12,-0.089056,58.50,1,0,0,0
2024-06-20,22184.25,21968.75,-215.50,218.12,-0.088855,58.50,1,0,0,0
2024-06-21,21955.75,21935.25,-20.50,217.00,-0.086128,58.50,1,0,0,0
2024-06-24,21860.75,21770.50,-90.25,217.00,-0.086359,54.88,1,0,0,0
2024-06-25,21769.00,21919.25,150.25,217.00,-0.086621,54.88,1,0,0,0
2024-06-26,21867.75,21898.75,31.00,217.00,-0.086813,54.88,1,0,0,0
2024-06-27,21929.25,21991.00,61.75,217.00,-0.086326,56.62,1,0,0,0
2024-06-28,22009.00,21929.50,-79.50,217.00,-0.085954,56.62,1,0,0,0
2024-07-01,21909.75,21946.50,36.75,217.00,-0.083553,56.62,1,0,0,0
2024-07-02,21920.75,22164.50,243.75,216.85,-0.083248,56.62,1,1,0,0
2024-07-05,22380.25,22561.75,181.50,217.00,-0.079107,56.62,1,0,0,0
2024-07-08,22571.00,22563.00,-8.00,217.00,-0.073396,56.62,1,0,0,0
2024-07-09,22661.75,22603.25,-58.50,217.00,-0.074171,56.62,1,0,0,0
2024-07-10,22696.75,22808.75,112.00,217.00,-0.073960,52.88,1,0,0,0
2024-07-11,22833.50,22374.50,-459.00,217.00,-0.072162,53.62,1,1,0,0
2024-07-12,22383.00,22614.50,231.50,218.12,-0.068542,53.62,1,1,0,0
2024-07-15,22548.75,22559.50,10.75,230.18,-0.079877,57.25,1,0,0,0
2024-07-16,22588.00,22516.75,-71.25,230.18,-0.080305,57.25,1,0,0,0
2024-07-17,22199.00,21995.00,-204.00,230.18,-0.080481,53.62,1,0,0,0
2024-07-18,22079.75,21762.50,-317.25,230.18,-0.074075,53.62,1,1,0,0
2024-07-19,21807.25,21707.50,-99.75,232.62,-0.079247,53.62,1,0,0,0
2024-07-22,21893.75,21933.00,39.25,232.62,-0.076606,53.62,1,0,0,0
2024-07-23,21896.50,21926.25,29.75,232.62,-0.076860,54.88,1,0,0,0
2024-07-24,21577.50,21156.00,-421.50,232.62,-0.080485,57.88,1,1,0,0
2024-07-25,21156.00,21154.00,-2.00,232.62,-0.074312,57.88,1,0,0,0
2024-07-26,21102.50,21122.50,20.00,232.62,-0.074992,60.38,1,0,0,0
2024-07-29,21224.00,21179.25,-44.75,232.62,-0.074887,60.38,1,0,0,0
2024-07-30,21226.00,20874.75,-351.25,232.62,-0.073090,60.38,1,1,0,0
2024-07-31,21311.25,21376.00,64.75,233.43,-0.070950,60.38,1,0,0,0
2024-08-01,21464.00,20915.00,-549.00,232.62,-0.070233,60.38,1,1,0,0
2024-08-02,20589.75,20492.00,-97.75,233.43,-0.073187,60.75,1,0,0,0
2024-08-05,19501.25,19922.00,420.75,233.43,-0.074973,60.75,1,1,0,0
2024-08-06,20017.75,20280.75,263.00,236.43,-0.065935,63.25,1,1,0,0
2024-08-07,20392.25,20029.75,-362.50,239.23,-0.076558,67.25,1,1,0,0
2024-08-08,20164.00,20382.00,218.00,243.33,-0.062444,69.75,1,0,0,0
2024-08-09,20389.75,20546.00,156.25,243.33,-0.055852,70.75,1,0,0,0
2024-08-12,20580.00,20559.25,-20.75,243.33,-0.054992,70.75,1,0,0,0
2024-08-13,20760.75,20999.00,238.25,243.33,-0.055061,70.75,1,0,0,0
2024-08-14,21075.75,20998.25,-77.50,243.33,-0.051422,70.75,1,0,0,0
2024-08-15,21290.75,21520.25,229.50,243.33,-0.052419,71.00,1,0,0,0
2024-08-16,21442.00,21541.25,99.25,243.33,-0.049865,71.00,1,0,0,0
2024-08-19,21543.50,21722.75,179.25,243.33,-0.050188,71.00,1,0,0,0
2024-08-20,21756.50,21763.00,6.50,243.33,-0.045992,71.25,1,0,0,0
2024-08-21,21780.75,21810.25,29.50,243.33,-0.047645,71.00,1,0,0,0
2024-08-22,21936.75,21521.00,-415.75,243.33,-0.046852,71.00,1,1,0,0
2024-08-23,21694.75,21738.50,43.75,243.75,-0.043356,71.25,1,0,0,0
2024-08-26,21702.00,21525.00,-177.00,243.75,-0.043237,71.25,1,0,0,0
2024-08-27,21462.50,21587.25,124.75,243.75,-0.042965,71.25,1,0,0,0
2024-08-28,21564.50,21393.75,-170.75,243.75,-0.042540,70.75,1,0,0,0
2024-08-29,21436.25,21342.00,-94.25,243.33,-0.040925,70.75,1,0,0,0
2024-08-30,21498.50,21502.00,3.50,243.33,-0.040616,70.75,1,0,0,0
2024-09-03,21416.50,20974.50,-442.00,243.33,-0.040605,70.75,1,1,0,0
2024-09-04,20816.75,20905.00,88.25,243.33,-0.036762,71.25,1,0,0,0
2024-09-05,20825.50,20902.00,76.50,243.33,-0.036736,72.12,1,0,0,0
2024-09-06,20868.50,20450.00,-418.50,243.33,-0.030565,73.25,1,1,0,0
2024-09-09,20567.50,20583.75,16.25,243.75,-0.024049,74.12,1,0,0,0
2024-09-10,20696.25,20797.50,101.25,243.75,-0.024069,74.88,1,0,0,0
2024-09-11,20841.00,21138.25,297.25,243.75,-0.024846,74.12,1,1,0,0
2024-09-12,21198.25,21385.75,187.50,247.58,-0.019918,74.88,1,0,0,0
2024-09-13,21348.00,21467.25,119.25,247.58,-0.019911,74.88,1,0,0,0
2024-09-16,21374.50,21354.50,-20.00,247.58,-0.019356,74.88,1,0,0,0
2024-09-17,21498.75,21355.50,-143.25,247.58,-0.015845,74.88,1,0,0,0
2024-09-18,21434.50,21447.00,12.50,247.58,-0.017236,74.88,1,0,0,0
2024-09-19,21756.00,21811.25,55.25,247.58,-0.017940,76.25,1,0,0,0
2024-09-20,21739.00,21740.25,1.25,247.58,-0.019239,74.88,1,0,0,0
2024-09-23,21780.00,21778.25,-1.75,247.58,-0.019491,74.88,1,0,0,0
2024-09-24,21838.50,21855.25,16.75,247.58,-0.020069,74.12,1,0,0,0
2024-09-25,21844.25,21885.00,40.75,247.58,-0.019984,74.12,1,0,0,0
2024-09-26,22207.25,22049.00,-158.25,247.58,-0.019451,73.25,1,0,0,0
2024-09-27,22080.75,21943.50,-137.25,247.58,-0.020014,73.25,1,0,0,0
2024-09-30,21882.50,21857.50,-25.00,247.58,-0.017397,73.25,1,0,0,0
2024-10-01,21955.50,21741.75,-213.75,247.58,-0.017780,74.12,1,0,0,0
2024-10-02,21646.75,21750.50,103.75,247.58,-0.014730,75.88,1,0,0,0
2024-10-03,21615.75,21626.50,10.75,247.58,-0.015872,75.88,1,0,0,0
2024-10-04,21931.00,21899.50,-31.50,247.58,-0.016574,80.50,1,0,0,0
2024-10-07,21840.75,21699.25,-141.50,247.58,-0.020729,80.50,1,0,0,0
2024-10-08,21807.00,21992.00,185.00,247.58,-0.021250,78.75,1,0,0,0
2024-10-09,21986.25,22135.75,149.50,247.58,-0.020345,75.88,1,0,0,0
2024-10-10,22062.75,22118.50,55.75,247.58,-0.018534,75.88,1,0,0,0
2024-10-11,22044.50,22185.00,140.50,243.75,-0.018417,74.12,1,0,0,0
2024-10-14,22254.25,22342.00,87.75,243.75,-0.018604,73.25,1,0,0,0
2024-10-15,22335.00,21997.75,-337.25,243.75,-0.017323,72.62,1,1,0,0
2024-10-16,22056.75,22052.00,-4.75,247.58,-0.019815,73.25,1,0,0,0
2024-10-17,22276.75,22084.75,-192.00,247.58,-0.018488,72.62,1,0,0,0
2024-10-18,22169.50,22194.00,24.50,247.58,-0.017934,70.75,1,0,0,0
2024-10-21,22131.25,22182.25,51.00,247.58,-0.018421,68.88,1,0,0,0
2024-10-22,22105.75,22250.00,144.25,247.58,-0.018013,67.50,1,0,0,0
2024-10-23,22138.25,21889.00,-249.25,247.58,-0.017178,66.12,1,1,0,0
2024-10-24,22076.25,22093.50,17.25,249.12,-0.018568,64.50,1,0,0,0
2024-10-25,22194.50,22217.75,23.25,249.12,-0.018768,62.25,1,0,0,0
2024-10-28,22329.00,22231.25,-97.75,249.12,-0.017397,61.38,1,0,0,0
2024-10-29,22214.50,22445.50,231.00,249.12,-0.014424,60.88,1,0,0,0
2024-10-30,22365.25,22275.00,-90.25,247.58,-0.015956,60.88,1,0,0,0
2024-10-31,22069.00,21784.25,-284.75,247.58,-0.019928,60.88,1,1,0,0
2024-11-01,21772.00,21860.50,88.50,249.12,0.002127,60.88,1,0,1,0
2024-11-04,21823.75,21821.75,-2.00,249.12,0.002397,60.88,1,0,1,0
2024-11-05,21855.75,22034.25,178.50,249.12,0.002612,60.88,1,0,1,0
2024-11-06,22388.25,22606.75,218.50,249.12,0.002004,58.25,1,0,1,0
2024-11-07,22709.75,22934.75,225.00,249.12,0.001446,57.00,1,0,1,0
2024-11-08,22889.75,22923.50,33.75,249.12,0.000911,55.38,1,0,1,0
2024-11-11,22986.25,22896.00,-90.25,249.12,0.000985,54.25,1,0,1,0
2024-11-12,22918.00,22889.00,-29.00,249.12,0.000367,54.25,1,0,1,0
2024-11-13,22862.00,22884.75,22.75,249.12,0.000451,53.75,1,0,1,0
2024-11-14,22841.00,22726.75,-114.25,249.12,0.000587,53.75,1,0,1,0
2024-11-15,22462.00,22183.75,-278.25,247.58,0.001043,53.75,1,1,1,1
2024-11-18,22260.75,22352.75,92.00,249.12,0.000440,53.75,1,0,1,0
2024-11-19,22225.25,22455.25,230.00,249.12,-0.000010,53.75,1,0,0,0
2024-11-20,22456.50,22358.50,-98.00,249.12,0.001281,53.75,1,0,1,0
2024-11-21,22578.75,22572.75,-6.00,249.12,-0.001544,53.75,1,0,0,0
2024-11-22,22493.50,22527.25,33.75,249.12,-0.000828,53.75,1,0,0,0
2024-11-25,22720.00,22561.25,-158.75,249.12,0.003260,53.75,1,0,1,0
2024-11-26,22642.25,22660.00,17.75,249.12,0.002120,53.75,1,0,1,0
2024-11-27,22639.75,22502.75,-137.00,249.12,0.002893,53.75,1,0,1,0
2024-12-02,22746.25,22939.50,193.25,249.12,0.003178,53.38,1,0,1,0
2024-12-03,22861.50,22959.00,97.50,249.12,0.001150,53.00,1,0,1,0
2024-12-04,23121.50,23224.75,103.25,249.12,0.010937,51.88,1,0,1,0
2024-12-05,23238.75,23175.25,-63.50,249.12,0.013512,50.38,1,0,1,0
2024-12-06,23195.00,23352.00,157.00,249.12,0.013120,50.38,1,0,1,0
2024-12-09,23318.50,23149.25,-169.25,249.12,0.011376,49.75,1,0,1,0
2024-12-10,23236.25,23075.00,-161.25,249.12,0.009536,48.88,1,0,1,0
2024-12-11,23293.50,23519.25,225.75,249.12,0.007963,49.75,1,0,1,0
2024-12-12,23397.25,23357.00,-40.25,249.12,0.006560,49.75,1,0,1,0
2024-12-13,23498.50,23514.50,16.00,249.12,0.004838,48.88,1,0,1,0
2024-12-16,23611.00,23860.25,249.25,249.12,0.004246,47.88,1,1,1,1
2024-12-17,23752.00,23687.50,-64.50,249.25,0.002083,47.88,1,0,1,0
2024-12-18,23697.00,23139.25,-557.75,249.25,0.000974,47.88,1,1,1,1
2024-12-19,23093.25,22905.50,-187.75,257.35,0.034232,48.88,1,0,1,0
2024-12-20,22628.00,23068.00,440.00,257.35,0.038417,49.75,1,1,1,1
2024-12-23,23036.25,23123.75,87.50,262.53,0.029229,50.25,1,0,1,0
2024-12-26,23377.50,23464.00,86.50,262.53,0.030315,50.62,1,0,1,0
2024-12-27,23262.25,23066.00,-196.25,262.53,0.027995,51.88,1,0,1,0
2024-12-30,22825.00,22884.25,59.25,262.53,0.025757,51.88,1,0,1,0
2024-12-31,22872.50,22725.25,-147.25,262.53,0.024427,51.88,1,0,1,0
2025-01-02,22764.50,22572.75,-191.75,262.53,0.026903,51.88,1,0,1,0
2025-01-03,22710.25,22939.00,228.75,262.53,0.025165,51.88,1,0,1,0
2025-01-06,23149.25,23143.75,-5.50,262.53,0.023865,51.62,1,0,1,0
2025-01-07,23208.50,22743.25,-465.25,262.53,0.022172,51.62,1,1,1,1
2025-01-08,22772.00,22765.00,-7.00,265.70,0.017571,52.75,1,0,1,0
2025-01-10,22610.00,22428.25,-181.75,265.70,0.017510,53.38,1,0,1,0
2025-01-13,22182.25,22300.75,118.50,265.70,0.017234,53.88,1,0,1,0
2025-01-14,22487.75,22251.25,-236.50,265.70,0.018465,54.88,1,0,1,0
2025-01-15,22668.75,22856.50,187.75,262.53,0.014450,56.12,1,0,1,0
2025-01-16,22911.50,22748.00,-163.50,262.53,0.019975,54.88,1,0,1,0
2025-01-17,23063.50,23017.25,-46.25,262.53,0.022636,56.12,1,0,1,0
2025-01-21,23127.50,23159.25,31.75,262.53,0.022915,57.25,1,0,1,0
2025-01-22,23330.75,23431.75,101.00,262.53,0.020329,58.00,1,0,1,0
2025-01-23,23305.50,23386.50,81.00,262.53,0.025367,57.25,1,0,1,0
2025-01-24,23460.75,23281.00,-179.75,262.53,0.025975,58.00,1,0,1,0
2025-01-27,22541.25,22593.75,52.50,262.53,0.023955,58.00,1,0,1,0
2025-01-28,22719.00,23033.25,314.25,262.53,0.025825,58.38,1,1,1,1
2025-01-29,23016.50,23000.50,-16.00,269.75,0.022329,58.75,1,0,1,0
2025-01-30,23066.50,23107.00,40.50,269.75,0.022745,59.25,1,0,1,0
2025-01-31,23191.25,22974.50,-216.75,269.75,0.022036,59.25,1,0,1,0
2025-02-03,22632.00,22874.50,242.50,269.75,0.020497,59.25,1,0,1,0
2025-02-04,22838.25,23046.00,207.75,269.75,0.018090,59.25,1,0,1,0
2025-02-05,22967.25,23160.50,193.25,269.75,0.018903,59.25,1,0,1,0
2025-02-06,23194.50,23206.50,12.00,269.75,0.028274,60.00,1,0,1,0
2025-02-07,23302.00,22991.75,-310.25,269.75,0.028808,60.50,1,1,1,1
2025-02-10,23181.00,23279.25,98.25,277.48,0.023617,60.50,1,0,1,0
2025-02-11,23122.00,23227.25,105.25,277.48,0.034934,60.50,1,0,1,0
2025-02-12,22967.25,23232.00,264.75,277.48,0.024179,60.50,1,0,1,0
2025-02-13,23285.75,23501.00,215.25,277.48,0.018700,60.50,1,0,1,0
2025-02-14,23525.00,23602.00,77.00,277.48,0.019881,61.00,1,0,1,0
2025-02-18,23674.25,23586.50,-87.75,277.48,0.020179,60.50,1,0,1,0
2025-02-19,23624.00,23635.75,11.75,277.48,0.016239,60.50,1,0,1,0
2025-02-20,23626.75,23518.25,-108.50,277.48,0.017348,60.00,1,0,1,0
2025-02-21,23601.75,23118.25,-483.50,277.48,0.015954,60.00,1,1,1,1
2025-02-24,23169.50,22938.75,-230.75,284.10,0.017448,60.00,1,0,1,0
2025-02-25,22807.75,22643.50,-164.25,284.10,0.019374,60.00,1,0,1,0
2025-02-26,22654.75,22564.75,-90.00,284.10,0.022126,60.50,1,0,1,0
2025-02-27,22757.00,22106.00,-651.00,284.10,0.020845,61.25,1,1,1,1
2025-02-28,22007.25,22182.75,175.50,291.50,0.031644,61.88,1,0,1,0
2025-03-03,22472.25,21797.75,-674.50,291.50,0.038354,62.75,1,1,1,1
2025-03-04,21759.00,22087.25,328.25,296.75,0.022244,63.88,1,1,1,1
2025-03-05,21837.25,22106.50,269.25,299.95,0.002025,65.62,1,0,1,0
2025-03-06,21727.25,21521.75,-205.50,299.95,-0.000660,67.88,1,0,0,0
2025-03-07,21454.00,21642.00,188.00,299.95,-0.000475,70.38,1,0,0,0
2025-03-10,21298.50,20850.50,-448.00,299.95,-0.000557,73.88,1,1,0,0
2025-03-11,20838.00,20968.50,130.50,301.60,-0.005272,77.50,1,0,0,0
2025-03-12,21112.00,21035.50,-76.50,301.60,-0.009655,80.62,1,0,0,0
2025-03-13,20987.50,20677.50,-310.00,301.60,-0.009894,83.38,1,1,0,0
2025-03-14,20881.25,21084.75,203.50,309.18,-0.013758,86.38,1,0,0,0
2025-03-17,21123.25,21336.50,213.25,309.18,-0.012112,88.50,1,0,0,0
2025-03-18,21110.50,20920.25,-190.25,309.18,-0.015710,90.75,1,0,0,0
2025-03-19,21000.50,21168.25,167.75,309.18,-0.019776,90.75,1,0,0,0
2025-03-20,20998.75,21045.25,46.50,309.18,-0.020191,92.50,1,0,0,0
2025-03-21,20871.00,21053.00,182.00,309.18,-0.019667,90.75,1,0,0,0
2025-03-24,21468.50,21582.75,114.25,309.18,-0.014917,90.75,1,0,0,0
2025-03-25,21613.75,21650.50,36.75,309.18,-0.013993,88.88,1,0,0,0
2025-03-26,21651.50,21277.25,-374.25,309.18,-0.012709,88.88,1,1,0,0
2025-03-27,21241.25,21322.00,80.75,310.23,-0.015652,88.88,1,0,0,0
2025-03-28,21123.75,20671.25,-452.50,310.23,-0.017730,88.88,1,1,0,0
2025-03-31,20379.75,20578.00,198.25,312.73,-0.017439,88.12,1,0,0,0
2025-04-01,20592.75,20687.75,95.00,312.73,-0.013872,88.12,1,0,0,0
2025-04-02,20540.25,20906.00,365.75,312.73,-0.011281,88.88,1,1,0,0
2025-04-03,20135.25,19938.50,-196.75,314.12,-0.007248,90.75,1,0,0,0
2025-04-04,19366.00,18957.25,-408.75,314.12,-0.006323,92.50,1,1,0,0
2025-04-07,18140.25,18646.50,506.25,316.95,0.008671,92.50,1,1,1,1
2025-04-08,19361.25,18482.00,-879.25,327.15,0.017998,93.25,1,1,1,1
2025-04-09,18419.00,20365.25,1946.25,331.62,0.021148,94.38,1,1,1,1
2025-04-10,20002.25,19597.50,-404.75,336.73,0.032609,95.50,1,1,1,1
2025-04-11,19626.25,20041.50,415.25,336.73,0.028332,95.50,1,1,1,1
2025-04-14,20445.00,20252.00,-193.00,349.85,0.027220,95.50,1,0,1,0
2025-04-15,20199.75,20174.50,-25.25,349.85,0.028722,95.50,1,0,1,0
2025-04-16,19797.00,19347.25,-449.75,349.85,0.028345,95.50,1,1,1,1
2025-04-17,19710.75,19586.75,-124.00,361.38,0.017410,96.12,1,0,1,0
2025-04-21,19341.00,18990.25,-350.75,361.38,0.017856,97.12,1,0,1,0
2025-04-22,19364.50,19485.25,120.75,361.38,0.013373,98.25,1,0,1,0
2025-04-23,20161.25,19987.25,-174.00,351.20,0.016250,101.00,1,0,1,0
2025-04-24,20087.75,20452.00,364.25,351.20,0.016029,104.50,1,1,1,1
2025-04-25,20514.50,20699.75,185.25,361.38,0.018217,104.50,1,0,1,0
2025-04-28,20760.50,20719.00,-41.50,361.38,0.018893,103.25,1,0,1,0
2025-04-29,20639.00,20861.25,222.25,361.38,0.018645,101.25,1,0,1,0
2025-04-30,20513.75,20690.75,177.00,361.38,0.018581,99.00,1,0,1,0
2025-05-01,21183.75,21229.00,45.25,361.38,0.021939,101.25,1,0,1,0
2025-05-02,21303.50,21434.25,130.75,361.38,0.021335,103.25,1,0,1,0
2025-05-05,21222.50,21325.50,103.00,361.38,0.020892,103.25,1,0,1,0
2025-05-06,21007.75,21160.50,152.75,361.38,0.020153,103.25,1,0,1,0
2025-05-07,21111.00,20985.25,-125.75,361.38,0.020190,103.25,1,0,1,0
2025-05-08,21374.75,21533.25,158.50,361.38,0.017914,104.88,1,0,1,0
2025-05-09,21439.25,21369.25,-70.00,361.38,0.013755,108.88,1,0,1,0
2025-05-12,22131.00,22096.50,-34.50,361.38,0.014012,108.88,1,0,1,0
2025-05-13,22216.50,22533.25,316.75,361.38,0.013797,108.88,1,0,1,0
2025-05-14,22526.75,22568.00,41.25,361.38,0.012074,108.88,1,0,1,0
2025-05-15,22515.25,22533.00,17.75,361.38,0.012506,108.88,1,0,1,0
2025-05-16,22680.25,22708.25,28.00,361.38,0.012987,108.88,1,0,1,0
2025-05-19,22414.50,22670.75,256.25,361.38,0.012976,108.88,1,0,1,0
2025-05-20,22625.00,22589.75,-35.25,361.38,0.014467,108.88,1,0,1,0
2025-05-21,22491.25,22308.75,-182.50,361.38,0.014237,104.88,1,0,1,0
2025-05-22,22383.25,22536.50,153.25,361.38,0.013448,104.88,1,0,1,0
2025-05-23,22062.25,22226.50,164.25,361.38,0.011214,110.38,1,0,1,0
2025-05-27,22471.75,22648.75,177.00,361.38,0.010875,104.88,1,0,1,0
2025-05-28,22717.00,22670.50,-46.50,361.38,0.011412,103.25,1,0,1,0
2025-05-29,22886.50,22583.00,-303.50,361.38,0.011692,103.25,1,0,1,0
2025-05-30,22595.00,22599.50,4.50,361.38,0.011421,102.38,1,0,1,0
2025-06-02,22499.75,22743.75,244.00,361.38,0.011379,100.88,1,0,1,0
2025-06-03,22758.75,22925.25,166.50,361.38,0.011238,99.75,1,0,1,0
2025-06-04,22937.50,22996.75,59.25,361.38,0.011324,99.00,1,0,1,0
2025-06-05,23024.25,22787.25,-237.00,361.38,0.011151,98.25,1,0,1,0
2025-06-06,23010.25,23021.00,10.75,361.38,0.011088,98.25,1,0,1,0
2025-06-09,23010.25,23069.00,58.75,361.38,0.011483,98.25,1,0,1,0
2025-06-10,23048.75,23180.00,131.25,361.38,0.011113,97.38,1,0,1,0
2025-06-11,23229.25,23062.50,-166.75,361.38,0.010925,97.38,1,0,1,0
2025-06-12,23041.00,23148.25,107.25,361.38,0.010367,96.50,1,0,1,0
2025-06-13,22892.25,22845.50,-46.75,361.38,0.010253,96.50,1,0,1,0
2025-06-16,23015.25,23165.75,150.50,361.38,0.010805,95.62,1,0,1,0
2025-06-17,23064.25,22987.00,-77.25,361.38,0.011443,95.62,1,0,1,0
2025-06-18,22993.00,22922.75,-70.25,361.38,0.012255,94.75,1,0,1,0
2025-06-20,23075.25,22814.00,-261.25,361.38,0.012035,95.38,1,0,1,0
2025-06-23,22869.75,23056.00,186.25,361.38,0.011333,95.38,1,0,1,0
2025-06-24,23286.75,23422.00,135.25,361.38,0.012433,95.38,1,0,1,0
2025-06-25,23500.00,23441.25,-58.75,361.38,0.012441,94.75,1,0,1,0
2025-06-26,23553.25,23671.50,118.25,361.38,0.000860,94.75,1,0,1,0
2025-06-27,23707.75,23671.75,-36.00,361.38,-0.001302,91.12,1,0,0,0
2025-06-30,23872.25,23877.75,5.50,361.38,0.002042,88.38,1,0,1,0
2025-07-01,23803.25,23726.25,-77.00,361.38,0.001717,87.12,1,0,1,0
2025-07-02,23654.75,23824.75,170.00,361.38,0.002393,86.00,1,0,1,0
2025-07-07,23943.75,23847.50,-96.25,361.38,0.003539,82.50,1,0,1,0
2025-07-08,23935.50,23890.75,-44.75,361.38,0.003566,78.62,1,0,1,0
2025-07-09,23979.25,24037.25,58.00,361.38,0.002211,77.75,1,0,1,0
2025-07-10,24072.50,24029.25,-43.25,361.38,0.002365,76.50,1,0,1,0
2025-07-11,23915.25,23980.50,65.25,361.38,0.002930,74.62,1,0,1,0
2025-07-14,23943.50,24042.75,99.25,361.38,0.002767,73.25,1,0,1,0
2025-07-15,24200.75,24089.00,-111.75,361.38,0.003845,72.38,1,0,1,0
2025-07-16,24075.00,24072.50,-2.50,361.38,0.004350,72.38,1,0,1,0
2025-07-17,24100.75,24262.25,161.50,361.38,0.004339,70.75,1,0,1,0
2025-07-18,24300.75,24213.00,-87.75,361.38,0.003608,68.62,1,0,1,0
2025-07-21,24256.75,24369.25,112.50,351.20,0.005533,67.62,1,0,1,0
2025-07-22,24346.50,24239.50,-107.00,351.20,0.006127,66.12,1,0,1,0
2025-07-23,24262.00,24293.75,31.75,351.20,0.004853,63.88,1,0,1,0
2025-07-24,24374.50,24416.25,41.75,351.20,0.004864,62.38,1,0,1,0
2025-07-25,24361.00,24440.00,79.00,351.20,0.004801,61.62,1,0,1,0
2025-07-28,24473.50,24462.50,-11.00,351.20,0.004861,60.88,1,0,1,0
2025-07-29,24596.00,24459.00,-137.00,351.20,0.004366,59.50,1,0,1,0
2025-07-30,24487.75,24395.25,-92.50,351.20,0.005200,57.50,1,0,1,0
2025-07-31,24748.25,24378.00,-370.25,351.20,0.004015,57.50,1,1,1,1
2025-08-01,24088.75,23877.50,-211.25,351.20,0.006529,57.50,1,0,1,0
2025-08-04,24095.00,24267.00,172.00,351.20,0.006406,57.50,1,0,1,0
2025-08-05,24349.25,24171.50,-177.75,351.20,0.007019,56.38,1,0,1,0
2025-08-06,24169.25,24431.00,261.75,351.20,0.008147,56.12,1,0,1,0
2025-08-07,24601.75,24395.75,-206.00,349.40,0.009195,55.75,1,0,1,0
2025-08-08,24542.25,24707.75,165.50,349.40,0.006542,56.12,1,0,1,0
2025-08-11,24716.25,24662.75,-53.50,336.35,0.006350,55.75,1,0,1,0
2025-08-12,24733.50,24923.75,190.25,336.35,0.006452,55.75,1,0,1,0
2025-08-13,25045.00,24936.50,-108.50,327.10,0.006787,55.50,1,0,1,0
2025-08-14,24858.75,24928.75,70.00,327.10,0.007007,54.00,1,0,1,0
2025-08-15,24909.50,24807.75,-101.75,316.50,0.007191,54.00,1,0,1,0
2025-08-18,24769.25,24792.25,23.00,316.50,0.007869,52.25,1,0,1,0
2025-08-19,24762.75,24459.75,-303.00,316.50,0.007513,51.25,1,0,1,0
2025-08-20,24426.25,24320.25,-106.00,316.50,0.007292,50.38,1,0,1,0
2025-08-21,24260.75,24237.50,-23.25,316.50,0.007821,50.38,1,0,1,0
2025-08-22,24265.25,24575.75,310.50,316.50,0.007839,49.25,1,0,1,0
2025-08-25,24496.50,24553.25,56.75,316.50,0.007768,49.25,1,0,1,0
2025-08-26,24470.75,24567.75,97.00,316.50,0.006389,49.25,1,0,1,0
2025-08-27,24542.00,24598.00,56.00,316.50,0.004018,49.25,1,0,1,0
2025-08-28,24641.00,24778.25,137.25,316.50,0.002680,49.00,1,0,1,0
2025-09-02,24100.75,24234.25,133.50,316.50,0.002817,49.00,1,0,1,0
2025-09-03,24424.00,24354.25,-69.75,313.88,-0.002628,49.00,1,0,0,0
2025-09-04,24480.75,24629.25,148.50,313.88,-0.005895,50.00,1,0,0,0
2025-09-05,24875.00,24683.50,-191.50,313.88,0.000796,50.00,1,0,1,0
2025-09-08,24784.75,24771.00,-13.75,313.88,0.010485,50.12,1,0,1,0
2025-09-09,24835.50,24857.00,21.50,313.88,0.011618,49.88,1,0,1,0
2025-09-10,24999.00,24810.50,-188.50,313.88,0.011158,49.88,1,0,1,0
2025-09-11,24977.50,25033.25,55.75,313.88,0.010115,49.88,1,0,1,0
2025-09-12,25041.00,25125.00,84.00,310.48,0.011334,49.88,1,0,1,0
2025-09-15,25181.50,25279.50,98.00,310.48,0.013351,49.00,1,0,1,0
2025-09-16,25351.50,25300.00,-51.50,310.48,0.013379,49.88,1,0,1,0
2025-09-17,25284.50,25293.75,9.25,310.23,0.012938,49.00,1,0,1,0
2025-09-18,25442.50,25484.50,42.00,310.23,0.012508,49.00,1,0,1,0
2025-09-19,25531.25,25609.50,78.25,310.23,0.014666,47.62,1,0,1,0
2025-09-22,25578.50,25780.25,201.75,310.23,0.014386,47.62,1,0,1,0
2025-09-23,25764.25,25565.75,-198.50,310.23,0.014006,47.62,1,0,1,0
2025-09-24,25648.25,25486.50,-161.75,310.23,0.013347,47.62,1,0,1,0
2025-09-25,25339.75,25371.25,31.50,310.23,0.011290,48.38,1,0,1,0
2025-09-26,25417.50,25488.75,71.25,310.23,0.011484,48.38,1,0,1,0
2025-09-29,25614.50,25571.50,-43.00,310.23,0.011313,47.62,1,0,1,0
2025-09-30,25583.75,25625.25,41.50,310.23,0.013143,47.62,1,0,1,0
2025-10-01,25526.75,25787.00,260.25,310.23,0.014158,48.25,1,0,1,0
2025-10-02,25928.00,25884.50,-43.50,310.23,0.013222,47.62,1,0,1,0
2025-10-03,25896.25,25767.50,-128.75,310.23,0.011856,47.62,1,0,1,0
2025-10-06,25977.50,25986.50,9.00,310.23,0.011066,47.62,1,0,1,0
2025-10-07,26000.50,25796.75,-203.75,310.23,0.009334,47.62,1,0,1,0
2025-10-08,25843.50,26075.00,231.50,310.23,0.007976,47.62,1,0,1,0
2025-10-09,26092.25,26028.25,-64.00,310.23,-0.003394,47.62,1,0,0,0
2025-10-10,26076.75,25294.25,-782.50,310.23,-0.011128,46.75,1,1,0,0
2025-10-13,25588.00,25677.75,89.75,310.48,-0.002020,47.62,1,0,0,0
2025-10-14,25401.25,25664.75,263.50,310.48,-0.051185,47.62,1,0,0,0
2025-10-15,25765.50,25707.00,-58.50,310.48,-0.052862,48.25,1,0,0,0
2025-10-16,25808.50,25499.00,-309.50,310.48,-0.051715,48.25,1,0,0,0
2025-10-17,25499.50,25788.75,289.25,310.48,-0.064456,48.38,1,0,0,0
2025-10-20,25881.50,26085.00,203.50,310.48,-0.066679,48.25,1,0,0,0
2025-10-21,26064.50,26071.75,7.25,310.48,-0.039328,47.62,1,0,0,0
2025-10-22,26028.50,25772.25,-256.25,310.48,-0.039724,48.00,1,0,0,0
2025-10-23,25779.50,26038.00,258.50,310.48,-0.027578,48.38,1,0,0,0
2025-10-24,26229.75,26324.25,94.50,310.23,-0.032204,48.38,1,0,0,0
2025-10-27,26579.00,26690.25,111.25,310.23,-0.033156,48.38,1,0,0,0
2025-10-28,26814.75,26988.75,174.00,310.23,-0.041486,48.38,1,0,0,0
2025-10-29,27029.25,26956.00,-73.25,310.23,-0.046851,48.38,1,0,0,0
2025-10-30,26889.00,26690.25,-198.75,310.23,-0.048810,48.38,1,0,0,0
2025-10-31,26962.50,26849.00,-113.50,310.23,-0.044750,48.38,1,0,0,0
2025-11-03,26999.00,26862.75,-136.25,310.23,-0.049682,48.75,1,0,0,0
2025-11-04,26504.75,26383.75,-121.00,310.23,-0.048275,48.38,1,0,0,0
2025-11-05,26305.50,26597.00,291.50,310.23,-0.045191,48.75,1,0,0,0
2025-11-06,26437.00,26117.25,-319.75,310.23,-0.050603,48.75,1,1,0,0
2025-11-07,25873.50,25818.75,-54.75,310.48,-0.037290,49.38,1,0,0,0
2025-11-10,26302.25,26473.50,171.25,310.48,-0.032729,49.88,1,0,0,0
2025-11-11,26368.50,26422.50,54.00,310.48,-0.025187,50.25,1,0,0,0
2025-11-12,26541.75,26366.00,-175.75,310.48,-0.025853,50.50,1,0,0,0
2025-11-13,26240.50,25835.50,-405.00,310.48,-0.026038,50.88,1,1,0,0
2025-11-14,25486.00,25903.75,417.75,313.88,-0.024084,51.88,1,1,0,0
2025-11-17,25761.00,25552.00,-209.00,316.50,-0.027378,51.88,1,0,0,0
2025-11-18,25481.50,25456.75,-24.75,316.50,-0.032983,53.00,1,0,0,0
2025-11-19,25374.00,25535.50,161.50,316.50,-0.032356,53.50,1,0,0,0
2025-11-20,25974.25,25055.75,-918.50,316.50,-0.039118,53.50,1,1,0,0
2025-11-21,24966.00,25152.00,186.00,319.45,-0.001128,53.50,1,0,0,0
2025-11-24,25285.50,25699.25,413.75,319.45,-0.001969,55.38,1,1,0,0
2025-11-25,25620.00,25811.00,191.00,327.40,0.003047,58.00,1,0,1,0
2025-11-26,25985.25,26109.00,123.75,327.40,0.005580,58.00,1,0,1,0
2025-12-01,26018.00,26164.50,146.50,327.40,0.003130,56.50,1,0,1,0
2025-12-02,26255.50,26396.50,141.00,327.40,0.002462,55.88,1,0,1,0
2025-12-03,26258.00,26445.25,187.25,327.40,0.004413,55.88,1,0,1,0
2025-12-04,26475.00,26326.75,-148.25,327.40,0.003541,55.88,1,0,1,0
2025-12-05,26443.25,26488.75,45.50,327.40,0.001196,56.62,1,0,1,0
2025-12-08,26554.75,26378.50,-176.25,327.40,0.001447,56.62,1,0,1,0
2025-12-09,26382.00,26460.00,78.00,327.40,-0.000283,58.25,1,0,0,0
2025-12-10,26410.50,26600.00,189.50,327.40,0.000586,58.25,1,0,1,0
2025-12-11,26407.25,26442.25,35.00,327.40,-0.000697,60.50,1,0,0,0
2025-12-12,26323.00,25973.00,-350.00,327.40,0.000046,61.12,1,1,1,1
2025-12-15,26176.00,25879.50,-296.50,347.83,-0.000084,61.12,1,0,0,0
2025-12-16,25741.75,25883.50,141.75,347.83,0.003323,61.12,1,0,1,0
2025-12-17,25932.25,25465.00,-467.25,347.83,0.003309,62.00,1,1,1,1
2025-12-18,25789.00,25817.50,28.50,350.68,0.008842,63.50,1,0,1,0
2025-12-19,25874.75,26092.50,217.75,350.68,0.008093,65.75,1,0,1,0
2025-12-22,26290.75,26198.50,-92.25,350.68,0.007698,65.75,1,0,1,0
2025-12-23,26154.25,26308.00,153.75,350.68,0.008023,65.75,1,0,1,0
2025-12-26,26409.25,26383.25,-26.00,350.68,0.010259,65.75,1,0,1,0
2025-12-29,26216.75,26260.25,43.50,350.68,0.009550,65.75,1,0,1,0
2025-12-30,26202.25,26214.75,12.50,350.68,0.009874,63.50,1,0,1,0
2025-12-31,26189.00,25987.50,-201.50,347.83,0.010069,63.50,1,0,1,0
2026-01-02,26196.25,25942.25,-254.00,347.83,0.010619,65.75,1,0,1,0
2026-01-05,26153.00,26110.00,-43.00,327.40,0.013034,68.00,1,0,1,0
2026-01-06,26146.00,26320.25,174.25,327.40,0.013044,68.00,1,0,1,0
2026-01-07,26300.50,26370.25,69.75,327.40,0.012898,68.00,1,0,1,0
2026-01-08,26295.50,26186.00,-109.50,327.40,0.011738,68.00,1,0,1,0
2026-01-09,26224.25,26477.50,253.25,327.40,0.012210,68.00,1,0,1,0
2026-01-12,26256.00,26501.00,245.00,327.40,0.010633,65.75,1,0,1,0
2026-01-13,26459.75,26337.00,-122.75,327.40,0.008659,65.75,1,0,1,0
2026-01-14,26250.00,26074.25,-175.75,327.40,0.006707,65.75,1,0,1,0
2026-01-15,26434.25,26228.75,-205.50,327.40,0.004434,65.75,1,0,1,0
2026-01-16,26378.25,26221.50,-156.75,319.45,0.004404,63.50,1,0,1,0
2026-01-20,25753.50,25638.75,-114.75,319.45,0.004414,63.50,1,0,1,0
2026-01-21,25707.25,25996.50,289.25,319.45,0.004121,63.50,1,0,1,0
2026-01-22,26239.75,26119.25,-120.50,319.45,0.003532,65.75,1,0,1,0
2026-01-26,26258.75,26390.75,132.00,319.45,0.002617,68.00,1,0,1,0
2026-01-27,26492.75,26606.00,113.25,319.45,0.002227,68.00,1,0,1,0
2026-01-28,26763.25,26684.25,-79.00,319.45,0.001629,68.00,1,0,1,0
2026-01-29,26643.25,26363.25,-280.00,319.45,0.001624,68.00,1,0,1,0
2026-01-30,26344.00,26106.00,-238.00,319.45,-0.005140,68.00,1,0,0,0
2026-02-02,26052.25,26374.75,322.50,319.45,-0.008117,68.00,1,1,0,0
2026-02-03,26444.50,25840.50,-604.00,322.23,-0.008280,64.50,1,1,0,0
2026-02-04,25895.00,25569.00,-326.00,327.68,-0.019522,64.50,1,0,0,0
2026-02-05,25281.00,25147.75,-133.25,328.03,-0.014954,68.00,1,0,0,0
2026-02-06,25270.00,25620.75,350.75,328.03,-0.016633,68.00,1,1,0,0
2026-02-09,25567.75,25874.00,306.25,347.83,-0.013720,68.00,1,0,0,0
2026-02-10,25886.25,25764.50,-121.75,347.83,-0.015624,64.50,1,0,0,0
2026-02-11,25928.75,25795.00,-133.75,347.83,-0.016087,64.50,1,0,0,0
2026-02-12,25856.75,25314.75,-542.00,347.83,-0.016035,64.50,1,1,0,0
2026-02-13,25252.75,25275.25,22.50,350.68,-0.009019,64.50,1,0,0,0
2026-02-17,25168.75,25283.00,114.25,350.68,-0.009140,68.12,1,0,0,0
2026-02-18,25318.75,25386.00,67.25,350.68,-0.009129,64.50,1,0,0,0
2026-02-19,25344.00,25298.25,-45.75,350.68,-0.008513,64.50,1,0,0,0
2026-02-20,25225.25,25531.25,306.00,350.68,-0.008743,64.50,1,0,0,0
2026-02-23,25491.25,25216.50,-274.75,350.68,-0.005639,61.75,1,0,0,0
2026-02-24,25314.75,25509.25,194.50,350.68,-0.008132,61.75,1,0,0,0
2026-02-25,25670.25,25876.75,206.50,350.68,-0.007029,61.75,1,0,0,0
2026-02-26,25851.25,25539.25,-312.00,350.68,-0.005807,61.12,1,0,0,0
2026-02-27,25325.75,25488.75,163.00,350.68,-0.008178,60.75,1,0,0,0
2026-03-02,25154.50,25477.00,322.50,350.68,-0.007636,60.75,1,0,0,0
2026-03-03,25044.00,25292.50,248.50,350.68,-0.004479,61.12,1,0,0,0
2026-03-04,25363.00,25661.00,298.00,347.83,-0.004782,61.75,1,0,0,0
2026-03-05,25497.75,25464.50,-33.25,347.83,-0.006284,61.75,1,0,0,0
2026-03-06,25194.75,25163.25,-31.50,347.83,-0.006881,65.12,1,0,0,0
2026-03-09,24942.75,25463.00,520.25,347.83,-0.006694,65.12,1,1,0,0
2026-03-10,25500.50,25498.00,-2.50,347.83,-0.004463,68.75,1,0,0,0
2026-03-11,25544.50,25445.00,-99.50,347.83,-0.003536,68.75,1,0,0,0
2026-03-12,25285.50,25125.50,-160.00,328.03,-0.005085,69.62,1,0,0,0
2026-03-13,25155.75,24886.75,-269.00,325.65,-0.003520,69.62,1,0,0,0
2026-03-16,25164.75,25194.75,30.00,325.65,-0.004210,69.62,1,0,0,0
2026-03-17,25296.50,25302.50,6.00,325.65,-0.004340,68.75,1,0,0,0
2026-03-18,25224.75,25017.25,-207.50,325.65,-0.002628,68.75,1,0,0,0
2026-03-19,24724.00,24893.00,169.00,322.50,-0.000479,68.75,1,0,0,0
2026-03-20,24783.50,24354.75,-428.75,322.50,-0.000833,68.75,1,1,0,0
2026-03-23,24789.75,24770.00,-19.75,325.65,-0.004749,68.75,1,0,0,0
2026-03-24,24551.25,24562.75,11.50,325.65,-0.004734,69.62,1,0,0,0
2026-03-25,24726.00,24650.00,-76.00,325.65,-0.004731,70.00,1,0,0,0
2026-03-26,24451.75,24138.50,-313.25,325.65,-0.004761,70.00,1,0,0,0
2026-03-27,23950.25,23626.25,-324.00,325.65,-0.002672,70.62,1,0,0,0
2026-03-30,23804.25,23332.75,-471.50,325.80,-0.001341,71.00,1,1,0,0
2026-03-31,23676.75,24177.50,500.75,347.60,-0.006743,72.75,1,1,0,0
2026-04-01,24384.00,24529.25,145.25,350.68,-0.003720,75.75,1,0,0,0
2026-04-02,24059.00,24442.50,383.50,350.68,-0.004499,75.00,1,1,0,0
2026-04-06,24560.75,24631.50,70.75,350.75,-0.000538,77.62,1,0,0,0
2026-04-07,24539.50,24512.75,-26.75,350.68,-0.000098,77.62,1,0,0,0
2026-04-08,25495.00,25253.75,-241.25,350.68,-0.000622,79.38,1,0,0,0
2026-04-09,25376.75,25518.50,141.75,347.60,-0.003839,80.62,1,0,0,0
2026-04-10,25610.50,25590.50,-20.00,347.60,-0.003329,80.62,1,0,0,0
2026-04-13,25511.25,25754.75,243.50,347.60,-0.003451,80.62,1,0,0,0
2026-04-14,25952.00,26283.75,331.75,325.80,-0.000682,80.62,1,1,0,0
2026-04-15,26318.75,26632.00,313.25,331.18,0.000098,79.38,1,0,1,0
2026-04-16,26736.50,26741.00,4.50,325.80,0.000624,79.38,1,0,1,0
2026-04-17,26988.00,27074.25,86.25,323.85,0.000881,79.38,1,0,1,0
2026-04-20,27091.75,27023.25,-68.50,322.50,-0.012407,79.38,1,0,0,0
2026-04-21,27103.75,27072.75,-31.00,322.23,-0.012596,79.38,1,0,0,0
2026-04-22,27177.00,27340.75,163.75,319.45,-0.006771,79.38,1,0,0,0
2026-04-23,27310.75,27211.00,-99.75,316.40,-0.006174,79.38,1,0,0,0
2026-04-24,27506.00,27719.00,213.00,316.40,-0.002437,81.38,1,0,0,0
2026-04-27,27707.00,27719.00,12.00,316.40,-0.000545,81.38,1,0,0,0
2026-04-28,27457.00,27483.00,26.00,313.25,0.000215,79.38,1,0,1,0
2026-04-29,27502.50,27606.25,103.75,313.25,0.000155,77.62,1,0,1,0
2026-04-30,27787.00,27887.25,100.25,313.12,0.001466,77.62,1,0,1,0
2026-05-01,27928.25,28191.50,263.25,313.12,0.002170,76.50,1,0,1,0
2026-05-04,28150.25,28073.75,-76.50,313.12,0.000571,76.50,1,0,1,0
2026-05-05,28283.75,28461.75,178.00,311.85,0.000112,74.50,1,0,1,0
2026-05-06,28685.25,28990.00,304.75,311.85,0.000969,72.00,1,0,1,0
2026-05-07,29046.00,28907.00,-139.00,311.85,0.002435,72.00,1,0,1,0
2026-05-08,29173.50,29558.25,384.75,311.85,-0.000583,74.50,1,1,0,0
2026-05-11,29601.00,29677.50,76.50,313.12,0.001686,76.50,1,0,1,0
2026-05-12,29508.50,29343.00,-165.50,313.12,0.002177,74.50,1,0,1,0
2026-05-13,29583.00,29821.75,238.75,313.12,-0.001528,74.50,1,0,0,0
2026-05-14,29772.00,29995.00,223.00,313.12,0.000574,76.50,1,0,1,0
2026-05-15,29573.50,29586.50,13.00,313.12,-0.004780,74.50,1,0,0,0
2026-05-18,29634.25,29218.75,-415.50,313.12,-0.003872,74.50,1,1,0,0
2026-05-19,29146.00,29273.00,127.00,313.25,-0.013433,76.50,1,0,0,0
2026-05-20,29369.75,29636.50,266.75,313.25,-0.014317,77.00,1,0,0,0
2026-05-21,29509.25,29723.50,214.25,313.25,-0.012283,76.50,1,0,0,0
2026-05-22,29876.25,29846.50,-29.75,313.12,-0.011193,76.50,1,0,0,0
2026-05-26,30199.25,30348.50,149.25,313.12,-0.008984,76.50,1,0,0,0
2026-05-27,30483.50,30322.50,-161.00,313.12,-0.005769,74.50,1,0,0,0
2026-05-28,30349.50,30601.75,252.25,313.12,-0.006716,72.00,1,0,0,0
2026-05-29,30678.25,30677.75,-0.50,313.12,-0.005813,70.88,1,0,0,0
2026-06-01,30638.75,30920.50,281.75,313.12,-0.031291,70.88,1,0,0,0
2026-06-02,30851.75,30959.75,108.00,313.12,-0.031491,70.50,1,0,0,0
2026-06-03,31050.00,30930.75,-119.25,313.12,-0.031142,70.00,1,0,0,0
2026-06-04,30564.50,30890.50,326.00,313.12,-0.031530,69.75,1,1,0,0
2026-06-05,30331.75,29450.25,-881.50,313.25,-0.036077,69.75,1,1,0,0
2026-06-08,29822.50,29732.50,-90.00,319.10,-0.012857,69.75,1,0,0,0
2026-06-09,30033.00,29248.50,-784.50,319.10,-0.012191,69.75,1,1,0,0
2026-06-10,29147.75,28843.25,-304.50,322.23,-0.026212,70.00,1,0,0,0
2026-06-11,29049.25,29719.75,670.50,322.23,-0.023764,70.50,1,1,0,0
2026-06-12,29786.25,29951.25,165.00,322.50,-0.020066,70.88,1,0,0,0
2026-06-15,30633.50,30831.75,198.25,322.50,-0.019490,70.88,1,0,0,0
2026-06-16,30811.00,30444.75,-366.25,322.50,-0.018571,70.88,1,1,0,0
2026-06-17,30527.75,30128.50,-399.25,323.85,-0.010773,70.88,1,1,0,0
2026-06-18,30594.50,30688.25,93.75,325.80,-0.003685,70.88,1,0,0,0
2026-06-22,30822.50,30551.75,-270.75,325.80,-0.004014,70.88,1,0,0,0
2026-06-23,29718.00,29710.75,-7.25,325.80,-0.008757,72.00,1,0,0,0
2026-06-24,29712.25,29384.50,-327.75,325.80,-0.008533,73.88,1,1,0,0
2026-06-25,30152.75,29682.75,-470.00,326.00,-0.017802,73.88,1,1,0,0
2026-06-26,29361.50,29451.50,90.00,327.57,-0.020023,73.88,1,0,0,0
2026-06-29,29644.25,30026.00,381.75,327.57,-0.021525,73.88,1,1,0,0
2026-06-30,30046.75,30575.50,528.75,331.35,-0.020839,75.38,1,1,0,0
2026-07-01,30234.50,30189.50,-45.00,348.18,-0.024103,75.38,1,0,0,0
2026-07-02,30078.25,29422.75,-655.50,348.18,-0.023466,76.50,1,1,0,0
2026-07-06,29835.25,30035.75,200.50,350.68,-0.029880,76.50,1,0,0,0
2026-07-07,29593.75,29321.00,-272.75,350.68,-0.031751,76.50,1,0,0,0
2026-07-08,29201.75,29425.25,223.50,350.68,-0.034187,80.62,1,0,0,0
2026-07-09,29745.75,29931.50,185.75,350.68,-0.035322,84.38,1,0,0,0
2026-07-10,29835.00,30046.00,211.00,350.68,-0.035252,80.62,1,0,0,0
2026-07-13,29710.25,29419.25,-291.00,350.68,-0.035498,80.62,1,0,0,0
2026-07-14,29811.00,29797.75,-13.25,350.68,-0.036042,84.38,1,0,0,0
2026-07-15,29955.00,29642.75,-312.25,350.68,-0.036107,84.38,1,0,0,0
2026-07-16,29466.25,29148.00,-318.25,350.68,-0.036289,87.38,1,0,0,0
2026-07-17,28606.00,28795.25,189.25,350.68,-0.036606,92.62,1,0,0,0
2026-07-20,29043.25,28855.00,-188.25,350.68,-0.036612,92.62,1,0,0,0
2026-07-21,29223.00,29293.75,70.75,350.68,-0.033804,95.88,1,0,0,0
2026-07-22,29088.75,29253.50,164.75,350.68,-0.034171,92.62,1,0,0,0
2026-07-23,28718.00,28583.00,-135.00,350.68,-0.036614,95.62,1,0,0,0
2026-07-24,28540.00,28253.25,-286.75,350.68,-0.036831,96.50,1,0,0,0
2026-07-27,28591.25,28243.25,-348.00,350.68,-0.036678,96.50,1,0,0,0
2026-07-28,27951.25,28017.75,66.50,350.68,-0.033496,97.62,1,0,0,0
2026-07-29,27915.00,27711.00,-204.00,350.68,-0.033669,99.38,1,0,0,0
2026-07-30,27876.50,28243.75,367.25,350.68,-0.025175,100.50,1,1,0,0
2026-07-31,28576.50,28475.25,-101.25,364.70,-0.025954,100.50,1,0,0,0
2026-08-03,28417.50,28913.25,495.75,364.70,-0.021468,101.00,1,1,0,0
2026-08-04,29234.25,29900.50,666.25,367.15,-0.020193,101.00,1,1,0,0
2026-08-05,29975.50,29756.50,-219.00,369.95,-0.021601,102.00,1,0,0,0
2026-08-06,29334.75,29508.50,173.75,369.95,-0.011750,103.88,1,0,0,0
2026-08-07,29714.50,29811.00,96.50,369.95,-0.014374,103.88,1,0,0,0
2026-08-10,29805.50,29781.75,-23.75,367.15,-0.014285,102.00,1,0,0,0
2026-08-11,29839.25,29624.25,-215.00,367.15,-0.015494,102.00,1,0,0,0
2026-08-12,29991.75,29867.50,-124.25,367.15,-0.014941,102.00,1,0,0,0
2026-08-13,29911.25,30222.75,311.50,367.15,-0.015184,100.50,1,0,0,0
2026-08-14,30241.50,30096.25,-145.25,367.15,-0.016181,99.38,1,0,0,0
