day,prevclose,dec_close,D,thr90_lagged,beta126,stop_scale60,warm,dgate,rgate,trade
2019-07-08,11227.25,11177.25,-50.00,warmup,warmup,warmup,0,0,0,0
2019-07-09,11169.50,11131.00,-38.50,warmup,warmup,warmup,0,0,0,0
2019-07-10,11209.00,11187.50,-21.50,warmup,warmup,warmup,0,0,0,0
2019-07-11,11286.50,11306.50,20.00,warmup,warmup,warmup,0,0,0,0
2019-07-12,11278.25,11294.75,16.50,warmup,warmup,warmup,0,0,0,0
2019-07-15,11324.25,11335.75,11.50,warmup,warmup,warmup,0,0,0,0
2019-07-16,11346.75,11350.75,4.00,warmup,warmup,warmup,0,0,0,0
2019-07-17,11306.75,11313.00,6.25,warmup,warmup,warmup,0,0,0,0
2019-07-18,11267.75,11231.25,-36.50,warmup,warmup,warmup,0,0,0,0
2019-07-19,11279.50,11309.25,29.75,warmup,warmup,warmup,0,0,0,0
2019-07-22,11212.00,11232.50,20.50,warmup,warmup,warmup,0,0,0,0
2019-07-23,11280.00,11309.25,29.25,warmup,warmup,warmup,0,0,0,0
2019-07-24,11329.00,11311.00,-18.00,warmup,warmup,warmup,0,0,0,0
2019-07-25,11384.25,11390.00,5.75,warmup,warmup,warmup,0,0,0,0
2019-07-26,11305.25,11372.00,66.75,warmup,warmup,warmup,0,0,0,0
2019-07-29,11387.00,11386.25,-0.75,warmup,warmup,warmup,0,0,0,0
2019-07-30,11361.00,11304.50,-56.50,warmup,warmup,warmup,0,0,0,0
2019-07-31,11325.50,11352.75,27.25,warmup,warmup,warmup,0,0,0,0
2019-08-01,11217.50,11237.00,19.50,warmup,warmup,warmup,0,0,0,0
2019-08-02,11171.25,11112.75,-58.50,warmup,warmup,warmup,0,0,0,0
2019-08-05,11060.00,10921.25,-138.75,warmup,warmup,warmup,0,0,0,0
2019-08-06,10781.75,10830.00,48.25,warmup,warmup,warmup,0,0,0,0
2019-08-07,10886.00,10884.00,-2.00,warmup,warmup,warmup,0,0,0,0
2019-08-08,10917.75,10940.00,22.25,warmup,warmup,warmup,0,0,0,0
2019-08-09,11091.00,11025.50,-65.50,warmup,warmup,warmup,0,0,0,0
2019-08-12,11015.00,10959.50,-55.50,warmup,warmup,warmup,0,0,0,0
2019-08-13,10929.00,10904.00,-25.00,warmup,warmup,warmup,0,0,0,0
2019-08-14,11097.25,10994.75,-102.50,warmup,warmup,warmup,0,0,0,0
2019-08-15,10859.25,10887.00,27.75,warmup,warmup,warmup,0,0,0,0
2019-08-16,10852.50,10930.75,78.25,warmup,warmup,warmup,0,0,0,0
2019-08-19,10971.25,11070.50,99.25,warmup,warmup,warmup,0,0,0,0
2019-08-20,11086.25,11094.50,8.25,warmup,warmup,warmup,0,0,0,0
2019-08-21,11033.75,11085.75,52.00,warmup,warmup,warmup,0,0,0,0
2019-08-22,11100.00,11117.50,17.50,warmup,warmup,warmup,0,0,0,0
2019-08-23,11074.00,11100.50,26.50,warmup,warmup,warmup,0,0,0,0
2019-08-26,10832.75,10916.25,83.50,warmup,warmup,warmup,0,0,0,0
2019-08-27,10942.00,10965.50,23.50,warmup,warmup,warmup,0,0,0,0
2019-08-28,10930.00,10904.00,-26.00,warmup,warmup,warmup,0,0,0,0
2019-08-29,10952.50,11048.75,96.25,warmup,warmup,warmup,0,0,0,0
2019-08-30,11066.25,11119.25,53.00,warmup,warmup,warmup,0,0,0,0
2019-09-02,11050.00,11031.75,-18.25,warmup,warmup,13.88,0,0,0,0
2019-09-03,10972.75,10985.25,12.50,warmup,warmup,13.25,0,0,0,0
2019-09-04,10973.50,11059.25,85.75,warmup,warmup,13.88,0,0,0,0
2019-09-05,11082.50,11162.25,79.75,warmup,warmup,13.25,0,0,0,0
2019-09-06,11224.75,11239.75,15.00,warmup,warmup,13.88,0,0,0,0
2019-09-09,11215.00,11232.00,17.00,warmup,warmup,14.50,0,0,0,0
2019-09-10,11196.00,11166.00,-30.00,warmup,warmup,13.88,0,0,0,0
2019-09-11,11178.00,11194.00,16.00,warmup,warmup,13.25,0,0,0,0
2019-09-16,11252.25,11200.00,-52.25,warmup,warmup,12.25,0,0,0,0
2019-09-17,11213.75,11216.75,3.00,warmup,warmup,11.75,0,0,0,0
2019-09-18,11251.00,11230.25,-20.75,warmup,warmup,12.50,0,0,0,0
2019-09-19,11248.75,11235.75,-13.00,warmup,warmup,11.75,0,0,0,0
2019-09-20,11259.50,11277.00,17.50,warmup,warmup,12.50,0,0,0,0
2019-09-23,11175.25,11173.00,-2.25,warmup,warmup,12.75,0,0,0,0
2019-09-24,11176.00,11216.50,40.50,warmup,warmup,12.50,0,0,0,0
2019-09-25,11069.25,11042.75,-26.50,warmup,warmup,12.25,0,0,0,0
2019-09-26,11159.25,11169.00,9.75,warmup,warmup,12.50,0,0,0,0
2019-09-27,11128.75,11141.75,13.00,warmup,warmup,12.25,0,0,0,0
2019-09-30,11035.25,11068.25,33.00,warmup,warmup,12.50,0,0,0,0
2019-10-01,11103.75,11127.75,24.00,warmup,warmup,12.75,0,0,0,0
2019-10-02,11037.75,10993.00,-44.75,warmup,warmup,12.50,0,0,0,0
2019-10-03,10902.25,10887.25,-15.00,warmup,warmup,13.00,0,0,0,0
2019-10-04,10988.50,10975.00,-13.50,warmup,warmup,13.00,0,0,0,0
2019-10-07,11101.75,11082.25,-19.50,warmup,warmup,13.50,0,0,0,0
2019-10-08,11072.75,11028.75,-44.00,warmup,warmup,13.50,0,0,0,0
2019-10-09,10953.25,11039.00,85.75,warmup,warmup,13.88,0,0,0,0
2019-10-10,11037.50,11020.75,-16.75,warmup,warmup,14.12,0,0,0,0
2019-10-11,11091.25,11182.50,91.25,warmup,warmup,14.12,0,0,0,0
2019-10-14,11188.25,11180.25,-8.00,warmup,warmup,14.12,0,0,0,0
2019-10-15,11190.25,11212.50,22.25,warmup,warmup,14.38,0,0,0,0
2019-10-16,11289.25,11274.25,-15.00,warmup,warmup,14.38,0,0,0,0
2019-10-17,11269.75,11315.50,45.75,warmup,warmup,14.38,0,0,0,0
2019-10-18,11289.75,11290.25,0.50,warmup,warmup,14.38,0,0,0,0
2019-10-21,11211.75,11244.00,32.25,warmup,warmup,14.38,0,0,0,0
2019-10-22,11282.50,11307.50,25.00,warmup,warmup,14.38,0,0,0,0
2019-10-23,11221.25,11187.25,-34.00,warmup,warmup,14.12,0,0,0,0
2019-10-24,11232.75,11285.75,53.00,warmup,warmup,14.38,0,0,0,0
2019-10-25,11308.25,11272.50,-35.75,warmup,warmup,14.12,0,0,0,0
2019-10-28,11372.00,11400.25,28.25,warmup,warmup,14.12,0,0,0,0
2019-10-29,11452.75,11428.25,-24.50,warmup,warmup,13.88,0,0,0,0
2019-10-30,11390.50,11403.75,13.25,warmup,warmup,13.88,0,0,0,0
2019-10-31,11424.75,11432.00,7.25,warmup,warmup,13.50,0,0,0,0
2019-11-01,11427.00,11434.25,7.25,warmup,warmup,13.38,0,0,0,0
2019-11-04,11501.50,11542.50,41.00,warmup,warmup,13.12,0,0,0,0
2019-11-05,11550.00,11571.75,21.75,warmup,warmup,13.12,0,0,0,0
2019-11-06,11551.25,11554.00,2.75,warmup,warmup,12.88,0,0,0,0
2019-11-07,11537.75,11583.50,45.75,warmup,warmup,12.62,0,0,0,0
2019-11-08,11563.75,11552.50,-11.25,warmup,warmup,12.50,0,0,0,0
2019-11-11,11597.75,11558.75,-39.00,warmup,warmup,12.38,0,0,0,0
2019-11-12,11585.00,11594.75,9.75,warmup,warmup,12.12,0,0,0,0
2019-11-13,11607.75,11576.25,-31.50,warmup,warmup,11.88,0,0,0,0
2019-11-14,11601.75,11585.75,-16.00,warmup,warmup,11.25,0,0,0,0
2019-11-15,11602.25,11635.00,32.75,warmup,warmup,11.25,0,0,0,0
2019-11-18,11655.00,11680.75,25.75,warmup,warmup,10.62,0,0,0,0
2019-11-19,11669.75,11706.25,36.50,warmup,warmup,11.25,0,0,0,0
2019-11-20,11680.25,11647.50,-32.75,warmup,warmup,10.62,0,0,0,0
2019-11-21,11628.75,11620.50,-8.25,warmup,warmup,10.62,0,0,0,0
2019-11-22,11608.75,11632.00,23.25,warmup,warmup,10.62,0,0,0,0
2019-11-25,11614.00,11641.50,27.50,warmup,warmup,10.62,0,0,0,0
2019-11-26,11713.00,11712.75,-0.25,warmup,warmup,10.62,0,0,0,0
2019-11-27,11728.50,11754.75,26.25,warmup,warmup,10.62,0,0,0,0
2019-12-02,11757.50,11763.00,5.50,warmup,warmup,10.62,0,0,0,0
2019-12-03,11652.00,11591.75,-60.25,warmup,warmup,10.62,0,0,0,0
2019-12-04,11594.00,11637.00,43.00,warmup,warmup,11.25,0,0,0,0
2019-12-05,11634.50,11666.25,31.75,warmup,warmup,11.25,0,0,0,0
2019-12-06,11648.75,11671.25,22.50,warmup,warmup,11.25,0,0,0,0
2019-12-09,11736.00,11729.50,-6.50,warmup,warmup,11.25,0,0,0,0
2019-12-10,11701.50,11654.50,-47.00,warmup,warmup,11.25,0,0,0,0
2019-12-11,11695.25,11714.75,19.50,warmup,warmup,11.75,0,0,0,0
2019-12-13,11806.50,11820.00,13.50,warmup,warmup,11.25,0,0,0,0
2019-12-16,11834.50,11881.50,47.00,warmup,warmup,11.25,0,0,0,0
2019-12-17,11917.25,11921.50,4.25,warmup,warmup,11.25,0,0,0,0
2019-12-18,11921.25,11927.00,5.75,warmup,warmup,11.25,0,0,0,0
2019-12-19,11927.75,11929.00,1.25,warmup,warmup,10.62,0,0,0,0
2019-12-20,11987.00,12001.50,14.50,warmup,warmup,10.38,0,0,0,0
2019-12-23,12020.00,12049.50,29.50,warmup,warmup,10.38,0,0,0,0
2019-12-27,12117.00,12153.25,36.25,warmup,warmup,10.25,0,0,0,0
2019-12-30,12108.25,12102.00,-6.25,warmup,warmup,10.25,0,0,0,0
2019-12-31,12047.75,12036.50,-11.25,warmup,warmup,9.88,0,0,0,0
2020-01-02,12064.00,12134.25,70.25,warmup,warmup,9.88,0,0,0,0
2020-01-03,12204.50,12092.25,-112.25,warmup,warmup,9.88,0,0,0,0
2020-01-06,12125.50,12077.25,-48.25,warmup,warmup,9.88,0,0,0,0
2020-01-07,12179.50,12196.25,16.75,warmup,warmup,9.88,0,0,0,0
2020-01-08,12178.00,12190.75,12.75,warmup,warmup,9.88,0,0,0,0
2020-01-09,12245.50,12298.00,52.50,warmup,warmup,9.88,0,0,0,0
2020-01-10,12322.00,12362.50,40.50,warmup,warmup,9.88,0,0,0,0
2020-01-13,12298.50,12328.50,30.00,66.12,-0.04569,9.88,1,0,0,0
2020-01-14,12401.25,12394.75,-6.50,66.00,-0.04390,10.00,1,0,0,0
2020-01-15,12366.50,12385.75,19.25,65.88,-0.04425,9.50,1,0,0,0
2020-01-16,12368.25,12407.75,39.50,65.75,-0.04372,9.50,1,0,0,0
2020-01-17,12453.75,12480.50,26.75,65.63,-0.04366,9.50,1,0,0,0
2020-01-20,12498.50,12482.25,-16.25,65.50,-0.04328,9.38,1,0,0,0
2020-01-21,12491.50,12456.75,-34.75,64.98,-0.04334,9.12,1,0,0,0
2020-01-22,12496.00,12549.50,53.50,64.45,-0.04374,9.38,1,0,0,0
2020-01-23,12516.25,12511.00,-5.25,63.93,-0.04387,9.50,1,0,0,0
2020-01-24,12543.25,12590.25,47.00,63.40,-0.04282,9.50,1,0,0,0
2020-01-27,12467.25,12295.00,-172.25,62.88,-0.04339,9.38,1,1,0,0
2020-01-28,12277.00,12345.50,68.50,66.00,-0.04182,9.50,1,1,0,0
2020-01-29,12414.00,12461.50,47.50,67.27,-0.04149,9.50,1,0,0,0
2020-01-30,12425.25,12352.50,-72.75,67.10,-0.04101,9.50,1,1,0,0
2020-01-31,12459.75,12501.25,41.50,68.68,-0.04453,9.50,1,0,0,0
2020-02-03,12310.75,12358.75,48.00,68.50,-0.04267,10.00,1,0,0,0
2020-02-04,12447.00,12572.50,125.50,68.33,-0.03815,10.00,1,1,0,0
2020-02-05,12656.50,12747.00,90.50,69.90,-0.03540,10.50,1,1,0,0
2020-02-06,12691.25,12732.75,41.50,72.00,-0.02715,10.50,1,0,0,0
2020-02-07,12768.75,12743.50,-25.25,71.75,-0.02639,10.62,1,0,0,0
2020-02-10,12726.50,12726.00,-0.50,71.50,-0.02692,10.75,1,0,0,0
2020-02-11,12841.00,12885.75,44.75,71.25,-0.03555,11.25,1,0,0,0
2020-02-12,12841.75,12885.25,43.50,71.00,-0.03369,11.25,1,0,0,0
2020-02-13,12936.25,12861.75,-74.50,70.75,-0.03436,11.62,1,1,0,0
2020-02-14,12920.25,12963.00,42.75,72.92,-0.03637,11.88,1,0,0,0
2020-02-17,12945.75,12984.00,38.25,72.75,-0.03397,11.88,1,0,0,0
2020-02-18,12981.75,12886.25,-95.50,72.50,-0.03321,11.88,1,1,0,0
2020-02-19,12951.50,13000.25,48.75,74.15,-0.03484,12.12,1,0,0,0
2020-02-20,13044.00,13028.50,-15.50,73.98,-0.03973,11.88,1,0,0,0
2020-02-21,12950.25,12914.25,-36.00,73.80,-0.03757,11.88,1,0,0,0
2020-02-24,12768.50,12504.75,-263.75,73.62,-0.03825,11.88,1,1,0,0
2020-02-25,12400.75,12486.00,85.25,76.00,-0.03233,11.88,1,1,0,0
2020-02-26,12155.00,12183.75,28.75,78.70,-0.03656,12.38,1,0,0,0
2020-02-27,12195.25,12019.25,-176.00,78.55,-0.03563,13.00,1,1,0,0
2020-02-28,11748.00,11655.25,-92.75,80.12,-0.03836,13.38,1,1,0,0
2020-03-02,11790.25,11766.50,-23.75,83.50,-0.02520,13.62,1,0,0,0
2020-03-03,12192.25,12147.00,-45.25,83.13,-0.02091,13.62,1,0,0,0
2020-03-04,11911.75,12086.50,174.75,82.75,-0.02676,13.62,1,1,0,0
2020-03-05,12259.25,12037.75,-221.50,84.73,-0.03913,13.62,1,1,0,0
2020-03-06,11987.25,11687.00,-300.25,85.55,-0.01991,13.62,1,1,0,0
2020-03-10,11249.75,11589.25,339.50,85.75,-0.01252,13.88,1,1,0,0
2020-03-11,11680.25,11452.75,-227.50,87.65,-0.04759,14.25,1,1,0,0
2020-03-17,10248.75,10411.50,162.75,90.73,-0.03422,14.25,1,1,0,0
2020-03-19,10528.50,10407.00,-121.50,91.55,-0.02090,15.25,1,1,0,0
2020-03-20,10591.75,10847.50,255.75,93.02,-0.01572,15.25,1,1,0,0
2020-03-23,10298.00,10104.00,-194.00,95.50,-0.03916,16.00,1,1,0,0
2020-03-24,10318.25,10616.25,298.00,96.18,-0.13271,16.12,1,1,0,0
2020-03-25,10853.50,10795.75,-57.75,98.65,-0.12864,16.62,1,0,0,0
2020-03-26,10780.75,10672.00,-108.75,98.35,-0.12737,17.12,1,1,0,0
2020-03-27,11189.00,10961.00,-228.00,101.20,-0.12198,17.38,1,1,0,0
2020-03-30,10893.75,10924.75,31.00,105.62,-0.12387,17.62,1,0,0,0
2020-03-31,11188.50,11183.00,-5.50,105.00,-0.12305,19.12,1,0,0,0
2020-04-01,11118.00,10891.75,-226.25,104.38,-0.12243,20.88,1,1,0,0
2020-04-02,10787.75,10880.25,92.50,109.45,-0.11326,21.75,1,0,0,0
2020-04-03,10936.50,10959.25,22.75,109.10,-0.11381,22.88,1,0,0,0
2020-04-06,10835.50,11128.50,293.00,108.75,-0.11527,22.88,1,1,0,0
2020-04-07,11373.25,11561.25,188.00,111.90,-0.10957,24.88,1,1,0,0
2020-04-08,11360.25,11412.00,51.75,119.65,-0.10732,26.25,1,0,0,0
2020-04-09,11533.00,11462.25,-70.75,118.73,-0.10638,26.62,1,0,0,0
2020-04-13,11546.50,11518.50,-28.00,117.80,-0.10550,27.38,1,0,0,0
2020-04-14,11637.75,11784.00,146.25,116.88,-0.10540,28.88,1,1,0,0
2020-04-15,12002.50,11915.25,-87.25,123.10,-0.10167,30.25,1,0,0,0
2020-04-16,11903.00,11961.50,58.50,122.70,-0.09607,31.00,1,0,0,0
2020-04-17,12064.75,12226.75,162.00,122.30,-0.09586,32.50,1,1,0,0
2020-04-20,12137.25,12035.50,-101.75,126.82,-0.09611,32.50,1,0,0,0
2020-04-21,12033.25,11929.50,-103.75,125.50,-0.09654,33.25,1,0,0,0
2020-04-22,11712.00,11858.50,146.50,125.10,-0.09615,33.38,1,1,0,0
2020-04-23,11969.50,11966.00,-3.50,136.10,-0.09523,33.38,1,0,0,0
2020-04-24,11949.00,11955.00,6.00,134.78,-0.09537,33.38,1,0,0,0
2020-04-27,12092.00,12195.75,103.75,133.45,-0.09545,33.38,1,0,0,0
2020-04-28,12144.50,12250.25,105.75,132.12,-0.09478,33.38,1,0,0,0
2020-04-29,11987.50,12105.25,117.75,130.80,-0.09525,33.38,1,0,0,0
2020-04-30,12284.00,12368.00,84.00,129.48,-0.09107,33.88,1,0,0,0
2020-05-01,12303.25,12102.00,-201.25,128.15,-0.09109,34.75,1,1,0,0
2020-05-04,12032.50,11984.25,-48.25,139.50,-0.08644,34.75,1,0,0,0
2020-05-05,12139.00,12225.75,86.75,138.75,-0.08660,34.75,1,0,0,0
2020-05-06,12239.25,12305.00,65.75,137.43,-0.08507,34.75,1,0,0,0
2020-05-07,12293.00,12414.50,121.50,136.10,-0.08541,34.75,1,0,0,0
2020-05-08,12412.00,12513.25,101.25,134.78,-0.08623,34.75,1,0,0,0
2020-05-11,12530.50,12471.00,-59.50,133.45,-0.08659,34.75,1,0,0,0
2020-05-12,12607.75,12637.75,30.00,132.12,-0.08532,34.75,1,0,0,0
2020-05-13,12423.25,12483.00,59.75,130.80,-0.08543,34.75,1,0,0,0
2020-05-14,12311.50,12256.25,-55.25,129.48,-0.08533,34.75,1,0,0,0
2020-05-15,12407.75,12270.25,-137.50,128.15,-0.08464,34.88,1,1,0,0
2020-05-18,12467.25,12596.75,129.50,137.62,-0.08438,35.50,1,0,0,0
2020-05-19,12641.00,12647.75,6.75,137.50,-0.08265,35.50,1,0,0,0
2020-05-20,12612.00,12717.00,105.00,136.70,-0.08264,35.50,1,0,0,0
2020-05-21,12801.50,12771.00,-30.50,135.90,-0.08169,35.50,1,0,0,0
2020-05-22,12699.00,12675.50,-23.50,135.10,-0.08169,35.50,1,0,0,0
2020-05-25,12728.00,12830.75,102.75,134.30,-0.08176,35.50,1,0,0,0
2020-05-26,12853.50,12873.75,20.25,133.50,-0.08154,35.50,1,0,0,0
2020-05-27,12709.75,12761.00,51.25,132.70,-0.08161,34.88,1,0,0,0
2020-05-28,12756.50,12701.00,-55.50,131.90,-0.08188,34.88,1,0,0,0
2020-05-29,12736.00,12792.25,56.25,131.10,-0.07996,34.88,1,0,0,0
2020-06-01,12863.50,12857.75,-5.75,130.30,-0.07964,34.00,1,0,0,0
2020-06-02,12914.75,12948.25,33.50,129.50,-0.07948,33.38,1,0,0,0
2020-06-03,12976.00,13001.50,25.50,129.10,-0.07958,33.12,1,0,0,0
2020-06-04,13018.00,12994.25,-23.75,128.70,-0.07942,33.00,1,0,0,0
2020-06-05,12949.25,12967.00,17.75,128.30,-0.07937,32.25,1,0,0,0
2020-06-08,13138.00,13129.50,-8.50,127.90,-0.07946,31.25,1,0,0,0
2020-06-09,13217.75,13167.00,-50.75,127.50,-0.07938,30.88,1,0,0,0
2020-06-10,13284.75,13350.25,65.50,127.10,-0.07935,30.00,1,0,0,0
2020-06-12,12908.75,13072.00,163.25,126.70,-0.07929,28.25,1,1,0,0
2020-06-15,12979.75,12845.00,-134.75,131.10,-0.08117,28.25,1,1,0,0
2020-06-16,13097.75,13253.25,155.50,135.02,-0.07974,28.12,1,1,0,0
2020-06-17,13274.00,13345.25,71.25,137.50,-0.07611,28.12,1,0,0,0
2020-06-18,13301.50,13275.00,-26.50,137.23,-0.07599,27.12,1,0,0,0
2020-06-19,13331.00,13410.25,79.25,136.95,-0.07641,27.12,1,0,0,0
2020-06-22,13322.50,13347.50,25.00,136.68,-0.07540,27.00,1,0,0,0
2020-06-23,13448.00,13524.50,76.50,136.40,-0.07544,26.75,1,0,0,0
2020-06-24,13528.00,13487.50,-40.50,136.12,-0.07502,26.38,1,0,0,0
2020-06-25,13322.50,13303.50,-19.00,135.85,-0.07560,26.12,1,0,0,0
2020-06-26,13418.50,13421.75,3.25,135.58,-0.07561,25.50,1,0,0,0
2020-06-29,13177.25,13209.25,32.00,135.30,-0.07560,24.62,1,0,0,0
2020-06-30,13283.00,13303.75,20.75,135.02,-0.07590,24.62,1,0,0,0
2020-07-01,13464.25,13420.00,-44.25,134.75,-0.07597,24.25,1,0,0,0
2020-07-02,13595.50,13668.75,73.25,134.23,-0.07689,24.25,1,0,0,0
2020-07-03,13667.50,13682.25,14.75,133.70,-0.07710,24.25,1,0,0,0
2020-07-06,13657.25,13812.00,154.75,133.18,-0.07712,24.12,1,1,0,0
2020-07-07,13923.25,13896.75,-26.50,136.40,-0.07546,24.00,1,0,0,0
2020-07-08,13850.00,13911.75,61.75,136.12,-0.07567,23.88,1,0,0,0
2020-07-09,13986.75,14043.50,56.75,135.85,-0.07449,23.88,1,0,0,0
2020-07-10,14074.25,14024.25,-50.00,135.58,-0.07477,23.25,1,0,0,0
2020-07-13,14154.25,14271.75,117.50,135.30,-0.07437,23.00,1,0,0,0
2020-07-14,13926.75,13989.75,63.00,135.02,-0.07436,23.00,1,0,0,0
2020-07-15,14005.50,14048.50,43.00,134.75,-0.07555,23.00,1,0,0,0
2020-07-16,14019.75,13877.25,-142.50,134.23,-0.07536,23.00,1,1,0,0
2020-07-17,13945.00,13942.50,-2.50,137.23,-0.07575,23.00,1,0,0,0
2020-07-20,13962.50,13986.50,24.00,137.23,-0.07587,23.00,1,0,0,0
2020-07-21,14268.50,14373.75,105.25,137.23,-0.07590,22.75,1,0,0,0
2020-07-22,14157.00,14192.50,35.50,137.23,-0.07604,22.75,1,0,0,0
2020-07-23,14191.25,14210.00,18.75,137.23,-0.07594,22.75,1,0,0,0
2020-07-24,13904.25,13778.25,-126.00,137.23,-0.07597,22.75,1,0,0,0
2020-07-27,13801.50,13907.00,105.50,137.23,-0.07585,22.75,1,0,0,0
2020-07-28,13994.25,13942.75,-51.50,137.23,-0.07636,22.75,1,0,0,0
2020-07-29,13858.50,13928.75,70.25,137.23,-0.07676,22.75,1,0,0,0
2020-07-30,13982.50,13916.50,-66.00,137.23,-0.07625,23.00,1,0,0,0
2020-07-31,14036.75,14247.00,210.25,137.23,-0.07717,22.12,1,1,0,0
2020-08-03,14229.75,14326.25,96.50,138.62,-0.07487,22.12,1,0,0,0
2020-08-04,14370.25,14327.75,-42.50,138.62,-0.07488,21.12,1,0,0,0
2020-08-05,14416.50,14457.00,40.50,138.62,-0.07465,20.75,1,0,0,0
2020-08-06,14444.25,14409.00,-35.25,138.62,-0.07491,21.12,1,0,0,0
2020-08-07,14586.50,14550.00,-36.50,138.62,-0.07542,21.12,1,0,0,0
2020-08-10,14460.00,14462.75,2.75,138.62,-0.07623,21.12,1,0,0,0
2020-08-11,14410.75,14395.50,-15.25,138.62,-0.07769,20.75,1,0,0,0
2020-08-12,14201.25,14294.75,93.50,138.62,-0.07757,20.75,1,0,0,0
2020-08-13,14478.25,14473.75,-4.50,138.62,-0.07685,20.75,1,0,0,0
2020-08-14,14501.00,14536.50,35.50,137.23,-0.07696,20.75,1,0,0,0
2020-08-17,14490.75,14535.75,45.00,137.23,-0.07696,20.75,1,0,0,0
2020-08-18,14616.25,14649.25,33.00,137.23,-0.07676,20.75,1,0,0,0
2020-08-19,14726.00,14733.25,7.25,137.23,-0.07635,21.75,1,0,0,0
2020-08-20,14651.00,14654.75,3.75,137.23,-0.07620,23.00,1,0,0,0
2020-08-21,14806.00,14765.00,-41.00,137.23,-0.07613,23.00,1,0,0,0
2020-08-24,14885.50,15018.00,132.50,137.23,-0.07605,23.00,1,0,0,0
2020-08-25,14957.50,14950.75,-6.75,137.23,-0.07578,22.75,1,0,0,0
2020-08-26,15046.75,15099.75,53.00,137.23,-0.07605,23.00,1,0,0,0
2020-08-27,15297.00,15286.25,-10.75,137.23,-0.07671,23.25,1,0,0,0
2020-08-28,15260.75,15307.25,46.50,137.23,-0.07975,23.25,1,0,0,0
2020-08-31,15323.00,15356.75,33.75,137.23,-0.07936,23.38,1,0,0,0
2020-09-01,15434.50,15541.50,107.00,137.23,-0.07964,23.62,1,0,0,0
2020-09-02,15627.75,15754.00,126.25,137.23,-0.07883,23.62,1,0,0,0
2020-09-03,15744.50,15607.75,-136.75,137.23,-0.07970,23.88,1,0,0,0
2020-09-04,15115.00,14975.25,-139.75,137.43,-0.07879,24.00,1,1,0,0
2020-09-07,14950.00,14819.50,-130.50,139.53,-0.07840,24.00,1,0,0,0
2020-09-08,14837.50,14554.00,-283.50,139.53,-0.07293,24.00,1,1,0,0
2020-09-09,14400.00,14569.00,169.00,142.23,-0.06634,24.00,1,1,0,0
2020-09-10,14718.25,14778.75,60.50,145.88,-0.07394,24.12,1,0,0,0
2020-09-11,14511.25,14610.75,99.50,145.88,-0.06271,24.12,1,0,0,0
2020-09-14,14401.75,14541.75,140.00,145.88,-0.07349,24.25,1,0,0,0
2020-09-15,14610.50,14734.75,124.25,145.88,-0.07924,24.75,1,0,0,0
2020-09-16,14775.25,14838.75,63.50,145.88,-0.08296,24.75,1,0,0,0
2020-09-17,14587.00,14385.00,-202.00,145.88,-0.07205,24.75,1,1,0,0
2020-09-18,14419.00,14480.50,61.50,146.47,0.00037,25.38,1,0,1,0
2020-09-21,14261.50,14145.25,-116.25,146.47,0.00528,25.50,1,0,1,0
2020-09-22,14314.50,14351.50,37.00,146.47,0.01015,25.50,1,0,1,0
2020-09-23,14516.00,14481.75,-34.25,146.47,0.00758,25.62,1,0,1,0
2020-09-24,14170.50,14108.50,-62.00,146.47,0.01664,25.62,1,0,1,0
2020-09-25,14228.50,14240.75,12.25,146.47,0.01809,25.62,1,0,1,0
2020-09-28,14485.25,14692.50,207.25,146.47,0.01638,25.75,1,1,1,1
2020-09-29,14707.00,14703.00,-4.00,153.93,0.01732,26.12,1,0,1,0
2020-09-30,14660.00,14610.50,-49.50,153.93,0.01784,26.12,1,0,1,0
2020-10-01,14746.00,14919.25,173.25,153.93,0.01573,26.75,1,1,1,1
2020-10-02,14923.50,14640.00,-283.50,155.43,0.01815,27.25,1,1,1,1
2020-10-05,14595.75,14673.75,78.00,161.35,-0.00202,27.75,1,0,0,0
2020-10-06,14837.25,14789.75,-47.50,161.35,-0.00315,28.25,1,0,0,0
2020-10-07,14624.50,14709.00,84.50,161.35,-0.00371,27.75,1,0,0,0
2020-10-08,14830.25,14903.25,73.00,161.35,-0.00334,27.25,1,0,0,0
2020-10-09,14887.00,14934.50,47.50,161.35,-0.00511,27.75,1,0,0,0
2020-10-12,15062.25,15272.75,210.50,161.35,-0.01106,27.75,1,1,0,0
2020-10-13,15426.25,15544.75,118.50,162.68,-0.00813,28.25,1,0,0,0
2020-10-14,15425.50,15470.75,45.25,162.68,-0.00608,28.62,1,0,0,0
2020-10-15,15327.75,15152.00,-175.75,162.68,-0.00465,28.62,1,1,0,0
2020-10-16,15241.50,15278.25,36.75,163.20,-0.00499,29.25,1,0,0,0
2020-10-19,15176.00,15055.50,-120.50,163.20,-0.00434,28.62,1,0,0,0
2020-10-20,15077.00,15059.75,-17.25,163.20,-0.00583,28.62,1,0,0,0
2020-10-21,15027.75,15037.75,10.00,163.20,-0.00555,28.62,1,0,0,0
2020-10-22,14966.25,15014.75,48.50,163.20,-0.00516,29.25,1,0,0,0
2020-10-26,14983.50,14922.00,-61.50,163.20,-0.00393,29.88,1,0,0,0
2020-10-27,14846.00,14913.50,67.50,163.20,-0.00679,29.88,1,0,0,0
2020-10-28,14936.25,14791.25,-145.00,163.20,-0.00740,29.88,1,0,0,0
2020-10-29,14491.75,14500.00,8.25,163.20,-0.00823,29.88,1,0,0,0
2020-10-30,14675.50,14579.75,-95.75,163.20,-0.00790,29.25,1,0,0,0
2020-11-02,14411.00,14479.25,68.25,163.20,-0.00634,29.88,1,0,0,0
2020-11-03,14418.00,14477.25,59.25,163.20,-0.00518,29.88,1,0,0,0
2020-11-04,14610.50,15001.50,391.00,163.20,-0.00309,30.12,1,1,0,0
2020-11-05,15108.75,15429.00,320.25,168.43,0.02029,30.12,1,1,1,1
2020-11-06,15416.75,15289.00,-127.75,171.93,0.01429,30.12,1,0,1,0
2020-11-09,15430.50,15466.50,36.00,171.93,0.01198,30.12,1,0,1,0
2020-11-10,15174.25,14970.50,-203.75,171.93,0.01233,30.38,1,1,1,1
2020-11-11,14972.75,15110.50,137.75,173.15,0.00562,30.75,1,0,1,0
2020-11-12,15232.25,15243.75,11.50,173.15,0.00639,30.75,1,0,1,0
2020-11-13,15174.75,15242.75,68.00,173.15,0.00556,30.38,1,0,1,0
2020-11-16,15282.50,15271.25,-11.25,173.15,0.00600,30.38,1,0,1,0
2020-11-17,15364.75,15379.50,14.75,173.15,0.00618,30.38,1,0,1,0
2020-11-18,15328.25,15346.00,17.75,173.15,0.00622,30.38,1,0,1,0
2020-11-19,15243.00,15229.50,-13.50,173.15,0.00606,30.38,1,0,1,0
2020-11-20,15334.00,15356.50,22.50,173.15,0.00640,30.25,1,0,1,0
2020-11-23,15255.25,15303.25,48.00,173.15,0.00637,30.25,1,0,1,0
2020-11-24,15252.25,15289.50,37.25,173.15,0.00645,30.25,1,0,1,0
2020-11-25,15426.00,15448.50,22.50,173.15,0.00438,30.25,1,0,1,0
2020-11-26,15503.00,15545.25,42.25,173.15,0.00451,30.25,1,0,1,0
2020-11-27,15507.25,15552.50,45.25,173.15,0.00436,30.25,1,0,1,0
2020-11-30,15625.00,15636.75,11.75,173.15,0.00464,29.88,1,0,1,0
2020-12-01,15632.00,15745.00,113.00,173.15,0.00476,29.12,1,0,1,0
2020-12-02,15800.25,15758.75,-41.50,173.15,0.00370,28.25,1,0,1,0
2020-12-03,15806.50,15839.50,33.00,173.15,0.00385,27.38,1,0,1,0
2020-12-04,15823.75,15843.75,20.00,173.15,0.00368,26.50,1,0,1,0
2020-12-07,15879.50,15871.00,-8.50,173.15,0.00390,26.12,1,0,1,0
2020-12-08,15946.75,15904.25,-42.50,173.15,0.00382,25.88,1,0,1,0
2020-12-09,15987.75,15974.50,-13.25,173.15,0.00603,25.62,1,0,1,0
2020-12-10,15709.50,15645.75,-63.75,173.15,0.00586,25.62,1,0,1,0
2020-12-11,15744.00,15664.50,-79.50,173.15,0.00189,25.88,1,0,1,0
2020-12-14,15723.50,15800.50,77.00,173.15,0.00217,25.62,1,0,1,0
2020-12-15,15809.50,15891.50,82.00,173.15,0.00121,25.75,1,0,1,0
2020-12-16,15946.25,15967.00,20.75,173.15,0.00139,25.50,1,0,1,0
2020-12-17,16020.00,16082.00,62.00,173.15,0.00141,24.75,1,0,1,0
2020-12-18,16098.25,16099.75,1.50,173.15,0.00101,23.88,1,0,1,0
2020-12-21,16049.00,15927.75,-121.25,173.15,0.00174,23.75,1,0,1,0
2020-12-22,16032.50,16095.75,63.25,173.15,0.00357,23.75,1,0,1,0
2020-12-23,16062.75,16064.25,1.50,173.15,0.00350,23.62,1,0,1,0
2020-12-24,16001.00,16013.25,12.25,173.15,0.00379,23.62,1,0,1,0
2020-12-28,16053.50,16153.25,99.75,173.15,0.00381,23.38,1,0,1,0
2020-12-29,16182.75,16235.50,52.75,173.15,0.00536,22.88,1,0,1,0
2020-12-30,16192.25,16238.25,46.00,173.15,0.00577,22.50,1,0,1,0
2020-12-31,16192.25,16202.25,10.00,173.15,0.00591,22.38,1,0,1,0
2021-01-04,16226.50,16301.25,74.75,173.15,0.00539,22.00,1,0,1,0
2021-01-05,16044.50,16030.50,-14.00,173.15,0.00493,21.38,1,0,1,0
2021-01-06,16140.00,15938.25,-201.75,173.15,0.00671,21.38,1,1,1,1
2021-01-07,15967.50,16063.50,96.00,174.60,-0.00076,21.38,1,0,0,0
2021-01-08,16272.25,16340.75,68.50,174.60,-0.00059,20.88,1,0,0,0
2021-01-11,16440.00,16380.00,-60.00,174.60,0.00005,20.62,1,0,1,0
2021-01-12,16246.50,16291.50,45.00,174.60,0.00353,20.75,1,0,1,0
2021-01-13,16231.25,16191.75,-39.50,174.60,0.00267,20.75,1,0,1,0
2021-01-14,16318.50,16322.25,3.75,174.60,0.00450,21.12,1,0,1,0
2021-01-15,16247.00,16243.75,-3.25,174.60,0.00470,21.12,1,0,1,0
2021-01-18,16147.75,16146.25,-1.50,174.60,0.00457,20.38,1,0,1,0
2021-01-19,16160.75,16255.75,95.00,174.60,0.00515,20.12,1,0,1,0
2021-01-20,16333.00,16456.00,123.00,174.60,0.00441,19.38,1,0,1,0
2021-01-21,16635.00,16700.25,65.25,174.60,0.00419,18.50,1,0,1,0
2021-01-22,16745.50,16668.75,-76.75,174.60,0.00552,18.25,1,0,1,0
2021-01-25,16703.00,16824.75,121.75,174.60,0.00704,17.12,1,0,1,0
2021-01-26,16823.50,16814.50,-9.00,174.60,0.00886,17.12,1,0,1,0
2021-01-27,16833.75,16706.75,-127.00,174.60,0.00840,17.12,1,0,1,0
2021-01-28,16470.00,16371.50,-98.50,174.60,0.00651,17.12,1,0,1,0
2021-01-29,16524.25,16393.50,-130.75,174.60,0.00771,17.12,1,0,1,0
2021-02-01,16254.50,16394.25,139.75,174.60,0.00497,17.12,1,0,1,0
2021-02-02,16580.00,16686.25,106.25,174.60,0.00498,17.12,1,0,1,0
2021-02-03,16797.00,16878.25,81.25,174.60,0.00557,17.12,1,0,1,0
2021-02-04,16737.25,16797.00,59.75,174.60,0.00606,17.12,1,0,1,0
2021-02-05,16899.75,16942.25,42.50,174.60,0.00649,17.12,1,0,1,0
2021-02-08,16945.25,16995.50,50.25,174.60,0.00615,17.12,1,0,1,0
2021-02-09,17033.75,17016.50,-17.25,174.60,0.00618,17.12,1,0,1,0
2021-02-10,17031.25,17074.00,42.75,174.60,0.00617,16.00,1,0,1,0
2021-02-11,16999.25,17058.50,59.25,174.60,0.00624,15.88,1,0,1,0
2021-02-12,17075.50,17060.25,-15.25,174.60,0.00649,15.88,1,0,1,0
2021-02-15,17152.25,17187.25,35.00,174.60,0.00630,16.25,1,0,1,0
2021-02-16,17220.25,17225.25,5.00,174.60,0.00609,16.25,1,0,1,0
2021-02-17,17111.50,17097.00,-14.50,174.60,0.00599,15.88,1,0,1,0
2021-02-18,17048.75,16950.25,-98.50,174.60,0.00665,16.25,1,0,1,0
2021-02-19,16986.75,17054.50,67.75,174.60,0.00781,17.38,1,0,1,0
2021-02-22,16928.25,16741.00,-187.25,174.60,0.00900,16.25,1,1,1,1
2021-02-23,16578.25,16379.50,-198.75,175.65,0.00946,17.38,1,1,1,1
2021-02-24,16535.00,16629.75,94.75,175.97,0.01407,17.38,1,0,1,0
2021-02-25,16643.75,16524.75,-119.00,175.65,0.01114,17.38,1,0,1,0
2021-02-26,16176.75,16189.25,12.50,175.65,0.01222,17.38,1,0,1,0
2021-03-01,16250.75,16415.50,164.75,175.65,0.01240,17.38,1,0,1,0
2021-03-02,16621.75,16623.50,1.75,174.60,0.01043,18.25,1,0,1,0
2021-03-03,16406.75,16465.50,58.75,174.60,0.00925,18.50,1,0,1,0
2021-03-04,16030.00,16005.50,-24.50,174.60,0.00791,18.75,1,0,1,0
2021-03-05,15818.50,15843.50,25.00,174.60,0.00988,19.25,1,0,1,0
2021-03-08,16012.50,15833.00,-179.50,172.83,0.00721,19.88,1,1,1,1
2021-03-09,15648.75,15890.25,241.50,172.83,-0.01716,19.88,1,1,0,0
2021-03-10,16130.50,16120.50,-10.00,172.83,-0.00847,20.12,1,0,0,0
2021-03-11,16099.50,16339.00,239.50,168.58,-0.00851,20.12,1,1,0,0
2021-03-12,16392.25,16241.25,-151.00,168.58,-0.00941,21.00,1,0,0,0
2021-03-15,16286.25,16285.50,-0.75,168.58,-0.00753,21.00,1,0,0,0
2021-03-16,16425.50,16501.00,75.50,168.58,-0.00806,21.75,1,0,0,0
2021-03-17,16496.50,16348.50,-148.00,164.60,-0.00783,21.75,1,0,0,0
2021-03-18,16553.50,16330.50,-223.00,163.12,-0.01031,21.75,1,1,0,0
2021-03-19,16139.75,16205.50,65.75,163.12,-0.01115,22.12,1,0,0,0
2021-03-22,16195.75,16310.75,115.00,163.12,-0.01547,24.25,1,0,0,0
2021-03-23,16428.00,16435.50,7.50,163.12,-0.01739,26.12,1,0,0,0
2021-03-24,16364.00,16451.75,87.75,161.35,-0.01697,26.12,1,0,0,0
2021-03-25,16149.00,16098.25,-50.75,161.35,-0.01860,26.12,1,0,0,0
2021-03-26,16129.75,16095.25,-34.50,161.35,-0.01764,26.50,1,0,0,0
2021-03-29,16319.25,16309.00,-10.25,155.43,-0.01812,27.00,1,0,0,0
2021-03-30,16311.75,16206.00,-105.75,155.43,-0.01794,27.00,1,0,0,0
2021-03-31,16256.50,16310.00,53.50,155.43,-0.01755,27.00,1,0,0,0
2021-04-01,16447.50,16577.50,130.00,154.38,-0.01622,27.00,1,0,0,0
2021-04-05,16672.25,16742.00,69.75,150.70,0.00050,27.00,1,0,1,0
2021-04-06,16940.50,16932.50,-8.00,150.70,0.00075,27.00,1,0,1,0
2021-04-07,16929.50,16920.75,-8.75,150.70,0.00085,26.50,1,0,1,0
2021-04-08,16963.50,17077.50,114.00,150.70,0.00059,26.12,1,0,1,0
2021-04-09,17107.00,17084.00,-23.00,150.70,-0.00041,24.62,1,0,0,0
2021-04-12,17187.00,17148.00,-39.00,150.70,-0.00017,24.62,1,0,0,0
2021-04-13,17169.25,17158.25,-11.00,150.70,-0.00287,24.62,1,0,0,0
2021-04-14,17333.25,17383.25,50.00,147.85,-0.00336,26.12,1,0,0,0
2021-04-15,17164.50,17272.25,107.75,147.85,-0.00359,26.12,1,0,0,0
2021-04-16,17374.25,17386.75,12.50,147.85,-0.00176,26.12,1,0,0,0
2021-04-19,17390.50,17340.75,-49.75,147.70,-0.00206,26.50,1,0,0,0
2021-04-20,17262.00,17217.75,-44.25,147.70,0.00030,27.00,1,0,1,0
2021-04-21,17157.50,17120.50,-37.00,147.70,0.00050,27.00,1,0,1,0
2021-04-22,17277.25,17249.00,-28.25,147.70,0.00119,27.50,1,0,1,0
2021-04-23,17110.50,17130.50,20.00,147.70,0.00093,27.00,1,0,1,0
2021-04-26,17279.75,17254.00,-25.75,147.70,0.00033,26.50,1,0,1,0
2021-04-27,17373.75,17390.75,17.00,147.70,0.00117,26.12,1,0,1,0
2021-04-28,17308.00,17284.75,-23.25,144.75,0.00016,26.12,1,0,1,0
2021-04-29,17253.50,17388.75,135.25,144.75,0.00009,26.12,1,0,1,0
2021-04-30,17313.25,17226.75,-86.50,144.75,-0.00181,26.12,1,0,0,0
2021-05-03,17214.25,17247.50,33.25,144.75,-0.00180,26.12,1,0,0,0
2021-05-04,17147.75,17046.25,-101.50,144.75,-0.00231,24.88,1,0,0,0
2021-05-05,16899.25,16976.25,77.00,144.75,-0.02649,26.50,1,0,0,0
2021-05-06,16851.75,16863.50,11.75,144.75,-0.02336,27.00,1,0,0,0
2021-05-07,16952.00,16989.25,37.25,144.75,-0.02100,27.50,1,0,0,0
2021-05-10,17062.50,17005.50,-57.00,144.75,-0.02135,27.62,1,0,0,0
2021-05-11,16713.25,16478.00,-235.25,144.75,-0.01462,27.88,1,1,0,0
2021-05-12,16701.00,16633.00,-68.00,147.70,-0.00718,28.12,1,0,0,0
2021-05-13,16357.25,16410.25,53.00,147.70,-0.00692,28.38,1,0,0,0
2021-05-14,16453.50,16590.50,137.00,147.70,-0.00689,28.38,1,0,0,0
2021-05-17,16739.50,16666.00,-73.50,147.70,-0.00444,28.38,1,0,0,0
2021-05-18,16663.25,16730.25,67.00,147.70,-0.00467,28.38,1,0,0,0
2021-05-19,16570.75,16364.50,-206.25,147.70,-0.00429,28.38,1,1,0,0
2021-05-20,16588.25,16589.50,1.25,150.70,-0.00681,28.38,1,0,0,0
2021-05-21,16841.50,16898.75,57.25,150.70,-0.00664,28.12,1,0,0,0
2021-05-24,16766.50,16853.75,87.25,150.70,-0.00665,27.88,1,0,0,0
2021-05-25,16996.25,17070.00,73.75,150.70,-0.00580,27.62,1,0,0,0
2021-05-26,17013.75,17069.50,55.75,150.70,-0.00566,27.38,1,0,0,0
2021-05-27,17059.50,17025.00,-34.50,150.70,-0.00523,27.38,1,0,0,0
2021-05-28,17011.75,17071.25,59.50,150.70,-0.00466,27.38,1,0,0,0
2021-05-31,17051.00,17030.25,-20.75,150.70,-0.00544,26.75,1,0,0,0
2021-06-01,17011.75,17097.75,86.00,150.70,-0.00407,25.62,1,0,0,0
2021-06-02,17007.75,17011.50,3.75,150.70,-0.00366,24.25,1,0,0,0
2021-06-03,17032.25,16891.25,-141.00,150.70,-0.00358,23.75,1,0,0,0
2021-06-04,16886.00,16914.50,28.50,150.70,-0.00324,23.75,1,0,0,0
2021-06-07,17125.00,17110.50,-14.50,150.70,-0.00313,23.75,1,0,0,0
2021-06-08,17159.75,17232.50,72.75,147.70,-0.00293,23.38,1,0,0,0
2021-06-09,17166.25,17215.00,48.75,147.70,-0.00181,23.38,1,0,0,0
2021-06-11,17323.50,17341.50,18.00,144.75,-0.00061,23.38,1,0,0,0
2021-06-14,17359.25,17402.25,43.00,144.75,-0.00062,23.25,1,0,0,0
2021-06-15,17496.00,17511.75,15.75,144.75,0.00119,23.12,1,0,1,0
2021-06-16,17403.25,17403.00,-0.25,144.75,0.00076,22.50,1,0,1,0
2021-06-17,17349.75,17275.00,-74.75,144.75,0.00075,21.88,1,0,1,0
2021-06-18,17528.75,17529.25,0.50,144.75,0.00143,22.50,1,0,1,0
2021-06-21,17414.50,17449.50,35.00,144.75,0.00197,22.50,1,0,1,0
2021-06-22,17497.25,17544.00,46.75,144.75,-0.00018,22.25,1,0,0,0
2021-06-23,17632.00,17636.00,4.00,144.75,-0.00103,22.25,1,0,0,0
2021-06-24,17636.25,17719.75,83.50,144.75,-0.00106,22.25,1,0,0,0
2021-06-25,17726.75,17734.50,7.75,144.75,-0.00038,22.00,1,0,0,0
2021-06-28,17713.50,17755.25,41.75,144.75,-0.00089,21.88,1,0,0,0
2021-06-29,17884.75,17862.75,-22.00,144.75,-0.00100,21.75,1,0,0,0
2021-06-30,17936.50,17934.00,-2.50,144.75,-0.00134,21.75,1,0,0,0
2021-07-01,17918.25,17918.25,0.00,142.35,-0.00123,21.88,1,0,0,0
2021-07-02,17919.00,17969.25,50.25,142.35,-0.00069,21.88,1,0,0,0
2021-07-05,18088.50,18072.00,-16.50,142.35,-0.00127,21.88,1,0,0,0
2021-07-06,18065.00,18106.00,41.00,142.35,0.00813,21.88,1,0,1,0
2021-07-07,18148.00,18231.50,83.50,142.35,0.00751,21.88,1,0,1,0
2021-07-08,18175.75,17958.50,-217.25,142.35,0.00761,21.75,1,1,1,1
2021-07-09,18094.25,18098.75,4.50,144.75,0.00447,21.88,1,0,1,0
2021-07-12,18181.00,18217.00,36.00,144.75,0.00573,21.88,1,0,1,0
2021-07-13,18241.75,18285.75,44.00,144.60,0.00653,21.88,1,0,1,0
2021-07-14,18241.75,18306.50,64.75,144.60,0.00655,21.38,1,0,1,0
2021-07-15,18269.25,18264.00,-5.25,144.60,0.00623,20.88,1,0,1,0
2021-07-16,18164.75,18187.25,22.50,144.60,0.00624,20.88,1,0,1,0
2021-07-19,18045.50,17922.75,-122.75,144.60,0.00708,20.88,1,0,1,0
2021-07-20,17923.25,17981.00,57.75,144.60,0.00966,21.38,1,0,1,0
2021-07-21,18092.25,18054.00,-38.25,144.60,0.00901,21.38,1,0,1,0
2021-07-22,18199.75,18223.00,23.25,144.60,0.00770,21.88,1,0,1,0
2021-07-23,18302.50,18356.00,53.50,144.60,0.00588,21.88,1,0,1,0
2021-07-26,18471.75,18456.00,-15.75,144.60,0.00586,21.88,1,0,1,0
2021-07-27,18490.00,18490.00,0.00,144.60,0.00884,21.38,1,0,1,0
2021-07-28,18323.00,18360.00,37.00,140.90,0.00686,21.38,1,0,1,0
2021-07-29,18381.25,18369.50,-11.75,140.90,0.01203,21.38,1,0,1,0
2021-07-30,18409.00,18244.50,-164.50,140.90,0.01225,21.00,1,1,1,1
2021-08-02,18330.00,18402.00,72.00,144.60,0.01291,21.00,1,0,1,0
2021-08-03,18325.50,18349.50,24.00,144.60,0.01132,21.00,1,0,1,0
2021-08-04,18419.00,18409.50,-9.50,144.60,0.01060,20.75,1,0,1,0
2021-08-05,18441.25,18484.75,43.50,144.60,0.01129,20.75,1,0,1,0
2021-08-06,18539.50,18521.75,-17.75,144.60,0.01030,20.12,1,0,1,0
2021-08-09,18469.00,18487.75,18.75,144.60,0.01023,19.50,1,0,1,0
2021-08-10,18495.25,18517.00,21.75,144.60,0.01036,19.12,1,0,1,0
2021-08-11,18418.25,18389.00,-29.25,144.60,0.00979,18.62,1,0,1,0
2021-08-12,18395.25,18396.00,0.75,144.60,0.00969,18.12,1,0,1,0
2021-08-13,18449.00,18433.25,-15.75,144.60,0.00943,17.88,1,0,1,0
2021-08-16,18499.75,18448.75,-51.00,144.60,0.00918,17.88,1,0,1,0
2021-08-17,18507.00,18452.50,-54.50,144.60,0.00889,17.88,1,0,1,0
2021-08-18,18371.75,18375.75,4.00,144.60,0.00914,17.88,1,0,1,0
2021-08-19,18230.50,18115.75,-114.75,144.60,0.00797,18.25,1,0,1,0
2021-08-20,18300.75,18274.25,-26.50,144.60,0.00494,18.75,1,0,1,0
2021-08-23,18456.00,18503.50,47.50,144.60,-0.00240,18.75,1,0,0,0
2021-08-24,18680.25,18704.75,24.50,144.60,0.00337,18.25,1,0,1,0
2021-08-25,18729.00,18724.50,-4.50,144.60,0.00178,18.75,1,0,1,0
2021-08-26,18735.25,18713.50,-21.75,144.60,0.00151,18.75,1,0,1,0
2021-08-27,18647.75,18686.50,38.75,144.60,0.00314,18.25,1,0,1,0
2021-08-30,18798.25,18817.25,19.00,144.60,0.00320,17.88,1,0,1,0
2021-08-31,18968.75,18969.00,0.25,144.60,0.00510,17.50,1,0,1,0
2021-09-01,18958.50,19000.00,41.50,144.60,0.00607,17.88,1,0,1,0
2021-09-02,18984.25,19023.00,38.75,144.60,0.00645,17.88,1,0,1,0
2021-09-03,18974.50,18993.50,19.00,140.90,0.02924,17.62,1,0,1,0
2021-09-06,19025.50,19064.50,39.00,139.97,0.02082,17.62,1,0,1,0
2021-09-07,19074.75,19023.75,-51.00,139.97,0.02050,17.62,1,0,1,0
2021-09-08,19045.75,19041.75,-4.00,139.97,0.02882,17.62,1,0,1,0
2021-09-09,18996.25,18996.75,0.50,139.55,0.02670,17.62,1,0,1,0
2021-09-10,18936.50,19002.00,65.50,139.55,0.02664,17.62,1,0,1,0
2021-09-13,18820.50,18893.50,73.00,139.55,0.02620,17.12,1,0,1,0
2021-09-14,18813.75,18784.50,-29.25,137.68,0.02934,17.12,1,0,1,0
2021-09-15,18764.75,18786.75,22.00,137.68,0.03634,17.12,1,0,1,0
2021-09-16,18880.25,18833.75,-46.50,137.68,0.03499,17.12,1,0,1,0
2021-09-17,18891.25,18857.00,-34.25,137.68,0.04038,17.62,1,0,1,0
2021-09-20,18705.50,18479.25,-226.25,137.68,0.03805,18.12,1,1,1,1
2021-09-21,18391.75,18503.50,111.75,139.55,0.04918,18.38,1,0,1,0
2021-09-22,18398.75,18448.50,49.75,139.55,0.04379,18.38,1,0,1,0
2021-09-23,18545.25,18622.50,77.25,137.68,0.04244,18.12,1,0,1,0
2021-09-24,18680.50,18584.75,-95.75,137.68,0.04317,18.12,1,0,1,0
2021-09-27,18698.00,18613.75,-84.25,137.68,0.04560,18.38,1,0,1,0
2021-09-28,18578.25,18365.75,-212.50,136.83,0.05050,19.00,1,1,1,1
2021-09-29,18151.00,18253.00,102.00,136.83,0.05130,19.75,1,0,1,0
2021-09-30,18124.75,18188.75,64.00,136.83,0.04845,20.25,1,0,1,0
2021-10-01,18060.75,18098.25,37.50,136.83,0.04858,19.75,1,0,1,0
2021-10-04,18143.75,18069.00,-74.75,136.83,0.04968,19.75,1,0,1,0
2021-10-05,17848.75,17903.00,54.25,136.83,0.04888,19.75,1,0,1,0
2021-10-06,18035.50,17870.00,-165.50,136.83,0.04789,20.12,1,1,1,1
2021-10-07,18135.75,18321.25,185.50,136.83,0.04046,20.62,1,1,1,1
2021-10-08,18259.00,18283.50,24.50,137.68,0.03491,20.25,1,0,1,0
2021-10-11,18192.50,18077.00,-115.50,137.68,0.03561,20.25,1,0,1,0
2021-10-12,18082.50,18113.00,30.50,136.83,0.03196,20.25,1,0,1,0
2021-10-13,18031.00,18095.00,64.00,136.83,0.03389,20.62,1,0,1,0
2021-10-14,18146.75,18290.75,144.00,136.83,0.03303,20.62,1,1,1,1
2021-10-15,18417.25,18470.50,53.25,137.68,0.03493,21.00,1,0,1,0
2021-10-18,18514.75,18481.75,-33.00,137.68,0.03383,21.00,1,0,1,0
2021-10-19,18668.00,18738.75,70.75,137.68,0.03447,21.00,1,0,1,0
2021-10-20,18782.00,18771.50,-10.50,137.68,0.03265,21.12,1,0,1,0
2021-10-21,18763.50,18699.50,-64.00,137.68,0.03231,21.12,1,0,1,0
2021-10-22,18855.25,18832.75,-22.50,136.83,0.03119,21.12,1,0,1,0
2021-10-25,18723.00,18772.00,49.00,136.83,0.03145,21.00,1,0,1,0
2021-10-26,18881.00,18969.25,88.25,136.83,0.03048,20.62,1,0,1,0
2021-10-27,18924.00,18895.50,-28.50,136.83,0.02970,20.62,1,0,1,0
2021-10-28,18965.25,19051.25,86.00,136.83,0.02757,20.62,1,0,1,0
2021-10-29,19141.00,19016.25,-124.75,134.80,0.02568,21.00,1,0,1,0
2021-11-01,19217.75,19279.50,61.75,130.68,0.02088,21.12,1,0,1,0
2021-11-02,19275.75,19248.25,-27.50,130.68,0.02027,21.12,1,0,1,0
2021-11-03,19344.00,19364.75,20.75,130.68,0.01953,21.12,1,0,1,0
2021-11-04,19511.75,19572.00,60.25,129.70,0.02077,21.12,1,0,1,0
2021-11-05,19716.75,19744.00,27.25,126.78,0.01337,21.12,1,0,1,0
2021-11-08,19733.25,19724.00,-9.25,126.78,0.01282,21.25,1,0,1,0
2021-11-09,19711.25,19724.75,13.50,126.78,0.01106,21.25,1,0,1,0
2021-11-10,19599.25,19515.00,-84.25,126.78,0.00769,21.25,1,0,1,0
2021-11-11,19360.25,19469.00,108.75,126.78,0.00547,21.62,1,0,1,0
2021-11-12,19404.50,19437.50,33.00,126.78,0.00688,21.25,1,0,1,0
2021-11-15,19571.75,19614.50,42.75,126.78,0.01214,21.12,1,0,1,0
2021-11-16,19570.75,19567.50,-3.25,126.78,0.01424,21.25,1,0,1,0
2021-11-17,19686.75,19698.25,11.50,126.78,0.01454,21.12,1,0,1,0
2021-11-18,19695.75,19775.25,79.50,126.78,0.01293,21.25,1,0,1,0
2021-11-19,19863.25,19932.00,68.75,126.78,0.01281,21.25,1,0,1,0
2021-11-22,19954.75,20016.50,61.75,126.78,0.01203,21.62,1,0,1,0
2021-11-23,19765.75,19715.50,-50.25,126.78,0.01065,21.62,1,0,1,0
2021-11-24,19687.50,19623.50,-64.00,126.78,0.00949,21.62,1,0,1,0
2021-11-25,19744.00,19773.75,29.75,126.78,0.00814,21.62,1,0,1,0
2021-11-26,19787.25,19581.00,-206.25,126.78,0.00775,21.62,1,1,1,1
2021-11-29,19426.75,19585.75,159.00,129.70,0.00458,22.12,1,1,1,1
2021-11-30,19772.75,19696.50,-76.25,130.68,0.00143,22.38,1,0,1,0
2021-12-01,19528.25,19761.00,232.75,130.68,0.00250,22.75,1,1,1,1
2021-12-02,19257.00,19242.50,-14.50,134.80,-0.00289,23.62,1,0,0,0
2021-12-03,19373.00,19401.25,28.25,134.80,-0.00359,24.25,1,0,0,0
2021-12-06,19098.75,19037.00,-61.75,134.80,-0.00274,24.38,1,0,0,0
2021-12-07,19225.75,19512.00,286.25,134.80,-0.00550,24.62,1,1,0,0
2021-12-08,19703.25,19744.75,41.50,136.83,-0.00327,24.38,1,0,0,0
2021-12-09,19770.25,19718.00,-52.25,136.83,-0.00412,24.62,1,0,0,0
2021-12-10,19530.25,19565.25,35.00,136.83,-0.00310,24.62,1,0,0,0
2021-12-13,19705.50,19768.75,63.25,136.83,-0.00376,24.62,1,0,0,0
2021-12-14,19467.75,19379.00,-88.75,136.83,-0.00468,24.38,1,0,0,0
2021-12-15,19303.75,19278.75,-25.00,136.83,-0.00395,24.38,1,0,0,0
2021-12-16,19659.50,19766.50,107.00,136.83,-0.00372,24.62,1,0,0,0
2021-12-17,19241.00,19072.50,-168.50,136.83,-0.00571,24.62,1,1,0,0
2021-12-20,19158.00,18942.25,-215.75,139.48,-0.00705,24.62,1,1,0,0
2021-12-21,19003.25,19191.00,187.75,140.88,-0.00170,24.62,1,1,0,0
2021-12-22,19351.50,19334.25,-17.25,143.70,-0.00741,24.62,1,0,0,0
2021-12-23,19546.00,19590.75,44.75,143.70,-0.00690,24.62,1,0,0,0
2021-12-27,19672.75,19745.50,72.75,143.70,-0.00760,25.00,1,0,0,0
2021-12-28,19938.25,20019.50,81.25,143.70,-0.00715,24.62,1,0,0,0
2021-12-29,19872.25,19879.75,7.50,143.70,-0.00804,24.62,1,0,0,0
2021-12-30,19867.25,19901.00,33.75,140.88,-0.00797,25.00,1,0,0,0
2021-12-31,19805.75,19795.25,-10.50,140.88,-0.00856,25.00,1,0,0,0
2022-01-03,19702.50,19809.00,106.50,140.88,-0.00885,25.00,1,0,0,0
2022-01-04,19867.50,19893.50,26.00,140.88,-0.00956,24.62,1,0,0,0
2022-01-05,19650.25,19588.75,-61.50,140.88,-0.00940,24.62,1,0,0,0
2022-01-06,19142.75,19058.25,-84.50,140.88,-0.00980,24.62,1,0,0,0
2022-01-07,19136.25,19152.00,15.75,140.88,-0.01272,24.62,1,0,0,0
2022-01-10,18963.00,18747.75,-215.25,140.88,-0.01235,24.62,1,1,0,0
2022-01-11,18982.25,19026.00,43.75,143.70,-0.01963,24.75,1,0,0,0
2022-01-12,19210.00,19238.25,28.25,143.70,-0.01959,24.75,1,0,0,0
2022-01-13,19273.50,19281.50,8.00,143.70,-0.02252,25.38,1,0,0,0
2022-01-14,18875.25,18702.00,-173.25,143.70,-0.02226,24.75,1,1,0,0
2022-01-17,18971.00,18994.00,23.00,147.60,-0.02800,25.38,1,0,0,0
2022-01-18,18933.00,18747.25,-185.75,147.60,-0.02808,25.38,1,1,0,0
2022-01-19,18590.25,18642.00,51.75,150.70,-0.02306,26.25,1,0,0,0
2022-01-20,18415.25,18523.75,108.50,150.70,-0.02044,27.00,1,0,0,0
2022-01-21,18215.00,18085.50,-129.50,150.70,-0.01922,27.00,1,0,0,0
2022-01-24,17793.50,17673.25,-120.25,150.70,-0.02134,28.38,1,0,0,0
2022-01-25,17882.50,17590.50,-292.00,150.70,-0.01096,29.75,1,1,0,0
2022-01-26,17529.50,17793.00,263.50,158.20,0.00484,30.38,1,1,1,1
2022-01-27,17526.25,17611.00,84.75,163.95,0.02106,30.75,1,0,1,0
2022-01-28,17365.50,17254.50,-111.00,163.95,0.02344,31.12,1,0,1,0
2022-01-31,17812.00,17830.75,18.75,163.95,0.02317,31.50,1,0,1,0
2022-02-01,18273.75,18304.50,30.75,163.95,0.02334,31.50,1,0,1,0
2022-02-02,18369.00,18627.25,258.25,163.95,0.02375,31.75,1,1,1,1
2022-02-03,18491.50,18186.25,-305.25,164.72,0.01317,33.00,1,1,1,1
2022-02-04,17881.75,18006.25,124.50,165.43,0.01408,34.25,1,0,1,0
2022-02-07,18059.25,18102.75,43.50,165.43,0.01272,34.88,1,0,1,0
2022-02-08,17943.50,17896.50,-47.00,165.43,0.01308,35.50,1,0,1,0
2022-02-09,18111.50,18300.25,188.75,165.43,0.01298,34.88,1,1,1,1
2022-02-10,18420.75,18401.00,-19.75,168.20,0.01354,34.88,1,0,1,0
2022-02-11,18080.25,18045.75,-34.50,168.20,0.01254,35.12,1,0,1,0
2022-02-14,17616.00,17612.00,-4.00,168.20,0.01178,35.50,1,0,1,0
2022-02-15,17635.00,17927.25,292.25,165.43,0.01333,36.12,1,1,1,1
2022-02-16,17986.00,17950.25,-35.75,165.43,0.00939,37.25,1,0,1,0
2022-02-17,17978.50,17925.00,-53.50,165.43,0.00920,37.25,1,0,1,0
2022-02-18,17543.25,17641.00,97.75,165.43,0.01091,37.88,1,0,1,0
2022-02-21,17383.25,17235.50,-147.75,165.43,0.00445,38.62,1,0,1,0
2022-02-22,17112.25,17315.75,203.50,165.40,0.01074,38.62,1,1,1,1
2022-02-23,17243.75,17401.75,158.00,168.20,0.00471,39.25,1,0,1,0
2022-02-24,16885.50,16460.75,-424.75,168.20,0.00272,39.25,1,1,1,1
2022-02-25,17343.50,17384.50,41.00,172.78,0.01331,39.62,1,0,1,0
2022-02-28,17559.75,17392.00,-167.75,172.78,0.01389,39.62,1,0,1,0
2022-03-01,17610.25,17497.25,-113.00,168.43,0.01329,39.62,1,0,1,0
2022-03-02,17382.50,17465.25,82.75,167.53,0.00924,39.62,1,0,1,0
2022-03-03,17614.75,17579.50,-35.25,167.53,0.00772,40.25,1,0,1,0
2022-03-04,17412.25,17310.00,-102.25,165.40,0.00694,41.00,1,0,1,0
2022-03-07,17212.25,17089.25,-123.00,165.40,0.00732,42.38,1,0,1,0
2022-03-08,16699.00,16686.25,-12.75,165.40,0.00468,43.25,1,0,1,0
2022-03-09,16633.00,16942.50,309.50,165.40,0.00505,43.25,1,1,1,1
2022-03-10,17119.25,16891.75,-227.50,167.53,0.00692,43.25,1,1,1,1
2022-03-11,16968.25,17146.75,178.50,167.53,0.00461,43.25,1,1,1,1
2022-03-14,16677.00,16611.25,-65.75,168.43,0.00452,44.25,1,0,1,0
2022-03-15,16428.50,16459.00,30.50,168.43,0.00336,46.12,1,0,1,0
2022-03-16,16835.75,17082.50,246.75,168.43,0.00417,47.50,1,1,1,1
2022-03-17,17334.75,17274.75,-60.00,172.78,-0.00217,47.50,1,0,0,0
2022-03-18,17499.50,17372.25,-127.25,172.78,-0.00054,48.50,1,0,0,0
2022-03-21,17789.00,17781.50,-7.50,172.78,-0.00220,48.50,1,0,0,0
2022-03-22,17751.75,17765.25,13.50,172.78,-0.00233,48.50,1,0,0,0
2022-03-23,18035.00,17924.75,-110.25,172.78,-0.00247,48.50,1,0,0,0
2022-03-24,17824.50,17906.50,82.00,172.78,-0.00507,48.50,1,0,0,0
2022-03-25,18146.75,18207.25,60.50,172.78,-0.00803,48.50,1,0,0,0
2022-03-28,18135.25,18186.50,51.25,172.78,-0.00701,48.50,1,0,0,0
2022-03-29,18367.00,18467.25,100.25,172.78,-0.00777,48.50,1,0,0,0
2022-03-30,18621.00,18566.50,-54.50,172.78,-0.00462,49.00,1,0,0,0
2022-03-31,18460.25,18495.00,34.75,172.78,-0.00210,49.12,1,0,0,0
2022-04-01,18247.00,18330.00,83.00,172.78,-0.00191,49.00,1,0,0,0
2022-04-04,18241.25,18305.75,64.50,172.78,-0.00008,49.00,1,0,0,0
2022-04-05,18544.00,18518.75,-25.25,172.78,0.00089,48.50,1,0,1,0
2022-04-06,18211.75,17971.25,-240.50,172.78,0.00129,48.50,1,1,1,1
2022-04-07,17885.75,17932.50,46.75,177.98,0.00042,48.50,1,0,1,0
2022-04-08,17923.00,17964.25,41.25,177.98,-0.00119,49.00,1,0,0,0
2022-04-11,17715.50,17558.50,-157.00,177.98,-0.00151,48.50,1,0,0,0
2022-04-12,17380.75,17413.25,32.50,177.98,0.00069,49.00,1,0,1,0
2022-04-13,17321.75,17361.25,39.50,177.98,0.00090,48.50,1,0,1,0
2022-04-14,17601.00,17580.25,-20.75,177.98,0.00048,48.00,1,0,1,0
2022-04-18,17273.75,17218.75,-55.00,177.98,0.00084,48.00,1,0,1,0
2022-04-19,17296.75,17302.00,5.25,177.98,0.00120,46.62,1,0,1,0
2022-04-20,17592.75,17670.50,77.75,177.98,0.00153,44.25,1,0,1,0
2022-04-21,17383.50,17563.00,179.50,177.98,0.00135,43.25,1,1,1,1
2022-04-22,17102.00,17130.25,28.25,179.40,0.00016,43.12,1,0,1,0
2022-04-25,16738.25,16628.00,-110.25,179.40,0.00050,43.12,1,0,1,0
2022-04-26,16912.25,16868.00,-44.25,179.40,0.00008,43.12,1,0,1,0
2022-04-27,16390.75,16420.00,29.25,179.40,-0.00028,43.12,1,0,0,0
2022-04-28,16383.75,16645.25,261.50,179.40,0.00084,43.25,1,1,1,1
2022-04-29,16842.00,16646.00,-196.00,184.90,-0.00383,43.12,1,1,0,0
2022-05-02,16235.50,16164.00,-71.50,185.72,-0.00999,43.25,1,0,0,0
2022-05-03,16451.25,16439.00,-12.25,185.72,-0.01101,43.12,1,0,0,0
2022-05-04,16469.50,16511.25,41.75,184.90,-0.01130,42.12,1,0,0,0
2022-05-05,16912.75,16800.00,-112.75,184.90,-0.01138,42.12,1,0,0,0
2022-05-06,16239.75,16155.00,-84.75,184.90,-0.01189,42.12,1,0,0,0
2022-05-09,16073.00,15792.50,-280.50,184.90,-0.01348,43.12,1,1,0,0
2022-05-10,15576.75,15717.25,140.50,185.72,-0.01069,43.12,1,0,0,0
2022-05-11,15724.25,15902.00,177.75,185.72,-0.00785,43.12,1,0,0,0
2022-05-12,15354.50,15147.25,-207.25,184.90,-0.01344,43.12,1,1,0,0
2022-05-13,15328.00,15579.25,251.25,185.72,-0.01640,43.25,1,1,0,0
2022-05-16,15764.75,15713.25,-51.50,187.55,-0.01774,43.12,1,0,0,0
2022-05-17,15627.00,15857.00,230.00,187.55,-0.01857,43.12,1,1,0,0
2022-05-18,15943.75,15795.00,-148.75,188.65,-0.01867,42.12,1,0,0,0
2022-05-19,15320.50,15222.75,-97.75,188.65,-0.02051,41.25,1,0,0,0
2022-05-20,15257.25,15442.00,184.75,188.65,-0.01913,42.12,1,0,0,0
2022-05-23,15214.50,15301.50,87.00,188.65,-0.01895,41.25,1,0,0,0
2022-05-24,15414.75,15213.75,-201.00,188.65,-0.01858,41.25,1,1,0,0
2022-05-25,15162.00,15081.00,-81.00,195.28,-0.01724,41.25,1,0,0,0
2022-05-26,15329.75,15358.25,28.50,195.28,-0.01649,40.88,1,0,0,0
2022-05-27,15654.50,15676.50,22.00,195.28,-0.01617,40.50,1,0,0,0
2022-05-30,16061.25,16216.75,155.50,195.28,-0.01623,40.50,1,0,0,0
2022-05-31,16182.00,16055.25,-126.75,195.28,-0.01712,40.12,1,0,0,0
2022-06-01,16026.75,16063.00,36.25,195.28,-0.01460,40.12,1,0,0,0
2022-06-02,15929.50,16014.50,85.00,195.28,-0.01438,40.12,1,0,0,0
2022-06-03,16274.25,16112.25,-162.00,195.28,-0.01432,40.50,1,0,0,0
2022-06-06,15934.00,16118.50,184.50,195.28,-0.01719,40.88,1,0,0,0
2022-06-07,15980.25,15848.50,-131.75,195.28,-0.01670,40.50,1,0,0,0
2022-06-08,16091.00,16064.00,-27.00,195.28,-0.01621,39.50,1,0,0,0
2022-06-09,15999.00,16020.00,21.00,195.28,-0.01605,38.38,1,0,0,0
2022-06-10,15647.75,15669.00,21.25,195.28,-0.01643,39.50,1,0,0,0
2022-06-13,15211.50,14840.00,-371.50,195.28,-0.01631,39.50,1,1,0,0
2022-06-14,14673.00,14707.00,34.00,200.50,-0.02343,40.50,1,0,0,0
2022-06-15,14697.25,14826.75,129.50,200.50,-0.02256,40.88,1,0,0,0
2022-06-16,14979.00,14669.75,-309.25,200.50,-0.02392,41.25,1,1,0,0
2022-06-17,14512.25,14634.25,122.00,203.25,-0.03159,41.75,1,0,0,0
2022-06-20,14638.75,14738.75,100.00,203.25,-0.02992,41.75,1,0,0,0
2022-06-21,14776.25,14804.50,28.25,203.25,-0.03042,41.75,1,0,0,0
2022-06-22,14925.50,14744.50,-181.00,203.25,-0.03001,41.25,1,0,0,0
2022-06-23,14904.50,15026.00,121.50,203.25,-0.02937,40.88,1,0,0,0
2022-06-24,15080.00,15168.25,88.25,203.25,-0.03078,40.50,1,0,0,0
2022-06-27,15493.50,15553.00,59.50,203.25,-0.03048,40.50,1,0,0,0
2022-06-28,15390.75,15445.75,55.00,203.25,-0.03095,40.88,1,0,0,0
2022-06-29,15020.00,15035.50,15.50,203.25,-0.03190,41.25,1,0,0,0
2022-06-30,15035.50,14839.25,-196.25,200.50,-0.03216,41.75,1,0,0,0
2022-07-01,14881.25,14793.75,-87.50,200.53,-0.03310,41.75,1,0,0,0
2022-07-04,14959.25,14910.25,-49.00,200.53,-0.03360,41.75,1,0,0,0
2022-07-05,14896.75,14833.00,-63.75,200.53,-0.03275,41.75,1,0,0,0
2022-07-06,15158.75,15102.25,-56.50,200.53,-0.03216,41.75,1,0,0,0
2022-07-07,15229.75,15291.00,61.25,200.53,-0.02993,41.50,1,0,0,0
2022-07-08,15482.50,15432.25,-50.25,200.53,-0.03041,41.50,1,0,0,0
2022-07-11,15501.50,15390.50,-111.00,200.53,-0.03090,41.50,1,0,0,0
2022-07-12,15237.00,15227.75,-9.25,200.53,-0.03161,40.88,1,0,0,0
2022-07-13,15125.00,15173.50,48.50,200.53,-0.02921,40.88,1,0,0,0
2022-07-14,15102.75,14988.75,-114.00,200.53,-0.02698,41.50,1,0,0,0
2022-07-15,15145.50,15152.25,6.75,200.53,-0.02861,41.50,1,0,0,0
2022-07-18,15354.25,15496.50,142.25,200.53,-0.03010,40.88,1,0,0,0
2022-07-19,15253.00,15359.00,106.00,200.53,-0.03305,40.88,1,0,0,0
2022-07-20,15615.25,15602.75,-12.50,200.53,-0.03334,40.88,1,0,0,0
2022-07-21,15812.25,15816.75,4.50,200.53,-0.03728,40.88,1,0,0,0
2022-07-22,15991.00,15961.50,-29.50,200.53,-0.04578,41.12,1,0,0,0
2022-07-25,15770.00,15820.25,50.25,200.53,-0.05509,40.50,1,0,0,0
2022-07-26,15701.50,15637.75,-63.75,200.53,-0.05655,39.50,1,0,0,0
2022-07-27,15456.75,15616.50,159.75,200.53,-0.05693,39.50,1,0,0,0
2022-07-28,15961.75,15885.50,-76.25,200.53,-0.05529,39.50,1,0,0,0
2022-07-29,16084.75,16209.25,124.50,200.53,-0.05543,39.50,1,0,0,0
2022-08-01,16317.75,16312.25,-5.50,200.53,-0.05245,38.12,1,0,0,0
2022-08-02,16308.75,16206.50,-102.25,200.53,-0.05532,37.62,1,0,0,0
2022-08-03,16268.25,16330.75,62.50,200.53,-0.05491,37.50,1,0,0,0
2022-08-04,16618.50,16620.00,1.50,200.53,-0.05472,37.50,1,0,0,0
2022-08-05,16676.75,16681.75,5.00,200.53,-0.05456,37.38,1,0,0,0
2022-08-08,16572.00,16668.00,96.00,200.53,-0.05649,37.38,1,0,0,0
2022-08-09,16527.75,16436.75,-91.00,200.53,-0.05545,37.00,1,0,0,0
2022-08-10,16378.50,16433.25,54.75,200.53,-0.05544,37.00,1,0,0,0
2022-08-11,16740.00,16797.00,57.00,200.53,-0.05532,37.38,1,0,0,0
2022-08-12,16663.50,16710.75,47.25,200.53,-0.05454,37.12,1,0,0,0
2022-08-15,16925.75,16871.50,-54.25,200.53,-0.05400,37.12,1,0,0,0
2022-08-16,17031.50,17010.75,-20.75,200.53,-0.05526,36.88,1,0,0,0
2022-08-17,17000.00,16873.00,-127.00,200.53,-0.05072,36.12,1,0,0,0
2022-08-18,16842.25,16876.75,34.50,200.53,-0.05530,36.12,1,0,0,0
2022-08-19,16875.00,16737.75,-137.25,200.53,-0.05189,36.12,1,0,0,0
2022-08-22,16609.50,16419.00,-190.50,200.53,-0.04932,35.25,1,0,0,0
2022-08-23,16262.25,16287.50,25.25,200.53,-0.06225,35.25,1,0,0,0
2022-08-24,16245.00,16270.50,25.50,200.53,-0.06347,34.88,1,0,0,0
2022-08-25,16280.50,16372.50,92.00,200.53,-0.06419,34.75,1,0,0,0
2022-08-26,16504.75,16455.00,-49.75,200.53,-0.06110,34.62,1,0,0,0
2022-08-29,15965.25,15825.50,-139.75,200.53,-0.05957,34.38,1,0,0,0
2022-08-30,15841.00,15953.75,112.75,200.53,-0.05962,34.38,1,0,0,0
2022-08-31,15700.00,15781.25,81.25,200.53,-0.06132,34.62,1,0,0,0
2022-09-01,15628.25,15553.50,-74.75,200.53,-0.05839,34.62,1,0,0,0
2022-09-02,15632.00,15621.50,-10.50,200.53,-0.05807,34.62,1,0,0,0
2022-09-05,15456.25,15417.00,-39.25,200.53,-0.06426,34.38,1,0,0,0
2022-09-06,15480.50,15526.75,46.25,200.53,-0.06359,34.00,1,0,0,0
2022-09-07,15367.75,15355.00,-12.75,200.53,-0.06520,34.00,1,0,0,0
2022-09-08,15608.25,15598.50,-9.75,200.53,-0.06423,34.00,1,0,0,0
2022-09-09,15673.00,15791.25,118.25,200.53,-0.06472,34.00,1,0,0,0
2022-09-12,15939.25,16026.50,87.25,196.22,-0.06458,34.00,1,0,0,0
2022-09-13,16096.50,16185.50,89.00,196.22,-0.06842,34.38,1,0,0,0
2022-09-14,15391.00,15359.25,-31.75,196.22,-0.06648,34.38,1,0,0,0
2022-09-15,15489.25,15450.25,-39.00,196.22,-0.06747,34.62,1,0,0,0
2022-09-16,15275.75,15165.50,-110.25,196.22,-0.06693,34.38,1,0,0,0
2022-09-19,15198.00,15077.50,-120.50,196.22,-0.06432,34.62,1,0,0,0
2022-09-20,15298.25,15222.00,-76.25,195.45,-0.06567,34.38,1,0,0,0
2022-09-21,15197.00,15211.25,14.25,195.45,-0.06429,34.38,1,0,0,0
2022-09-22,14975.75,14970.75,-5.00,195.45,-0.06308,34.00,1,0,0,0
2022-09-23,14834.00,14682.50,-151.50,195.45,-0.06828,34.00,1,0,0,0
2022-09-26,14645.25,14588.00,-57.25,195.45,-0.07044,33.50,1,0,0,0
2022-09-27,14591.25,14768.00,176.75,195.45,-0.07109,34.00,1,0,0,0
2022-09-28,14604.50,14488.25,-116.25,195.45,-0.07061,33.50,1,0,0,0
2022-09-29,14826.00,14688.50,-137.50,195.45,-0.07314,33.50,1,0,0,0
2022-09-30,14502.25,14519.25,17.00,195.45,-0.07333,34.00,1,0,0,0
2022-10-03,14300.50,14344.50,44.00,195.45,-0.07307,34.50,1,0,0,0
2022-10-04,14562.75,14790.75,228.00,195.45,-0.07160,34.50,1,1,0,0
2022-10-05,14915.00,14810.25,-104.75,196.22,-0.07136,34.75,1,0,0,0
2022-10-06,14908.50,14850.75,-57.75,196.22,-0.07474,34.75,1,0,0,0
2022-10-07,14813.75,14773.00,-40.75,196.22,-0.07523,34.75,1,0,0,0
2022-10-10,14370.25,14338.75,-31.50,196.22,-0.07561,34.75,1,0,0,0
2022-10-11,14252.25,14207.75,-44.50,196.22,-0.07550,34.50,1,0,0,0
2022-10-12,14115.25,14210.75,95.50,196.22,-0.07663,34.50,1,0,0,0
2022-10-13,14108.00,14187.00,79.00,196.22,-0.07564,34.38,1,0,0,0
2022-10-14,14353.25,14299.75,-53.50,196.22,-0.07886,34.38,1,0,0,0
2022-10-17,14018.00,14173.50,155.50,196.22,-0.07958,34.62,1,0,0,0
2022-10-18,14382.00,14611.50,229.50,196.22,-0.07852,34.75,1,1,0,0
2022-10-19,14474.25,14441.00,-33.25,200.53,-0.07271,34.88,1,0,0,0
2022-10-20,14426.00,14430.25,4.25,200.53,-0.07236,35.12,1,0,0,0
2022-10-21,14358.50,14253.75,-104.75,200.53,-0.07225,35.62,1,0,0,0
2022-10-24,14625.00,14684.00,59.00,200.53,-0.06626,36.38,1,0,0,0
2022-10-25,14751.25,14736.75,-14.50,200.53,-0.06183,36.88,1,0,0,0
2022-10-26,14984.25,14787.25,-197.00,200.53,-0.06086,36.88,1,0,0,0
2022-10-27,14725.00,14648.00,-77.00,200.60,-0.05740,36.50,1,0,0,0
2022-10-28,14512.50,14401.00,-111.50,200.60,-0.05756,36.88,1,0,0,0
2022-10-31,14856.00,14793.75,-62.25,200.60,-0.05544,36.88,1,0,0,0
2022-11-01,14721.50,14856.50,135.00,200.60,-0.05339,36.88,1,0,0,0
2022-11-02,14602.00,14625.75,23.75,200.60,-0.05582,36.88,1,0,0,0
2022-11-03,14210.75,14099.75,-111.00,200.60,-0.06173,36.88,1,0,0,0
2022-11-04,13996.50,14088.75,92.25,200.60,-0.05487,36.88,1,0,0,0
2022-11-07,14164.75,14203.50,38.75,200.60,-0.05427,37.12,1,0,0,0
2022-11-08,14285.25,14345.00,59.75,200.60,-0.05426,37.25,1,0,0,0
2022-11-09,14365.00,14362.75,-2.25,200.60,-0.05365,37.25,1,0,0,0
2022-11-10,14102.75,14150.00,47.25,200.60,-0.05522,38.62,1,0,0,0
2022-11-11,14899.50,14976.25,76.75,200.60,-0.05274,38.62,1,0,0,0
2022-11-14,15119.25,15070.75,-48.50,200.60,-0.05528,38.62,1,0,0,0
2022-11-15,15013.25,15186.50,173.25,200.60,-0.05513,38.62,1,0,0,0
2022-11-16,15177.25,15176.75,-0.50,200.60,-0.05228,38.62,1,0,0,0
2022-11-17,15011.75,14900.25,-111.50,200.60,-0.05578,38.62,1,0,0,0
2022-11-18,14983.25,15083.00,99.75,196.93,-0.05400,40.12,1,0,0,0
2022-11-21,14979.00,14893.75,-85.25,196.93,-0.05159,40.12,1,0,0,0
2022-11-22,14858.50,14879.75,21.25,196.93,-0.05361,40.25,1,0,0,0
2022-11-23,15022.50,15054.50,32.00,196.22,-0.05055,40.12,1,0,0,0
2022-11-24,15139.50,15183.75,44.25,196.22,-0.05619,39.00,1,0,0,0
2022-11-25,15181.25,15106.75,-74.50,196.22,-0.05690,39.00,1,0,0,0
2022-11-28,15055.25,14973.75,-81.50,196.22,-0.05572,39.00,1,0,0,0
2022-11-29,14882.25,14945.25,63.00,195.45,-0.05323,39.00,1,0,0,0
2022-11-30,14794.50,14830.75,36.25,195.45,-0.05607,39.00,1,0,0,0
2022-12-01,15322.25,15323.00,0.75,195.45,-0.05720,39.12,1,0,0,0
2022-12-02,15331.00,15327.50,-3.50,195.45,-0.05758,37.62,1,0,0,0
2022-12-05,15284.25,15234.25,-50.00,195.45,-0.05696,38.38,1,0,0,0
2022-12-06,15073.75,15092.25,18.50,195.45,-0.05709,37.62,1,0,0,0
2022-12-07,14833.75,14718.00,-115.75,195.45,-0.04614,37.50,1,0,0,0
2022-12-08,14779.00,14827.00,48.00,195.45,-0.04905,37.12,1,0,0,0
2022-12-09,14917.00,15000.75,83.75,195.45,-0.04541,37.12,1,0,0,0
2022-12-12,14841.75,14865.00,23.25,190.33,-0.03364,37.12,1,0,0,0
2022-12-13,14986.75,15070.75,84.00,190.33,-0.03378,37.12,1,0,0,0
2022-12-14,15114.00,15097.75,-16.25,190.33,-0.01707,37.12,1,0,0,0
2022-12-15,15016.50,14889.00,-127.50,190.33,-0.01736,37.12,1,0,0,0
2022-12-16,14613.25,14574.75,-38.50,190.33,-0.01336,37.12,1,0,0,0
2022-12-19,14495.75,14544.50,48.75,190.33,-0.00817,37.12,1,0,0,0
2022-12-20,14341.75,14276.75,-65.00,190.33,-0.00960,36.88,1,0,0,0
2022-12-21,14329.25,14382.50,53.25,190.33,-0.00813,36.88,1,0,0,0
2022-12-22,14489.75,14447.00,-42.75,190.33,-0.00504,36.50,1,0,0,0
2022-12-23,14209.00,14243.50,34.50,190.33,-0.00433,35.38,1,0,0,0
2022-12-27,14233.50,14242.25,8.75,190.33,-0.00402,35.38,1,0,0,0
2022-12-28,14072.50,14096.75,24.25,190.33,-0.00256,35.38,1,0,0,0
2022-12-29,13924.00,13992.75,68.75,190.33,-0.00290,34.38,1,0,0,0
2022-12-30,14186.00,14085.00,-101.00,190.33,-0.00397,33.88,1,0,0,0
2023-01-03,14176.50,14251.25,74.75,188.45,-0.00103,33.38,1,0,0,0
2023-01-04,14096.00,14145.00,49.00,188.45,-0.00019,33.38,1,0,0,0
2023-01-05,14150.25,14161.50,11.25,188.45,0.00270,33.88,1,0,1,0
2023-01-06,13974.00,13949.25,-24.75,188.45,0.00448,33.88,1,0,1,0
2023-01-09,14267.25,14324.50,57.25,188.45,0.00559,33.88,1,0,1,0
2023-01-10,14341.50,14271.25,-70.25,188.45,0.00126,33.88,1,0,1,0
2023-01-11,14439.25,14451.50,12.25,188.35,0.00271,33.38,1,0,1,0
2023-01-12,14629.75,14649.75,20.00,188.35,0.00303,32.62,1,0,1,0
2023-01-13,14684.75,14566.50,-118.25,188.35,0.00674,32.62,1,0,1,0
2023-01-16,14761.00,14722.50,-38.50,188.35,0.01017,31.25,1,0,1,0
2023-01-17,14718.00,14714.50,-3.50,188.35,0.00976,30.50,1,0,1,0
2023-01-18,14780.75,14824.50,43.75,184.72,0.00963,30.12,1,0,1,0
2023-01-19,14632.75,14518.00,-114.75,184.15,0.00900,29.75,1,0,1,0
2023-01-20,14514.00,14590.50,76.50,184.15,0.00652,29.75,1,0,1,0
2023-01-23,14829.50,14838.75,9.25,184.15,0.00689,29.75,1,0,1,0
2023-01-24,15085.00,15034.25,-50.75,184.15,0.00512,29.75,1,0,1,0
2023-01-25,15059.00,14916.50,-142.50,184.15,0.00478,29.62,1,0,1,0
2023-01-26,15028.75,15147.00,118.25,180.85,0.00781,29.62,1,0,1,0
2023-01-27,15258.50,15185.00,-73.50,179.40,0.00579,29.62,1,0,1,0
2023-01-30,15376.75,15237.50,-139.25,179.40,0.00209,29.62,1,0,1,0
2023-01-31,15124.75,15084.50,-40.25,179.40,-0.00082,29.25,1,0,0,0
2023-02-01,15307.75,15308.00,0.25,179.40,-0.00109,28.88,1,0,0,0
2023-02-02,15574.00,15765.50,191.50,178.43,-0.00128,28.50,1,1,0,0
2023-02-03,16008.75,15888.50,-120.25,179.40,-0.00140,28.88,1,0,0,0
2023-02-06,15776.50,15682.25,-94.25,179.40,-0.00164,28.88,1,0,0,0
2023-02-07,15667.00,15714.25,47.25,179.40,-0.00145,28.88,1,0,0,0
2023-02-08,15926.00,15893.75,-32.25,178.43,-0.00494,29.00,1,0,0,0
2023-02-09,15697.25,15815.50,118.25,178.43,-0.00549,28.88,1,0,0,0
2023-02-10,15581.25,15440.50,-140.75,178.43,-0.00191,28.50,1,0,0,0
2023-02-13,15499.50,15567.50,68.00,178.43,-0.00829,28.50,1,0,0,0
2023-02-14,15698.25,15746.25,48.00,178.43,-0.00821,28.00,1,0,0,0
2023-02-15,15784.50,15748.25,-36.25,177.65,-0.00876,28.00,1,0,0,0
2023-02-16,15887.75,15841.00,-46.75,177.65,-0.01025,28.00,1,0,0,0
2023-02-17,15635.50,15535.00,-100.50,176.40,-0.01072,28.38,1,0,0,0
2023-02-20,15545.75,15555.50,9.75,176.40,-0.00941,28.00,1,0,0,0
2023-02-21,15520.50,15417.75,-102.75,176.40,-0.00917,28.00,1,0,0,0
2023-02-22,15252.00,15298.00,46.00,176.40,-0.00767,28.00,1,0,0,0
2023-02-23,15256.50,15368.00,111.50,176.40,-0.00919,28.38,1,0,0,0
2023-02-24,15359.75,15251.25,-108.50,176.40,-0.00465,28.00,1,0,0,0
2023-02-27,15151.25,15213.25,62.00,176.40,-0.00157,27.62,1,0,0,0
2023-02-28,15237.25,15291.00,53.75,176.40,-0.00197,28.00,1,0,0,0
2023-03-01,15218.25,15269.50,51.25,176.40,-0.00460,28.00,1,0,0,0
2023-03-02,15118.75,15033.00,-85.75,172.13,-0.00660,28.38,1,0,0,0
2023-03-03,15219.75,15238.75,19.00,161.78,-0.00605,28.00,1,0,0,0
2023-03-06,15466.50,15483.25,16.75,159.48,-0.00492,27.62,1,0,0,0
2023-03-07,15477.75,15501.00,23.25,159.48,-0.00439,28.00,1,0,0,0
2023-03-08,15323.25,15323.00,-0.25,159.48,-0.00419,28.00,1,0,0,0
2023-03-09,15384.75,15320.25,-64.50,156.85,-0.00441,28.38,1,0,0,0
2023-03-10,15160.50,15163.25,2.75,156.85,0.00176,28.00,1,0,1,0
2023-03-13,14994.75,15084.00,89.25,156.85,0.00065,28.38,1,0,1,0
2023-03-14,15085.50,15161.25,75.75,156.85,-0.00316,28.38,1,0,0,0
2023-03-15,15357.75,15190.00,-167.75,156.85,-0.00179,28.62,1,1,0,0
2023-03-16,15423.25,15443.00,19.75,159.48,-0.00676,28.62,1,0,0,0
2023-03-17,15747.00,15768.00,21.00,159.48,-0.00335,28.88,1,0,0,0
2023-03-20,15679.25,15670.00,-9.25,159.48,-0.00751,29.25,1,0,0,0
2023-03-21,15724.25,15813.50,89.25,159.48,-0.00791,29.50,1,0,0,0
2023-03-22,15908.75,15881.00,-27.75,159.48,-0.00912,29.25,1,0,0,0
2023-03-23,15730.25,15854.75,124.50,159.48,-0.00627,29.25,1,0,0,0
2023-03-24,15878.75,15809.00,-69.75,159.48,-0.00507,29.25,1,0,0,0
2023-03-27,15925.75,15975.25,49.50,159.48,-0.00563,29.50,1,0,0,0
2023-03-28,15830.75,15819.25,-11.50,159.48,0.00153,29.50,1,0,1,0
2023-03-29,15764.25,15871.00,106.75,159.48,0.00361,29.25,1,0,1,0
2023-03-30,16000.75,16063.50,62.75,156.85,0.00305,28.88,1,0,1,0
2023-03-31,16116.25,16106.50,-9.75,156.85,0.00344,28.62,1,0,1,0
2023-04-03,16332.75,16242.25,-90.50,156.85,0.00757,28.38,1,0,1,0
2023-04-04,16300.25,16355.50,55.25,155.50,0.00786,28.00,1,0,1,0
2023-04-05,16254.75,16240.25,-14.50,155.50,0.00839,27.75,1,0,1,0
2023-04-06,16111.00,16098.50,-12.50,155.50,0.01042,27.75,1,0,1,0
2023-04-10,16203.00,16141.75,-61.25,155.50,0.01119,27.75,1,0,1,0
2023-04-11,16195.75,16167.50,-28.25,155.50,0.01714,27.75,1,0,1,0
2023-04-12,16108.50,16124.00,15.50,155.50,0.01501,27.75,1,0,1,0
2023-04-13,15990.00,15996.50,6.50,155.50,0.02085,28.00,1,0,1,0
2023-04-14,16242.00,16177.50,-64.50,155.10,0.02432,28.38,1,0,1,0
2023-04-17,16212.25,16209.50,-2.75,155.10,0.02165,28.12,1,0,1,0
2023-04-18,16221.25,16309.25,88.00,155.10,0.01446,28.12,1,0,1,0
2023-04-19,16220.50,16122.00,-98.50,155.10,0.01476,27.50,1,0,1,0
2023-04-20,16214.75,16078.75,-136.00,155.10,0.01352,27.50,1,0,1,0
2023-04-21,16109.25,16055.25,-54.00,151.23,0.00637,27.62,1,0,1,0
2023-04-24,16119.50,16110.00,-9.50,148.13,0.00698,27.62,1,0,1,0
2023-04-25,16091.00,16034.50,-56.50,148.13,0.00704,27.38,1,0,1,0
2023-04-26,15840.25,15924.50,84.25,148.13,0.00278,27.38,1,0,1,0
2023-04-27,15914.00,16038.50,124.50,148.13,0.01013,27.62,1,0,1,0
2023-04-28,16263.50,16218.00,-45.50,148.13,0.01186,28.12,1,0,1,0
2023-05-01,16355.50,16336.00,-19.50,148.13,0.01021,27.62,1,0,1,0
2023-05-02,16335.50,16331.00,-4.50,142.47,0.00622,27.38,1,0,1,0
2023-05-03,16216.00,16247.25,31.25,142.47,0.00703,27.12,1,0,1,0
2023-05-04,16131.50,16129.00,-2.50,142.10,0.00871,26.62,1,0,1,0
2023-05-05,16080.00,16166.00,86.00,140.65,0.01235,27.12,1,0,1,0
2023-05-08,16355.00,16346.25,-8.75,139.70,0.01351,27.38,1,0,1,0
2023-05-09,16386.00,16317.50,-68.50,139.70,0.01466,27.12,1,0,1,0
2023-05-10,16297.75,16293.50,-4.25,139.08,0.01348,27.12,1,0,1,0
2023-05-11,16442.00,16448.00,6.00,137.47,0.01340,26.62,1,0,1,0
2023-05-12,16478.00,16496.75,18.75,137.47,0.01412,26.62,1,0,1,0
2023-05-15,16428.75,16461.25,32.50,137.12,0.01323,26.25,1,0,1,0
2023-05-16,16503.75,16492.75,-11.00,137.12,0.00916,26.25,1,0,1,0
2023-05-17,16513.25,16547.75,34.50,135.90,0.00918,26.25,1,0,1,0
2023-05-18,16676.50,16709.50,33.00,135.90,0.00454,26.25,1,0,1,0
2023-05-19,16921.75,16933.50,11.75,135.90,0.00005,25.25,1,0,1,0
2023-05-22,16889.50,16888.75,-0.75,135.90,0.00440,25.25,1,0,1,0
2023-05-23,16937.00,16885.75,-51.25,134.68,0.00403,25.25,1,0,1,0
2023-05-24,16756.75,16698.75,-58.00,134.68,0.00392,24.00,1,0,1,0
2023-05-25,16685.00,16962.50,277.50,134.68,0.00327,23.62,1,1,1,1
2023-05-26,17009.25,17062.25,53.00,135.90,0.00948,23.62,1,0,1,0
2023-05-29,17364.50,17412.00,47.50,134.68,0.00893,23.50,1,0,1,0
2023-05-30,17437.75,17562.50,124.75,131.53,0.01280,23.12,1,0,1,0
2023-05-31,17428.50,17371.75,-56.75,129.30,0.01294,23.12,1,0,1,0
2023-06-01,17331.50,17340.75,9.25,129.30,0.01385,23.12,1,0,1,0
2023-06-02,17505.50,17583.25,77.75,129.30,0.01347,23.12,1,0,1,0
2023-06-05,17611.00,17586.75,-24.25,129.30,0.01206,23.62,1,0,1,0
2023-06-06,17618.75,17615.75,-3.00,127.45,0.01189,23.12,1,0,1,0
2023-06-07,17615.50,17644.75,29.25,127.45,0.01726,23.12,1,0,1,0
2023-06-08,17362.75,17352.00,-10.75,126.78,0.01621,22.38,1,0,1,0
2023-06-09,17531.50,17549.25,17.75,124.72,0.01706,22.38,1,0,1,0
2023-06-12,17588.25,17663.50,75.25,124.72,0.01721,22.38,1,0,1,0
2023-06-13,17841.00,17865.75,24.75,124.72,-0.00730,22.38,1,0,0,0
2023-06-14,17949.50,17973.00,23.50,124.72,-0.00611,22.38,1,0,0,0
2023-06-15,18056.00,17949.50,-106.50,124.50,-0.01441,22.00,1,0,0,0
2023-06-16,18229.75,18257.00,27.25,124.50,-0.01494,22.38,1,0,0,0
2023-06-19,18128.00,18096.00,-32.00,124.50,-0.01244,22.38,1,0,0,0
2023-06-20,18090.50,18079.75,-10.75,124.50,-0.01163,22.00,1,0,0,0
2023-06-21,18106.50,18081.50,-25.00,124.50,-0.01272,22.00,1,0,0,0
2023-06-22,17898.50,17849.50,-49.00,124.50,-0.01214,22.38,1,0,0,0
2023-06-23,18066.25,17977.50,-88.75,124.50,-0.00899,22.38,1,0,0,0
2023-06-26,17913.00,17899.75,-13.25,124.50,-0.00641,23.12,1,0,0,0
2023-06-27,17710.50,17759.25,48.75,124.50,-0.00646,23.88,1,0,0,0
2023-06-28,17962.75,17901.25,-61.50,124.50,-0.00705,23.12,1,0,0,0
2023-06-29,17992.00,18034.50,42.50,124.50,-0.01169,23.38,1,0,0,0
2023-06-30,17955.25,18024.00,68.75,124.50,-0.01074,23.12,1,0,0,0
2023-07-03,18182.75,18191.00,8.25,124.50,-0.01221,22.88,1,0,0,0
2023-07-04,18209.25,18203.00,-6.25,124.50,-0.01138,22.75,1,0,0,0
2023-07-05,18197.50,18124.00,-73.50,124.50,-0.01277,22.75,1,0,0,0
2023-07-06,18212.75,18141.75,-71.00,124.50,-0.01457,22.38,1,0,0,0
2023-07-07,18088.25,18056.25,-32.00,124.50,-0.01228,22.38,1,0,0,0
2023-07-10,18036.25,18028.25,-8.00,124.50,-0.01384,22.38,1,0,0,0
2023-07-11,18043.00,18081.75,38.75,124.10,-0.00917,22.38,1,0,0,0
2023-07-12,18111.50,18165.00,53.50,124.10,-0.01014,22.88,1,0,0,0
2023-07-13,18305.00,18405.25,100.25,124.10,-0.00969,22.88,1,0,0,0
2023-07-14,18558.75,18563.25,4.50,124.10,-0.00880,22.38,1,0,0,0
2023-07-17,18555.75,18542.50,-13.25,124.10,-0.00848,21.62,1,0,0,0
2023-07-18,18697.50,18673.25,-24.25,124.10,-0.00514,22.38,1,0,0,0
2023-07-19,18825.50,18845.25,19.75,124.10,-0.00498,22.38,1,0,0,0
2023-07-20,18810.00,18721.25,-88.75,120.47,-0.00505,21.62,1,0,0,0
2023-07-21,18440.75,18500.50,59.75,120.47,-0.00344,20.88,1,0,0,0
2023-07-24,18390.25,18433.25,43.00,120.05,-0.00187,20.88,1,0,0,0
2023-07-25,18416.25,18469.75,53.50,120.05,0.00036,21.25,1,0,1,0
2023-07-26,18522.00,18481.75,-40.25,120.05,0.00566,22.38,1,0,1,0
2023-07-27,18466.25,18668.50,202.25,120.05,0.00864,22.75,1,1,1,1
2023-07-28,18418.25,18567.25,149.00,120.47,0.01402,22.75,1,1,1,1
2023-07-31,18702.25,18725.75,23.50,124.10,0.01996,22.75,1,0,1,0
2023-08-01,18714.50,18622.75,-91.75,124.10,0.01887,22.75,1,0,1,0
2023-08-02,18669.50,18551.50,-118.00,124.10,0.02271,22.88,1,0,1,0
2023-08-03,18320.75,18256.25,-64.50,124.10,0.02497,23.12,1,0,1,0
2023-08-04,18284.25,18306.25,22.00,124.10,0.03000,23.12,1,0,1,0
2023-08-07,18211.25,18268.00,56.75,124.10,0.02967,23.25,1,0,1,0
2023-08-08,18339.00,18223.75,-115.25,124.10,0.02552,23.38,1,0,1,0
2023-08-09,18202.75,18251.50,48.75,124.10,0.03819,23.62,1,0,1,0
2023-08-10,18033.00,18116.25,83.25,120.47,0.03780,24.38,1,0,1,0
2023-08-11,18053.50,18027.00,-26.50,120.47,0.03769,25.12,1,0,1,0
2023-08-14,17954.00,17982.50,28.50,120.05,0.03596,24.38,1,0,1,0
2023-08-15,18125.25,18024.00,-101.25,118.25,0.03229,25.12,1,0,1,0
2023-08-16,17958.00,17963.25,5.25,118.25,0.02537,25.62,1,0,1,0
2023-08-17,17792.00,17837.25,45.25,118.25,0.02530,26.12,1,0,1,0
2023-08-18,17624.75,17514.25,-110.50,118.25,0.02412,25.62,1,0,1,0
2023-08-21,17602.75,17703.75,101.00,118.25,0.02834,26.12,1,0,1,0
2023-08-22,17840.00,17951.50,111.50,118.25,0.02629,26.12,1,0,1,0
2023-08-23,17813.50,17838.75,25.25,118.25,0.02644,25.62,1,0,1,0
2023-08-24,18051.00,18219.50,168.50,118.25,0.02425,26.12,1,1,1,1
2023-08-25,17711.75,17729.75,18.00,118.25,0.02059,26.12,1,0,1,0
2023-08-28,17830.50,17883.25,52.75,118.25,0.02372,26.12,1,0,1,0
2023-08-29,17943.50,17925.50,-18.00,118.25,0.02522,26.38,1,0,1,0
2023-08-30,18266.25,18247.00,-19.25,118.25,0.02575,26.38,1,0,1,0
2023-08-31,18354.25,18373.75,19.50,118.25,0.02380,27.12,1,0,1,0
2023-09-01,18385.25,18422.00,36.75,118.25,0.02378,26.38,1,0,1,0
2023-09-04,18372.75,18407.75,35.00,118.25,0.02434,26.12,1,0,1,0
2023-09-05,18376.00,18324.50,-51.50,118.25,0.02467,25.62,1,0,1,0
2023-09-06,18387.00,18348.75,-38.25,118.25,0.02628,25.62,1,0,1,0
2023-09-07,18250.50,18130.25,-120.25,118.25,0.03385,25.62,1,1,1,1
2023-09-08,18129.75,18099.25,-30.50,120.05,0.03313,26.12,1,0,1,0
2023-09-11,18148.00,18254.75,106.75,120.05,0.03646,26.00,1,0,1,0
2023-09-12,18332.25,18278.00,-54.25,118.25,0.03876,26.12,1,0,1,0
2023-09-13,18155.50,18164.50,9.00,118.25,0.03924,26.00,1,0,1,0
2023-09-14,18212.25,18265.00,52.75,118.25,0.03934,26.00,1,0,1,0
2023-09-15,18330.25,18310.25,-20.00,118.25,0.04303,26.12,1,0,1,0
2023-09-18,18049.50,17998.75,-50.75,118.25,0.04244,26.00,1,0,1,0
2023-09-19,18071.00,18084.50,13.50,118.25,0.04246,26.00,1,0,1,0
2023-09-20,18035.00,18060.00,25.00,118.22,0.04368,26.00,1,0,1,0
2023-09-21,17809.75,17643.75,-166.00,118.22,0.04524,26.00,1,1,1,1
2023-09-22,17519.25,17580.75,61.50,118.22,0.04460,26.00,1,0,1,0
2023-09-25,17525.50,17479.50,-46.00,118.22,0.04953,26.12,1,0,1,0
2023-09-26,17594.50,17532.00,-62.50,118.22,0.04908,26.75,1,0,1,0
2023-09-27,17366.75,17426.50,59.75,117.78,0.04930,27.50,1,0,1,0
2023-09-28,17402.75,17359.50,-43.25,117.78,0.04494,27.88,1,0,1,0
2023-09-29,17516.25,17589.00,72.75,117.78,0.04322,27.88,1,0,1,0
2023-10-02,17525.50,17531.25,5.75,117.78,0.04640,27.88,1,0,1,0
2023-10-03,17646.00,17557.25,-88.75,117.78,0.04566,27.88,1,0,1,0
2023-10-04,17377.75,17401.75,24.00,117.78,0.04062,28.12,1,0,1,0
2023-10-05,17577.25,17603.00,25.75,117.78,0.04178,28.38,1,0,1,0
2023-10-06,17523.25,17533.25,10.00,117.78,0.04183,29.12,1,0,1,0
2023-10-09,17770.75,17650.00,-120.75,117.78,0.04187,30.00,1,1,1,1
2023-10-10,17848.25,17836.00,-12.25,117.78,0.03753,30.38,1,0,1,0
2023-10-11,17927.50,17991.25,63.75,115.70,0.03732,30.38,1,0,1,0
2023-10-12,18034.75,18093.00,58.25,115.70,0.03635,30.38,1,0,1,0
2023-10-13,17972.25,17925.25,-47.00,115.70,0.03649,30.38,1,0,1,0
2023-10-16,17779.25,17802.50,23.25,115.70,0.03919,30.38,1,0,1,0
2023-10-17,17951.50,17906.00,-45.50,115.70,0.04145,30.38,1,0,1,0
2023-10-18,17899.25,17813.50,-85.75,115.70,0.04279,30.62,1,0,1,0
2023-10-19,17681.00,17691.25,10.25,115.20,0.04246,30.62,1,0,1,0
2023-10-20,17543.50,17521.25,-22.25,115.20,0.03759,30.75,1,0,1,0
2023-10-23,17319.25,17251.00,-68.25,115.20,0.03652,30.75,1,0,1,0
2023-10-24,17364.50,17464.00,99.50,115.20,0.03523,30.75,1,0,1,0
2023-10-25,17504.25,17425.50,-78.75,114.43,0.03363,30.75,1,0,1,0
2023-10-26,17134.50,16989.25,-145.25,114.43,0.03184,30.75,1,1,1,1
2023-10-27,16852.50,16938.50,86.00,115.20,0.02543,30.75,1,0,1,0
2023-10-30,16923.50,17036.50,113.00,115.20,0.02710,30.75,1,0,1,0
2023-10-31,17076.50,17085.25,8.75,115.20,0.02420,30.75,1,0,1,0
2023-11-01,17146.25,17078.50,-67.75,115.20,0.02431,30.75,1,0,1,0
2023-11-02,17400.25,17536.00,135.75,115.20,0.02281,30.75,1,1,1,1
2023-11-03,17656.25,17629.75,-26.50,115.70,0.02727,30.75,1,0,1,0
2023-11-06,17832.00,17863.75,31.75,115.70,0.02772,30.75,1,0,1,0
2023-11-07,17891.00,17880.75,-10.25,115.70,0.02750,30.62,1,0,1,0
2023-11-08,18032.50,18034.00,1.50,115.20,0.02784,30.38,1,0,1,0
2023-11-09,18042.00,18041.50,-0.50,115.20,0.02785,30.00,1,0,1,0
2023-11-10,17916.00,17934.00,18.00,115.20,0.02870,30.00,1,0,1,0
2023-11-13,18255.00,18220.50,-34.50,115.20,0.02926,29.25,1,0,1,0
2023-11-14,18205.50,18239.75,34.25,115.20,0.02901,29.25,1,0,1,0
2023-11-15,18537.75,18646.50,108.75,115.20,0.02950,29.25,1,0,1,0
2023-11-16,18548.00,18491.25,-56.75,115.20,0.03096,28.50,1,0,1,0
2023-11-17,18555.00,18559.00,4.00,115.20,0.03127,28.12,1,0,1,0
2023-11-20,18555.25,18553.00,-2.25,115.20,0.03039,28.00,1,0,1,0
2023-11-21,18746.50,18699.50,-47.00,115.20,0.03132,27.88,1,0,1,0
2023-11-22,18646.75,18705.00,58.25,115.20,0.03132,27.50,1,0,1,0
2023-11-23,18705.25,18717.75,12.50,115.20,0.03278,26.75,1,0,1,0
2023-11-24,18720.00,18694.00,-26.00,115.20,0.03128,26.75,1,0,1,0
2023-11-27,18668.50,18662.25,-6.25,115.20,0.03170,26.75,1,0,1,0
2023-11-28,18665.00,18628.75,-36.25,115.20,0.03447,26.75,1,0,1,0
2023-11-29,18705.50,18802.75,97.25,115.20,0.03415,26.75,1,0,1,0
2023-11-30,18683.00,18732.00,49.00,114.58,0.03544,26.75,1,0,1,0
2023-12-01,18636.50,18582.25,-54.25,114.58,0.03654,26.12,1,0,1,0
2023-12-04,18683.00,18620.50,-62.50,114.58,0.03445,25.75,1,0,1,0
2023-12-05,18529.00,18439.00,-90.00,114.58,0.03615,25.12,1,0,1,0
2023-12-06,18569.50,18599.00,29.50,114.58,0.03417,25.75,1,0,1,0
2023-12-07,18472.75,18516.75,44.00,114.58,0.03359,25.50,1,0,1,0
2023-12-08,18694.00,18646.25,-47.75,112.85,0.03403,25.12,1,0,1,0
2023-12-11,18756.25,18737.25,-19.00,112.85,0.03415,25.38,1,0,1,0
2023-12-12,18894.50,18938.75,44.25,112.85,0.03351,25.38,1,0,1,0
2023-12-13,19024.25,19054.00,29.75,112.85,0.03548,25.88,1,0,1,0
2023-12-14,19227.75,19287.25,59.50,112.85,0.03544,25.88,1,0,1,0
2023-12-15,19203.00,19243.50,40.50,112.85,0.03232,25.88,1,0,1,0
2023-12-18,19266.00,19287.75,21.75,112.85,0.03206,25.38,1,0,1,0
2023-12-19,19385.00,19418.25,33.25,112.85,0.02825,25.00,1,0,1,0
2023-12-20,19468.25,19419.00,-49.25,112.85,0.02817,24.88,1,0,1,0
2023-12-21,19211.00,19330.00,119.00,112.85,0.02802,24.75,1,1,1,1
2023-12-22,19397.75,19393.00,-4.75,114.58,0.02588,24.62,1,0,1,0
2023-12-26,19427.50,19462.25,34.75,114.58,0.02520,24.00,1,0,1,0
2023-12-27,19531.00,19535.50,4.50,114.58,0.02349,23.25,1,0,1,0
2023-12-28,19563.50,19601.25,37.75,114.58,0.02345,23.00,1,0,1,0
2023-12-29,19538.00,19531.75,-6.25,114.58,0.02351,23.00,1,0,1,0
2024-01-02,19466.00,19270.50,-195.50,114.58,0.02365,23.00,1,1,1,1
2024-01-03,19167.75,19056.25,-111.50,115.20,0.01657,22.50,1,0,1,0
2024-01-04,18988.75,18966.75,-22.00,115.20,0.01224,22.50,1,0,1,0
2024-01-05,18891.00,18839.25,-51.75,115.20,0.01296,22.50,1,0,1,0
2024-01-08,18910.00,18931.50,21.50,114.58,0.01225,23.00,1,0,1,0
2024-01-09,19248.75,19170.00,-78.75,114.58,0.01287,23.25,1,0,1,0
2024-01-10,19278.75,19288.25,9.50,114.58,0.01621,23.00,1,0,1,0
2024-01-11,19388.50,19450.50,62.00,114.58,0.01608,22.50,1,0,1,0
2024-01-12,19412.25,19355.50,-56.75,112.85,0.01848,22.50,1,0,1,0
2024-01-15,19419.00,19410.00,-9.00,112.85,0.01894,22.50,1,0,1,0
2024-01-16,19414.50,19358.75,-55.75,112.85,0.01882,22.00,1,0,1,0
2024-01-17,19414.50,19337.00,-77.50,112.85,0.01978,22.00,1,0,1,0
2024-01-18,19315.75,19453.50,137.75,111.50,0.01894,22.00,1,1,1,1
2024-01-19,19556.25,19685.50,129.25,111.50,0.02133,21.88,1,1,1,1
2024-01-22,19891.00,20017.00,126.00,112.85,0.02013,21.88,1,1,1,1
2024-01-23,19907.00,19929.00,22.00,112.85,0.01737,21.88,1,0,1,0
2024-01-24,19976.25,20110.00,133.75,112.85,0.01475,21.88,1,1,1,1
2024-01-25,20072.25,20084.75,12.50,115.03,0.01365,22.00,1,0,1,0
2024-01-26,20084.75,20013.00,-71.75,112.85,0.01390,22.00,1,0,1,0
2024-01-29,19975.75,20002.25,26.50,111.50,0.01249,22.00,1,0,1,0
2024-01-30,20154.50,20127.25,-27.25,111.50,0.00878,21.88,1,0,1,0
2024-01-31,20030.75,19874.50,-156.25,111.50,0.00590,21.88,1,1,1,1
2024-02-01,19688.25,19793.25,105.00,112.85,0.00587,22.00,1,0,1,0
2024-02-02,19887.00,20070.50,183.50,111.50,0.00367,22.00,1,1,1,1
2024-02-05,20176.50,20180.25,3.75,111.50,-0.00162,22.00,1,0,0,0
2024-02-06,20144.25,20152.25,8.00,111.50,0.00020,22.50,1,0,1,0
2024-02-07,20108.75,20155.75,47.00,111.50,0.00153,22.50,1,0,1,0
2024-02-08,20288.75,20254.50,-34.25,111.50,0.00314,23.12,1,0,1,0
2024-02-09,20312.25,20362.50,50.25,111.50,0.00544,23.38,1,0,1,0
2024-02-12,20486.00,20487.25,1.25,111.50,0.00902,23.38,1,0,1,0
2024-02-13,20410.50,20279.50,-131.00,111.50,0.00907,23.38,1,1,1,1
2024-02-14,20127.00,20236.50,109.50,112.85,0.00734,23.88,1,0,1,0
2024-02-15,20316.50,20353.75,37.25,112.85,0.00145,24.25,1,0,1,0
2024-02-16,20360.50,20442.25,81.75,112.85,0.00163,24.25,1,0,1,0
2024-02-19,20193.75,20214.00,20.25,112.85,0.00066,23.88,1,0,1,0
2024-02-20,20235.50,20122.00,-113.50,112.85,0.00174,24.25,1,1,1,1
2024-02-21,20059.00,19935.00,-124.00,113.45,0.00953,24.25,1,1,1,1
2024-02-22,19984.25,20335.25,351.00,115.08,0.00851,24.62,1,1,1,1
2024-02-23,20491.75,20489.25,-2.50,117.73,0.00509,24.62,1,0,1,0
2024-02-26,20433.25,20425.00,-8.25,117.73,0.00434,25.00,1,0,1,0
2024-02-27,20424.25,20477.00,52.75,117.73,0.00480,25.00,1,0,1,0
2024-02-28,20464.50,20371.00,-93.50,117.73,0.00228,25.00,1,0,1,0
2024-02-29,20364.50,20320.25,-44.25,117.73,0.00109,25.00,1,0,1,0
2024-03-01,20513.75,20539.75,26.00,117.73,0.00182,25.00,1,0,1,0
2024-03-04,20782.00,20780.25,-1.75,117.73,0.00038,24.62,1,0,1,0
2024-03-05,20705.25,20596.25,-109.00,117.73,-0.00009,24.62,1,0,0,0
2024-03-06,20378.75,20514.50,135.75,117.73,-0.00166,24.62,1,1,0,0
2024-03-07,20491.25,20567.00,75.75,117.73,0.00000,24.62,1,0,1,0
2024-03-08,20755.75,20716.50,-39.25,117.73,-0.00022,24.62,1,0,0,0
2024-03-11,20487.00,20434.50,-52.50,117.73,-0.00021,25.00,1,0,0,0
2024-03-12,20414.50,20492.75,78.25,117.73,0.00356,25.00,1,0,1,0
2024-03-13,20675.00,20660.50,-14.50,117.73,0.00231,25.00,1,0,1,0
2024-03-14,20529.75,20594.50,64.75,117.73,0.00306,25.12,1,0,1,0
2024-03-15,20476.75,20481.00,4.25,115.08,0.00452,25.12,1,0,1,0
2024-03-18,20257.50,20462.00,204.50,115.08,0.00472,25.50,1,1,1,1
2024-03-19,20428.50,20319.00,-109.50,117.73,0.00880,25.50,1,0,1,0
2024-03-20,20468.75,20522.00,53.25,117.73,0.01280,25.88,1,0,1,0
2024-03-21,20683.50,20838.75,155.25,117.73,0.00875,26.50,1,1,1,1
2024-03-22,20758.00,20709.75,-48.25,118.90,0.01369,27.12,1,0,1,0
2024-03-25,20771.25,20669.50,-101.75,118.90,0.01353,27.12,1,0,1,0
2024-03-26,20709.00,20813.25,104.25,118.90,0.01355,27.38,1,0,1,0
2024-03-27,20649.75,20721.25,71.50,118.90,0.01327,27.38,1,0,1,0
2024-03-28,20706.00,20690.50,-15.50,118.90,0.01029,27.12,1,0,1,0
2024-04-01,20662.00,20741.50,79.50,118.90,0.01007,26.50,1,0,1,0
2024-04-02,20694.25,20602.75,-91.50,118.90,0.00636,26.50,1,0,1,0
2024-04-03,20530.00,20504.00,-26.00,118.90,0.00509,25.88,1,0,1,0
2024-04-04,20569.75,20653.50,83.75,118.90,0.00723,26.50,1,0,1,0
2024-04-05,20275.00,20343.50,68.50,118.90,0.00691,26.50,1,0,1,0
2024-04-08,20492.50,20501.00,8.50,118.90,0.01084,25.88,1,0,1,0
2024-04-09,20496.50,20540.00,43.50,118.90,0.01109,25.88,1,0,1,0
2024-04-10,20561.50,20581.00,19.50,118.90,0.01209,26.50,1,0,1,0
2024-04-11,20391.00,20324.75,-66.25,118.90,0.01277,26.50,1,0,1,0
2024-04-12,20681.50,20611.75,-69.75,117.73,0.01366,27.12,1,0,1,0
2024-04-15,20380.50,20491.50,111.00,117.73,0.01531,27.38,1,0,1,0
2024-04-16,20075.25,20107.00,31.75,117.73,0.01489,27.62,1,0,1,0
2024-04-17,20076.00,20108.75,32.75,117.73,0.01479,28.25,1,0,1,0
2024-04-18,19853.75,19908.75,55.00,117.73,0.01471,28.75,1,0,1,0
2024-04-19,19744.25,19703.25,-41.00,115.08,0.01107,28.88,1,0,1,0
2024-04-22,19381.25,19477.50,96.25,115.08,0.01073,29.25,1,0,1,0
2024-04-23,19551.00,19590.25,39.25,115.08,0.00913,29.62,1,0,1,0
2024-04-24,19807.25,19923.75,116.50,115.08,0.00978,30.25,1,1,1,1
2024-04-25,19858.00,19700.25,-157.75,116.38,0.01529,29.62,1,1,1,1
2024-04-26,19768.50,19942.75,174.25,117.85,0.01955,30.25,1,1,1,1
2024-04-29,20039.50,20112.50,73.00,118.90,0.01573,30.25,1,0,1,0
2024-04-30,20104.50,20074.25,-30.25,118.90,0.01567,29.62,1,0,1,0
2024-05-01,19763.50,19646.00,-117.50,118.90,0.01733,29.25,1,0,1,0
2024-05-02,19631.00,19770.50,139.50,118.90,0.00998,29.25,1,1,1,1
2024-05-03,19847.75,19946.75,99.00,120.12,0.01029,28.88,1,0,1,0
2024-05-06,20201.00,20241.50,40.50,120.12,0.01237,29.25,1,0,1,0
2024-05-07,20397.25,20364.00,-33.25,120.12,0.01310,29.62,1,0,1,0
2024-05-08,20395.75,20351.75,-44.00,120.12,0.01339,29.62,1,0,1,0
2024-05-09,20382.75,20355.75,-27.00,120.12,0.01728,30.25,1,0,1,0
2024-05-10,20415.00,20484.50,69.50,120.12,0.01734,29.62,1,0,1,0
2024-05-13,20453.50,20517.25,63.75,120.12,0.01858,29.62,1,0,1,0
2024-05-14,20494.75,20485.75,-9.00,120.12,0.01734,29.62,1,0,1,0
2024-05-15,20610.50,20610.00,-0.50,120.12,0.01661,29.62,1,0,1,0
2024-05-16,20892.50,20914.25,21.75,120.12,0.01669,29.62,1,0,1,0
2024-05-17,20850.50,20868.00,17.50,118.90,0.01689,29.62,1,0,1,0
2024-05-20,20837.75,20881.00,43.25,118.90,0.01688,29.62,1,0,1,0
2024-05-21,20965.50,20949.75,-15.75,118.90,0.01597,29.25,1,0,1,0
2024-05-22,20999.25,20991.75,-7.50,117.95,0.01570,28.88,1,0,1,0
2024-05-23,20993.50,21187.75,194.25,117.95,0.01573,28.12,1,1,1,1
2024-05-24,20895.75,20958.50,62.75,118.90,0.01783,28.12,1,0,1,0
2024-05-27,21073.25,21078.00,4.75,118.90,0.01677,28.88,1,0,1,0
2024-05-28,21150.25,21125.25,-25.00,118.90,0.01700,28.88,1,0,1,0
2024-05-29,21142.75,21017.00,-125.75,118.90,0.01600,28.88,1,1,1,1
2024-05-30,21009.50,20944.75,-64.75,120.12,0.01615,28.88,1,0,1,0
2024-05-31,20802.25,20761.50,-40.75,120.12,0.01719,28.12,1,0,1,0
2024-06-03,20797.75,20887.75,90.00,120.12,0.01514,27.38,1,0,1,0
2024-06-04,20852.00,20796.00,-56.00,120.12,0.01977,27.12,1,0,1,0
2024-06-05,20900.75,21006.50,105.75,120.12,0.01994,27.12,1,0,1,0
2024-06-06,21276.75,21297.00,20.25,120.12,0.01808,27.38,1,0,1,0
2024-06-07,21265.00,21286.75,21.75,120.12,0.01747,27.38,1,0,1,0
2024-06-10,21240.25,21225.00,-15.25,120.12,0.01713,27.38,1,0,1,0
2024-06-11,21312.00,21251.50,-60.50,120.12,0.01614,27.12,1,0,1,0
2024-06-12,21441.75,21469.00,27.25,120.12,0.01522,27.12,1,0,1,0
2024-06-13,21691.00,21808.50,117.50,120.12,0.01594,27.12,1,0,1,0
2024-06-14,21791.50,21737.75,-53.75,120.12,0.01802,27.12,1,0,1,0
2024-06-17,21886.75,21920.00,33.25,120.12,0.01627,27.12,1,0,1,0
2024-06-18,22135.75,22161.25,25.50,120.12,0.01622,27.12,1,0,1,0
2024-06-19,22139.00,22174.50,35.50,120.12,0.01687,26.38,1,0,1,0
2024-06-20,22169.50,22235.75,66.25,120.12,0.01830,26.38,1,0,1,0
2024-06-21,21974.50,21932.25,-42.25,120.12,0.01892,26.38,1,0,1,0
2024-06-24,21914.00,21892.75,-21.25,120.12,0.01919,26.38,1,0,1,0
2024-06-25,21684.50,21758.50,74.00,120.12,0.01884,26.38,1,0,1,0
2024-06-26,21905.75,21938.25,32.50,120.12,0.01946,26.38,1,0,1,0
2024-06-27,21943.50,21913.25,-30.25,120.12,0.01885,26.38,1,0,1,0
2024-06-28,21986.50,22065.50,79.00,120.12,0.02132,26.38,1,0,1,0
2024-07-01,21871.25,21914.50,43.25,120.12,0.02790,27.12,1,0,1,0
2024-07-02,21988.25,21872.00,-116.25,120.12,0.02731,26.38,1,0,1,0
2024-07-03,22195.00,22189.00,-6.00,120.12,0.02467,26.38,1,0,1,0
2024-07-04,22357.75,22343.25,-14.50,120.12,0.02517,26.38,1,0,1,0
2024-07-05,22320.25,22372.25,52.00,120.12,0.02296,25.62,1,0,1,0
2024-07-08,22560.75,22567.00,6.25,120.12,0.02358,25.62,1,0,1,0
2024-07-09,22605.75,22664.25,58.50,120.12,0.02220,25.00,1,0,1,0
2024-07-10,22618.25,22688.50,70.25,120.12,0.02154,24.50,1,0,1,0
2024-07-11,22832.75,22821.00,-11.75,120.12,0.02230,24.38,1,0,1,0
2024-07-12,22368.25,22382.00,13.75,120.12,0.01965,24.25,1,0,1,0
2024-07-15,22479.00,22559.75,80.75,120.12,0.01757,24.25,1,0,1,0
2024-07-16,22532.25,22569.75,37.50,120.12,0.01649,24.25,1,0,1,0
2024-07-17,22538.50,22225.75,-312.75,120.12,0.01743,24.00,1,1,1,1
2024-07-18,21931.25,22026.75,95.50,120.70,0.00969,24.00,1,0,1,0
2024-07-19,21830.75,21862.25,31.50,120.12,0.01120,24.00,1,0,1,0
2024-07-22,21651.25,21836.25,185.00,118.90,0.00777,24.00,1,1,1,1
2024-07-23,21936.75,21934.00,-2.75,120.12,0.01217,24.25,1,0,1,0
2024-07-24,21863.25,21641.50,-221.75,120.12,0.01344,24.38,1,1,1,1
2024-07-25,21143.50,21069.50,-74.00,120.70,0.02800,24.38,1,0,1,0
2024-07-26,20930.25,21151.25,221.00,120.70,0.02704,24.38,1,1,1,1
2024-07-29,21115.75,21235.75,120.00,123.68,0.02627,24.25,1,0,1,0
2024-07-30,21147.50,21200.50,53.00,123.68,0.03063,24.25,1,0,1,0
2024-07-31,20878.00,21190.50,312.50,123.68,0.03287,24.38,1,1,1,1
2024-08-01,21436.00,21513.00,77.00,125.58,0.04009,24.38,1,0,1,0
2024-08-02,20966.75,20613.25,-353.50,125.58,0.04237,24.50,1,1,1,1
2024-08-05,20501.25,19584.25,-917.00,125.97,0.02583,25.12,1,1,1,1
2024-08-06,19964.00,20128.00,164.00,128.93,0.08978,25.25,1,1,1,1
2024-08-07,20110.25,20334.25,224.00,130.83,0.08590,26.50,1,1,1,1
2024-08-08,19910.25,19932.50,22.25,133.48,0.08458,28.00,1,0,1,0
2024-08-09,20458.25,20464.00,5.75,133.48,0.08611,30.50,1,0,1,0
2024-08-12,20548.75,20603.25,54.50,133.48,0.08710,32.12,1,0,1,0
2024-08-13,20584.75,20651.25,66.50,133.48,0.08771,32.50,1,0,1,0
2024-08-14,21040.00,21049.75,9.75,133.48,0.08895,32.88,1,0,1,0
2024-08-15,21047.25,21101.75,54.50,133.48,0.08889,33.25,1,0,1,0
2024-08-16,21526.75,21492.00,-34.75,130.83,0.08962,33.62,1,0,1,0
2024-08-19,21542.50,21548.50,6.00,130.83,0.09177,33.62,1,0,1,0
2024-08-20,21798.00,21813.00,15.00,130.83,0.09632,33.62,1,0,1,0
2024-08-21,21750.00,21771.00,21.00,130.83,0.09648,33.62,1,0,1,0
2024-08-22,21844.75,21915.50,70.75,130.83,0.09693,33.75,1,0,1,0
2024-08-23,21524.00,21676.75,152.75,130.83,0.09722,34.50,1,1,1,1
2024-08-26,21728.50,21713.25,-15.25,133.48,0.09694,34.50,1,0,1,0
2024-08-27,21532.25,21534.75,2.50,133.48,0.09681,34.50,1,0,1,0
2024-08-28,21590.25,21557.50,-32.75,133.48,0.09693,34.50,1,0,1,0
2024-08-29,21359.75,21405.00,45.25,133.48,0.09641,34.50,1,0,1,0
2024-08-30,21330.50,21465.50,135.00,133.48,0.09719,33.75,1,1,1,1
2024-09-02,21549.00,21543.00,-6.00,134.88,0.09814,34.50,1,0,1,0
2024-09-03,21585.50,21434.50,-151.00,134.88,0.09752,34.50,1,1,1,1
2024-09-04,20950.75,20811.25,-139.50,135.68,0.09631,35.12,1,1,1,1
2024-09-05,20896.00,20855.75,-40.25,135.75,0.09369,34.38,1,0,1,0
2024-09-06,20914.50,20721.50,-193.00,135.75,0.09555,34.38,1,1,1,1
2024-09-09,20397.50,20535.25,137.75,137.55,0.09302,34.38,1,1,1,1
2024-09-10,20627.75,20637.00,9.25,137.75,0.09037,35.12,1,0,1,0
2024-09-11,20794.00,20774.25,-19.75,137.75,0.09021,36.00,1,0,1,0
2024-09-12,21193.50,21237.25,43.75,137.75,0.08951,36.88,1,0,1,0
2024-09-13,21390.25,21392.50,2.25,137.55,0.08824,36.88,1,0,1,0
2024-09-16,21466.25,21395.00,-71.25,137.55,0.08863,36.88,1,0,1,0
2024-09-17,21373.75,21496.50,122.75,137.55,0.08756,36.00,1,0,1,0
2024-09-18,21385.50,21405.75,20.25,137.55,0.08637,36.00,1,0,1,0
2024-09-19,21288.00,21713.00,425.00,137.55,0.08772,36.00,1,1,1,1
2024-09-20,21785.00,21721.75,-63.25,137.75,0.08040,36.00,1,0,1,0
2024-09-23,21736.00,21782.25,46.25,137.75,0.07921,36.88,1,0,1,0
2024-09-24,21780.00,21808.50,28.50,137.75,0.07941,36.88,1,0,1,0
2024-09-25,21872.75,21844.25,-28.50,137.75,0.08057,36.88,1,0,1,0
2024-09-26,21898.25,22188.50,290.25,137.75,0.08130,36.88,1,1,1,1
2024-09-27,22045.00,22049.25,4.25,139.33,0.07914,37.25,1,0,1,0
2024-09-30,21926.50,21833.50,-93.00,139.33,0.07925,37.25,1,0,1,0
2024-10-01,21974.25,21975.75,1.50,139.33,0.07721,38.00,1,0,1,0
2024-10-02,21682.75,21637.00,-45.75,139.33,0.07730,38.00,1,0,1,0
2024-10-03,21711.00,21681.25,-29.75,139.33,0.07712,38.50,1,0,1,0
2024-10-04,21691.75,21766.75,75.00,139.33,0.07712,38.50,1,0,1,0
2024-10-07,21930.00,21814.25,-115.75,139.33,0.07770,38.50,1,0,1,0
2024-10-08,21703.25,21797.50,94.25,139.33,0.07606,38.00,1,0,1,0
2024-10-09,22003.50,21960.75,-42.75,139.33,0.07490,38.62,1,0,1,0
2024-10-10,22164.50,22140.75,-23.75,139.33,0.07467,38.00,1,0,1,0
2024-10-11,22133.00,22070.75,-62.25,139.33,0.07472,38.00,1,0,1,0
2024-10-14,22152.50,22210.25,57.75,139.33,0.07444,37.38,1,0,1,0
2024-10-15,22324.75,22316.50,-8.25,139.33,0.07525,37.38,1,0,1,0
2024-10-16,22048.25,22079.25,31.00,139.33,0.07615,37.12,1,0,1,0
2024-10-17,22050.50,22221.50,171.00,139.33,0.07609,36.12,1,1,1,1
2024-10-18,22067.25,22172.00,104.75,139.33,0.07516,35.12,1,0,1,0
2024-10-21,22186.00,22062.50,-123.50,139.33,0.07388,35.12,1,0,1,0
2024-10-22,22224.00,22113.75,-110.25,139.33,0.07403,35.12,1,0,1,0
2024-10-23,22243.75,22174.50,-69.25,139.33,0.07307,36.00,1,0,1,0
2024-10-24,21922.50,22118.75,196.25,139.33,0.07272,35.12,1,1,1,1
2024-10-25,22083.75,22149.25,65.50,139.50,0.07255,34.25,1,0,1,0
2024-10-28,22198.25,22322.00,123.75,139.50,0.07287,32.88,1,0,1,0
2024-10-29,22203.50,22197.75,-5.75,139.50,0.07125,32.88,1,0,1,0
2024-10-30,22398.75,22418.00,19.25,139.50,0.07100,32.88,1,0,1,0
2024-10-31,22238.25,22096.25,-142.00,139.50,0.07095,32.00,1,1,1,1
2024-11-01,21718.25,21812.50,94.25,141.75,0.06813,32.00,1,0,1,0
2024-11-04,21850.00,21869.75,19.75,141.75,0.06779,31.75,1,0,1,0
2024-11-05,21789.00,21852.75,63.75,141.75,0.06748,31.75,1,0,1,0
2024-11-06,22045.25,22387.75,342.50,141.75,0.06794,31.62,1,1,1,1
2024-11-07,22598.25,22670.50,72.25,150.10,0.06744,31.62,1,0,1,0
2024-11-08,22925.50,22886.75,-38.75,150.10,0.06767,31.62,1,0,1,0
2024-11-11,22937.00,23030.50,93.50,150.10,0.06764,31.50,1,0,1,0
2024-11-12,22923.75,22896.50,-27.25,150.10,0.06678,31.62,1,0,1,0
2024-11-13,22888.75,22835.50,-53.25,150.10,0.06664,31.75,1,0,1,0
2024-11-14,22861.25,22859.00,-2.25,150.10,0.06607,31.62,1,0,1,0
2024-11-15,22712.25,22566.00,-146.25,150.10,0.06593,31.50,1,0,1,0
2024-11-18,22195.50,22261.25,65.75,150.53,0.06728,31.62,1,0,1,0
2024-11-19,22334.50,22318.00,-16.50,150.53,0.06665,31.75,1,0,1,0
2024-11-20,22468.75,22523.50,54.75,150.53,0.06720,31.75,1,0,1,0
2024-11-21,22456.25,22465.25,9.00,150.53,0.06705,31.62,1,0,1,0
2024-11-22,22527.25,22501.00,-26.25,150.53,0.06717,32.00,1,0,1,0
2024-11-25,22551.25,22659.00,107.75,150.53,0.06727,32.00,1,0,1,0
2024-11-26,22581.75,22650.50,68.75,150.53,0.06724,32.00,1,0,1,0
2024-11-27,22693.75,22647.25,-46.50,150.53,0.06644,32.00,1,0,1,0
2024-11-28,22520.00,22576.75,56.75,150.53,0.06597,32.00,1,0,1,0
2024-11-29,22593.00,22561.75,-31.25,150.53,0.06662,31.62,1,0,1,0
2024-12-02,22695.00,22710.00,15.00,150.53,0.06693,31.50,1,0,1,0
2024-12-03,22920.50,22910.50,-10.00,150.53,0.06692,31.50,1,0,1,0
2024-12-04,22982.00,23114.00,132.00,150.53,0.06696,31.25,1,0,1,0
2024-12-05,23241.00,23240.25,-0.75,150.53,0.06758,30.75,1,0,1,0
2024-12-06,23179.00,23182.25,3.25,150.53,0.06757,30.75,1,0,1,0
2024-12-09,23362.50,23330.50,-32.00,150.53,0.06696,30.75,1,0,1,0
2024-12-10,23189.75,23232.50,42.75,150.53,0.06772,30.75,1,0,1,0
2024-12-11,23112.50,23141.50,29.00,150.53,0.06760,30.75,1,0,1,0
2024-12-12,23494.50,23405.00,-89.50,150.53,0.06776,30.75,1,0,1,0
2024-12-13,23347.50,23535.50,188.00,150.53,0.06696,31.25,1,1,1,1
2024-12-16,23501.00,23591.00,90.00,152.58,0.06651,30.75,1,0,1,0
2024-12-17,23825.75,23766.25,-59.50,152.58,0.06713,31.25,1,0,1,0
2024-12-18,23729.50,23793.25,63.75,152.58,0.06738,31.25,1,0,1,0
2024-12-19,22914.25,23091.50,177.25,152.58,0.06687,31.25,1,1,1,1
2024-12-20,22794.00,22515.75,-278.25,155.00,0.06534,31.00,1,1,1,1
2024-12-23,22984.00,23085.25,101.25,155.00,0.06300,31.25,1,0,1,0
2024-12-24,23172.25,23215.50,43.25,155.00,0.06199,31.00,1,0,1,0
2024-12-26,23462.75,23365.75,-97.00,155.00,0.06199,31.00,1,0,1,0
2024-12-27,23423.50,23358.25,-65.25,155.00,0.06337,30.75,1,0,1,0
2024-12-30,23119.50,22898.50,-221.00,155.00,0.06377,30.75,1,1,1,1
2024-12-31,22827.25,22881.00,53.75,156.15,0.06423,31.00,1,0,1,0
2025-01-02,22637.00,22860.00,223.00,156.15,0.06407,31.00,1,1,1,1
2025-01-03,22586.25,22658.50,72.25,157.60,0.06116,31.00,1,0,1,0
2025-01-06,22925.00,23151.75,226.75,157.60,0.06174,31.00,1,1,1,1
2025-01-07,23166.50,23161.75,-4.75,163.38,0.06110,30.88,1,0,1,0
2025-01-08,22776.00,22674.50,-101.50,163.38,0.06118,30.62,1,0,1,0
2025-01-10,22777.50,22738.00,-39.50,163.38,0.05674,30.88,1,0,1,0
2025-01-13,22433.00,22234.25,-198.75,163.38,0.05696,31.00,1,1,1,1
2025-01-14,22365.00,22421.50,56.50,170.30,0.05658,31.25,1,0,1,0
2025-01-15,22339.00,22413.75,74.75,170.30,0.06063,31.25,1,0,1,0
2025-01-16,22811.25,22856.75,45.50,170.30,0.06011,31.88,1,0,1,0
2025-01-17,22664.00,22762.25,98.25,170.30,0.06034,31.88,1,0,1,0
2025-01-20,23017.25,23000.00,-17.25,170.30,0.06248,31.88,1,0,1,0
2025-01-21,23097.00,23111.00,14.00,170.30,0.06241,31.25,1,0,1,0
2025-01-22,23131.00,23326.75,195.75,170.30,0.05779,31.38,1,1,1,1
2025-01-23,23414.50,23316.50,-98.00,173.93,0.05797,31.38,1,0,1,0
2025-01-24,23458.75,23448.25,-10.50,173.93,0.05911,31.25,1,0,1,0
2025-01-27,23325.00,22500.25,-824.75,173.93,0.05837,31.12,1,1,1,1
2025-01-28,22675.75,22723.00,47.25,173.93,0.02466,31.12,1,0,1,0
2025-01-29,22992.50,23063.25,70.75,173.93,0.02241,31.12,1,0,1,0
2025-01-30,22946.50,23047.50,101.00,173.93,0.02021,31.25,1,0,1,0
2025-01-31,23040.50,23199.25,158.75,173.93,0.02548,31.25,1,0,1,0
2025-02-03,22997.25,22596.00,-401.25,173.93,-0.03741,31.25,1,1,0,0
2025-02-04,22820.50,22873.00,52.50,176.95,-0.03919,31.25,1,0,0,0
2025-02-05,23084.50,22926.75,-157.75,176.95,-0.04005,31.25,1,0,0,0
2025-02-06,23178.00,23180.00,2.00,176.95,-0.04052,31.25,1,0,0,0
2025-02-07,23288.25,23281.50,-6.75,176.95,-0.04069,31.25,1,0,0,0
2025-02-10,23004.75,23155.25,150.50,176.95,-0.04098,31.25,1,0,0,0
2025-02-11,23259.75,23165.25,-94.50,176.95,-0.04051,31.25,1,0,0,0
2025-02-12,23206.25,23247.25,41.00,176.95,-0.03871,31.25,1,0,0,0
2025-02-13,23217.50,23239.25,21.75,176.95,-0.03887,31.25,1,0,0,0
2025-02-14,23526.75,23501.25,-25.50,176.95,-0.03975,31.25,1,0,0,0
2025-02-17,23611.00,23664.75,53.75,173.93,-0.03963,31.25,1,0,0,0
2025-02-18,23651.75,23702.50,50.75,173.93,-0.03957,31.25,1,0,0,0
2025-02-19,23654.75,23645.00,-9.75,173.93,-0.03950,31.25,1,0,0,0
2025-02-20,23663.25,23624.00,-39.25,173.93,-0.03892,31.25,1,0,0,0
2025-02-21,23561.75,23634.00,72.25,173.93,-0.03810,31.25,1,0,0,0
2025-02-24,23098.75,23179.75,81.00,173.93,-0.03799,31.12,1,0,0,0
2025-02-25,22838.25,22846.50,8.25,173.93,-0.03757,31.12,1,0,0,0
2025-02-26,22566.50,22707.25,140.75,173.93,-0.03731,31.25,1,0,0,0
2025-02-27,22608.25,22768.00,159.75,173.93,-0.03541,31.25,1,0,0,0
2025-02-28,22027.00,22036.50,9.50,173.93,-0.03674,31.25,1,0,0,0
2025-03-03,22336.25,22486.75,150.50,173.93,-0.03664,31.25,1,0,0,0
2025-03-04,21889.50,21737.25,-152.25,173.93,-0.03675,31.38,1,0,0,0
2025-03-05,21813.00,21901.25,88.25,173.93,-0.03301,32.75,1,0,0,0
2025-03-06,22076.00,21787.25,-288.75,173.93,-0.03660,34.12,1,1,0,0
2025-03-07,21510.50,21540.75,30.25,176.95,-0.02860,35.12,1,0,0,0
2025-03-10,21641.50,21367.50,-274.00,176.95,-0.02720,36.12,1,1,0,0
2025-03-11,20881.00,20993.75,112.75,184.23,-0.01852,36.12,1,0,0,0
2025-03-12,20809.00,20999.00,190.00,176.95,-0.02158,36.38,1,1,0,0
2025-03-13,21026.00,20947.75,-78.25,184.23,-0.02031,36.50,1,0,0,0
2025-03-14,20668.00,20888.75,220.75,184.23,-0.01957,38.00,1,1,0,0
2025-03-17,21122.25,21106.75,-15.50,187.70,-0.01555,40.12,1,0,0,0
2025-03-18,21251.25,21184.00,-67.25,187.70,-0.01489,40.12,1,0,0,0
2025-03-19,20916.50,20985.00,68.50,187.70,-0.01455,40.12,1,0,0,0
2025-03-20,21163.25,21065.00,-98.25,187.70,-0.01466,38.50,1,0,0,0
2025-03-21,21094.00,21004.50,-89.50,187.70,-0.01276,38.62,1,0,0,0
2025-03-24,21163.00,21465.00,302.00,187.70,-0.01282,40.12,1,1,0,0
2025-03-25,21579.00,21624.00,45.00,189.80,-0.01162,40.12,1,0,0,0
2025-03-26,21701.00,21695.00,-6.00,189.80,-0.01144,40.12,1,0,0,0
2025-03-27,21325.25,21301.00,-24.25,189.80,-0.01293,38.62,1,0,0,0
2025-03-28,21207.50,21161.25,-46.25,189.80,-0.01242,38.62,1,0,0,0
2025-03-31,20672.50,20383.25,-289.25,189.80,-0.01070,37.62,1,1,0,0
2025-04-01,20662.50,20566.75,-95.75,192.70,-0.01152,38.62,1,0,0,0
2025-04-02,20815.50,20641.25,-174.25,192.70,-0.01174,40.12,1,0,0,0
2025-04-03,20959.00,20200.00,-759.00,192.70,-0.00556,40.88,1,1,0,0
2025-04-04,19899.50,19340.00,-559.50,194.12,-0.00219,40.88,1,1,0,0
2025-04-07,18748.75,18276.00,-472.75,195.60,-0.00404,40.88,1,1,0,0
2025-04-08,18771.50,19227.50,456.00,196.20,-0.01810,40.88,1,1,0,0
2025-04-09,18445.75,18170.25,-275.50,198.50,-0.01800,40.88,1,1,0,0
2025-04-10,20465.25,20139.00,-326.25,218.55,-0.01718,40.88,1,1,0,0
2025-04-11,19697.50,19776.50,79.00,220.97,-0.00901,40.88,1,0,0,0
2025-04-14,20021.00,20284.25,263.25,220.97,-0.00922,40.88,1,1,0,0
2025-04-15,20152.75,20100.25,-52.50,221.00,-0.00449,41.75,1,0,0,0
2025-04-16,20172.25,19908.25,-264.00,221.00,-0.00401,44.00,1,1,0,0
2025-04-17,19599.75,19728.25,128.50,221.68,-0.00402,44.00,1,0,0,0
2025-04-21,19586.50,19318.25,-268.25,221.68,-0.00365,45.75,1,1,0,0
2025-04-22,19134.75,19267.50,132.75,222.88,-0.00385,45.75,1,0,0,0
2025-04-23,19592.00,20072.00,480.00,222.88,-0.00214,45.62,1,1,0,0
2025-04-24,20000.00,19982.25,-17.75,223.90,0.00342,45.62,1,0,1,0
2025-04-25,20531.25,20468.25,-63.00,223.90,0.00382,45.62,1,0,1,0
2025-04-28,20742.50,20726.25,-16.25,223.90,0.00355,45.88,1,0,1,0
2025-04-29,20736.25,20715.75,-20.50,223.90,0.00395,46.88,1,0,1,0
2025-04-30,20857.25,20740.50,-116.75,223.90,0.00399,46.88,1,0,1,0
2025-05-01,20855.00,21221.50,366.50,223.90,0.00596,46.88,1,1,1,1
2025-05-02,21089.75,21130.00,40.25,226.48,0.00473,47.88,1,0,1,0
2025-05-05,21398.00,21193.00,-205.00,226.48,0.00496,47.88,1,0,1,0
2025-05-06,21277.00,21052.50,-224.50,226.48,0.00419,47.88,1,0,1,0
2025-05-07,21088.25,21208.50,120.25,226.53,0.00441,47.88,1,0,1,0
2025-05-08,21162.25,21410.25,248.00,226.53,0.00060,49.25,1,1,1,1
2025-05-09,21366.75,21418.50,51.75,245.88,0.00098,49.25,1,0,1,0
2025-05-12,21348.75,22126.25,777.50,245.88,0.00094,49.25,1,1,1,1
2025-05-13,22161.50,22153.75,-7.75,261.73,0.00934,51.25,1,0,1,0
2025-05-14,22482.75,22556.25,73.50,261.73,0.00938,52.00,1,0,1,0
2025-05-15,22609.00,22487.00,-122.00,261.73,0.00963,52.00,1,0,1,0
2025-05-16,22631.50,22693.25,61.75,261.73,0.00983,51.25,1,0,1,0
2025-05-19,22717.50,22416.75,-300.75,261.73,0.00927,51.25,1,1,1,1
2025-05-20,22734.50,22676.00,-58.50,263.93,0.01147,51.50,1,0,1,0
2025-05-21,22659.75,22551.75,-108.00,263.93,0.01151,51.50,1,0,1,0
2025-05-22,22362.50,22294.50,-68.00,263.93,0.01179,51.50,1,0,1,0
2025-05-23,22396.25,22044.25,-352.00,263.93,0.01195,51.50,1,1,1,1
2025-05-26,22191.00,22487.75,296.75,267.83,0.01280,52.25,1,1,1,1
2025-05-27,22496.75,22509.25,12.50,273.43,0.01270,51.50,1,0,1,0
2025-05-28,22678.00,22715.75,37.75,273.43,0.01300,51.50,1,0,1,0
2025-05-29,22585.00,22867.25,282.25,273.43,0.01319,50.75,1,1,1,1
2025-05-30,22623.25,22600.25,-23.00,275.35,0.01335,50.75,1,0,1,0
2025-06-02,22581.75,22468.25,-113.50,275.35,0.01353,50.75,1,0,1,0
2025-06-03,22745.50,22739.25,-6.25,275.35,0.01345,49.50,1,0,1,0
2025-06-04,22916.25,22959.50,43.25,275.35,0.01346,46.88,1,0,1,0
2025-06-05,22969.50,22980.00,10.50,275.35,0.01249,46.88,1,0,1,0
2025-06-06,22800.50,22883.25,82.75,275.35,0.01250,46.88,1,0,1,0
2025-06-09,23001.75,23023.00,21.25,275.35,0.01268,45.62,1,0,1,0
2025-06-10,23030.75,23069.50,38.75,275.35,0.01267,45.50,1,0,1,0
2025-06-11,23177.25,23142.50,-34.75,275.35,0.01282,45.50,1,0,1,0
2025-06-12,23099.50,22951.75,-147.75,275.35,0.01244,45.62,1,0,1,0
2025-06-13,23149.00,22896.75,-252.25,275.35,0.01203,45.62,1,0,1,0
2025-06-16,22864.00,23033.75,169.75,275.35,0.01147,45.62,1,0,1,0
2025-06-17,23176.50,23072.75,-103.75,275.35,0.01162,45.62,1,0,1,0
2025-06-18,22956.75,23008.00,51.25,275.35,0.01131,45.62,1,0,1,0
2025-06-19,22950.00,22815.00,-135.00,275.35,0.01145,45.62,1,0,1,0
2025-06-20,22704.75,22967.50,262.75,275.35,0.01206,45.62,1,0,1,0
2025-06-23,22842.75,22825.25,-17.50,275.35,0.01323,45.62,1,0,1,0
2025-06-24,23073.50,23306.00,232.50,275.35,0.01338,45.62,1,0,1,0
2025-06-25,23406.75,23491.00,84.25,275.35,0.01250,45.62,1,0,1,0
2025-06-26,23463.50,23577.50,114.00,275.35,0.01260,43.88,1,0,1,0
2025-06-27,23673.50,23780.00,106.50,275.35,0.01235,42.12,1,0,1,0
2025-06-30,23752.50,23894.25,141.75,275.35,0.01152,41.88,1,0,1,0
2025-07-01,23885.75,23826.25,-59.50,275.35,0.01125,41.38,1,0,1,0
2025-07-02,23692.00,23663.00,-29.00,275.35,0.01271,41.38,1,0,1,0
2025-07-03,23845.25,23863.00,17.75,275.35,0.01252,41.38,1,0,1,0
2025-07-04,24059.50,23921.75,-137.75,275.35,0.01223,40.50,1,0,1,0
2025-07-07,23905.00,23981.75,76.75,275.35,0.01197,39.88,1,0,1,0
2025-07-08,23884.50,23940.00,55.50,275.35,0.01371,39.75,1,0,1,0
2025-07-09,23892.75,23939.25,46.50,275.35,0.01374,39.62,1,0,1,0
2025-07-10,24051.50,24071.50,20.00,275.35,0.01378,38.75,1,0,1,0
2025-07-11,24017.00,23909.25,-107.75,273.43,0.01423,38.75,1,0,1,0
2025-07-14,23956.00,23887.50,-68.50,273.43,0.01441,38.50,1,0,1,0
2025-07-15,24034.00,24167.50,133.50,273.43,0.01401,38.50,1,0,1,0
2025-07-16,24054.00,24021.00,-33.00,273.43,0.01166,37.62,1,0,1,0
2025-07-17,24075.50,24087.25,11.75,273.43,0.01158,37.12,1,0,1,0
2025-07-18,24258.75,24265.00,6.25,273.43,0.01163,37.00,1,0,1,0
2025-07-21,24227.25,24278.00,50.75,273.43,0.01117,36.00,1,0,1,0
2025-07-22,24344.75,24331.75,-13.00,273.43,0.01127,34.38,1,0,1,0
2025-07-23,24222.00,24258.00,36.00,273.43,0.01125,33.62,1,0,1,0
2025-07-24,24324.75,24387.00,62.25,273.43,0.02777,33.50,1,0,1,0
2025-07-25,24377.00,24365.75,-11.25,267.83,0.02717,33.00,1,0,1,0
2025-07-28,24423.00,24502.75,79.75,267.83,0.02807,32.00,1,0,1,0
2025-07-29,24492.75,24600.75,108.00,263.93,0.02808,31.00,1,0,1,0
2025-07-30,24457.75,24508.25,50.50,263.20,0.02779,31.00,1,0,1,0
2025-07-31,24484.75,24764.00,279.25,263.20,0.03263,31.00,1,1,1,1
2025-08-01,24353.25,24126.00,-227.25,263.93,0.03385,32.00,1,0,1,0
2025-08-04,23881.25,24044.25,163.00,263.93,0.03416,31.00,1,0,1,0
2025-08-05,24297.00,24384.25,87.25,263.93,0.03512,31.00,1,0,1,0
2025-08-06,24134.25,24177.25,43.00,263.93,0.03488,31.00,1,0,1,0
2025-08-07,24424.50,24581.75,157.25,263.93,0.03402,32.00,1,0,1,0
2025-08-08,24502.00,24574.75,72.75,263.93,0.03401,31.00,1,0,1,0
2025-08-11,24714.25,24736.00,21.75,263.93,0.03343,32.00,1,0,1,0
2025-08-12,24638.75,24641.25,2.50,263.93,0.03340,30.88,1,0,1,0
2025-08-13,24934.50,24994.00,59.50,263.93,0.03341,32.00,1,0,1,0
2025-08-14,24943.75,24955.50,11.75,263.93,0.03351,30.88,1,0,1,0
2025-08-15,24921.75,24920.75,-1.00,263.93,0.03338,30.00,1,0,1,0
2025-08-18,24806.25,24771.25,-35.00,263.93,0.03332,30.00,1,0,1,0
2025-08-19,24796.75,24775.25,-21.50,263.93,0.03316,30.00,1,0,1,0
2025-08-20,24470.75,24414.25,-56.50,263.93,0.03304,30.00,1,0,1,0
2025-08-21,24325.25,24281.75,-43.50,263.93,0.03265,30.00,1,0,1,0
2025-08-22,24218.50,24253.00,34.50,263.93,0.03303,30.00,1,0,1,0
2025-08-25,24568.50,24497.75,-70.75,263.93,0.03216,29.62,1,0,1,0
2025-08-26,24496.00,24470.00,-26.00,263.93,0.03249,29.62,1,0,1,0
2025-08-27,24587.75,24608.50,20.75,263.93,0.03255,29.62,1,0,1,0
2025-08-28,24620.50,24618.75,-1.75,263.93,0.03237,29.50,1,0,1,0
2025-09-01,24766.25,24466.75,-299.50,263.93,0.03107,29.62,1,1,1,1
2025-09-02,24503.25,24225.25,-278.00,267.83,0.03079,29.62,1,1,1,1
2025-09-03,24277.25,24416.00,138.75,273.43,0.03096,30.00,1,0,1,0
2025-09-04,24452.50,24497.50,45.00,273.43,0.03163,30.75,1,0,1,0
2025-09-05,24666.50,24769.75,103.25,273.43,0.02858,30.75,1,0,1,0
2025-09-08,24691.50,24763.50,72.00,273.43,0.03093,30.75,1,0,1,0
2025-09-09,24803.50,24850.00,46.50,273.43,0.03023,30.00,1,0,1,0
2025-09-10,24867.75,24949.50,81.75,273.43,0.03005,29.62,1,0,1,0
2025-09-11,24874.50,24946.25,71.75,273.43,0.02758,30.00,1,0,1,0
2025-09-12,25012.25,25045.00,32.75,273.43,0.02779,30.38,1,0,1,0
2025-09-15,25110.25,25147.75,37.50,273.43,0.02769,30.00,1,0,1,0
2025-09-16,25316.25,25368.25,52.00,267.83,0.02808,30.00,1,0,1,0
2025-09-17,25287.50,25265.00,-22.50,267.83,0.02768,29.62,1,0,1,0
2025-09-18,25238.50,25505.50,267.00,267.83,0.02770,29.50,1,0,1,0
2025-09-19,25460.75,25499.00,38.25,268.12,0.02802,29.62,1,0,1,0
2025-09-22,25622.75,25552.50,-70.25,268.12,0.02805,29.62,1,0,1,0
2025-09-23,25761.50,25763.50,2.00,266.70,0.02824,29.50,1,0,1,0
2025-09-24,25594.25,25652.25,58.00,266.70,0.02807,29.50,1,0,1,0
2025-09-25,25502.50,25358.00,-144.50,266.70,0.02787,29.12,1,0,1,0
2025-09-26,25394.75,25402.25,7.50,266.70,0.02830,29.12,1,0,1,0
2025-09-29,25488.75,25640.25,151.50,266.70,0.02852,29.12,1,0,1,0
2025-09-30,25600.50,25566.75,-33.75,266.70,0.02557,29.12,1,0,1,0
2025-10-01,25660.50,25562.00,-98.50,266.70,0.02716,29.12,1,0,1,0
2025-10-02,25774.75,25912.00,137.25,266.70,0.03278,29.12,1,0,1,0
2025-10-03,25871.50,25900.25,28.75,266.70,0.05294,29.12,1,0,1,0
2025-10-06,25759.75,25947.75,188.00,266.70,0.05727,29.12,1,0,1,0
2025-10-07,25947.50,25974.50,27.00,266.70,0.05965,29.12,1,0,1,0
2025-10-08,25808.50,25852.00,43.50,266.70,0.05098,28.62,1,0,1,0
2025-10-09,26092.75,26077.00,-15.75,266.70,0.05092,28.62,1,0,1,0
2025-10-10,26058.00,26086.00,28.00,266.70,0.04593,28.62,1,0,1,0
2025-10-13,25165.25,25561.25,396.00,266.70,0.04519,28.62,1,1,1,1
2025-10-14,25684.25,25417.75,-266.50,268.12,0.04655,29.12,1,0,1,0
2025-10-15,25519.75,25724.25,204.50,268.12,0.04483,29.50,1,0,1,0
2025-10-16,25688.50,25828.75,140.25,268.12,0.04997,29.62,1,0,1,0
2025-10-17,25594.00,25492.25,-101.75,268.12,0.04812,30.12,1,0,1,0
2025-10-20,25750.75,25847.50,96.75,268.12,0.04126,30.88,1,0,1,0
2025-10-21,26063.50,26070.50,7.00,268.12,0.04198,30.88,1,0,1,0
2025-10-22,26054.50,25987.25,-67.25,268.12,0.04223,30.88,1,0,1,0
2025-10-23,25803.25,25736.75,-66.50,268.12,0.04103,31.38,1,0,1,0
2025-10-24,26015.75,26137.75,122.00,268.12,0.04068,31.38,1,0,1,0
2025-10-27,26271.25,26583.25,312.00,268.12,0.03661,30.88,1,1,1,1
2025-10-28,26724.00,26756.75,32.75,273.43,0.04131,30.88,1,0,1,0
2025-10-29,26923.50,27038.00,114.50,273.43,0.04129,30.88,1,0,1,0
2025-10-30,27043.50,27023.00,-20.50,273.43,0.04323,30.00,1,0,1,0
2025-10-31,26634.50,26984.00,349.50,273.43,0.04549,30.00,1,1,1,1
2025-11-03,26756.75,26916.50,159.75,273.43,0.05194,30.88,1,0,1,0
2025-11-04,26873.50,26518.00,-355.50,273.43,0.05127,30.00,1,1,1,1
2025-11-05,26340.50,26292.50,-48.00,275.35,0.05423,30.88,1,0,1,0
2025-11-06,26504.25,26542.00,37.75,275.35,0.04912,30.88,1,0,1,0
2025-11-07,26021.00,25856.25,-164.75,275.35,0.05011,31.38,1,0,1,0
2025-11-10,25927.50,26301.75,374.25,275.35,0.04995,31.50,1,1,1,1
2025-11-11,26476.25,26354.25,-122.00,277.75,0.04873,31.50,1,0,1,0
2025-11-12,26410.50,26555.75,145.25,277.75,0.04858,31.50,1,0,1,0
2025-11-13,26388.50,26348.75,-39.75,277.75,0.04657,31.50,1,0,1,0
2025-11-14,25863.25,25487.50,-375.75,277.75,0.04648,31.75,1,1,1,1
2025-11-17,25869.25,25894.25,25.00,278.23,0.04532,31.75,1,0,1,0
2025-11-18,25651.00,25457.00,-194.00,278.23,0.04419,32.12,1,0,1,0
2025-11-19,25344.50,25458.75,114.25,278.23,0.04112,32.12,1,0,1,0
2025-11-20,25487.75,25918.25,430.50,278.23,0.04190,32.12,1,1,1,1
2025-11-21,24900.25,24954.25,54.00,279.15,0.03635,33.88,1,0,1,0
2025-11-24,25077.25,25268.75,191.50,279.15,0.03637,33.88,1,0,1,0
2025-11-25,25699.50,25674.00,-25.50,279.15,0.03980,36.00,1,0,1,0
2025-11-26,25842.50,25939.00,96.50,279.15,0.03716,36.00,1,0,1,0
2025-11-27,26059.50,26060.75,1.25,279.15,0.03778,37.50,1,0,1,0
2025-12-01,26248.00,25989.00,-259.00,279.15,0.03797,36.00,1,0,1,0
2025-12-02,26165.25,26262.00,96.75,279.15,0.03469,37.50,1,0,1,0
2025-12-03,26363.00,26418.00,55.00,279.15,0.03452,37.50,1,0,1,0
2025-12-04,26420.25,26422.50,2.25,279.15,0.03443,38.38,1,0,1,0
2025-12-05,26391.00,26466.75,75.75,279.15,0.03445,38.38,1,0,1,0
2025-12-08,26489.50,26566.75,77.25,279.15,0.03406,38.38,1,0,1,0
2025-12-09,26431.50,26427.50,-4.00,279.15,0.03475,38.38,1,0,1,0
2025-12-10,26466.25,26411.50,-54.75,279.15,0.03692,38.38,1,0,1,0
2025-12-11,26565.75,26455.75,-110.00,279.15,0.03607,39.00,1,0,1,0
2025-12-12,26478.25,26331.50,-146.75,279.15,0.03618,39.00,1,0,1,0
2025-12-15,25973.75,26122.00,148.25,279.15,0.03513,39.62,1,0,1,0
2025-12-16,25843.50,25808.75,-34.75,279.15,0.03485,39.62,1,0,1,0
2025-12-17,25883.50,25997.00,113.50,279.15,0.03452,41.12,1,0,1,0
2025-12-18,25402.00,25604.75,202.75,279.12,0.03179,41.62,1,0,1,0
2025-12-19,25762.25,25790.75,28.50,279.12,0.03305,42.25,1,0,1,0
2025-12-22,26091.25,26247.00,155.75,279.12,0.03527,42.88,1,0,1,0
2025-12-23,26198.00,26195.00,-3.00,279.12,0.03564,42.88,1,0,1,0
2025-12-24,26321.25,26326.00,4.75,279.12,0.03609,42.88,1,0,1,0
2025-12-26,26371.75,26399.75,28.00,279.12,0.03666,42.88,1,0,1,0
2025-12-29,26375.75,26256.50,-119.25,279.12,0.03728,41.62,1,0,1,0
2025-12-30,26251.25,26237.25,-14.00,279.12,0.03494,41.62,1,0,1,0
2025-12-31,26188.00,26139.25,-48.75,279.12,0.03426,41.62,1,0,1,0
2026-01-02,25965.00,26213.00,248.00,279.12,0.03361,41.12,1,0,1,0
2026-01-05,25894.50,26067.50,173.00,279.12,0.03305,41.12,1,0,1,0
2026-01-06,26096.75,26151.25,54.50,279.12,0.03138,41.12,1,0,1,0
2026-01-07,26323.50,26276.25,-47.25,279.12,0.03115,41.12,1,0,1,0
2026-01-08,26344.25,26277.50,-66.75,279.12,0.03075,41.12,1,0,1,0
2026-01-09,26191.75,26259.00,67.25,279.12,0.02911,41.12,1,0,1,0
2026-01-12,26442.75,26263.50,-179.25,279.12,0.02807,39.62,1,0,1,0
2026-01-13,26462.00,26405.25,-56.75,279.12,0.02856,38.38,1,0,1,0
2026-01-14,26414.00,26289.50,-124.50,279.12,0.02874,37.38,1,0,1,0
2026-01-15,26146.75,26362.25,215.50,279.12,0.02730,37.38,1,0,1,0
2026-01-16,26226.50,26341.25,114.75,279.12,0.02816,38.38,1,0,1,0
2026-01-19,26194.00,25838.75,-355.25,279.12,0.02772,38.38,1,1,1,1
2026-01-20,25907.75,25768.00,-139.75,281.95,0.03079,38.38,1,0,1,0
2026-01-21,25648.50,25596.25,-52.25,281.95,0.03134,39.12,1,0,1,0
2026-01-22,25983.00,26201.25,218.25,279.12,0.03165,40.25,1,0,1,0
2026-01-26,26171.75,26198.50,26.75,279.12,0.03219,40.25,1,0,1,0
2026-01-27,26354.25,26514.25,160.00,279.12,0.03235,39.12,1,0,1,0
2026-01-28,26585.50,26791.25,205.75,279.12,0.03192,39.12,1,0,1,0
2026-01-29,26660.50,26686.00,25.50,279.12,0.03147,38.50,1,0,1,0
2026-01-30,26502.25,26356.50,-145.75,277.75,0.03169,38.38,1,0,1,0
2026-02-02,26181.00,25998.50,-182.50,277.75,0.03029,38.50,1,0,1,0
2026-02-03,26366.25,26491.75,125.50,277.75,0.03135,38.50,1,0,1,0
2026-02-04,25955.75,25916.00,-39.75,277.75,0.03030,38.38,1,0,1,0
2026-02-05,25507.75,25303.75,-204.00,277.75,0.03104,38.38,1,0,1,0
2026-02-06,25148.50,25293.00,144.50,277.75,0.03080,38.38,1,0,1,0
2026-02-09,25657.00,25611.75,-45.25,277.75,0.03182,39.12,1,0,1,0
2026-02-10,25851.25,25848.25,-3.00,277.75,0.03223,39.12,1,0,1,0
2026-02-11,25731.00,25757.25,26.25,277.75,0.03232,40.25,1,0,1,0
2026-02-12,25788.25,25867.00,78.75,277.75,0.03244,40.25,1,0,1,0
2026-02-13,25276.00,25205.50,-70.50,277.75,0.03190,39.12,1,0,1,0
2026-02-16,25313.00,25379.00,66.00,277.75,0.03157,39.12,1,0,1,0
2026-02-17,25256.00,25094.75,-161.25,277.75,0.03127,38.50,1,0,1,0
2026-02-18,25285.25,25399.75,114.50,277.75,0.02930,38.50,1,0,1,0
2026-02-19,25467.75,25378.50,-89.25,277.75,0.02938,38.38,1,0,1,0
2026-02-20,25372.75,25339.75,-33.00,277.75,0.03085,38.38,1,0,1,0
2026-02-23,25586.25,25415.00,-171.25,277.75,0.02920,38.38,1,0,1,0
2026-02-24,25276.25,25325.75,49.50,277.75,0.02722,38.38,1,0,1,0
2026-02-25,25541.00,25648.75,107.75,277.75,0.02676,38.38,1,0,1,0
2026-02-26,25895.75,25883.50,-12.25,277.75,0.02663,38.38,1,0,1,0
2026-02-27,25591.25,25431.25,-160.00,277.75,0.02636,38.38,1,0,1,0
2026-03-02,25507.25,25138.75,-368.50,277.75,0.02837,38.50,1,1,1,1
2026-03-03,25531.00,25092.00,-439.00,279.12,0.01872,38.62,1,1,1,1
2026-03-04,25268.50,25310.25,41.75,279.12,0.02053,39.25,1,0,1,0
2026-03-05,25633.50,25578.25,-55.25,279.12,0.02065,40.75,1,0,1,0
2026-03-06,25558.25,25346.00,-212.25,279.12,0.02110,42.50,1,0,1,0
2026-03-09,25177.75,24894.00,-283.75,279.12,0.01760,43.62,1,1,1,1
2026-03-10,25501.50,25481.50,-20.00,281.95,0.01118,43.62,1,0,1,0
2026-03-11,25493.00,25456.25,-36.75,281.95,0.01176,44.38,1,0,1,0
2026-03-12,25494.00,25368.25,-125.75,281.95,0.01148,44.88,1,0,1,0
2026-03-13,25065.00,25172.75,107.75,281.95,0.01218,45.25,1,0,1,0
2026-03-16,24905.50,25134.25,228.75,281.95,0.01181,45.25,1,0,1,0
2026-03-17,25180.25,25110.25,-70.00,281.95,0.01425,45.25,1,0,1,0
2026-03-18,25307.00,25408.50,101.50,281.95,0.01226,45.25,1,0,1,0
2026-03-19,24947.50,24844.00,-103.50,281.95,0.00953,46.00,1,0,1,0
2026-03-20,24870.25,24739.25,-131.00,279.12,0.01178,47.00,1,0,1,0
2026-03-23,24410.25,24688.25,278.00,279.12,0.00957,47.88,1,0,1,0
2026-03-24,24695.25,24679.00,-16.25,279.12,0.01753,48.38,1,0,1,0
2026-03-25,24513.00,24790.50,277.50,279.12,0.01775,49.25,1,0,1,0
2026-03-26,24669.00,24397.50,-271.50,279.12,0.01188,50.88,1,0,1,0
2026-03-27,24082.50,23959.50,-123.00,278.00,0.01006,52.12,1,0,1,0
2026-03-30,23605.00,23754.50,149.50,278.00,0.01076,52.62,1,0,1,0
2026-03-31,23430.75,23655.75,225.00,278.00,0.01213,52.75,1,0,1,0
2026-04-01,24209.00,24486.75,277.75,277.95,0.01448,53.12,1,0,1,0
2026-04-02,24497.50,23978.75,-518.75,277.73,0.00946,54.12,1,1,1,1
2026-04-06,24517.00,24601.75,84.75,277.73,0.00327,54.75,1,0,1,0
2026-04-07,24658.50,24506.25,-152.25,277.30,0.00329,54.75,1,0,1,0
2026-04-08,24664.50,25505.00,840.50,276.90,0.00100,55.38,1,1,1,1
2026-04-09,25378.00,25326.00,-52.00,276.90,-0.00413,56.62,1,0,0,0
2026-04-10,25545.00,25563.75,18.75,276.90,-0.00389,56.62,1,0,0,0
2026-04-13,25580.75,25385.75,-195.00,276.90,-0.00371,57.50,1,0,0,0
2026-04-14,25834.25,25962.25,128.00,276.90,-0.00502,57.50,1,0,0,0
2026-04-15,26297.25,26293.75,-3.50,276.90,-0.00554,57.50,1,0,0,0
2026-04-16,26659.00,26713.75,54.75,276.90,-0.00606,56.62,1,0,0,0
2026-04-17,26779.75,26861.25,81.50,276.90,-0.00747,56.62,1,0,0,0
2026-04-20,27123.75,27006.00,-117.75,276.90,-0.00605,57.50,1,0,0,0
2026-04-21,27042.00,27166.75,124.75,271.05,-0.00512,57.50,1,0,0,0
2026-04-22,26936.75,27129.75,193.00,271.05,-0.00555,57.50,1,0,0,0
2026-04-23,27374.25,27327.75,-46.50,271.05,-0.00425,58.25,1,0,0,0
2026-04-24,27222.00,27571.50,349.50,271.05,-0.00376,59.12,1,1,0,0
2026-04-27,27730.00,27777.25,47.25,276.90,-0.00299,59.12,1,0,0,0
2026-04-28,27739.75,27390.75,-349.00,276.90,-0.00337,60.12,1,1,0,0
2026-04-29,27464.50,27546.75,82.25,276.90,-0.00048,63.62,1,0,0,0
2026-04-30,27630.50,27735.25,104.75,276.90,-0.00104,63.62,1,0,0,0
2026-05-01,27873.25,27859.25,-14.00,276.90,0.00146,66.62,1,0,1,0
2026-05-04,28133.75,28123.50,-10.25,276.90,0.00059,66.62,1,0,1,0
2026-05-05,28075.50,28238.50,163.00,276.90,-0.00258,63.62,1,0,0,0
2026-05-06,28431.75,28835.00,403.25,276.90,-0.00042,66.62,1,1,0,0
2026-05-07,29007.00,29029.00,22.00,277.73,-0.00941,66.88,1,0,0,0
2026-05-08,28979.50,29194.00,214.50,276.90,-0.00904,66.88,1,0,0,0
2026-05-11,29635.25,29644.50,9.25,276.90,-0.00915,66.88,1,0,0,0
2026-05-12,29723.00,29461.50,-261.50,276.90,-0.00994,66.88,1,0,0,0
2026-05-13,29468.75,29665.75,197.00,276.90,-0.00883,66.88,1,0,0,0
2026-05-14,29772.75,29835.00,62.25,276.90,-0.00997,66.88,1,0,0,0
2026-05-15,29982.50,29549.75,-432.75,271.05,-0.00958,66.88,1,1,0,0
2026-05-18,29526.75,29473.25,-53.50,276.90,-0.00298,66.88,1,0,0,0
2026-05-19,29394.00,29150.00,-244.00,276.90,-0.00532,67.38,1,0,0,0
2026-05-20,29218.00,29377.25,159.25,276.90,-0.00540,67.38,1,0,0,0
2026-05-21,29689.75,29548.75,-141.00,271.05,-0.00266,68.00,1,0,0,0
2026-05-22,29737.75,29804.50,66.75,266.95,-0.00161,68.00,1,0,0,0
2026-05-25,29847.75,30268.00,420.25,266.95,0.00129,68.50,1,1,1,1
2026-05-26,30258.75,30161.50,-97.25,271.05,-0.00011,68.00,1,0,0,0
2026-05-27,30374.75,30561.00,186.25,266.95,-0.00250,67.38,1,0,0,0
2026-05-28,30343.25,30219.75,-123.50,266.95,0.00109,67.38,1,0,1,0
2026-05-29,30602.00,30645.25,43.25,266.95,0.00028,66.88,1,0,1,0
2026-06-01,30691.25,30758.50,67.25,266.95,0.00001,66.88,1,0,1,0
2026-06-02,30867.25,30827.00,-40.25,266.95,0.00055,66.88,1,0,1,0
2026-06-03,31003.00,31075.75,72.75,266.95,0.00063,66.62,1,0,1,0
2026-06-04,30930.00,30575.00,-355.00,266.95,0.00013,63.62,1,1,1,1
2026-06-05,30779.75,30443.50,-336.25,271.05,0.00342,64.75,1,1,1,1
2026-06-08,29311.50,29670.50,359.00,276.90,0.00669,64.75,1,1,1,1
2026-06-09,29749.50,29977.25,227.75,277.73,0.01240,66.62,1,0,1,0
2026-06-10,29410.75,28973.50,-437.25,277.73,0.01129,66.62,1,1,1,1
2026-06-11,28824.75,29195.75,371.00,277.98,0.00555,66.62,1,1,1,1
2026-06-12,29759.25,29929.25,170.00,278.00,-0.00691,66.62,1,0,0,0
2026-06-15,29944.25,30598.75,654.50,278.00,-0.01008,66.62,1,1,0,0
2026-06-16,30876.75,30940.50,63.75,279.12,-0.01316,64.75,1,0,0,0
2026-06-17,30310.00,30415.00,105.00,279.12,-0.01397,64.75,1,0,0,0
2026-06-18,29992.00,30423.00,431.00,279.12,-0.01235,64.00,1,1,0,0
2026-06-19,30698.75,30591.75,-107.00,283.30,-0.00939,64.00,1,0,0,0
2026-06-22,30651.00,30756.50,105.50,283.30,-0.00869,61.25,1,0,0,0
2026-06-23,30653.50,29872.25,-781.25,283.30,-0.00783,64.00,1,1,0,0
2026-06-24,29649.00,29862.00,213.00,297.93,0.00612,64.00,1,0,1,0
2026-06-25,29513.75,30131.00,617.25,297.93,0.00559,61.25,1,1,1,1
2026-06-26,29745.25,29350.00,-395.25,310.75,0.00471,61.25,1,1,1,1
2026-06-29,29301.50,29704.75,403.25,333.83,0.00212,61.25,1,1,1,1
2026-06-30,30046.50,30137.50,91.00,347.73,0.00249,61.25,1,0,1,0
2026-07-01,30522.00,30362.00,-160.00,347.73,0.00145,61.25,1,0,1,0
2026-07-02,30081.25,30034.25,-47.00,347.73,0.00175,58.50,1,0,1,0
2026-07-03,29536.75,29901.00,364.25,347.73,0.00108,61.25,1,1,1,1
2026-07-06,29903.75,29879.00,-24.75,349.45,0.00003,58.50,1,0,1,0
2026-07-07,29952.25,29641.25,-311.00,349.45,0.00001,61.25,1,0,1,0
2026-07-08,29393.00,29089.50,-303.50,349.45,-0.00151,64.00,1,0,0,0
2026-07-09,29459.25,29695.75,236.50,349.45,-0.00510,65.00,1,0,0,0
2026-07-10,29946.50,29814.75,-131.75,349.45,-0.00378,65.75,1,0,0,0
2026-07-13,30039.00,29740.00,-299.00,349.45,-0.00426,65.88,1,0,0,0
2026-07-14,29466.00,29633.25,167.25,349.45,-0.00122,67.25,1,0,0,0
2026-07-15,29787.50,29912.25,124.75,349.45,-0.00044,69.25,1,0,0,0
2026-07-16,29700.75,29446.25,-254.50,349.45,-0.00094,69.25,1,0,0,0
2026-07-17,29213.50,28740.25,-473.25,349.45,-0.00114,71.50,1,1,0,0
2026-07-20,28763.00,29072.75,309.75,349.50,0.00327,73.62,1,0,1,0
2026-07-21,28784.25,29153.50,369.25,349.50,0.00129,73.62,1,1,1,1
2026-07-22,29312.75,29054.75,-258.00,354.45,-0.00009,71.50,1,0,0,0
2026-07-23,29159.00,28964.75,-194.25,354.45,0.00111,73.62,1,0,1,0
2026-07-24,28608.75,28678.50,69.75,354.45,0.00406,73.62,1,0,1,0
2026-07-27,28283.25,28672.75,389.50,354.45,0.00433,71.50,1,1,1,1
2026-07-28,28192.25,27963.50,-228.75,355.23,0.00286,71.50,1,0,1,0
2026-07-29,27920.50,28002.75,82.25,355.23,0.00127,71.50,1,0,1,0
2026-07-30,27336.50,27724.25,387.75,355.23,-0.00043,71.50,1,1,0,0
2026-07-31,28227.50,28553.50,326.00,355.48,0.00001,71.50,1,0,1,0
2026-08-03,28402.50,28420.00,17.50,355.48,-0.00264,72.25,1,0,0,0
2026-08-04,28900.50,29237.75,337.25,355.48,-0.00278,72.25,1,0,0,0
2026-08-05,29865.75,29919.50,53.75,355.48,-0.00405,72.25,1,0,0,0
2026-08-06,29608.50,29466.25,-142.25,355.48,-0.00387,71.50,1,0,0,0
2026-08-07,29496.75,29613.75,117.00,355.48,-0.00314,72.25,1,0,0,0
2026-08-10,29833.75,29871.00,37.25,355.48,-0.00251,72.25,1,0,0,0
2026-08-11,29743.25,29832.50,89.25,355.48,-0.00250,73.12,1,0,0,0
2026-08-12,29635.00,29845.50,210.50,355.48,-0.00251,73.12,1,0,0,0
2026-08-13,29852.75,29869.00,16.25,355.48,-0.00115,73.12,1,0,0,0
2026-08-14,30194.75,30264.00,69.25,355.48,-0.00065,73.12,1,0,0,0
2026-08-17,30144.50,30286.00,141.50,355.48,-0.00077,72.88,1,0,0,0
