day,P0,P5,M,thr90_lagged,stop_scale60,sig_range,warm,qualified
2019-07-05,11188.00,11190.25,2.25,warmup,warmup,14.50,0,0
2019-07-08,11176.50,11162.50,-14.00,warmup,warmup,19.75,0,0
2019-07-09,11129.75,11143.75,14.00,warmup,warmup,23.25,0,0
2019-07-10,11253.25,11269.00,15.75,warmup,warmup,30.50,0,0
2019-07-11,11298.50,11301.75,3.25,warmup,warmup,15.00,0,0
2019-07-12,11285.75,11291.00,5.25,warmup,warmup,12.75,0,0
2019-07-15,11342.25,11333.50,-8.75,warmup,warmup,13.00,0,0
2019-07-16,11336.75,11338.75,2.00,warmup,warmup,12.75,0,0
2019-07-17,11308.50,11312.75,4.25,warmup,warmup,10.25,0,0
2019-07-18,11229.50,11244.75,15.25,warmup,warmup,22.25,0,0
2019-07-19,11333.00,11318.25,-14.75,warmup,warmup,19.50,0,0
2019-07-22,11236.25,11242.25,6.00,warmup,warmup,14.00,0,0
2019-07-23,11320.50,11311.25,-9.25,warmup,warmup,11.75,0,0
2019-07-24,11298.75,11311.75,13.00,warmup,warmup,16.25,0,0
2019-07-25,11356.50,11350.00,-6.50,warmup,warmup,14.50,0,0
2019-07-26,11356.50,11377.25,20.75,warmup,warmup,28.50,0,0
2019-07-29,11383.25,11366.50,-16.75,warmup,warmup,18.75,0,0
2019-07-30,11298.75,11306.75,8.00,warmup,warmup,19.50,0,0
2019-07-31,11346.25,11331.25,-15.00,warmup,warmup,22.00,0,0
2019-08-01,11230.00,11268.75,38.75,warmup,warmup,45.75,0,0
2019-08-02,11117.25,11100.50,-16.75,warmup,warmup,32.25,0,0
2019-08-05,10898.25,10883.50,-14.75,warmup,warmup,26.50,0,0
2019-08-06,10849.75,10876.50,26.75,warmup,warmup,38.75,0,0
2019-08-07,10805.25,10786.25,-19.00,warmup,warmup,42.00,0,0
2019-08-08,10960.25,10950.50,-9.75,warmup,warmup,25.50,0,0
2019-08-09,11051.00,11067.50,16.50,warmup,warmup,19.50,0,0
2019-08-12,10970.00,10952.50,-17.50,warmup,warmup,35.50,0,0
2019-08-13,10925.50,10927.50,2.00,warmup,warmup,16.25,0,0
2019-08-14,10966.50,10976.25,9.75,warmup,warmup,35.75,0,0
2019-08-15,10874.75,10878.50,3.75,warmup,warmup,43.50,0,0
2019-08-16,10914.75,10934.75,20.00,warmup,warmup,24.25,0,0
2019-08-19,11075.75,11089.25,13.50,warmup,warmup,15.75,0,0
2019-08-20,11074.75,11057.00,-17.75,warmup,warmup,26.00,0,0
2019-08-21,11101.00,11095.25,-5.75,warmup,warmup,18.25,0,0
2019-08-22,11112.25,11117.75,5.50,warmup,warmup,16.25,0,0
2019-08-23,11022.00,11026.00,4.00,warmup,warmup,17.75,0,0
2019-08-26,10914.50,10910.50,-4.00,warmup,warmup,23.75,0,0
2019-08-27,10992.50,10988.50,-4.00,warmup,warmup,18.50,0,0
2019-08-28,10900.25,10876.25,-24.00,warmup,warmup,39.50,0,0
2019-08-29,11044.75,11069.75,25.00,warmup,warmup,33.75,0,0
2019-08-30,11108.25,11100.50,-7.75,warmup,15.25,16.00,0,0
2019-09-02,11020.75,11011.25,-9.50,warmup,14.75,12.75,0,0
2019-09-03,10997.25,11005.75,8.50,warmup,14.75,22.50,0,0
2019-09-04,11043.75,11046.75,3.00,warmup,14.75,11.50,0,0
2019-09-05,11166.00,11176.75,10.75,warmup,14.75,20.00,0,0
2019-09-06,11232.75,11212.75,-20.00,warmup,14.75,23.00,0,0
2019-09-09,11237.75,11228.75,-9.00,warmup,14.75,15.00,0,0
2019-09-10,11155.25,11138.00,-17.25,warmup,14.75,25.25,0,0
2019-09-11,11187.25,11181.50,-5.75,warmup,14.50,19.00,0,0
2019-09-12,11287.00,11305.25,18.25,warmup,14.75,28.50,0,0
2019-09-13,11265.75,11246.75,-19.00,warmup,14.75,25.75,0,0
2019-09-16,11199.25,11204.00,4.75,warmup,14.75,21.75,0,0
2019-09-17,11215.50,11213.75,-1.75,warmup,14.75,13.25,0,0
2019-09-18,11237.50,11228.50,-9.00,warmup,14.75,13.50,0,0
2019-09-19,11261.00,11281.75,20.75,warmup,14.75,25.75,0,0
2019-09-20,11271.00,11266.00,-5.00,warmup,14.75,11.00,0,0
2019-09-23,11170.00,11162.25,-7.75,warmup,14.75,21.25,0,0
2019-09-24,11213.25,11208.00,-5.25,warmup,14.75,14.75,0,0
2019-09-25,11063.75,11070.75,7.00,warmup,14.75,18.75,0,0
2019-09-26,11150.00,11125.75,-24.25,warmup,14.75,27.00,0,0
2019-09-27,11141.50,11128.00,-13.50,warmup,14.75,23.25,0,0
2019-09-30,11059.25,11068.25,9.00,warmup,14.75,17.25,0,0
2019-10-01,11134.00,11155.50,21.50,warmup,14.75,27.50,0,0
2019-10-02,10988.25,10961.50,-26.75,warmup,14.88,27.00,0,0
2019-10-03,10903.75,10915.75,12.00,warmup,14.88,34.00,0,0
2019-10-04,11024.50,11030.75,6.25,warmup,15.00,28.75,0,0
2019-10-07,11074.50,11087.75,13.25,warmup,15.25,20.50,0,0
2019-10-08,11021.75,11024.50,2.75,warmup,15.62,23.00,0,0
2019-10-09,11020.75,11009.00,-11.75,warmup,15.88,22.25,0,0
2019-10-10,11033.00,11044.50,11.50,warmup,16.25,19.00,0,0
2019-10-11,11179.25,11188.75,9.50,warmup,16.62,11.75,0,0
2019-10-14,11179.50,11184.75,5.25,warmup,16.62,22.50,0,0
2019-10-15,11211.75,11227.50,15.75,warmup,16.62,21.25,0,0
2019-10-16,11262.50,11265.50,3.00,warmup,16.62,14.25,0,0
2019-10-17,11316.25,11317.50,1.25,warmup,16.62,13.75,0,0
2019-10-18,11279.00,11287.50,8.50,warmup,16.62,13.25,0,0
2019-10-21,11250.50,11248.75,-1.75,warmup,16.62,15.00,0,0
2019-10-22,11309.50,11319.50,10.00,warmup,16.88,14.50,0,0
2019-10-23,11200.50,11193.75,-6.75,warmup,16.62,18.75,0,0
2019-10-24,11290.25,11289.00,-1.25,warmup,16.88,18.75,0,0
2019-10-25,11266.25,11284.50,18.25,warmup,16.62,23.25,0,0
2019-10-28,11410.50,11428.50,18.00,warmup,16.00,20.00,0,0
2019-10-29,11438.00,11441.75,3.75,warmup,15.38,13.25,0,0
2019-10-30,11404.25,11390.25,-14.00,warmup,15.12,14.75,0,0
2019-10-31,11449.25,11444.75,-4.50,warmup,15.00,21.00,0,0
2019-11-01,11463.75,11457.50,-6.25,warmup,15.00,18.00,0,0
2019-11-04,11556.00,11561.00,5.00,warmup,14.88,14.75,0,0
2019-11-05,11559.75,11556.00,-3.75,warmup,14.75,14.75,0,0
2019-11-06,11546.50,11530.25,-16.25,warmup,14.75,19.00,0,0
2019-11-07,11577.75,11574.75,-3.00,warmup,14.75,12.00,0,0
2019-11-08,11547.50,11550.25,2.75,warmup,14.75,13.00,0,0
2019-11-11,11555.25,11555.50,0.25,warmup,14.75,10.75,0,0
2019-11-12,11591.50,11598.00,6.50,warmup,14.75,12.50,0,0
2019-11-13,11579.75,11588.50,8.75,warmup,14.75,15.00,0,0
2019-11-14,11578.50,11585.75,7.25,warmup,14.75,15.25,0,0
2019-11-15,11650.50,11637.25,-13.25,warmup,14.75,18.25,0,0
2019-11-18,11649.75,11637.00,-12.75,warmup,14.75,19.00,0,0
2019-11-19,11700.25,11691.25,-9.00,warmup,14.62,13.50,0,0
2019-11-20,11659.75,11661.50,1.75,warmup,14.62,14.00,0,0
2019-11-21,11619.25,11604.75,-14.50,warmup,14.25,19.00,0,0
2019-11-22,11628.75,11626.25,-2.50,warmup,14.25,15.00,0,0
2019-11-25,11648.25,11672.00,23.75,warmup,14.25,26.75,0,0
2019-11-26,11716.25,11715.50,-0.75,warmup,14.25,16.50,0,0
2019-11-27,11748.50,11747.75,-0.75,warmup,13.88,9.50,0,0
2019-11-28,11778.25,11777.75,-0.50,warmup,13.88,3.75,0,0
2019-11-29,11765.25,11762.50,-2.75,warmup,13.88,7.25,0,0
2019-12-02,11747.00,11734.50,-12.50,warmup,13.62,19.50,0,0
2019-12-03,11548.75,11551.50,2.75,warmup,13.88,33.00,0,0
2019-12-04,11637.25,11628.75,-8.50,warmup,14.25,14.25,0,0
2019-12-05,11663.50,11650.00,-13.50,warmup,14.25,23.75,0,0
2019-12-06,11706.75,11711.00,4.25,warmup,13.88,13.50,0,0
2019-12-09,11724.25,11734.50,10.25,warmup,13.62,12.25,0,0
2019-12-10,11704.75,11697.50,-7.25,warmup,13.88,14.50,0,0
2019-12-11,11712.75,11709.25,-3.50,warmup,13.88,12.25,0,0
2019-12-12,11728.75,11728.75,0.00,warmup,13.62,23.50,0,0
2019-12-13,11799.50,11785.25,-14.25,warmup,13.62,25.75,0,0
2019-12-16,11888.00,11899.75,11.75,warmup,13.88,15.50,0,0
2019-12-17,11930.50,11931.75,1.25,warmup,13.62,11.75,0,0
2019-12-18,11933.75,11938.25,4.50,warmup,13.88,11.75,0,0
2019-12-19,11935.00,11948.00,13.00,warmup,13.62,18.00,0,0
2019-12-20,12022.00,12023.00,1.00,warmup,13.50,12.00,0,0
2019-12-23,12049.25,12047.75,-1.50,warmup,13.62,12.00,0,0
2019-12-24,12045.75,12038.50,-7.25,warmup,13.25,12.25,0,0
2019-12-26,12056.00,12060.00,4.00,warmup,12.75,6.75,0,0
2019-12-27,12147.75,12146.50,-1.25,warmup,12.12,11.00,0,0
2019-12-30,12103.00,12082.25,-20.75,warmup,11.88,26.00,0,0
2019-12-31,12024.75,12034.00,9.25,19.50,11.88,34.00,1,0
2020-01-02,12136.00,12150.50,14.50,19.40,11.88,23.00,1,0
2020-01-03,12086.50,12140.00,53.50,19.30,11.88,54.50,1,1
2020-01-06,12054.75,12078.75,24.00,20.00,11.88,37.50,1,1
2020-01-07,12182.50,12182.75,0.25,20.08,11.88,17.75,1,0
2020-01-08,12176.75,12190.25,13.50,20.00,11.88,32.50,1,0
2020-01-09,12317.75,12328.50,10.75,20.00,11.88,16.75,1,0
2020-01-10,12354.75,12334.75,-20.00,20.00,12.25,25.75,1,0
2020-01-13,12333.00,12334.25,1.25,20.00,12.25,15.00,1,0
2020-01-14,12392.25,12390.00,-2.25,20.00,12.25,19.75,1,0
2020-01-15,12369.75,12382.25,12.50,20.00,12.75,25.75,1,0
2020-01-16,12411.50,12421.25,9.75,20.00,12.75,21.00,1,0
2020-01-17,12491.25,12474.50,-16.75,20.00,12.50,24.25,1,0
2020-01-20,12482.75,12485.25,2.50,20.00,12.50,7.00,1,0
2020-01-21,12469.25,12478.50,9.25,20.00,12.50,19.50,1,0
2020-01-22,12539.25,12537.25,-2.00,20.00,12.50,14.00,1,0
2020-01-23,12509.00,12480.75,-28.25,20.00,12.75,39.00,1,1
2020-01-24,12588.75,12579.50,-9.25,20.00,12.75,22.25,1,0
2020-01-27,12263.00,12275.75,12.75,20.00,12.50,41.25,1,0
2020-01-28,12339.50,12336.25,-3.25,20.00,12.50,24.50,1,0
2020-01-29,12464.75,12465.00,0.25,20.00,12.75,14.00,1,0
2020-01-30,12367.25,12405.75,38.50,20.00,13.00,46.75,1,1
2020-01-31,12497.50,12466.50,-31.00,20.23,13.00,41.25,1,1
2020-02-03,12357.25,12385.25,28.00,20.75,13.00,33.75,1,1
2020-02-04,12573.50,12559.25,-14.25,20.75,13.00,35.50,1,0
2020-02-05,12772.75,12745.00,-27.75,20.75,13.00,31.25,1,1
2020-02-06,12712.00,12696.25,-15.75,20.75,13.62,33.00,1,0
2020-02-07,12727.00,12706.00,-21.00,20.75,14.25,39.00,1,1
2020-02-10,12695.75,12730.50,34.75,20.93,14.38,38.50,1,1
2020-02-11,12892.50,12869.25,-23.25,21.30,14.50,28.50,1,1
2020-02-12,12896.25,12914.00,17.75,22.38,14.62,22.00,1,0
2020-02-13,12865.50,12885.00,19.50,22.20,14.62,38.25,1,0
2020-02-14,12934.50,12954.00,19.50,22.03,14.62,25.50,1,0
2020-02-17,12972.25,12977.50,5.25,21.85,15.00,6.50,1,0
2020-02-18,12899.50,12924.75,25.25,21.67,15.00,36.50,1,1
2020-02-19,13006.00,13010.75,4.75,23.25,15.62,24.50,1,0
2020-02-20,13020.75,13030.50,9.75,23.08,15.62,19.75,1,0
2020-02-21,12905.50,12894.00,-11.50,22.90,16.50,31.00,1,0
2020-02-24,12418.00,12450.25,32.25,22.73,17.12,105.00,1,1
2020-02-25,12473.75,12450.75,-23.00,23.55,17.88,57.75,1,0
2020-02-26,12206.75,12230.00,23.25,23.50,18.50,60.25,1,0
2020-02-27,11971.25,11954.00,-17.25,23.45,18.50,51.75,1,0
2020-02-28,11477.50,11590.75,113.25,23.40,18.50,164.00,1,1
2020-03-02,11879.75,11848.50,-31.25,23.80,18.50,71.25,1,1
2020-03-03,12217.25,12167.00,-50.25,24.00,19.12,60.50,1,1
2020-03-04,12061.25,12071.50,10.25,24.00,19.75,46.00,1,0
2020-03-05,12032.50,12076.25,43.75,24.00,19.88,61.00,1,1
2020-03-06,11700.50,11738.50,38.00,24.20,19.88,79.75,1,1
2020-03-10,11552.75,11536.50,-16.25,24.78,20.12,61.00,1,0
2020-03-11,11479.50,11515.50,36.00,24.70,20.12,71.50,1,1
2020-03-13,10953.00,10953.00,0.00,25.12,20.12,95.50,1,0
2020-03-17,10486.75,10500.50,13.75,25.10,21.00,86.75,1,0
2020-03-18,10266.00,10446.25,180.25,25.08,22.00,239.50,1,1
2020-03-19,10498.75,10416.25,-82.50,25.55,22.25,129.00,1,1
2020-03-20,10749.75,10752.00,2.25,26.75,22.62,63.75,1,0
2020-03-23,10318.75,10297.00,-21.75,26.75,23.12,119.00,1,0
2020-03-24,10686.75,10738.25,51.50,26.60,23.50,88.25,1,1
2020-03-25,10874.75,10923.00,48.25,26.75,24.38,125.50,1,1
2020-03-26,10849.50,10893.00,43.50,27.45,25.00,104.75,1,1
2020-03-27,10976.75,10980.75,4.00,27.90,26.00,41.75,1,0
2020-03-30,10982.50,11029.00,46.50,27.88,26.00,62.50,1,1
2020-03-31,11166.00,11164.25,-1.75,28.10,26.25,37.25,1,0
2020-04-01,10884.25,10916.50,32.25,28.08,27.62,44.75,1,1
2020-04-02,10753.50,10817.25,63.75,28.80,28.00,97.75,1,1
2020-04-03,10913.75,10940.00,26.25,31.02,28.62,58.25,1,0
2020-04-06,11118.25,11087.75,-30.50,31.00,28.62,48.50,1,0
2020-04-07,11603.50,11579.75,-23.75,30.95,28.62,46.25,1,0
2020-04-08,11436.75,11455.75,19.00,30.90,29.25,40.25,1,0
2020-04-09,11605.50,11568.25,-37.25,30.85,30.25,55.00,1,1
2020-04-13,11510.25,11512.75,2.50,31.15,31.50,28.50,1,0
2020-04-14,11807.75,11827.25,19.50,31.12,32.00,52.25,1,0
2020-04-15,11864.25,11870.50,6.25,31.10,32.00,31.75,1,0
2020-04-16,11999.50,11991.50,-8.00,31.08,32.00,31.25,1,0
2020-04-17,12169.00,12138.75,-30.25,31.05,32.00,57.25,1,0
2020-04-20,12057.75,12078.50,20.75,31.02,33.00,40.00,1,0
2020-04-21,11952.25,11927.75,-24.50,31.00,33.75,45.50,1,0
2020-04-22,11889.25,11873.00,-16.25,30.95,34.75,35.75,1,0
2020-04-23,11997.50,12041.50,44.00,30.90,37.38,61.50,1,1
2020-04-24,11965.25,11952.50,-12.75,31.18,37.38,40.50,1,0
2020-04-27,12179.75,12153.00,-26.75,31.15,37.38,27.50,1,0
2020-04-28,12224.50,12207.25,-17.25,31.12,37.38,45.50,1,0
2020-04-29,12181.00,12169.00,-12.00,31.10,38.62,29.75,1,0
2020-04-30,12337.00,12295.50,-41.50,31.08,39.62,49.50,1,1
2020-05-01,12111.50,12161.50,50.00,31.45,40.50,61.00,1,1
2020-05-04,11991.50,12001.25,9.75,32.25,40.50,36.75,1,0
2020-05-05,12228.25,12251.75,23.50,32.25,40.50,47.75,1,0
2020-05-06,12308.50,12324.00,15.50,32.15,40.50,41.75,1,0
2020-05-07,12407.75,12412.75,5.00,32.05,40.50,33.50,1,0
2020-05-08,12480.00,12455.75,-24.25,31.95,40.50,42.50,1,0
2020-05-11,12478.50,12499.50,21.00,31.85,40.50,33.25,1,0
2020-05-12,12641.00,12624.75,-16.25,31.75,40.50,46.00,1,0
2020-05-13,12443.25,12394.50,-48.75,31.65,41.50,69.75,1,1
2020-05-14,12255.25,12263.50,8.25,32.25,42.00,41.00,1,0
2020-05-15,12283.50,12288.50,5.00,32.25,42.00,40.50,1,0
2020-05-18,12589.75,12575.00,-14.75,32.25,42.12,29.00,1,0
2020-05-19,12647.75,12654.25,6.50,32.25,42.12,41.50,1,0
2020-05-20,12723.25,12737.00,13.75,32.15,42.12,28.75,1,0
2020-05-21,12804.50,12803.75,-0.75,32.05,42.12,20.50,1,0
2020-05-22,12679.25,12674.25,-5.00,31.95,42.12,29.50,1,0
2020-05-25,12839.00,12837.00,-2.00,31.85,42.00,6.25,1,0
2020-05-26,12879.75,12858.50,-21.25,31.75,41.50,40.00,1,0
2020-05-27,12682.00,12677.50,-4.50,31.65,40.50,40.25,1,0
2020-05-28,12703.75,12722.25,18.50,31.55,40.50,37.00,1,0
2020-05-29,12762.50,12765.00,2.50,31.45,39.75,42.00,1,0
2020-06-01,12841.75,12859.00,17.25,31.35,39.38,44.25,1,0
2020-06-02,12925.25,12906.75,-18.50,31.25,39.12,33.25,1,0
2020-06-03,12998.25,13001.75,3.50,31.23,38.88,39.25,1,0
2020-06-04,13002.25,13006.50,4.25,31.20,38.88,23.50,1,0
2020-06-05,12991.50,13011.25,19.75,31.18,38.62,38.25,1,0
2020-06-08,13131.00,13128.00,-3.00,31.15,38.62,23.00,1,0
2020-06-09,13178.75,13188.25,9.50,31.12,38.25,28.00,1,0
2020-06-10,13359.25,13349.25,-10.00,31.10,37.75,28.00,1,0
2020-06-11,13243.50,13247.75,4.25,31.08,37.38,44.50,1,0
2020-06-12,13115.50,13125.75,10.25,31.05,37.38,34.75,1,0
2020-06-15,12842.25,12819.00,-23.25,31.02,36.75,70.25,1,0
2020-06-16,13309.25,13289.00,-20.25,31.00,36.75,34.00,1,0
2020-06-17,13333.75,13333.50,-0.25,30.95,35.88,34.00,1,0
2020-06-18,13287.50,13307.75,20.25,30.90,35.25,29.25,1,0
2020-06-19,13430.50,13425.00,-5.50,30.85,35.25,23.50,1,0
2020-06-22,13322.50,13323.75,1.25,30.80,34.75,20.25,1,0
2020-06-23,13513.25,13497.25,-16.00,30.75,34.12,23.25,1,0
2020-06-24,13499.25,13516.00,16.75,30.70,33.62,28.00,1,0
2020-06-25,13329.00,13334.00,5.00,30.65,33.62,31.25,1,0
2020-06-26,13404.75,13398.25,-6.50,30.60,33.62,39.25,1,0
2020-06-29,13168.50,13144.25,-24.25,30.55,34.12,42.00,1,0
2020-06-30,13281.50,13303.75,22.25,30.50,34.75,42.50,1,0
2020-07-01,13480.75,13506.50,25.75,30.48,34.75,53.25,1,0
2020-07-02,13700.25,13726.75,26.50,30.48,34.75,34.75,1,0
2020-07-03,13686.50,13682.75,-3.75,30.48,34.12,11.75,1,0
2020-07-06,13802.00,13816.50,14.50,30.48,33.62,23.75,1,0
2020-07-07,13911.50,13946.25,34.75,30.48,33.12,53.75,1,1
2020-07-08,13905.50,13937.75,32.25,30.95,33.62,41.00,1,1
2020-07-09,14066.00,14073.75,7.75,31.23,33.62,26.25,1,0
2020-07-10,14066.50,14025.25,-41.25,31.23,34.12,61.25,1,1
2020-07-13,14269.50,14280.50,11.00,32.15,34.12,35.50,1,0
2020-07-14,13824.75,13912.50,87.75,32.15,34.25,114.50,1,1
2020-07-15,14056.50,14041.50,-15.00,32.25,34.25,44.25,1,0
2020-07-16,13903.25,13878.75,-24.50,32.25,33.88,52.25,1,0
2020-07-17,13975.00,13973.25,-1.75,32.25,34.25,21.75,1,0
2020-07-20,13991.75,13996.00,4.25,32.25,34.25,33.75,1,0
2020-07-21,14333.25,14317.00,-16.25,32.25,34.75,39.25,1,0
2020-07-22,14170.50,14195.00,24.50,32.25,34.75,53.75,1,0
2020-07-23,14174.75,14140.75,-34.00,32.25,34.75,46.00,1,1
2020-07-24,13747.00,13737.75,-9.25,32.25,34.25,52.00,1,0
2020-07-27,13878.75,13893.25,14.50,32.25,34.25,55.25,1,0
2020-07-28,13963.25,13943.75,-19.50,32.25,34.25,54.25,1,0
2020-07-29,13921.25,13931.00,9.75,32.25,34.75,32.25,1,0
2020-07-30,13898.75,13933.75,35.00,32.25,34.75,66.25,1,1
2020-07-31,14227.50,14167.50,-60.00,32.25,34.25,74.00,1,1
2020-08-03,14319.00,14347.50,28.50,33.83,34.75,43.25,1,0
2020-08-04,14346.75,14371.00,24.25,33.83,34.75,29.50,1,0
2020-08-05,14433.00,14404.50,-28.50,33.83,34.75,39.25,1,0
2020-08-06,14431.00,14434.75,3.75,33.83,34.25,24.00,1,0
2020-08-07,14565.00,14564.00,-1.00,33.83,33.38,32.75,1,0
2020-08-10,14469.75,14453.00,-16.75,33.83,32.38,27.50,1,0
2020-08-11,14359.25,14309.50,-49.75,33.83,31.75,54.75,1,1
2020-08-12,14289.75,14325.25,35.50,34.68,31.75,48.00,1,1
2020-08-13,14505.50,14509.50,4.00,34.75,31.75,40.25,1,0
2020-08-14,14523.25,14498.75,-24.50,34.75,33.00,34.50,1,0
2020-08-17,14560.75,14567.75,7.00,34.75,33.00,23.25,1,0
2020-08-18,14662.00,14670.25,8.25,34.75,33.00,23.00,1,0
2020-08-19,14725.00,14726.50,1.50,34.75,34.50,35.75,1,0
2020-08-20,14616.25,14637.50,21.25,34.75,33.00,39.50,1,0
2020-08-21,14813.25,14808.00,-5.25,34.75,31.75,23.25,1,0
2020-08-24,15019.25,15021.75,2.50,34.75,31.50,21.50,1,0
2020-08-25,14923.00,14937.00,14.00,34.75,31.00,36.50,1,0
2020-08-26,15100.75,15112.00,11.25,34.75,31.50,17.50,1,0
2020-08-27,15345.50,15292.75,-52.75,34.75,31.00,80.00,1,1
2020-08-28,15311.50,15326.25,14.75,34.98,31.50,22.25,1,0
2020-08-31,15349.50,15344.50,-5.00,34.98,31.50,37.50,1,0
2020-09-01,15530.75,15476.75,-54.00,34.98,31.50,76.50,1,1
2020-09-02,15764.25,15729.25,-35.00,35.45,31.50,48.50,1,0
2020-09-03,15556.75,15512.00,-44.75,35.45,31.50,65.75,1,1
2020-09-04,15046.00,15139.00,93.00,35.95,31.50,152.00,1,1
2020-09-07,14789.25,14793.00,3.75,37.13,31.50,27.50,1,0
2020-09-08,14489.75,14550.00,60.25,37.13,31.50,92.25,1,1
2020-09-09,14625.50,14612.75,-12.75,37.93,31.50,55.50,1,0
2020-09-10,14870.50,14857.75,-12.75,37.93,31.75,32.50,1,0
2020-09-11,14551.75,14536.25,-15.50,37.93,31.75,50.25,1,0
2020-09-14,14580.00,14559.75,-20.25,37.93,33.00,47.00,1,0
2020-09-15,14768.50,14759.25,-9.25,37.93,34.88,25.00,1,0
2020-09-16,14803.00,14800.25,-2.75,37.93,36.62,27.00,1,0
2020-09-17,14300.50,14331.75,31.25,37.93,36.62,59.50,1,0
2020-09-18,14466.25,14435.25,-31.00,37.93,36.62,53.75,1,0
2020-09-21,14108.75,14130.25,21.50,37.93,35.75,72.50,1,0
2020-09-22,14417.75,14390.00,-27.75,37.93,35.75,43.25,1,0
2020-09-23,14503.50,14470.75,-32.75,37.93,36.50,48.25,1,0
2020-09-24,14070.00,14066.25,-3.75,37.93,35.75,75.00,1,0
2020-09-25,14245.50,14226.25,-19.25,37.93,36.50,50.00,1,0
2020-09-28,14692.00,14662.75,-29.25,37.93,37.38,41.00,1,0
2020-09-29,14696.50,14705.75,9.25,37.93,37.62,38.00,1,0
2020-09-30,14670.50,14694.75,24.25,37.93,37.38,54.25,1,0
2020-10-01,14906.50,14917.50,11.00,37.93,37.38,33.00,1,0
2020-10-02,14666.50,14711.25,44.75,37.93,36.50,78.50,1,1
2020-10-05,14675.75,14697.00,21.25,38.45,37.38,28.75,1,0
2020-10-06,14797.50,14817.50,20.00,38.45,37.38,33.75,1,0
2020-10-07,14736.00,14770.25,34.25,38.45,36.50,43.00,1,0
2020-10-08,14922.25,14902.25,-20.00,38.45,36.50,28.25,1,0
2020-10-09,14952.75,14964.00,11.25,38.45,35.75,27.50,1,0
2020-10-12,15263.00,15252.50,-10.50,38.45,35.75,37.75,1,0
2020-10-13,15502.00,15446.25,-55.75,38.45,35.75,76.00,1,1
2020-10-14,15461.75,15438.00,-23.75,40.98,35.75,41.00,1,0
2020-10-15,15125.50,15166.75,41.25,40.98,35.75,80.25,1,1
2020-10-16,15311.75,15299.00,-12.75,41.25,35.75,36.00,1,0
2020-10-19,15082.75,15082.25,-0.50,41.25,34.50,5.75,1,0
2020-10-20,15078.50,15070.25,-8.25,41.25,34.50,13.50,1,0
2020-10-21,14975.00,14976.25,1.25,41.25,32.38,8.50,1,0
2020-10-22,14993.75,14996.50,2.75,41.25,32.38,5.75,1,0
2020-10-26,14926.75,14964.00,37.25,41.25,32.38,54.75,1,0
2020-10-27,14885.25,14863.75,-21.50,41.25,32.38,55.50,1,0
2020-10-28,14751.00,14712.50,-38.50,41.25,34.50,62.50,1,0
2020-10-29,14540.00,14576.00,36.00,41.25,34.38,51.75,1,0
2020-10-30,14596.75,14598.50,1.75,41.25,35.62,51.25,1,0
2020-11-02,14490.50,14476.50,-14.00,41.25,35.62,45.50,1,0
2020-11-03,14493.75,14460.00,-33.75,41.25,35.75,49.00,1,0
2020-11-04,14978.50,15007.25,28.75,41.25,35.75,64.00,1,0
2020-11-05,15380.75,15346.50,-34.25,41.25,35.75,62.25,1,0
2020-11-06,15385.50,15330.00,-55.50,41.25,36.50,76.25,1,1
2020-11-09,15541.75,15444.00,-97.75,41.48,36.50,125.75,1,1
2020-11-10,15042.50,15077.25,34.75,43.30,36.50,60.75,1,0
2020-11-11,15070.00,15085.25,15.25,43.30,37.38,36.25,1,0
2020-11-12,15268.75,15272.75,4.00,43.30,37.38,48.75,1,0
2020-11-13,15240.75,15239.00,-1.75,43.30,37.62,33.50,1,0
2020-11-16,15265.50,15253.25,-12.25,43.30,37.75,37.75,1,0
2020-11-17,15378.00,15383.75,5.75,43.30,38.00,23.50,1,0
2020-11-18,15309.75,15307.00,-2.75,43.30,38.00,25.75,1,0
2020-11-19,15220.50,15206.25,-14.25,43.30,38.00,35.50,1,0
2020-11-20,15334.50,15329.50,-5.00,43.30,38.00,25.00,1,0
2020-11-23,15296.75,15313.00,16.25,43.30,37.62,28.75,1,0
2020-11-24,15299.75,15285.00,-14.75,43.30,37.62,27.25,1,0
2020-11-25,15463.25,15472.00,8.75,43.30,38.00,27.75,1,0
2020-11-26,15549.75,15552.50,2.75,43.30,37.62,17.75,1,0
2020-11-27,15578.00,15594.25,16.25,43.30,37.62,37.00,1,0
2020-11-30,15620.75,15632.50,11.75,43.30,37.38,31.75,1,0
2020-12-01,15726.50,15695.50,-31.00,43.30,37.12,46.75,1,0
2020-12-02,15740.75,15708.00,-32.75,43.30,37.38,44.75,1,0
2020-12-03,15815.25,15845.00,29.75,43.30,37.12,35.25,1,0
2020-12-04,15825.50,15809.25,-16.25,43.30,36.38,26.50,1,0
2020-12-07,15883.25,15903.00,19.75,43.30,35.75,28.00,1,0
2020-12-08,15927.25,15923.25,-4.00,43.30,35.62,36.25,1,0
2020-12-09,15981.75,15946.00,-35.75,43.30,35.38,37.00,1,0
2020-12-10,15611.75,15573.00,-38.75,43.30,34.75,67.25,1,0
2020-12-11,15678.00,15664.25,-13.75,43.30,34.75,57.75,1,0
2020-12-14,15771.75,15787.25,15.50,43.30,34.00,32.75,1,0
2020-12-15,15913.25,15913.50,0.25,43.30,34.75,41.75,1,0
2020-12-16,15966.25,15951.00,-15.25,43.30,34.00,31.75,1,0
2020-12-17,16086.00,16105.25,19.25,43.30,33.50,30.00,1,0
2020-12-18,16123.50,16106.00,-17.50,43.30,33.12,34.50,1,0
2020-12-21,15930.25,15977.25,47.00,43.30,32.25,68.00,1,1
2020-12-22,16067.75,16034.75,-33.00,43.73,32.12,36.25,1,0
2020-12-23,16062.75,16037.00,-25.75,43.73,31.12,39.50,1,0
2020-12-24,16008.50,16035.25,26.75,43.73,32.12,31.50,1,0
2020-12-28,16164.75,16156.25,-8.50,43.73,31.12,31.25,1,0
2020-12-29,16240.50,16256.00,15.50,43.73,31.12,36.75,1,0
2020-12-30,16245.50,16222.75,-22.75,43.73,29.88,41.50,1,0
2020-12-31,16190.25,16183.25,-7.00,43.30,29.88,20.75,1,0
2021-01-04,16282.00,16252.75,-29.25,43.30,29.88,45.00,1,0
2021-01-05,15999.25,16043.25,44.00,43.30,31.12,47.00,1,1
2021-01-06,15947.50,15906.50,-41.00,43.73,32.12,74.25,1,0
2021-01-07,16076.25,16110.00,33.75,43.73,32.38,51.25,1,0
2021-01-08,16367.50,16369.25,1.75,43.73,32.38,53.00,1,0
2021-01-11,16313.25,16281.75,-31.50,43.73,32.12,45.50,1,0
2021-01-12,16251.50,16278.50,27.00,43.73,32.12,38.50,1,0
2021-01-13,16238.00,16250.00,12.00,43.73,32.12,29.00,1,0
2021-01-14,16334.50,16344.25,9.75,43.73,32.25,33.50,1,0
2021-01-15,16238.50,16259.50,21.00,43.73,32.38,49.75,1,0
2021-01-18,16149.00,16141.25,-7.75,43.73,32.38,23.25,1,0
2021-01-19,16244.75,16264.25,19.50,43.73,32.38,42.00,1,0
2021-01-20,16485.50,16492.50,7.00,43.73,32.38,29.00,1,0
2021-01-21,16688.50,16648.25,-40.25,43.73,32.38,47.25,1,0
2021-01-22,16696.75,16696.50,-0.25,43.73,32.38,33.25,1,0
2021-01-25,16846.50,16884.00,37.50,43.73,32.25,41.00,1,0
2021-01-26,16842.25,16851.00,8.75,43.73,32.12,23.00,1,0
2021-01-27,16738.50,16622.00,-116.50,43.73,32.25,137.50,1,1
2021-01-28,16503.75,16512.50,8.75,43.98,32.25,38.00,1,0
2021-01-29,16459.25,16468.00,8.75,43.98,32.25,42.75,1,0
2021-02-01,16400.25,16436.25,36.00,43.98,32.25,55.50,1,0
2021-02-02,16701.00,16721.25,20.25,43.98,32.12,32.50,1,0
2021-02-03,16880.00,16861.50,-18.50,43.98,32.12,75.75,1,0
2021-02-04,16798.50,16784.00,-14.50,43.98,32.12,64.50,1,0
2021-02-05,16939.00,16909.25,-29.75,43.98,32.12,34.25,1,0
2021-02-08,17015.50,16994.25,-21.25,43.98,31.12,37.00,1,0
2021-02-09,16994.25,17020.00,25.75,43.98,29.88,28.50,1,0
2021-02-10,17091.25,17077.00,-14.25,43.98,29.25,38.00,1,0
2021-02-11,17066.00,17067.00,1.00,43.98,29.00,21.00,1,0
2021-02-12,17042.25,17014.75,-27.50,43.98,29.00,30.25,1,0
2021-02-15,17199.75,17197.50,-2.25,43.98,29.25,7.50,1,0
2021-02-16,17184.25,17188.75,4.50,43.98,29.00,39.25,1,0
2021-02-17,16986.75,16982.25,-4.50,43.98,29.25,44.25,1,0
2021-02-18,16892.50,16900.75,8.25,43.98,29.88,31.75,1,0
2021-02-19,17044.75,17022.75,-22.00,43.98,29.25,37.25,1,0
2021-02-22,16740.00,16717.50,-22.50,43.98,29.25,57.00,1,0
2021-02-23,16349.00,16297.50,-51.50,43.98,29.88,73.00,1,1
2021-02-24,16423.25,16432.00,8.75,44.00,31.12,58.75,1,0
2021-02-25,16529.75,16595.50,65.75,44.00,31.12,73.25,1,1
2021-02-26,16300.75,16311.25,10.50,44.00,31.12,62.75,1,0
2021-03-01,16447.25,16440.75,-6.50,44.00,32.12,42.00,1,0
2021-03-02,16646.25,16619.25,-27.00,43.98,32.25,56.75,1,0
2021-03-03,16361.50,16377.75,16.25,43.98,32.62,48.00,1,0
2021-03-04,16012.50,16094.75,82.25,43.95,33.25,98.75,1,1
2021-03-05,15931.75,15870.00,-61.75,44.00,33.62,86.50,1,1
2021-03-08,15984.25,15892.00,-92.25,44.68,33.88,109.75,1,1
2021-03-09,15957.50,15987.75,30.25,44.75,33.88,50.50,1,0
2021-03-10,16316.50,16270.25,-46.25,44.75,33.75,57.25,1,1
2021-03-11,16299.75,16348.00,48.25,46.10,33.75,63.00,1,1
2021-03-12,16218.50,16195.50,-23.00,46.10,34.00,47.25,1,0
2021-03-15,16298.75,16274.25,-24.50,44.75,34.50,50.75,1,0
2021-03-16,16517.25,16536.50,19.25,44.75,35.00,53.00,1,0
2021-03-17,16364.50,16330.50,-34.00,44.75,35.00,44.75,1,0
2021-03-18,16336.75,16358.25,21.50,44.68,35.12,49.00,1,0
2021-03-19,16133.00,16168.75,35.75,44.00,35.12,71.75,1,0
2021-03-22,16286.50,16330.50,44.00,44.00,35.12,56.00,1,0
2021-03-23,16471.25,16451.25,-20.00,44.00,35.12,45.50,1,0
2021-03-24,16428.75,16393.75,-35.00,44.00,35.38,36.50,1,0
2021-03-25,16074.50,16080.50,6.00,44.00,35.38,55.50,1,0
2021-03-26,16122.00,16146.00,24.00,44.00,36.25,44.50,1,0
2021-03-29,16299.00,16308.25,9.25,43.75,37.25,37.50,1,0
2021-03-30,16231.25,16197.50,-33.75,43.75,37.25,60.00,1,0
2021-03-31,16326.00,16330.25,4.25,43.75,37.25,29.00,1,0
2021-04-01,16610.75,16624.25,13.50,43.75,36.25,36.75,1,0
2021-04-05,16777.50,16794.50,17.00,43.75,35.25,33.25,1,0
2021-04-06,16925.75,16909.75,-16.00,43.75,35.25,23.50,1,0
2021-04-07,16910.50,16878.75,-31.75,43.75,35.25,47.50,1,0
2021-04-08,17084.75,17090.25,5.50,43.75,35.25,29.75,1,0
2021-04-09,17046.75,17039.50,-7.25,43.75,35.25,21.50,1,0
2021-04-12,17142.25,17142.00,-0.25,43.75,35.25,19.50,1,0
2021-04-13,17235.00,17243.25,8.25,43.75,35.25,20.50,1,0
2021-04-14,17340.50,17321.50,-19.00,43.75,36.25,45.25,1,0
2021-04-15,17286.75,17312.50,25.75,43.75,36.25,43.25,1,0
2021-04-16,17396.50,17340.25,-56.25,43.75,36.25,65.75,1,1
2021-04-19,17323.00,17356.50,33.50,43.75,35.25,56.25,1,0
2021-04-20,17231.50,17221.00,-10.50,43.75,35.25,40.00,1,0
2021-04-21,17104.75,17100.25,-4.50,43.75,36.50,28.75,1,0
2021-04-22,17258.50,17248.50,-10.00,43.75,36.50,33.50,1,0
2021-04-23,17134.00,17169.75,35.75,43.75,35.25,40.00,1,0
2021-04-26,17291.00,17285.25,-5.75,43.73,34.75,24.75,1,0
2021-04-27,17382.25,17379.50,-2.75,41.25,34.25,25.25,1,0
2021-04-28,17297.50,17262.00,-35.50,41.25,34.25,41.00,1,0
2021-04-29,17400.25,17383.00,-17.25,41.25,34.25,47.50,1,0
2021-04-30,17210.25,17222.25,12.00,41.25,33.25,38.00,1,0
2021-05-03,17273.00,17250.25,-22.75,41.25,33.25,28.00,1,0
2021-05-04,17040.50,16998.00,-42.50,41.25,34.25,73.50,1,1
2021-05-05,16986.50,17000.25,13.75,42.38,34.25,38.75,1,0
2021-05-06,16842.00,16788.50,-53.50,42.38,34.50,56.75,1,1
2021-05-07,17072.25,17031.25,-41.00,42.38,34.75,61.00,1,0
2021-05-10,17008.00,16926.00,-82.00,42.38,35.25,94.75,1,1
2021-05-11,16471.50,16466.00,-5.50,43.85,35.25,55.75,1,0
2021-05-12,16490.25,16528.75,38.50,43.85,36.88,69.00,1,0
2021-05-13,16479.00,16497.00,18.00,43.85,38.50,47.50,1,0
2021-05-14,16589.25,16607.25,18.00,43.85,38.50,42.50,1,0
2021-05-17,16671.25,16648.75,-22.50,43.85,38.50,58.25,1,0
2021-05-18,16703.25,16681.50,-21.75,43.85,39.00,43.00,1,0
2021-05-19,16342.00,16387.50,45.50,43.85,39.00,68.50,1,1
2021-05-20,16649.75,16687.25,37.50,44.00,39.00,48.50,1,0
2021-05-21,16910.00,16904.50,-5.50,44.00,39.00,36.75,1,0
2021-05-24,16866.75,16886.75,20.00,44.00,39.00,48.00,1,0
2021-05-25,17058.75,17050.25,-8.50,44.00,39.00,41.75,1,0
2021-05-26,17043.75,17048.00,4.25,44.00,38.50,29.75,1,0
2021-05-27,17043.25,17019.25,-24.00,44.00,36.62,36.00,1,0
2021-05-28,17061.25,17059.50,-1.75,44.00,34.75,20.50,1,0
2021-05-31,17035.50,17030.00,-5.50,44.00,34.50,8.25,1,0
2021-06-01,17110.00,17104.75,-5.25,44.00,33.50,20.25,1,0
2021-06-02,17025.00,17035.75,10.75,44.00,32.25,36.50,1,0
2021-06-03,16913.25,16917.00,3.75,44.00,32.25,25.75,1,0
2021-06-04,16967.75,17000.50,32.75,44.00,32.25,43.25,1,0
2021-06-07,17096.50,17100.75,4.25,44.00,31.75,22.75,1,0
2021-06-08,17236.50,17237.75,1.25,44.00,31.75,20.00,1,0
2021-06-09,17229.00,17226.75,-2.25,44.00,31.12,25.50,1,0
2021-06-10,17192.75,17230.00,37.25,44.00,30.75,61.75,1,0
2021-06-11,17324.25,17317.50,-6.75,44.00,30.75,26.00,1,0
2021-06-14,17380.25,17345.75,-34.50,44.00,30.75,50.50,1,0
2021-06-15,17483.25,17445.00,-38.25,44.00,30.62,50.25,1,0
2021-06-16,17423.25,17429.50,6.25,44.00,30.62,26.75,1,0
2021-06-17,17307.50,17350.75,43.25,44.00,30.38,47.00,1,0
2021-06-18,17453.50,17468.50,15.00,44.00,30.38,77.00,1,0
2021-06-21,17424.25,17370.25,-54.00,44.00,30.38,77.75,1,1
2021-06-22,17492.75,17523.00,30.25,44.68,30.38,44.50,1,0
2021-06-23,17631.00,17668.25,37.25,44.68,30.38,42.25,1,0
2021-06-24,17722.50,17732.25,9.75,44.68,30.12,25.75,1,0
2021-06-25,17752.75,17760.25,7.50,44.68,30.12,24.75,1,0
2021-06-28,17766.50,17811.75,45.25,44.68,30.12,55.00,1,1
2021-06-29,17878.50,17871.25,-7.25,44.75,30.12,40.50,1,0
2021-06-30,17931.75,17906.00,-25.75,44.75,30.12,35.75,1,0
2021-07-01,17900.50,17926.50,26.00,44.75,30.38,44.75,1,0
2021-07-02,18002.25,18007.25,5.00,44.75,30.38,24.75,1,0
2021-07-05,18076.75,18073.50,-3.25,44.75,30.62,5.50,1,0
2021-07-06,18113.00,18134.00,21.00,44.75,30.38,35.00,1,0
2021-07-07,18244.00,18200.75,-43.25,44.75,30.12,59.75,1,0
2021-07-08,17967.00,17980.50,13.50,44.68,30.12,57.50,1,0
2021-07-09,18066.50,18074.00,7.50,44.68,30.12,39.25,1,0
2021-07-12,18243.25,18239.25,-4.00,44.68,30.38,26.50,1,0
2021-07-13,18226.00,18237.75,11.75,44.68,30.38,31.25,1,0
2021-07-14,18342.00,18355.75,13.75,44.68,30.12,39.00,1,0
2021-07-15,18265.75,18206.75,-59.00,44.68,30.12,68.50,1,1
2021-07-16,18202.25,18237.00,34.75,44.75,30.38,41.00,1,0
2021-07-19,17901.25,17872.75,-28.50,44.75,30.38,64.50,1,0
2021-07-20,17964.00,17923.75,-40.25,44.75,31.00,60.25,1,0
2021-07-21,18074.75,18090.75,16.00,44.75,31.75,32.50,1,0
2021-07-22,18212.50,18240.75,28.25,44.75,31.75,33.25,1,0
2021-07-23,18358.25,18323.50,-34.75,44.75,31.75,47.25,1,0
2021-07-26,18447.75,18421.50,-26.25,44.75,31.00,39.00,1,0
2021-07-27,18478.00,18441.50,-36.50,44.68,31.00,42.25,1,0
2021-07-28,18371.00,18361.50,-9.50,44.68,30.88,41.25,1,0
2021-07-29,18356.00,18399.50,43.50,44.68,30.88,44.75,1,0
2021-07-30,18241.25,18268.25,27.00,44.68,30.88,52.00,1,0
2021-08-02,18400.00,18395.00,-5.00,44.68,30.38,31.25,1,0
2021-08-03,18358.75,18341.25,-17.50,44.68,30.38,43.75,1,0
2021-08-04,18417.00,18416.00,-1.00,44.68,30.38,32.25,1,0
2021-08-05,18474.00,18472.75,-1.25,44.00,30.12,33.50,1,0
2021-08-06,18481.75,18515.25,33.50,44.00,29.75,38.50,1,0
2021-08-09,18488.00,18490.50,2.50,44.00,29.38,24.25,1,0
2021-08-10,18517.00,18507.25,-9.75,44.00,29.38,34.25,1,0
2021-08-11,18471.25,18482.50,11.25,44.00,29.25,38.00,1,0
2021-08-12,18372.25,18357.75,-14.50,44.00,29.25,31.25,1,0
2021-08-13,18461.50,18452.75,-8.75,44.00,29.25,24.50,1,0
2021-08-16,18452.25,18465.50,13.25,44.00,29.12,26.50,1,0
2021-08-17,18390.75,18381.75,-9.00,44.00,28.75,49.25,1,0
2021-08-18,18351.50,18357.50,6.00,44.00,28.75,44.50,1,0
2021-08-19,18147.50,18187.75,40.25,44.00,29.12,61.75,1,0
2021-08-20,18346.25,18360.50,14.25,44.00,29.12,36.75,1,0
2021-08-23,18500.00,18522.25,22.25,43.95,29.25,36.75,1,0
2021-08-24,18705.75,18696.50,-9.25,43.95,29.38,33.00,1,0
2021-08-25,18738.25,18751.75,13.50,43.95,29.88,25.00,1,0
2021-08-26,18708.00,18725.75,17.75,43.48,29.88,24.75,1,0
2021-08-27,18673.75,18686.00,12.25,43.48,29.38,36.25,1,0
2021-08-30,18828.50,18856.75,28.25,43.25,29.88,38.00,1,0
2021-08-31,18980.00,18927.25,-52.75,43.18,29.88,65.50,1,1
2021-09-01,19002.75,19031.25,28.50,43.25,30.00,44.75,1,0
2021-09-02,19041.25,19042.25,1.00,43.18,30.00,21.25,1,0
2021-09-03,18927.75,18936.75,9.00,43.18,29.38,55.25,1,0
2021-09-06,19061.00,19061.25,0.25,43.18,30.00,4.00,1,0
2021-09-07,19027.50,19006.25,-21.25,43.18,29.88,39.00,1,0
2021-09-08,19038.75,19001.50,-37.25,43.18,30.62,39.50,1,0
2021-09-09,19003.25,19019.25,16.00,43.18,30.62,26.75,1,0
2021-09-10,19011.25,19035.50,24.25,43.18,29.88,30.50,1,0
2021-09-13,18921.25,18911.75,-9.50,43.18,29.12,37.00,1,0
2021-09-14,18875.25,18872.50,-2.75,43.18,29.12,42.00,1,0
2021-09-15,18787.25,18765.75,-21.50,43.18,29.88,55.75,1,0
2021-09-16,18823.50,18845.00,21.50,43.18,30.62,55.75,1,0
2021-09-17,18866.25,18822.75,-43.50,43.18,31.25,48.25,1,1
2021-09-20,18457.75,18471.00,13.25,43.25,31.25,107.25,1,0
2021-09-21,18464.00,18435.00,-29.00,43.25,31.75,70.00,1,0
2021-09-22,18443.75,18412.50,-31.25,43.25,31.75,47.50,1,0
2021-09-23,18593.00,18576.00,-17.00,43.25,31.25,44.25,1,0
2021-09-24,18588.25,18604.50,16.25,43.25,31.75,35.00,1,0
2021-09-27,18567.00,18534.50,-32.50,43.25,31.75,66.75,1,0
2021-09-28,18383.25,18362.50,-20.75,43.18,31.75,56.25,1,0
2021-09-29,18199.75,18214.75,15.00,43.18,31.75,51.25,1,0
2021-09-30,18192.00,18229.00,37.00,43.18,32.12,57.75,1,0
2021-10-01,18091.75,18060.75,-31.00,43.18,32.75,67.25,1,0
2021-10-04,18086.50,18054.75,-31.75,43.18,32.75,48.25,1,0
2021-10-05,17889.00,17911.25,22.25,43.18,32.75,58.75,1,0
2021-10-06,17903.75,17939.25,35.50,43.18,33.00,52.00,1,0
2021-10-07,18264.00,18315.00,51.00,42.38,33.00,75.75,1,1
2021-10-08,18314.75,18251.25,-63.50,43.18,33.00,74.25,1,1
2021-10-11,18130.50,18155.75,25.25,43.25,33.25,66.00,1,0
2021-10-12,18141.75,18149.00,7.25,43.25,33.00,74.25,1,0
2021-10-13,18128.75,18132.00,3.25,43.25,33.00,50.25,1,0
2021-10-14,18301.75,18280.50,-21.25,43.25,33.00,33.00,1,0
2021-10-15,18471.00,18434.25,-36.75,43.25,33.00,50.75,1,0
2021-10-18,18459.00,18443.25,-15.75,43.25,33.00,32.50,1,0
2021-10-19,18712.25,18696.75,-15.50,43.25,33.00,32.00,1,0
2021-10-20,18801.00,18794.75,-6.25,43.25,33.25,21.00,1,0
2021-10-21,18728.75,18733.50,4.75,43.25,33.00,32.00,1,0
2021-10-22,18804.50,18817.75,13.25,43.25,32.75,33.00,1,0
2021-10-25,18787.25,18805.25,18.00,43.25,32.75,39.25,1,0
2021-10-26,18980.00,19008.50,28.50,43.25,32.75,52.25,1,0
2021-10-27,18952.75,18956.50,3.75,43.25,33.00,35.75,1,0
2021-10-28,19051.00,19049.75,-1.25,43.25,33.12,33.25,1,0
2021-10-29,19013.25,19025.25,12.00,43.25,33.62,37.50,1,0
2021-11-01,19240.00,19219.50,-20.50,43.18,34.38,39.50,1,0
2021-11-02,19247.75,19258.25,10.50,42.35,34.38,25.25,1,0
2021-11-03,19362.25,19350.50,-11.75,42.35,34.88,45.75,1,0
2021-11-04,19561.75,19554.25,-7.50,42.35,34.88,25.50,1,0
2021-11-05,19792.50,19798.00,5.50,42.35,34.88,37.00,1,0
2021-11-08,19732.00,19755.50,23.50,42.35,34.88,44.25,1,0
2021-11-09,19757.50,19746.50,-11.00,42.35,35.00,30.00,1,0
2021-11-10,19483.75,19446.00,-37.75,42.35,34.88,67.75,1,0
2021-11-11,19484.25,19469.75,-14.50,42.35,35.00,35.75,1,0
2021-11-12,19451.75,19438.50,-13.25,42.35,35.00,29.25,1,0
2021-11-15,19623.00,19624.50,1.50,42.35,35.12,34.25,1,0
2021-11-16,19539.00,19579.75,40.75,42.35,35.00,53.25,1,0
2021-11-17,19697.25,19689.00,-8.25,42.35,35.12,30.00,1,0
2021-11-18,19780.00,19743.75,-36.25,42.35,35.12,49.00,1,0
2021-11-19,19931.75,19912.25,-19.50,42.35,35.12,43.50,1,0
2021-11-22,20020.50,20052.25,31.75,42.35,35.12,43.75,1,0
2021-11-23,19712.75,19670.50,-42.25,42.35,35.12,61.00,1,0
2021-11-24,19580.75,19531.50,-49.25,42.48,35.38,71.00,1,1
2021-11-25,19769.50,19766.50,-3.00,43.18,35.75,10.75,1,0
2021-11-26,19632.00,19678.00,46.00,43.18,35.75,62.75,1,1
2021-11-29,19621.25,19612.00,-9.25,43.25,36.12,63.25,1,0
2021-11-30,19737.50,19744.25,6.75,43.25,36.50,47.25,1,0
2021-12-01,19720.50,19668.00,-52.50,43.25,36.88,71.25,1,1
2021-12-02,19206.25,19223.25,17.00,43.48,37.62,86.75,1,0
2021-12-03,19428.50,19434.50,6.00,43.48,38.62,79.25,1,0
2021-12-06,19116.25,19008.00,-108.25,43.48,39.12,135.75,1,1
2021-12-07,19501.25,19538.75,37.50,43.50,39.12,42.50,1,0
2021-12-08,19712.25,19678.50,-33.75,43.50,39.12,80.00,1,0
2021-12-09,19718.00,19770.25,52.25,43.50,40.25,54.75,1,1
2021-12-10,19646.25,19688.50,42.25,43.95,40.25,62.50,1,0
2021-12-13,19705.00,19665.25,-39.75,43.95,41.50,58.00,1,0
2021-12-14,19260.75,19284.00,23.25,43.50,42.00,77.00,1,0
2021-12-15,19286.00,19250.25,-35.75,43.50,43.00,61.75,1,0
2021-12-16,19700.25,19688.75,-11.50,43.50,44.88,49.50,1,0
2021-12-17,19090.75,19145.00,54.25,43.50,44.88,102.75,1,1
2021-12-20,18955.00,18957.25,2.25,43.95,46.88,63.50,1,0
2021-12-21,19139.75,19132.00,-7.75,43.95,46.88,47.25,1,0
2021-12-22,19340.25,19326.50,-13.75,43.95,47.38,36.75,1,0
2021-12-23,19561.50,19588.75,27.25,43.95,46.88,41.75,1,0
2021-12-27,19725.00,19793.00,68.00,43.95,44.88,71.00,1,1
2021-12-28,19978.25,19949.50,-28.75,43.95,43.00,54.00,1,0
2021-12-29,19874.25,19898.00,23.75,43.95,44.88,51.75,1,0
2021-12-30,19853.50,19886.25,32.75,43.95,43.00,47.00,1,0
2021-12-31,19785.75,19833.75,48.00,43.95,42.00,53.75,1,1
2022-01-03,19760.75,19816.50,55.75,45.13,42.00,70.50,1,1
2022-01-04,19887.75,19863.75,-24.00,45.48,43.00,43.75,1,0
2022-01-05,19578.25,19493.25,-85.00,45.48,43.00,103.25,1,1
2022-01-06,19069.00,19171.25,102.25,45.95,43.00,125.00,1,1
2022-01-07,19135.50,19085.25,-50.25,46.23,44.88,76.75,1,1
2022-01-10,18755.50,18703.25,-52.25,47.83,46.88,104.00,1,1
2022-01-11,18943.00,18911.00,-32.00,48.23,46.88,70.25,1,0
2022-01-12,19317.00,19362.50,45.50,48.23,47.62,66.00,1,0
2022-01-13,19328.00,19326.50,-1.50,48.23,48.38,35.50,1,0
2022-01-14,18766.75,18805.00,38.25,48.23,49.00,78.00,1,0
2022-01-17,18975.25,18972.50,-2.75,48.23,49.75,22.75,1,0
2022-01-18,18725.25,18670.50,-54.75,48.23,49.75,81.50,1,1
2022-01-19,18645.00,18644.00,-1.00,48.23,49.00,61.25,1,0
2022-01-20,18546.75,18577.75,31.00,48.23,49.75,61.50,1,0
2022-01-21,18124.00,18185.50,61.50,48.23,49.75,112.25,1,1
2022-01-24,17568.75,17566.75,-2.00,49.15,50.75,85.75,1,0
2022-01-25,17598.25,17597.75,-0.50,49.15,52.38,81.50,1,0
2022-01-26,17853.75,17799.25,-54.50,49.15,53.62,91.25,1,1
2022-01-27,17711.25,17656.00,-55.25,50.15,52.38,71.25,1,1
2022-01-28,17445.75,17349.25,-96.50,50.93,53.62,134.25,1,1
2022-01-31,17865.75,17899.00,33.25,51.45,53.88,105.75,1,0
2022-02-01,18321.50,18280.25,-41.25,51.45,53.88,86.50,1,0
2022-02-02,18545.50,18503.75,-41.75,51.45,55.25,80.25,1,0
2022-02-03,18082.50,18089.50,7.00,51.45,57.00,66.75,1,0
2022-02-04,17896.25,17841.50,-54.75,51.45,57.75,110.75,1,1
2022-02-07,18085.25,18057.00,-28.25,52.18,57.75,55.50,1,0
2022-02-08,17893.50,17890.75,-2.75,52.18,58.00,62.75,1,0
2022-02-09,18297.00,18285.25,-11.75,52.18,58.25,47.75,1,0
2022-02-10,18120.75,18166.50,45.75,52.18,58.62,57.75,1,0
2022-02-11,18078.25,18094.75,16.50,52.18,58.62,52.75,1,0
2022-02-14,17586.50,17611.25,24.75,52.18,58.62,80.00,1,0
2022-02-15,17850.00,17880.25,30.25,52.13,58.62,61.50,1,0
2022-02-16,17892.00,17870.75,-21.25,52.13,58.62,46.50,1,0
2022-02-17,17840.75,17849.50,8.75,50.93,58.25,36.75,1,0
2022-02-18,17582.50,17528.50,-54.00,50.93,58.00,69.00,1,1
2022-02-21,17240.50,17240.75,0.25,52.13,58.00,23.25,1,0
2022-02-22,17258.75,17266.50,7.75,52.13,57.75,63.25,1,0
2022-02-23,17373.00,17388.00,15.00,52.13,57.75,49.75,1,0
2022-02-24,16451.75,16566.50,114.75,50.93,58.00,156.75,1,1
2022-02-25,17373.25,17368.50,-4.75,50.93,58.38,82.25,1,0
2022-02-28,17420.75,17472.25,51.50,50.15,58.38,74.25,1,1
2022-03-01,17553.25,17594.50,41.25,50.93,58.38,67.25,1,0
2022-03-02,17445.25,17404.00,-41.25,50.93,58.38,67.00,1,0
2022-03-03,17729.50,17698.00,-31.50,50.93,58.38,52.75,1,0
2022-03-04,17312.50,17330.00,17.50,50.93,58.00,48.50,1,0
2022-03-07,17209.25,17191.00,-18.25,50.93,58.00,71.00,1,0
2022-03-08,16665.00,16619.75,-45.25,50.93,58.38,79.75,1,0
2022-03-09,16981.50,16937.50,-44.00,50.93,58.38,72.75,1,0
2022-03-10,16942.50,16910.00,-32.50,50.93,59.62,79.00,1,0
2022-03-11,17086.25,17048.50,-37.75,50.93,58.38,60.25,1,0
2022-03-14,16626.00,16611.00,-15.00,50.93,58.38,69.75,1,0
2022-03-15,16535.25,16557.75,22.50,50.93,58.38,57.50,1,0
2022-03-16,16998.75,17027.00,28.25,50.93,58.38,46.00,1,0
2022-03-17,17252.25,17255.75,3.50,50.93,58.38,70.75,1,0
2022-03-18,17426.00,17392.25,-33.75,50.93,59.62,69.50,1,0
2022-03-21,17751.50,17784.25,32.75,50.93,60.62,49.50,1,0
2022-03-22,17770.25,17799.25,29.00,50.93,60.62,58.75,1,0
2022-03-23,17911.50,17887.00,-24.50,50.93,61.12,53.75,1,0
2022-03-24,17903.25,17878.50,-24.75,50.93,61.12,42.75,1,0
2022-03-25,18143.00,18123.75,-19.25,50.93,61.12,45.75,1,0
2022-03-28,18133.50,18183.00,49.50,50.93,61.12,64.75,1,0
2022-03-29,18528.00,18584.25,56.25,50.93,61.50,82.75,1,1
2022-03-30,18545.75,18573.25,27.50,51.45,61.50,29.00,1,0
2022-03-31,18460.25,18413.25,-47.00,51.45,61.25,60.50,1,0
2022-04-01,18279.00,18265.50,-13.50,51.45,61.25,47.50,1,0
2022-04-04,18275.75,18292.00,16.25,51.45,60.88,37.75,1,0
2022-04-05,18485.25,18489.25,4.00,51.45,61.25,39.25,1,0
2022-04-06,17982.00,17983.00,1.00,51.45,60.88,51.75,1,0
2022-04-07,17847.00,17917.75,70.75,50.93,60.62,81.75,1,1
2022-04-08,17848.00,17796.75,-51.25,51.45,59.25,73.00,1,0
2022-04-11,17538.00,17504.25,-33.75,51.48,57.38,62.00,1,0
2022-04-12,17579.50,17540.25,-39.25,51.48,59.25,65.00,1,0
2022-04-13,17334.00,17329.00,-5.00,51.48,60.62,45.50,1,0
2022-04-14,17604.00,17607.00,3.00,51.48,60.62,36.25,1,0
2022-04-18,17230.00,17292.00,62.00,51.48,60.88,82.75,1,1
2022-04-19,17255.00,17285.75,30.75,52.18,60.62,71.75,1,0
2022-04-20,17631.00,17596.00,-35.00,52.18,60.62,63.50,1,0
2022-04-21,17552.75,17639.50,86.75,52.18,59.25,102.75,1,1
2022-04-22,17105.50,17128.50,23.00,52.25,59.25,71.50,1,0
2022-04-25,16668.75,16676.75,8.00,52.25,59.25,59.25,1,0
2022-04-26,16824.00,16753.75,-70.25,52.25,59.25,83.75,1,1
2022-04-27,16401.75,16476.00,74.25,52.48,59.25,108.50,1,1
2022-04-28,16592.00,16595.75,3.75,52.48,57.38,84.25,1,0
2022-04-29,16667.75,16714.50,46.75,52.48,58.00,127.25,1,0
2022-05-02,16220.50,16201.00,-19.50,52.25,58.00,82.00,1,0
2022-05-03,16452.75,16437.25,-15.50,52.25,59.88,77.50,1,0
2022-05-04,16487.00,16452.50,-34.50,52.25,59.88,49.75,1,0
2022-05-05,16722.50,16679.25,-43.25,52.25,58.00,74.50,1,0
2022-05-06,16139.00,16064.25,-74.75,52.25,56.50,110.00,1,1
2022-05-09,15829.75,15854.25,24.50,52.48,58.00,82.75,1,0
2022-05-10,15877.50,15856.75,-20.75,52.48,59.88,73.75,1,0
2022-05-11,15627.25,15580.50,-46.75,52.48,59.88,140.25,1,0
2022-05-12,15170.75,15120.50,-50.25,52.48,60.75,139.00,1,0
2022-05-13,15512.50,15471.25,-41.25,52.48,61.38,74.50,1,0
2022-05-16,15691.25,15657.75,-33.50,52.48,62.50,77.50,1,0
2022-05-17,15870.75,15885.50,14.75,52.48,63.50,61.50,1,0
2022-05-18,15748.75,15755.50,6.75,52.48,63.50,46.75,1,0
2022-05-19,15245.00,15298.25,53.25,52.48,63.25,74.00,1,1
2022-05-20,15405.75,15378.50,-27.25,52.73,63.25,63.00,1,0
2022-05-23,15265.25,15265.75,0.50,52.73,63.25,57.00,1,0
2022-05-24,15196.75,15175.50,-21.25,52.73,63.25,63.50,1,0
2022-05-25,15097.25,15160.25,63.00,52.73,63.25,87.75,1,1
2022-05-26,15293.25,15361.00,67.75,53.20,63.25,85.50,1,1
2022-05-27,15787.50,15826.75,39.25,53.93,63.50,68.75,1,0
2022-05-30,16136.75,16144.00,7.25,53.93,63.50,19.25,1,0
2022-05-31,16057.75,15960.25,-97.50,53.93,63.50,108.75,1,1
2022-06-01,16113.00,16168.00,55.00,54.00,63.25,67.50,1,1
2022-06-02,15882.50,15888.75,6.25,54.23,63.25,81.00,1,0
2022-06-03,16052.25,16086.00,33.75,54.23,62.12,74.50,1,0
2022-06-06,16121.50,16123.00,1.50,54.23,63.25,48.75,1,0
2022-06-07,15837.75,15860.75,23.00,54.23,62.12,72.25,1,0
2022-06-08,16053.25,16042.75,-10.50,54.23,60.12,60.50,1,0
2022-06-09,15919.25,15962.75,43.50,54.23,60.12,79.00,1,0
2022-06-10,15415.00,15356.50,-58.50,54.23,62.12,114.50,1,1
2022-06-13,14842.00,14903.25,61.25,54.48,60.12,91.25,1,1
2022-06-14,14761.75,14739.25,-22.50,54.73,60.12,57.00,1,0
2022-06-15,14833.25,14840.75,7.50,54.73,60.12,52.50,1,0
2022-06-16,14675.75,14632.50,-43.25,54.73,59.00,73.50,1,0
2022-06-17,14536.75,14613.25,76.50,54.73,59.88,96.75,1,1
2022-06-20,14712.50,14708.00,-4.50,54.75,59.88,36.25,1,0
2022-06-21,14827.00,14873.75,46.75,54.75,59.88,53.25,1,0
2022-06-22,14816.50,14848.75,32.25,54.75,59.00,80.50,1,0
2022-06-23,15008.00,14973.25,-34.75,54.75,58.12,64.75,1,0
2022-06-24,15195.25,15250.75,55.50,54.75,59.00,68.50,1,1
2022-06-27,15534.75,15460.50,-74.25,54.98,59.00,99.75,1,1
2022-06-28,15409.50,15491.25,81.75,55.23,59.00,123.50,1,1
2022-06-29,15015.00,14937.75,-77.25,55.48,58.12,111.00,1,1
2022-06-30,14901.75,14869.50,-32.25,55.73,59.00,84.00,1,0
2022-07-01,14826.50,14811.75,-14.75,55.73,59.88,78.25,1,0
2022-07-04,14914.75,14907.00,-7.75,55.73,59.88,12.25,1,0
2022-07-05,14799.25,14757.25,-42.00,55.73,59.88,77.25,1,0
2022-07-06,15171.50,15190.25,18.75,55.73,59.00,80.50,1,0
2022-07-07,15265.50,15335.75,70.25,55.48,59.00,75.25,1,1
2022-07-08,15364.00,15382.25,18.25,55.73,58.12,60.00,1,0
2022-07-11,15396.75,15357.25,-39.50,55.73,57.25,52.50,1,0
2022-07-12,15289.50,15296.50,7.00,55.73,58.12,56.25,1,0
2022-07-13,14891.00,14925.00,34.00,55.73,58.12,97.00,1,0
2022-07-14,14989.50,14942.25,-47.25,55.73,59.00,99.75,1,0
2022-07-15,15269.25,15300.50,31.25,55.73,59.00,55.00,1,0
2022-07-18,15470.75,15483.25,12.50,55.73,58.12,68.00,1,0
2022-07-19,15406.75,15389.25,-17.50,55.73,57.25,39.50,1,0
2022-07-20,15635.00,15640.75,5.75,55.73,57.25,47.75,1,0
2022-07-21,15829.75,15790.75,-39.00,55.73,57.25,69.75,1,0
2022-07-22,15953.25,15935.75,-17.50,55.73,57.25,40.25,1,0
2022-07-25,15771.00,15762.00,-9.00,55.73,57.25,36.25,1,0
2022-07-26,15624.75,15578.50,-46.25,55.73,57.25,63.50,1,0
2022-07-27,15648.75,15637.00,-11.75,55.73,56.62,50.50,1,0
2022-07-28,15953.00,15964.00,11.00,55.73,57.25,62.25,1,0
2022-07-29,16149.75,16120.25,-29.50,55.73,57.25,48.75,1,0
2022-08-01,16244.00,16229.50,-14.50,55.73,57.25,59.00,1,0
2022-08-02,16210.50,16252.25,41.75,55.73,56.62,64.25,1,0
2022-08-03,16339.75,16386.25,46.50,55.73,56.62,69.00,1,0
2022-08-04,16621.25,16629.50,8.25,55.73,55.88,46.50,1,0
2022-08-05,16464.50,16526.50,62.00,55.73,55.88,70.00,1,1
2022-08-08,16611.00,16654.25,43.25,56.20,55.38,88.50,1,0
2022-08-09,16447.75,16389.75,-58.00,56.20,55.00,75.00,1,1
2022-08-10,16686.75,16649.50,-37.25,57.83,55.00,58.00,1,0
2022-08-11,16836.00,16806.25,-29.75,57.83,54.50,48.00,1,0
2022-08-12,16748.75,16732.00,-16.75,57.83,54.12,45.50,1,0
2022-08-15,16881.75,16946.25,64.50,57.83,53.88,66.50,1,1
2022-08-16,16987.50,16986.25,-1.25,58.45,52.88,33.00,1,0
2022-08-17,16863.75,16866.00,2.25,58.45,52.88,29.75,1,0
2022-08-18,16837.50,16791.50,-46.00,58.45,52.25,59.25,1,0
2022-08-19,16745.75,16742.25,-3.50,58.45,51.88,37.25,1,0
2022-08-22,16426.00,16383.75,-42.25,58.45,51.50,56.50,1,0
2022-08-23,16245.00,16280.25,35.25,58.45,51.50,50.25,1,0
2022-08-24,16223.00,16203.50,-19.50,58.45,51.50,50.00,1,0
2022-08-25,16354.25,16319.75,-34.50,58.45,51.50,41.00,1,0
2022-08-26,16492.75,16501.75,9.00,58.45,51.12,41.25,1,0
2022-08-29,15849.00,15914.25,65.25,58.45,51.00,89.50,1,1
2022-08-30,15909.50,15908.50,-1.00,60.98,50.62,48.50,1,0
2022-08-31,15823.25,15758.00,-65.25,60.98,50.62,67.00,1,1
2022-09-01,15519.25,15497.00,-22.25,61.48,50.12,52.25,1,0
2022-09-02,15751.50,15666.50,-85.00,61.48,49.50,97.25,1,1
2022-09-05,15459.00,15454.25,-4.75,61.95,49.50,10.00,1,0
2022-09-06,15474.00,15451.50,-22.50,61.95,48.88,71.00,1,0
2022-09-07,15385.75,15427.25,41.50,61.95,49.50,47.75,1,0
2022-09-08,15519.75,15473.50,-46.25,61.95,48.88,55.25,1,0
2022-09-09,15764.00,15813.75,49.75,61.95,48.88,54.00,1,0
2022-09-12,15999.75,16027.50,27.75,61.95,47.50,43.00,1,0
2022-09-13,15726.75,15737.50,10.75,61.95,47.50,65.25,1,0
2022-09-14,15441.75,15374.75,-67.00,61.95,47.50,79.50,1,1
2022-09-15,15402.75,15415.00,12.25,62.00,47.50,39.75,1,0
2022-09-16,15137.00,15097.25,-39.75,62.00,46.00,66.00,1,0
2022-09-19,15090.75,15149.50,58.75,62.00,46.00,67.50,1,0
2022-09-20,15188.00,15210.75,22.75,62.00,46.00,37.25,1,0
2022-09-21,15234.00,15212.00,-22.00,62.00,46.00,36.75,1,0
2022-09-22,14913.00,14923.50,10.50,62.00,45.50,50.00,1,0
2022-09-23,14732.25,14735.00,2.75,62.00,45.50,44.50,1,0
2022-09-26,14624.00,14690.25,66.25,62.00,45.50,90.50,1,1
2022-09-27,14741.75,14801.00,59.25,62.90,46.00,71.25,1,0
2022-09-28,14602.00,14553.00,-49.00,62.90,46.00,74.00,1,0
2022-09-29,14658.00,14643.75,-14.25,62.90,45.50,38.75,1,0
2022-09-30,14458.50,14500.00,41.50,62.00,46.00,72.25,1,0
2022-10-03,14376.25,14352.50,-23.75,62.00,46.00,66.25,1,0
2022-10-04,14787.50,14825.75,38.25,62.00,45.50,48.25,1,0
2022-10-05,14757.25,14799.50,42.25,62.00,45.12,60.50,1,0
2022-10-06,14861.75,14922.75,61.00,62.00,45.12,67.75,1,0
2022-10-07,14617.00,14600.25,-16.75,62.00,45.12,52.00,1,0
2022-10-10,14379.25,14334.25,-45.00,62.00,44.38,73.75,1,0
2022-10-11,14191.00,14166.75,-24.25,62.00,44.38,51.75,1,0
2022-10-12,14137.00,14102.25,-34.75,62.00,44.38,68.50,1,0
2022-10-13,13794.50,13811.25,16.75,62.00,45.12,57.00,1,0
2022-10-14,14451.50,14397.25,-54.25,62.00,45.12,102.75,1,0
2022-10-17,14272.25,14310.00,37.75,62.00,45.12,56.00,1,0
2022-10-18,14674.75,14647.75,-27.00,62.00,45.12,55.25,1,0
2022-10-19,14401.00,14461.75,60.75,62.00,45.12,74.25,1,0
2022-10-20,14382.50,14413.50,31.00,62.00,45.12,58.50,1,0
2022-10-21,14315.25,14300.75,-14.50,62.00,45.12,90.50,1,0
2022-10-24,14630.50,14592.00,-38.50,62.00,45.12,72.25,1,0
2022-10-25,14787.00,14824.25,37.25,62.00,45.12,57.00,1,0
2022-10-26,14745.75,14750.25,4.50,62.00,44.38,60.50,1,0
2022-10-27,14672.00,14707.25,35.25,62.00,44.38,64.25,1,0
2022-10-28,14484.00,14557.25,73.25,62.00,44.38,100.25,1,1
2022-10-31,14759.50,14756.25,-3.25,62.90,44.75,69.25,1,0
2022-11-01,14866.50,14868.75,2.25,62.90,44.75,42.75,1,0
2022-11-02,14601.25,14559.00,-42.25,62.90,44.75,69.50,1,0
2022-11-03,14100.50,14099.00,-1.50,62.90,44.75,57.25,1,0
2022-11-04,14203.50,14135.25,-68.25,62.90,44.75,100.50,1,1
2022-11-07,14210.25,14182.25,-28.00,64.35,45.12,75.00,1,0
2022-11-08,14347.75,14318.00,-29.75,64.35,45.25,51.75,1,0
2022-11-09,14289.25,14255.25,-34.00,64.35,45.12,49.75,1,0
2022-11-10,14628.00,14609.50,-18.50,64.35,44.75,63.50,1,0
2022-11-11,14895.75,14858.25,-37.50,64.35,44.75,60.75,1,0
2022-11-14,15031.50,15014.75,-16.75,64.35,44.12,47.25,1,0
2022-11-15,15292.75,15291.25,-1.50,64.35,44.88,45.25,1,0
2022-11-16,15094.75,15102.25,7.50,64.35,44.88,42.25,1,0
2022-11-17,14822.25,14853.00,30.75,64.35,44.12,44.00,1,0
2022-11-18,15108.75,15041.25,-67.50,64.35,44.12,80.75,1,1
2022-11-21,14920.50,14910.00,-10.50,65.18,44.12,62.25,1,0
2022-11-22,14888.50,14864.25,-24.25,65.18,44.12,40.75,1,0
2022-11-23,15021.00,15040.00,19.00,65.18,44.88,31.50,1,0
2022-11-24,15185.25,15185.75,0.50,65.18,44.12,6.50,1,0
2022-11-25,15069.50,15041.50,-28.00,65.18,44.12,39.50,1,0
2022-11-28,14974.50,15019.25,44.75,64.35,44.88,60.50,1,0
2022-11-29,14893.50,14890.75,-2.75,64.35,44.88,30.00,1,0
2022-11-30,14805.75,14837.25,31.50,64.35,44.12,50.50,1,0
2022-12-01,15327.50,15347.50,20.00,64.35,44.12,49.25,1,0
2022-12-02,15117.00,15173.00,56.00,64.35,43.50,71.50,1,0
2022-12-05,15192.75,15215.25,22.50,64.35,43.50,36.00,1,0
2022-12-06,15070.25,15042.25,-28.00,64.35,43.50,37.00,1,0
2022-12-07,14780.50,14825.75,45.25,64.35,43.12,62.50,1,0
2022-12-08,14836.75,14788.00,-48.75,64.35,43.50,58.50,1,0
2022-12-09,14873.25,14863.50,-9.75,64.35,43.50,68.50,1,0
2022-12-12,14847.25,14849.25,2.00,64.35,43.50,28.75,1,0
2022-12-13,15442.25,15370.50,-71.75,64.35,44.12,81.00,1,1
2022-12-14,15085.25,15141.00,55.75,65.18,44.50,58.00,1,0
2022-12-15,14839.50,14795.25,-44.25,65.18,44.50,84.75,1,0
2022-12-16,14582.75,14591.75,9.00,64.35,43.88,50.75,1,0
2022-12-19,14508.00,14450.00,-58.00,64.35,43.12,71.75,1,0
2022-12-20,14287.25,14283.25,-4.00,64.35,43.12,45.75,1,0
2022-12-21,14371.00,14341.00,-30.00,64.35,43.12,46.75,1,0
2022-12-22,14356.75,14296.25,-60.50,64.35,43.88,71.00,1,0
2022-12-23,14151.00,14142.00,-9.00,64.35,43.12,70.75,1,0
2022-12-27,14205.75,14171.75,-34.00,64.35,43.12,44.75,1,0
2022-12-28,14054.25,14129.75,75.50,62.90,43.88,115.50,1,1
2022-12-29,14039.50,14049.75,10.25,62.90,43.88,57.00,1,0
2022-12-30,14065.25,14092.75,27.50,62.90,43.12,63.25,1,0
2023-01-03,14273.25,14268.00,-5.25,62.90,42.12,69.25,1,0
2023-01-04,14187.75,14135.75,-52.00,62.90,43.12,79.75,1,0
2023-01-05,14077.00,14025.25,-51.75,62.90,43.12,72.50,1,0
2023-01-06,14044.25,14077.25,33.00,62.90,43.12,80.50,1,0
2023-01-09,14353.25,14374.00,20.75,62.90,43.12,45.50,1,0
2023-01-10,14296.75,14393.00,96.25,62.90,42.12,108.50,1,1
2023-01-11,14477.25,14467.75,-9.50,64.35,41.12,57.25,1,0
2023-01-12,14644.75,14595.50,-49.25,64.35,41.12,77.25,1,0
2023-01-13,14578.25,14604.75,26.50,64.35,41.12,38.50,1,0
2023-01-16,14744.25,14749.75,5.50,64.35,41.00,13.00,1,0
2023-01-17,14752.25,14744.00,-8.25,64.35,41.00,40.75,1,0
2023-01-18,14848.50,14857.75,9.25,64.35,41.00,47.00,1,0
2023-01-19,14561.25,14584.25,23.00,64.35,41.00,46.75,1,0
2023-01-20,14582.00,14548.50,-33.50,64.35,41.00,41.00,1,0
2023-01-23,14857.75,14842.75,-15.00,62.90,40.50,42.50,1,0
2023-01-24,15013.75,15025.00,11.25,62.90,40.50,43.50,1,0
2023-01-25,14866.25,14840.50,-25.75,62.90,40.38,54.00,1,0
2023-01-26,15171.50,15189.75,18.25,62.90,40.00,52.50,1,0
2023-01-27,15200.75,15236.50,35.75,62.90,39.88,52.25,1,0
2023-01-30,15236.75,15225.75,-11.00,62.90,39.88,45.75,1,0
2023-01-31,15128.25,15178.00,49.75,62.90,40.00,62.25,1,0
2023-02-01,15297.50,15266.50,-31.00,62.90,39.88,51.25,1,0
2023-02-02,15832.25,15865.75,33.50,62.90,39.12,51.50,1,0
2023-02-03,15728.25,15777.75,49.50,62.90,39.88,79.25,1,0
2023-02-06,15662.75,15709.50,46.75,62.90,40.00,57.75,1,0
2023-02-07,15657.75,15658.75,1.00,62.90,40.00,29.00,1,0
2023-02-08,15867.50,15864.75,-2.75,62.90,40.00,49.50,1,0
2023-02-09,15876.50,15846.75,-29.75,62.90,39.88,49.50,1,0
2023-02-10,15488.75,15524.75,36.00,62.90,39.88,51.00,1,0
2023-02-13,15555.75,15526.00,-29.75,62.90,40.00,44.25,1,0
2023-02-14,15627.25,15600.00,-27.25,62.90,40.12,88.50,1,0
2023-02-15,15707.00,15744.25,37.25,62.90,40.12,53.25,1,0
2023-02-16,15677.75,15700.00,22.25,62.90,40.12,35.75,1,0
2023-02-17,15543.50,15568.00,24.50,62.00,40.12,43.50,1,0
2023-02-20,15547.75,15542.50,-5.25,62.00,40.50,10.25,1,0
2023-02-21,15382.50,15402.25,19.75,62.00,40.50,32.00,1,0
2023-02-22,15273.75,15290.75,17.00,62.00,40.12,39.25,1,0
2023-02-23,15406.00,15382.50,-23.50,62.00,40.12,33.25,1,0
2023-02-24,15147.75,15169.50,21.75,62.00,40.12,39.75,1,0
2023-02-27,15285.00,15279.50,-5.50,62.00,40.00,27.50,1,0
2023-02-28,15209.75,15205.50,-4.25,62.00,40.00,29.50,1,0
2023-03-01,15206.00,15177.50,-28.50,62.00,40.00,40.50,1,0
2023-03-02,15011.00,15033.00,22.00,62.00,40.00,36.50,1,0
2023-03-03,15288.25,15277.25,-11.00,62.00,40.00,26.75,1,0
2023-03-06,15514.75,15531.25,16.50,62.00,39.88,39.75,1,0
2023-03-07,15478.00,15494.00,16.00,62.00,39.88,28.00,1,0
2023-03-08,15338.75,15332.50,-6.25,62.00,39.75,37.25,1,0
2023-03-09,15400.00,15429.50,29.50,62.00,39.38,48.50,1,0
2023-03-10,15171.75,15115.50,-56.25,62.00,38.88,66.25,1,0
2023-03-13,14918.75,14926.00,7.25,62.00,39.38,63.00,1,0
2023-03-14,15238.75,15243.00,4.25,62.00,39.75,31.50,1,0
2023-03-15,15242.25,15286.00,43.75,62.00,39.88,72.50,1,0
2023-03-16,15376.75,15370.75,-6.00,62.00,39.88,42.50,1,0
2023-03-17,15742.00,15740.25,-1.75,62.00,39.88,40.25,1,0
2023-03-20,15655.00,15611.50,-43.50,62.00,39.88,54.50,1,0
2023-03-21,15807.00,15838.50,31.50,62.00,40.00,38.75,1,0
2023-03-22,15904.00,15893.75,-10.25,62.00,39.88,27.75,1,0
2023-03-23,15886.50,15901.00,14.50,62.00,39.75,35.75,1,0
2023-03-24,15858.50,15832.00,-26.50,62.00,39.38,59.50,1,0
2023-03-27,15950.75,15944.25,-6.50,62.00,39.25,34.75,1,0
2023-03-28,15807.75,15770.25,-37.50,62.00,39.38,54.75,1,0
2023-03-29,15919.25,15936.00,16.75,62.00,39.38,31.75,1,0
2023-03-30,16096.25,16093.50,-2.75,62.00,39.12,33.50,1,0
2023-03-31,16123.50,16154.50,31.00,61.93,39.12,46.00,1,0
2023-04-03,16241.75,16268.75,27.00,61.93,38.88,43.25,1,0
2023-04-04,16316.75,16309.00,-7.75,61.93,38.88,24.00,1,0
2023-04-05,16205.50,16194.00,-11.50,61.93,38.62,25.75,1,0
2023-04-06,16043.75,16000.50,-43.25,61.93,37.75,46.75,1,0
2023-04-10,16075.00,16059.00,-16.00,61.93,36.00,31.75,1,0
2023-04-11,16191.00,16180.00,-11.00,61.23,34.38,40.00,1,0
2023-04-12,16188.25,16181.25,-7.00,61.23,36.00,45.25,1,0
2023-04-13,16059.50,16088.75,29.25,61.23,34.38,39.00,1,0
2023-04-14,16170.75,16185.00,14.25,60.98,34.00,26.00,1,0
2023-04-17,16194.00,16210.00,16.00,60.98,34.62,34.75,1,0
2023-04-18,16311.75,16297.25,-14.50,60.98,34.00,22.75,1,0
2023-04-19,16116.75,16148.25,31.50,60.73,33.75,44.50,1,0
2023-04-20,16083.50,16117.50,34.00,60.38,33.50,41.75,1,0
2023-04-21,16089.00,16082.75,-6.25,60.38,33.50,31.00,1,0
2023-04-24,16109.00,16122.00,13.00,60.38,33.00,37.75,1,0
2023-04-25,16020.00,16023.25,3.25,60.38,33.00,28.75,1,0
2023-04-26,15981.75,15945.25,-36.50,60.38,32.50,45.25,1,0
2023-04-27,16072.25,16056.25,-16.00,60.38,32.50,31.25,1,0
2023-04-28,16251.75,16236.25,-15.50,60.38,33.00,42.25,1,0
2023-05-01,16332.50,16333.00,0.50,59.20,32.50,19.00,1,0
2023-05-02,16332.00,16338.25,6.25,59.20,32.00,25.50,1,0
2023-05-03,16230.50,16236.50,6.00,59.20,32.00,19.50,1,0
2023-05-04,16114.25,16102.50,-11.75,59.20,31.62,40.25,1,0
2023-05-05,16170.50,16185.75,15.25,59.20,31.12,34.75,1,0
2023-05-08,16332.50,16326.00,-6.50,59.20,30.62,18.25,1,0
2023-05-09,16312.50,16314.25,1.75,59.20,29.88,17.50,1,0
2023-05-10,16398.25,16438.00,39.75,59.20,28.88,51.00,1,0
2023-05-11,16458.50,16413.50,-45.00,59.20,28.88,54.75,1,0
2023-05-12,16499.25,16511.75,12.50,59.20,28.12,23.00,1,0
2023-05-15,16448.25,16438.25,-10.00,59.20,27.75,21.00,1,0
2023-05-16,16467.75,16498.75,31.00,59.20,27.62,38.75,1,0
2023-05-17,16556.50,16553.00,-3.50,59.20,27.62,20.50,1,0
2023-05-18,16685.25,16707.00,21.75,58.73,27.62,28.75,1,0
2023-05-19,16929.25,16933.50,4.25,58.45,27.62,17.50,1,0
2023-05-22,16879.75,16919.25,39.50,58.45,27.50,41.00,1,0
2023-05-23,16862.75,16885.25,22.50,58.45,27.25,41.75,1,0
2023-05-24,16674.25,16691.75,17.50,58.00,27.00,40.25,1,0
2023-05-25,16986.25,16927.75,-58.50,58.00,27.00,79.00,1,1
2023-05-26,17049.50,17060.50,11.00,58.45,27.00,32.25,1,0
2023-05-29,17410.00,17400.75,-9.25,58.45,27.00,10.75,1,0
2023-05-30,17541.50,17544.75,3.25,58.45,26.88,52.75,1,0
2023-05-31,17361.75,17384.25,22.50,58.45,26.88,40.00,1,0
2023-06-01,17329.75,17306.75,-23.00,58.45,27.00,34.50,1,0
2023-06-02,17574.75,17650.25,75.50,58.45,27.25,77.25,1,1
2023-06-05,17600.25,17637.75,37.50,58.45,27.00,38.50,1,0
2023-06-06,17592.25,17550.25,-42.00,58.00,26.88,45.00,1,0
2023-06-07,17623.50,17701.25,77.75,58.00,26.38,81.50,1,1
2023-06-08,17369.25,17367.50,-1.75,58.45,26.38,44.00,1,0
2023-06-09,17592.75,17618.75,26.00,58.45,26.38,34.00,1,0
2023-06-12,17656.75,17652.25,-4.50,58.00,26.38,37.00,1,0
2023-06-13,17949.75,17959.75,10.00,58.00,26.38,36.25,1,0
2023-06-14,17948.25,17930.25,-18.00,58.00,26.38,34.00,1,0
2023-06-15,17993.75,17981.00,-12.75,58.00,26.38,43.25,1,0
2023-06-16,18323.25,18257.75,-65.50,58.00,26.88,79.00,1,1
2023-06-19,18104.00,18098.75,-5.25,58.45,27.00,9.50,1,0
2023-06-20,18065.25,18122.25,57.00,58.00,26.88,69.75,1,0
2023-06-21,18054.50,18046.50,-8.00,57.90,26.38,41.25,1,0
2023-06-22,17834.50,17861.25,26.75,56.93,26.38,50.25,1,0
2023-06-23,17896.25,17935.75,39.50,56.93,26.75,49.25,1,0
2023-06-26,17888.75,17916.50,27.75,56.93,26.75,40.25,1,0
2023-06-27,17770.75,17788.50,17.75,56.93,26.75,38.75,1,0
2023-06-28,17882.50,17917.75,35.25,56.93,26.88,43.25,1,0
2023-06-29,17971.75,17993.50,21.75,56.93,27.00,59.75,1,0
2023-06-30,18104.75,18114.50,9.75,56.23,27.50,32.75,1,0
2023-07-03,18208.25,18213.75,5.50,56.23,27.50,26.25,1,0
2023-07-04,18216.25,18217.75,1.50,56.23,27.50,4.75,1,0
2023-07-05,18146.75,18185.00,38.25,56.23,27.00,48.75,1,0
2023-07-06,18048.75,18012.00,-36.75,56.23,26.88,61.00,1,0
2023-07-07,18073.50,18073.50,0.00,56.23,26.88,43.75,1,0
2023-07-10,18021.50,18037.00,15.50,56.23,26.88,47.25,1,0
2023-07-11,18054.50,18066.75,12.25,56.23,26.75,30.25,1,0
2023-07-12,18283.00,18285.50,2.50,56.23,26.75,31.00,1,0
2023-07-13,18428.75,18442.50,13.75,56.23,26.88,44.50,1,0
2023-07-14,18574.25,18610.75,36.50,56.23,26.88,46.00,1,0
2023-07-17,18582.50,18603.50,21.00,56.23,27.00,38.25,1,0
2023-07-18,18667.75,18627.00,-40.75,56.23,27.00,46.25,1,0
2023-07-19,18865.50,18839.25,-26.25,56.23,27.00,56.50,1,0
2023-07-20,18686.50,18722.50,36.00,56.23,27.00,53.75,1,0
2023-07-21,18540.75,18559.75,19.00,56.23,26.88,63.00,1,0
2023-07-24,18431.25,18459.50,28.25,56.23,27.00,43.50,1,0
2023-07-25,18441.50,18474.50,33.00,56.23,27.50,37.75,1,0
2023-07-26,18472.00,18432.25,-39.75,56.23,27.50,69.00,1,0
2023-07-27,18687.75,18707.00,19.25,56.23,27.50,41.50,1,0
2023-07-28,18590.25,18598.75,8.50,56.23,27.50,37.50,1,0
2023-07-31,18712.75,18703.00,-9.75,55.98,28.50,47.50,1,0
2023-08-01,18649.25,18646.50,-2.75,55.98,29.00,37.25,1,0
2023-08-02,18520.50,18478.00,-42.50,55.60,29.00,47.25,1,0
2023-08-03,18211.00,18221.25,10.25,55.60,29.00,42.50,1,0
2023-08-04,18364.50,18406.50,42.00,55.60,29.38,61.75,1,0
2023-08-07,18286.50,18275.25,-11.25,55.60,29.75,60.25,1,0
2023-08-08,18232.00,18216.50,-15.50,54.03,30.00,29.25,1,0
2023-08-09,18215.25,18206.50,-8.75,54.03,30.50,32.50,1,0
2023-08-10,18154.00,18171.50,17.50,54.03,30.88,57.75,1,0
2023-08-11,17944.25,17933.50,-10.75,54.03,30.88,35.00,1,0
2023-08-14,17920.75,17920.25,-0.50,54.03,31.12,42.00,1,0
2023-08-15,18077.75,18085.75,8.00,54.03,31.50,33.00,1,0
2023-08-16,17932.50,17912.25,-20.25,54.03,31.88,40.00,1,0
2023-08-17,17847.00,17822.50,-24.50,54.03,32.50,41.50,1,0
2023-08-18,17482.00,17499.50,17.50,54.03,31.88,51.25,1,0
2023-08-21,17661.25,17698.75,37.50,54.03,31.88,42.50,1,0
2023-08-22,17944.50,17931.25,-13.25,51.98,32.50,28.00,1,0
2023-08-23,17862.00,17873.75,11.75,51.98,32.50,38.50,1,0
2023-08-24,18188.00,18109.25,-78.75,51.55,32.50,85.75,1,1
2023-08-25,17749.75,17774.50,24.75,51.98,32.50,42.25,1,0
2023-08-28,17951.00,17956.00,5.00,51.55,33.62,54.50,1,0
2023-08-29,17929.50,17963.25,33.75,51.55,34.50,50.00,1,0
2023-08-30,18269.75,18291.25,21.50,51.55,34.50,32.75,1,0
2023-08-31,18345.00,18368.00,23.00,51.55,35.88,65.00,1,0
2023-09-01,18486.25,18470.50,-15.75,51.55,35.88,41.75,1,0
2023-09-04,18407.75,18416.75,9.00,51.55,37.12,10.00,1,0
2023-09-05,18334.25,18317.25,-17.00,51.55,37.12,37.00,1,0
2023-09-06,18352.75,18325.00,-27.75,51.55,37.12,36.75,1,0
2023-09-07,18053.25,18038.50,-14.75,49.73,37.12,45.75,1,0
2023-09-08,18125.50,18192.00,66.50,49.73,35.88,79.00,1,1
2023-09-11,18276.50,18288.25,11.75,51.55,35.88,33.50,1,0
2023-09-12,18258.25,18271.25,13.00,49.73,37.12,41.75,1,0
2023-09-13,18161.50,18177.75,16.25,49.73,37.12,61.75,1,0
2023-09-14,18277.25,18254.00,-23.25,49.73,37.12,50.50,1,0
2023-09-15,18268.25,18244.50,-23.75,49.73,37.12,50.75,1,0
2023-09-18,18013.75,18064.50,50.75,49.73,36.50,68.75,1,1
2023-09-19,18012.75,18012.50,-0.25,49.73,36.50,34.00,1,0
2023-09-20,18077.00,18047.50,-29.50,49.48,35.38,44.50,1,0
2023-09-21,17646.25,17654.00,7.75,49.48,35.38,38.50,1,0
2023-09-22,17595.00,17576.75,-18.25,49.48,34.50,27.25,1,0
2023-09-25,17483.00,17459.00,-24.00,49.48,34.50,53.50,1,0
2023-09-26,17482.75,17478.00,-4.75,49.48,35.38,35.25,1,0
2023-09-27,17411.25,17423.25,12.00,49.48,35.38,39.75,1,0
2023-09-28,17353.00,17365.75,12.75,49.48,35.38,50.25,1,0
2023-09-29,17659.75,17660.75,1.00,49.20,35.38,29.25,1,0
2023-10-02,17531.75,17565.25,33.50,49.20,34.50,60.25,1,0
2023-10-03,17537.25,17564.25,27.00,49.20,35.38,36.00,1,0
2023-10-04,17411.00,17454.25,43.25,49.20,35.38,55.25,1,0
2023-10-05,17567.00,17573.00,6.00,49.20,36.50,31.25,1,0
2023-10-06,17393.50,17424.00,30.50,49.20,37.12,65.00,1,0
2023-10-09,17670.50,17635.25,-35.25,48.55,37.12,47.50,1,0
2023-10-10,17858.25,17860.75,2.50,48.55,37.38,30.00,1,0
2023-10-11,17983.00,18025.75,42.75,48.55,37.38,53.50,1,0
2023-10-12,18050.75,18046.50,-4.25,46.60,37.38,25.25,1,0
2023-10-13,18000.00,17990.00,-10.00,46.60,37.38,38.00,1,0
2023-10-16,17833.75,17890.00,56.25,46.60,37.38,65.50,1,1
2023-10-17,17796.50,17784.25,-12.25,48.55,36.62,28.50,1,0
2023-10-18,17788.25,17848.00,59.75,48.55,36.62,69.00,1,1
2023-10-19,17745.50,17735.50,-10.00,49.20,37.38,36.25,1,0
2023-10-20,17519.75,17479.00,-40.75,49.20,37.62,52.75,1,0
2023-10-23,17260.25,17239.00,-21.25,48.55,37.62,56.50,1,0
2023-10-24,17436.00,17470.00,34.00,48.55,37.88,52.00,1,0
2023-10-25,17399.25,17330.25,-69.00,48.55,37.88,80.25,1,1
2023-10-26,17078.75,17084.75,6.00,49.20,37.62,69.00,1,0
2023-10-27,16964.50,16982.75,18.25,49.20,37.62,42.75,1,0
2023-10-30,17023.00,17053.75,30.75,48.55,37.62,62.25,1,0
2023-10-31,17077.50,17036.50,-41.00,48.55,37.88,55.00,1,0
2023-11-01,17177.50,17197.00,19.50,48.55,38.12,30.75,1,0
2023-11-02,17578.50,17570.00,-8.50,48.55,37.88,33.25,1,0
2023-11-03,17708.75,17714.25,5.50,48.55,37.62,39.00,1,0
2023-11-06,17862.00,17874.25,12.25,48.55,37.38,35.50,1,0
2023-11-07,17933.50,17895.50,-38.00,48.55,37.38,52.25,1,0
2023-11-08,18046.25,18068.50,22.25,48.55,36.62,37.00,1,0
2023-11-09,18061.75,18043.25,-18.50,48.55,35.38,37.75,1,0
2023-11-10,17985.75,17979.25,-6.50,48.55,35.38,26.75,1,0
2023-11-13,18187.25,18168.25,-19.00,46.60,35.38,29.25,1,0
2023-11-14,18470.00,18478.50,8.50,46.60,34.50,44.25,1,0
2023-11-15,18614.75,18621.50,6.75,46.60,34.12,30.75,1,0
2023-11-16,18509.25,18504.75,-4.50,46.60,33.88,30.25,1,0
2023-11-17,18520.25,18521.75,1.50,46.60,33.62,21.50,1,0
2023-11-20,18553.00,18618.50,65.50,46.60,33.38,67.25,1,1
2023-11-21,18670.75,18664.50,-6.25,48.55,33.00,34.75,1,0
2023-11-22,18727.50,18795.00,67.50,48.55,33.00,77.00,1,1
2023-11-23,18720.75,18716.75,-4.00,49.20,33.00,8.50,1,0
2023-11-24,18686.00,18703.50,17.50,49.20,32.62,51.00,1,0
2023-11-27,18656.50,18646.00,-10.50,48.55,32.62,51.25,1,0
2023-11-28,18632.00,18655.75,23.75,48.55,33.00,34.25,1,0
2023-11-29,18805.00,18845.75,40.75,48.55,32.62,42.00,1,0
2023-11-30,18690.25,18698.00,7.75,48.55,32.62,38.75,1,0
2023-12-01,18591.00,18550.75,-40.25,46.58,32.62,50.25,1,0
2023-12-04,18520.00,18534.00,14.00,46.58,33.00,34.50,1,0
2023-12-05,18448.75,18447.50,-1.25,46.58,33.00,26.75,1,0
2023-12-06,18691.50,18623.50,-68.00,44.93,33.38,73.25,1,1
2023-12-07,18592.00,18621.00,29.00,44.93,33.50,61.75,1,0
2023-12-08,18613.75,18625.75,12.00,44.88,33.50,48.00,1,0
2023-12-11,18736.75,18770.25,33.50,44.88,33.38,70.00,1,0
2023-12-12,18891.50,18862.50,-29.00,43.73,33.50,40.00,1,0
2023-12-13,19056.50,19090.25,33.75,43.73,33.50,38.50,1,0
2023-12-14,19267.75,19293.00,25.25,43.73,33.50,46.00,1,0
2023-12-15,19235.00,19240.00,5.00,43.48,33.50,38.25,1,0
2023-12-18,19293.50,19311.75,18.25,43.48,33.62,39.25,1,0
2023-12-19,19399.50,19421.50,22.00,43.48,33.50,43.00,1,0
2023-12-20,19433.00,19438.00,5.00,43.25,33.50,23.50,1,0
2023-12-21,19369.25,19379.50,10.25,43.25,33.50,47.50,1,0
2023-12-22,19446.25,19444.50,-1.75,43.25,33.50,27.50,1,0
2023-12-26,19456.50,19478.25,21.75,43.25,33.50,27.25,1,0
2023-12-27,19539.00,19557.75,18.75,43.20,33.38,30.00,1,0
2023-12-28,19595.50,19575.75,-19.75,42.73,33.00,35.00,1,0
2023-12-29,19536.00,19536.75,0.75,42.73,32.12,18.75,1,0
2024-01-02,19309.25,19279.00,-30.25,42.73,31.38,43.50,1,0
2024-01-03,19056.50,19058.50,2.00,42.45,31.38,42.50,1,0
2024-01-04,18900.00,18927.25,27.25,42.45,31.00,45.75,1,0
2024-01-05,18896.00,18933.25,37.25,42.00,30.38,49.25,1,0
2024-01-08,18959.00,18993.00,34.00,42.00,31.00,43.00,1,0
2024-01-09,19116.00,19157.75,41.75,42.00,31.00,47.75,1,0
2024-01-10,19287.00,19304.50,17.50,42.00,31.00,33.75,1,0
2024-01-11,19431.50,19460.75,29.25,42.00,30.38,39.75,1,0
2024-01-12,19455.25,19438.00,-17.25,42.00,31.00,39.00,1,0
2024-01-15,19404.75,19406.00,1.25,42.00,31.00,11.75,1,0
2024-01-16,19363.75,19372.00,8.25,42.00,30.38,35.00,1,0
2024-01-17,19272.00,19208.00,-64.00,42.00,30.38,84.00,1,1
2024-01-18,19443.50,19478.75,35.25,42.45,29.88,52.00,1,0
2024-01-19,19637.50,19636.25,-1.25,42.45,29.88,34.75,1,0
2024-01-22,19975.50,20019.50,44.00,42.45,29.38,47.75,1,1
2024-01-23,19934.75,19867.75,-67.00,42.73,29.38,72.00,1,1
2024-01-24,20139.75,20107.75,-32.00,42.73,29.38,37.50,1,0
2024-01-25,20169.50,20150.75,-18.75,42.73,28.50,53.25,1,0
2024-01-26,20004.75,20011.25,6.50,42.73,28.50,36.25,1,0
2024-01-29,19995.25,20000.25,5.00,42.45,29.38,27.25,1,0
2024-01-30,20108.25,20116.50,8.25,42.00,28.50,31.00,1,0
2024-01-31,19846.75,19862.00,15.25,42.00,28.00,54.50,1,0
2024-02-01,19753.50,19780.75,27.25,42.00,28.00,40.00,1,0
2024-02-02,19955.00,19961.00,6.00,42.00,28.00,55.00,1,0
2024-02-05,20169.50,20179.75,10.25,42.00,28.00,29.50,1,0
2024-02-06,20188.50,20176.25,-12.25,42.00,28.88,46.50,1,0
2024-02-07,20220.50,20197.50,-23.00,42.00,28.12,34.00,1,0
2024-02-08,20282.50,20273.75,-8.75,42.00,29.00,25.75,1,0
2024-02-09,20356.00,20344.50,-11.50,42.00,28.12,26.25,1,0
2024-02-12,20476.50,20492.25,15.75,42.00,28.38,42.50,1,0
2024-02-13,20074.75,20074.00,-0.75,42.00,28.38,51.50,1,0
2024-02-14,20235.75,20234.00,-1.75,42.00,29.12,35.50,1,0
2024-02-15,20335.25,20321.25,-14.00,42.00,30.38,31.75,1,0
2024-02-16,20373.75,20355.75,-18.00,42.00,31.25,43.50,1,0
2024-02-19,20236.25,20241.50,5.25,42.00,30.88,16.75,1,0
2024-02-20,20108.75,20131.00,22.25,42.00,30.88,74.75,1,0
2024-02-21,19942.25,19949.50,7.25,42.00,30.88,47.25,1,0
2024-02-22,20342.75,20317.50,-25.25,42.00,30.25,55.50,1,0
2024-02-23,20552.75,20582.50,29.75,42.00,30.25,43.00,1,0
2024-02-26,20464.00,20463.25,-0.75,42.00,30.25,41.00,1,0
2024-02-27,20465.25,20459.75,-5.50,42.00,29.12,28.50,1,0
2024-02-28,20370.50,20373.25,2.75,42.00,29.12,41.75,1,0
2024-02-29,20477.25,20507.00,29.75,42.00,28.38,47.50,1,0
2024-03-01,20543.50,20581.00,37.50,42.00,28.38,51.00,1,0
2024-03-04,20777.00,20755.00,-22.00,41.98,28.38,47.25,1,0
2024-03-05,20580.75,20521.50,-59.25,41.98,28.12,62.00,1,1
2024-03-06,20551.00,20542.50,-8.50,42.00,28.38,33.50,1,0
2024-03-07,20629.25,20637.25,8.00,41.98,28.38,27.75,1,0
2024-03-08,20768.00,20791.75,23.75,41.98,28.75,54.75,1,0
2024-03-11,20424.00,20360.75,-63.25,41.98,29.38,84.25,1,1
2024-03-12,20510.50,20465.00,-45.50,41.98,30.25,74.75,1,1
2024-03-13,20627.50,20590.50,-37.00,42.00,30.25,46.00,1,0
2024-03-14,20574.25,20573.75,-0.50,42.00,30.25,48.50,1,0
2024-03-15,20351.50,20349.25,-2.25,42.00,30.25,47.50,1,0
2024-03-18,20483.75,20516.50,32.75,42.00,30.88,51.00,1,0
2024-03-19,20342.75,20328.00,-14.75,42.00,30.25,49.50,1,0
2024-03-20,20517.25,20504.25,-13.00,42.00,30.88,32.50,1,0
2024-03-21,20887.50,20858.00,-29.50,42.00,31.00,36.75,1,0
2024-03-22,20736.75,20721.25,-15.50,42.00,31.25,28.00,1,0
2024-03-25,20658.00,20670.00,12.00,42.00,31.25,38.00,1,0
2024-03-26,20768.00,20787.00,19.00,42.00,31.25,39.50,1,0
2024-03-27,20765.50,20719.75,-45.75,42.00,31.00,56.00,1,1
2024-03-28,20699.25,20677.00,-22.25,42.45,31.25,47.50,1,0
2024-04-01,20700.00,20749.75,49.75,42.00,31.88,69.25,1,1
2024-04-02,20486.25,20466.75,-19.50,42.45,31.88,31.75,1,0
2024-04-03,20440.00,20468.50,28.50,42.45,32.62,34.75,1,0
2024-04-04,20740.75,20749.00,8.25,42.45,32.25,21.50,1,0
2024-04-05,20338.25,20328.00,-10.25,42.45,34.00,47.75,1,0
2024-04-08,20529.50,20490.25,-39.25,42.45,34.12,49.25,1,0
2024-04-09,20590.25,20552.25,-38.00,42.45,34.12,53.25,1,0
2024-04-10,20339.25,20352.75,13.50,42.45,35.50,48.50,1,0
2024-04-11,20464.50,20465.75,1.25,42.45,35.50,49.25,1,0
2024-04-12,20496.00,20503.50,7.50,42.45,35.75,46.25,1,0
2024-04-15,20534.75,20469.25,-65.50,42.45,35.75,70.50,1,1
2024-04-16,20067.00,20080.50,13.50,42.73,35.75,38.25,1,0
2024-04-17,20156.50,20127.25,-29.25,42.73,35.75,34.50,1,0
2024-04-18,19872.75,19832.75,-40.00,42.73,35.75,54.00,1,0
2024-04-19,19694.00,19672.25,-21.75,42.73,35.88,49.00,1,0
2024-04-22,19487.75,19470.50,-17.25,42.73,36.00,40.00,1,0
2024-04-23,19627.50,19626.50,-1.00,42.73,35.88,50.50,1,0
2024-04-24,19932.25,19934.00,1.75,42.73,35.88,39.50,1,0
2024-04-25,19553.50,19513.25,-40.25,42.73,36.00,51.00,1,0
2024-04-26,19896.75,19932.75,36.00,42.73,36.00,67.50,1,0
2024-04-29,20120.75,20135.00,14.25,42.73,36.00,39.50,1,0
2024-04-30,20034.50,20051.25,16.75,42.73,36.00,34.00,1,0
2024-05-01,19700.00,19682.75,-17.25,42.73,36.00,49.25,1,0
2024-05-02,19782.25,19744.50,-37.75,42.73,36.00,58.50,1,0
2024-05-03,20157.25,20138.75,-18.50,42.45,36.00,46.25,1,0
2024-05-06,20273.50,20268.00,-5.50,42.45,36.00,34.50,1,0
2024-05-07,20410.50,20425.50,15.00,42.45,36.00,39.00,1,0
2024-05-08,20283.00,20301.00,18.00,42.45,36.00,30.75,1,0
2024-05-09,20386.00,20377.50,-8.50,42.45,35.88,31.25,1,0
2024-05-10,20473.50,20513.25,39.75,42.45,35.75,58.25,1,0
2024-05-13,20531.50,20491.25,-40.25,42.45,35.75,45.00,1,0
2024-05-14,20473.25,20486.00,12.75,42.45,35.75,28.50,1,0
2024-05-15,20708.50,20721.75,13.25,42.45,35.75,36.00,1,0
2024-05-16,20877.75,20883.25,5.50,42.45,35.75,18.00,1,0
2024-05-17,20851.00,20841.25,-9.75,42.00,35.75,24.25,1,0
2024-05-20,20841.75,20887.00,45.25,42.00,35.75,53.00,1,1
2024-05-21,20885.50,20907.75,22.25,42.45,35.75,32.50,1,0
2024-05-22,21007.25,21017.50,10.25,42.45,35.75,21.25,1,0
2024-05-23,21181.75,21137.00,-44.75,42.45,35.50,50.50,1,1
2024-05-24,20961.50,20971.75,10.25,42.73,35.50,42.25,1,0
2024-05-27,21078.50,21101.00,22.50,42.45,35.75,25.00,1,0
2024-05-28,21119.50,21110.25,-9.25,42.45,35.75,34.00,1,0
2024-05-29,20964.75,20994.25,29.50,42.45,35.75,44.25,1,0
2024-05-30,20964.25,20916.75,-47.50,41.98,35.75,52.75,1,1
2024-05-31,20801.25,20776.25,-25.00,42.45,35.75,40.50,1,0
2024-06-03,20912.25,20918.00,5.75,42.45,35.75,32.75,1,0
2024-06-04,20837.25,20793.50,-43.75,42.45,35.50,64.00,1,1
2024-06-05,21048.00,21033.00,-15.00,42.73,35.50,30.50,1,0
2024-06-06,21302.25,21302.75,0.50,42.73,35.00,28.00,1,0
2024-06-07,21240.00,21195.50,-44.50,42.73,35.00,48.50,1,1
2024-06-10,21187.75,21211.75,24.00,42.73,34.12,39.50,1,0
2024-06-11,21257.25,21276.50,19.25,42.73,33.00,38.50,1,0
2024-06-12,21601.25,21634.75,33.50,42.45,33.00,63.25,1,0
2024-06-13,21836.00,21831.75,-4.25,42.45,33.00,21.00,1,0
2024-06-14,21777.00,21782.50,5.50,42.45,33.00,27.00,1,0
2024-06-17,21896.75,21879.00,-17.75,42.45,32.00,34.50,1,0
2024-06-18,22130.25,22146.50,16.25,42.45,32.00,31.00,1,0
2024-06-19,22181.50,22185.25,3.75,42.45,33.00,9.75,1,0
2024-06-20,22184.25,22141.50,-42.75,42.45,33.00,54.25,1,1
2024-06-21,21955.75,21958.50,2.75,42.73,33.00,38.00,1,0
2024-06-24,21860.75,21897.00,36.25,42.73,33.00,56.25,1,0
2024-06-25,21769.00,21755.50,-13.50,42.73,33.00,26.50,1,0
2024-06-26,21867.75,21860.25,-7.50,42.73,33.00,33.00,1,0
2024-06-27,21929.25,21989.00,59.75,42.73,33.00,65.50,1,1
2024-06-28,22009.00,21980.50,-28.50,42.75,33.00,36.00,1,0
2024-07-01,21909.75,21872.25,-37.50,42.75,33.00,57.75,1,0
2024-07-02,21920.75,21961.00,40.25,42.75,33.00,61.00,1,0
2024-07-03,22155.00,22200.50,45.50,42.75,33.00,51.50,1,1
2024-07-04,22344.25,22328.75,-15.50,43.20,32.00,16.25,1,0
2024-07-05,22380.25,22399.75,19.50,43.20,31.38,37.50,1,0
2024-07-08,22571.00,22563.50,-7.50,43.20,32.00,30.00,1,0
2024-07-09,22661.75,22701.75,40.00,43.20,31.38,42.75,1,0
2024-07-10,22696.75,22679.25,-17.50,43.20,31.38,32.00,1,0
2024-07-11,22833.50,22829.25,-4.25,43.20,31.12,34.00,1,0
2024-07-12,22383.00,22378.75,-4.25,43.20,31.00,43.00,1,0
2024-07-15,22548.75,22566.50,17.75,43.20,31.00,39.75,1,0
2024-07-16,22588.00,22604.50,16.50,43.20,31.12,40.50,1,0
2024-07-17,22199.00,22173.00,-26.00,43.20,31.38,34.50,1,0
2024-07-18,22079.75,22037.75,-42.00,43.20,31.38,56.00,1,0
2024-07-19,21807.25,21834.00,26.75,43.20,31.38,72.00,1,0
2024-07-22,21893.75,21850.00,-43.75,43.20,31.38,77.25,1,1
2024-07-23,21896.50,21916.00,19.50,43.70,31.38,46.50,1,0
2024-07-24,21577.50,21520.50,-57.00,43.70,32.00,73.50,1,1
2024-07-25,21156.00,21098.00,-58.00,43.75,33.00,87.75,1,1
2024-07-26,21102.50,21036.75,-65.75,43.98,33.00,77.00,1,1
2024-07-29,21224.00,21197.25,-26.75,44.45,33.62,70.75,1,0
2024-07-30,21226.00,21217.75,-8.25,44.45,33.88,43.75,1,0
2024-07-31,21311.25,21250.00,-61.25,44.45,33.88,80.00,1,1
2024-08-01,21464.00,21498.00,34.00,44.73,33.88,49.75,1,0
2024-08-02,20589.75,20481.50,-108.25,44.73,34.50,112.75,1,1
2024-08-05,19501.25,19616.75,115.50,45.20,35.12,200.00,1,1
2024-08-06,20017.75,20050.75,33.00,45.48,35.88,107.75,1,0
2024-08-07,20392.25,20432.25,40.00,45.48,36.88,83.25,1,0
2024-08-08,20164.00,20153.25,-10.75,45.48,36.88,69.25,1,0
2024-08-09,20389.75,20431.75,42.00,45.48,37.25,56.75,1,0
2024-08-12,20580.00,20606.50,26.50,45.48,37.25,36.25,1,0
2024-08-13,20760.75,20803.25,42.50,45.48,38.12,75.50,1,0
2024-08-14,21075.75,21047.00,-28.75,45.48,38.12,70.00,1,0
2024-08-15,21290.75,21303.25,12.50,45.48,39.62,45.00,1,0
2024-08-16,21442.00,21452.25,10.25,45.20,40.75,52.25,1,0
2024-08-19,21543.50,21528.00,-15.50,45.20,40.75,31.25,1,0
2024-08-20,21756.50,21802.50,46.00,45.20,42.25,47.75,1,1
2024-08-21,21780.75,21759.00,-21.75,45.48,42.25,31.00,1,0
2024-08-22,21936.75,21939.00,2.25,45.48,42.25,39.25,1,0
2024-08-23,21694.75,21653.00,-41.75,45.48,40.75,58.00,1,0
2024-08-26,21702.00,21730.75,28.75,45.48,40.12,58.75,1,0
2024-08-27,21462.50,21454.75,-7.75,45.48,40.12,46.25,1,0
2024-08-28,21564.50,21567.50,3.00,45.48,40.12,35.75,1,0
2024-08-29,21436.25,21527.50,91.25,45.48,42.25,112.50,1,1
2024-08-30,21498.50,21475.75,-22.75,45.50,43.25,61.75,1,0
2024-09-02,21557.50,21556.50,-1.00,45.48,43.38,14.00,1,0
2024-09-03,21416.50,21361.00,-55.50,45.48,43.38,78.25,1,1
2024-09-04,20816.75,20861.00,44.25,45.50,43.62,68.75,1,0
2024-09-05,20825.50,20851.00,25.50,45.50,44.38,61.75,1,0
2024-09-06,20868.50,20855.75,-12.75,45.50,45.88,82.25,1,0
2024-09-09,20567.50,20593.00,25.50,45.50,46.88,59.75,1,0
2024-09-10,20696.25,20715.50,19.25,45.48,46.88,74.25,1,0
2024-09-11,20841.00,20784.00,-57.00,45.48,47.62,63.00,1,1
2024-09-12,21198.25,21206.75,8.50,45.50,48.50,71.25,1,0
2024-09-13,21348.00,21385.25,37.25,45.50,49.12,53.00,1,0
2024-09-16,21374.50,21282.50,-92.00,45.50,49.12,100.25,1,1
2024-09-17,21498.75,21475.75,-23.00,45.73,49.75,58.25,1,0
2024-09-18,21434.50,21401.25,-33.25,45.73,49.75,47.50,1,0
2024-09-19,21756.00,21728.25,-27.75,45.73,49.75,36.75,1,0
2024-09-20,21739.00,21761.25,22.25,45.73,49.12,46.25,1,0
2024-09-23,21780.00,21756.25,-23.75,45.73,48.50,51.25,1,0
2024-09-24,21838.50,21823.50,-15.00,45.73,48.50,52.00,1,0
2024-09-25,21844.25,21889.75,45.50,45.73,47.88,55.50,1,0
2024-09-26,22207.25,22153.50,-53.75,45.73,47.88,72.00,1,1
2024-09-27,22080.75,22062.75,-18.00,45.98,47.88,44.00,1,0
2024-09-30,21882.50,21928.75,46.25,45.98,48.50,65.50,1,1
2024-10-01,21955.50,21878.00,-77.50,46.23,48.50,104.50,1,1
2024-10-02,21646.75,21652.00,5.25,47.38,49.12,55.25,1,0
2024-10-03,21615.75,21679.50,63.75,47.38,49.75,84.25,1,1
2024-10-04,21931.00,21919.75,-11.25,49.53,49.75,53.50,1,0
2024-10-07,21840.75,21855.25,14.50,49.53,49.75,45.50,1,0
2024-10-08,21807.00,21778.50,-28.50,47.38,49.75,32.75,1,0
2024-10-09,21986.25,21963.00,-23.25,47.38,49.12,36.75,1,0
2024-10-10,22062.75,22079.25,16.50,46.23,48.50,50.00,1,0
2024-10-11,22044.50,22046.00,1.50,46.23,48.50,29.50,1,0
2024-10-14,22254.25,22285.00,30.75,46.23,47.88,45.25,1,0
2024-10-15,22335.00,22340.00,5.00,46.23,47.25,38.25,1,0
2024-10-16,22056.75,22005.75,-51.00,46.23,47.25,57.50,1,1
2024-10-17,22276.75,22184.25,-92.50,46.23,46.62,104.00,1,1
2024-10-18,22169.50,22139.25,-30.25,47.38,46.62,34.50,1,0
2024-10-21,22131.25,22147.50,16.25,47.38,45.62,40.00,1,0
2024-10-22,22105.75,22103.00,-2.75,47.38,45.62,52.75,1,0
2024-10-23,22138.25,22121.00,-17.25,47.38,45.62,55.75,1,0
2024-10-24,22076.25,22030.25,-46.00,47.38,44.88,64.75,1,0
2024-10-25,22194.50,22239.25,44.75,47.38,44.50,57.25,1,0
2024-10-28,22329.00,22290.25,-38.75,47.38,43.75,62.75,1,0
2024-10-29,22214.50,22146.00,-68.50,47.38,42.75,90.50,1,1
2024-10-30,22365.25,22321.25,-44.00,49.53,42.12,53.50,1,0
2024-10-31,22069.00,21985.25,-83.75,49.53,41.88,116.50,1,1
2024-11-01,21772.00,21815.25,43.25,50.88,41.88,61.25,1,0
2024-11-04,21823.75,21751.75,-72.00,50.88,41.88,98.00,1,1
2024-11-05,21855.75,21913.25,57.50,53.48,41.88,67.00,1,1
2024-11-06,22388.25,22425.00,36.75,55.33,41.88,80.25,1,0
2024-11-07,22709.75,22743.50,33.75,55.33,41.88,46.00,1,0
2024-11-08,22889.75,22915.00,25.25,55.33,41.88,45.75,1,0
2024-11-11,22986.25,22973.50,-12.75,55.33,41.88,32.25,1,0
2024-11-12,22918.00,22913.75,-4.25,53.48,41.88,40.25,1,0
2024-11-13,22862.00,22873.00,11.00,53.48,41.88,29.00,1,0
2024-11-14,22841.00,22865.75,24.75,50.88,42.12,35.00,1,0
2024-11-15,22462.00,22436.75,-25.25,50.88,42.12,41.25,1,0
2024-11-18,22260.75,22231.75,-29.00,50.88,42.12,39.25,1,0
2024-11-19,22225.25,22229.00,3.75,50.88,42.25,47.50,1,0
2024-11-20,22456.50,22426.25,-30.25,50.88,42.25,43.25,1,0
2024-11-21,22578.75,22499.25,-79.50,50.88,42.25,127.00,1,1
2024-11-22,22493.50,22528.75,35.25,53.48,42.25,52.75,1,0
2024-11-25,22720.00,22705.75,-14.25,53.48,42.25,71.50,1,0
2024-11-26,22642.25,22694.75,52.50,53.48,43.12,56.00,1,0
2024-11-27,22639.75,22588.75,-51.00,53.63,42.25,71.00,1,0
2024-11-28,22578.00,22593.25,15.25,52.35,42.12,18.75,1,0
2024-11-29,22534.50,22527.50,-7.00,52.35,41.88,39.25,1,0
2024-12-02,22746.25,22817.00,70.75,52.35,41.88,95.50,1,1
2024-12-03,22861.50,22880.75,19.25,53.63,41.88,51.50,1,0
2024-12-04,23121.50,23110.75,-10.75,53.63,41.75,38.50,1,0
2024-12-05,23238.75,23244.00,5.25,53.63,41.62,32.75,1,0
2024-12-06,23195.00,23224.25,29.25,53.63,41.00,47.50,1,0
2024-12-09,23318.50,23293.50,-25.00,53.63,39.88,59.50,1,0
2024-12-10,23236.25,23229.75,-6.50,53.63,38.88,28.25,1,0
2024-12-11,23293.50,23309.75,16.25,53.63,38.88,45.00,1,0
2024-12-12,23397.25,23380.50,-16.75,53.63,38.88,40.75,1,0
2024-12-13,23498.50,23519.00,20.50,53.63,38.00,28.25,1,0
2024-12-16,23611.00,23635.50,24.50,53.63,38.88,41.00,1,0
2024-12-17,23752.00,23715.00,-37.00,53.63,38.88,50.25,1,0
2024-12-18,23697.00,23647.50,-49.50,53.63,39.00,79.25,1,0
2024-12-19,23093.25,23089.25,-4.00,53.63,39.25,55.25,1,0
2024-12-20,22628.00,22621.25,-6.75,53.63,39.25,42.00,1,0
2024-12-23,23036.25,23059.25,23.00,53.63,39.25,64.25,1,0
2024-12-24,23242.75,23240.75,-2.00,53.63,39.25,44.75,1,0
2024-12-26,23377.50,23399.25,21.75,53.63,39.00,35.75,1,0
2024-12-27,23262.25,23192.00,-70.25,53.63,39.00,94.50,1,1
2024-12-30,22825.00,22765.50,-59.50,55.33,39.25,77.50,1,1
2024-12-31,22872.50,22878.25,5.75,56.85,39.25,57.75,1,0
2025-01-02,22764.50,22684.00,-80.50,56.85,39.88,107.50,1,1
2025-01-03,22710.25,22748.50,38.25,57.00,39.88,86.00,1,0
2025-01-06,23149.25,23196.25,47.00,57.00,41.00,62.00,1,0
2025-01-07,23208.50,23166.25,-42.25,57.00,41.62,59.50,1,0
2025-01-08,22772.00,22788.25,16.25,57.00,41.88,59.75,1,0
2025-01-10,22610.00,22574.75,-35.25,56.85,42.12,83.25,1,0
2025-01-13,22182.25,22181.25,-1.00,56.85,42.50,43.50,1,0
2025-01-14,22487.75,22488.50,0.75,56.85,43.25,65.75,1,0
2025-01-15,22668.75,22681.50,12.75,56.85,43.25,62.00,1,0
2025-01-16,22911.50,22844.50,-67.00,55.33,43.88,92.25,1,1
2025-01-17,23063.50,22972.50,-91.00,56.85,43.88,105.25,1,1
2025-01-20,23140.00,23145.50,5.50,57.00,43.88,27.00,1,0
2025-01-21,23127.50,23106.25,-21.25,57.00,43.88,33.75,1,0
2025-01-22,23330.75,23377.00,46.25,57.00,44.25,79.50,1,0
2025-01-23,23305.50,23314.25,8.75,57.00,44.25,33.50,1,0
2025-01-24,23460.75,23435.00,-25.75,57.00,44.25,43.50,1,0
2025-01-27,22541.25,22654.00,112.75,57.00,44.25,162.50,1,1
2025-01-28,22719.00,22675.75,-43.25,57.45,45.12,79.00,1,0
2025-01-29,23016.50,22954.25,-62.25,57.45,45.12,73.25,1,1
2025-01-30,23066.50,23036.25,-30.25,57.95,44.25,50.25,1,0
2025-01-31,23191.25,23229.25,38.00,57.95,44.25,72.50,1,0
2025-02-03,22632.00,22642.75,10.75,57.95,45.12,77.50,1,0
2025-02-04,22838.25,22868.50,30.25,57.95,45.12,61.00,1,0
2025-02-05,22967.25,22961.25,-6.00,57.95,45.12,43.75,1,0
2025-02-06,23194.50,23178.50,-16.00,57.95,45.75,43.00,1,0
2025-02-07,23302.00,23361.75,59.75,57.95,45.75,83.25,1,1
2025-02-10,23181.00,23168.50,-12.50,59.13,45.75,37.50,1,0
2025-02-11,23122.00,23190.50,68.50,59.13,45.75,79.25,1,1
2025-02-12,22967.25,23008.25,41.00,59.48,45.75,59.25,1,0
2025-02-13,23285.75,23353.25,67.50,59.48,46.25,87.25,1,1
2025-02-14,23525.00,23529.50,4.50,59.73,47.88,43.25,1,0
2025-02-17,23657.50,23634.25,-23.25,59.73,46.25,25.75,1,0
2025-02-18,23674.25,23666.25,-8.00,59.73,45.12,45.00,1,0
2025-02-19,23624.00,23613.50,-10.50,59.73,44.12,37.00,1,0
2025-02-20,23626.75,23590.25,-36.50,59.73,43.25,55.50,1,0
2025-02-21,23601.75,23569.75,-32.00,59.73,42.12,54.00,1,0
2025-02-24,23169.50,23155.50,-14.00,59.73,43.25,69.75,1,0
2025-02-25,22807.75,22763.00,-44.75,59.73,44.12,61.25,1,0
2025-02-26,22654.75,22623.75,-31.00,59.73,45.12,49.50,1,0
2025-02-27,22757.00,22762.25,5.25,59.73,45.12,49.50,1,0
2025-02-28,22007.25,21882.25,-125.00,59.73,46.25,135.75,1,1
2025-03-03,22472.25,22504.50,32.25,59.75,47.38,97.75,1,0
2025-03-04,21759.00,21724.75,-34.25,59.75,50.75,105.75,1,0
2025-03-05,21837.25,21830.75,-6.50,59.73,53.75,63.75,1,0
2025-03-06,21727.25,21697.50,-29.75,59.73,54.88,78.00,1,0
2025-03-07,21454.00,21517.75,63.75,59.73,56.38,78.50,1,1
2025-03-10,21298.50,21236.00,-62.50,59.75,57.25,110.25,1,1
2025-03-11,20838.00,20839.50,1.50,61.10,57.25,74.50,1,0
2025-03-12,21112.00,21152.00,40.00,61.10,57.75,102.25,1,0
2025-03-13,20987.50,20979.00,-8.50,61.10,58.25,65.75,1,0
2025-03-14,20881.25,20954.00,72.75,61.10,60.00,95.75,1,1
2025-03-17,21123.25,21179.50,56.25,62.15,63.62,76.25,1,0
2025-03-18,21110.50,21056.00,-54.50,62.15,66.00,63.75,1,0
2025-03-19,21000.50,20983.00,-17.50,62.15,66.00,48.00,1,0
2025-03-20,20998.75,21078.00,79.25,62.15,63.62,116.25,1,1
2025-03-21,20871.00,20868.50,-2.50,62.48,63.62,89.75,1,0
2025-03-24,21468.50,21446.00,-22.50,62.48,63.62,45.50,1,0
2025-03-25,21613.75,21614.75,1.00,62.48,64.75,35.00,1,0
2025-03-26,21651.50,21640.75,-10.75,62.48,62.62,48.00,1,0
2025-03-27,21241.25,21209.50,-31.75,62.48,62.62,93.00,1,0
2025-03-28,21123.75,21079.00,-44.75,62.48,61.00,79.00,1,0
2025-03-31,20379.75,20245.25,-134.50,62.48,60.38,178.50,1,1
2025-04-01,20592.75,20581.00,-11.75,63.63,60.38,85.50,1,0
2025-04-02,20540.25,20630.25,90.00,63.63,60.38,102.25,1,1
2025-04-03,20135.25,20263.50,128.25,63.75,61.00,146.00,1,1
2025-04-04,19366.00,19376.00,10.00,65.33,61.00,152.50,1,0
2025-04-07,18140.25,18119.75,-20.50,65.33,61.00,130.00,1,0
2025-04-08,19361.25,19382.75,21.50,63.75,61.00,91.75,1,0
2025-04-09,18419.00,18488.75,69.75,63.75,62.62,167.50,1,1
2025-04-10,20002.25,20033.75,31.50,65.55,62.62,130.00,1,0
2025-04-11,19626.25,19627.25,1.00,65.55,64.75,126.25,1,0
2025-04-14,20445.00,20397.00,-48.00,65.55,64.75,83.25,1,0
2025-04-15,20199.75,20226.50,26.75,65.55,65.75,74.75,1,0
2025-04-16,19797.00,19836.75,39.75,65.55,65.75,87.50,1,0
2025-04-17,19710.75,19624.50,-86.25,65.55,66.25,99.25,1,1
2025-04-21,19341.00,19364.25,23.25,66.88,66.25,41.75,1,0
2025-04-22,19364.50,19323.50,-41.00,66.88,67.50,53.00,1,0
2025-04-23,20161.25,20200.50,39.25,66.88,66.25,70.00,1,0
2025-04-24,20087.75,20096.75,9.00,66.88,67.50,47.75,1,0
2025-04-25,20514.50,20538.75,24.25,66.88,67.50,75.25,1,0
2025-04-28,20760.50,20709.50,-51.00,66.88,67.50,85.50,1,0
2025-04-29,20639.00,20660.00,21.00,66.88,67.50,60.50,1,0
2025-04-30,20513.75,20507.75,-6.00,66.88,66.25,72.25,1,0
2025-05-01,21183.75,21150.25,-33.50,66.88,66.25,77.50,1,0
2025-05-02,21303.50,21299.00,-4.50,66.88,66.25,51.75,1,0
2025-05-05,21222.50,21243.50,21.00,66.88,66.75,42.00,1,0
2025-05-06,21007.75,21048.50,40.75,66.88,66.75,64.50,1,0
2025-05-07,21111.00,21108.00,-3.00,66.88,66.75,54.75,1,0
2025-05-08,21374.75,21324.50,-50.25,66.88,66.75,63.00,1,0
2025-05-09,21439.25,21472.75,33.50,66.88,66.75,35.00,1,0
2025-05-12,22131.00,22018.50,-112.50,66.88,66.25,120.25,1,1
2025-05-13,22216.50,22249.75,33.25,67.45,66.25,66.25,1,0
2025-05-14,22526.75,22607.50,80.75,67.45,66.25,81.50,1,1
2025-05-15,22515.25,22545.00,29.75,68.40,66.25,57.25,1,0
2025-05-16,22680.25,22639.50,-40.75,68.40,66.25,52.25,1,0
2025-05-19,22414.50,22459.50,45.00,68.40,66.25,62.25,1,0
2025-05-20,22625.00,22634.00,9.00,68.40,66.25,29.75,1,0
2025-05-21,22491.25,22532.00,40.75,68.40,66.25,68.00,1,0
2025-05-22,22383.25,22336.00,-47.25,68.40,65.75,100.00,1,0
2025-05-23,22062.25,22121.00,58.75,68.40,65.75,102.25,1,0
2025-05-26,22473.25,22511.00,37.75,68.40,64.75,44.75,1,0
2025-05-27,22471.75,22447.00,-24.75,68.40,62.75,61.50,1,0
2025-05-28,22717.00,22738.00,21.00,68.40,61.12,36.25,1,0
2025-05-29,22886.50,22821.25,-65.25,68.40,60.38,102.00,1,0
2025-05-30,22595.00,22554.50,-40.50,68.40,59.88,62.75,1,0
2025-06-02,22499.75,22617.75,118.00,68.40,58.88,127.25,1,1
2025-06-03,22758.75,22744.25,-14.50,68.50,58.88,77.00,1,0
2025-06-04,22937.50,22967.25,29.75,68.50,58.88,41.00,1,0
2025-06-05,23024.25,23013.50,-10.75,68.50,56.38,80.50,1,0
2025-06-06,23010.25,22991.25,-19.00,68.50,56.38,52.25,1,0
2025-06-09,23010.25,22991.75,-18.50,68.50,56.38,38.25,1,0
2025-06-10,23048.75,23038.25,-10.50,68.50,53.88,48.00,1,0
2025-06-11,23229.25,23184.25,-45.00,68.50,53.88,62.75,1,0
2025-06-12,23041.00,23058.75,17.75,68.50,52.75,57.50,1,0
2025-06-13,22892.25,22976.75,84.50,68.50,52.75,114.50,1,1
2025-06-16,23015.25,23072.25,57.00,69.62,53.88,85.25,1,0
2025-06-17,23064.25,23085.00,20.75,69.62,53.38,54.50,1,0
2025-06-18,22993.00,22931.50,-61.50,69.62,52.25,69.25,1,0
2025-06-19,22784.50,22756.00,-28.50,69.62,52.25,32.75,1,0
2025-06-20,23075.25,23090.25,15.00,69.62,52.25,60.00,1,0
2025-06-23,22869.75,22785.50,-84.25,69.62,51.25,113.00,1,1
2025-06-24,23286.75,23294.50,7.75,70.20,51.25,55.00,1,0
2025-06-25,23500.00,23518.25,18.25,70.20,50.25,40.00,1,0
2025-06-26,23553.25,23536.25,-17.00,70.20,50.25,49.50,1,0
2025-06-27,23707.75,23718.50,10.75,70.20,49.00,46.50,1,0
2025-06-30,23872.25,23825.75,-46.50,70.20,47.62,58.25,1,0
2025-07-01,23803.25,23804.00,0.75,70.20,47.38,28.00,1,0
2025-07-02,23654.75,23669.00,14.25,70.20,46.88,40.25,1,0
2025-07-03,23932.50,23965.00,32.50,70.20,46.50,56.25,1,0
2025-07-04,23918.00,23916.50,-1.50,70.20,46.38,18.00,1,0
2025-07-07,23943.75,23927.00,-16.75,70.20,45.50,75.25,1,0
2025-07-08,23935.50,23902.50,-33.00,70.20,44.62,46.75,1,0
2025-07-09,23979.25,24025.00,45.75,70.20,44.50,51.50,1,0
2025-07-10,24072.50,24032.75,-39.75,70.20,43.75,67.75,1,0
2025-07-11,23915.25,23931.75,16.50,70.20,42.62,48.75,1,0
2025-07-14,23943.50,23936.00,-7.50,70.20,42.62,57.00,1,0
2025-07-15,24200.75,24162.00,-38.75,70.20,42.62,61.50,1,0
2025-07-16,24075.00,24026.75,-48.25,70.20,41.88,70.00,1,0
2025-07-17,24100.75,24085.50,-15.25,70.20,41.50,53.25,1,0
2025-07-18,24300.75,24292.25,-8.50,70.20,41.38,41.50,1,0
2025-07-21,24256.75,24300.75,44.00,70.20,41.38,45.75,1,0
2025-07-22,24346.50,24290.25,-56.25,70.20,41.12,70.75,1,0
2025-07-23,24262.00,24220.50,-41.50,70.20,40.50,81.25,1,0
2025-07-24,24374.50,24368.25,-6.25,70.20,39.62,58.50,1,0
2025-07-25,24361.00,24365.75,4.75,70.20,38.62,28.50,1,0
2025-07-28,24473.50,24494.50,21.00,70.20,38.62,36.75,1,0
2025-07-29,24596.00,24631.50,35.50,69.62,38.62,43.25,1,0
2025-07-30,24487.75,24487.25,-0.50,68.50,38.12,41.00,1,0
2025-07-31,24748.25,24679.00,-69.25,68.50,38.12,98.75,1,1
2025-08-01,24088.75,24013.50,-75.25,69.18,38.12,95.00,1,1
2025-08-04,24095.00,24130.25,35.25,69.70,38.62,42.00,1,0
2025-08-05,24349.25,24309.25,-40.00,69.70,38.62,53.75,1,0
2025-08-06,24169.25,24220.25,51.00,69.70,39.62,68.75,1,0
2025-08-07,24601.75,24616.00,14.25,69.70,40.62,48.50,1,0
2025-08-08,24542.25,24547.00,4.75,69.70,40.00,45.25,1,0
2025-08-11,24716.25,24687.25,-29.00,69.70,39.38,49.75,1,0
2025-08-12,24733.50,24780.50,47.00,69.70,38.62,71.75,1,0
2025-08-13,25045.00,25059.00,14.00,69.70,38.62,38.75,1,0
2025-08-14,24858.75,24903.75,45.00,69.70,38.62,62.50,1,0
2025-08-15,24909.50,24857.00,-52.50,69.70,38.12,60.75,1,0
2025-08-18,24769.25,24816.25,47.00,69.70,37.75,48.50,1,0
2025-08-19,24762.75,24667.50,-95.25,69.70,37.75,106.75,1,1
2025-08-20,24426.25,24372.00,-54.25,70.20,37.75,70.00,1,0
2025-08-21,24260.75,24243.50,-17.25,70.20,37.50,74.00,1,0
2025-08-22,24265.25,24234.00,-31.25,70.20,37.50,67.25,1,0
2025-08-25,24496.50,24471.25,-25.25,69.70,37.50,73.50,1,0
2025-08-26,24470.75,24502.75,32.00,69.70,37.50,48.75,1,0
2025-08-27,24542.00,24554.50,12.50,69.70,37.75,35.50,1,0
2025-08-28,24641.00,24729.00,88.00,69.70,37.50,114.00,1,1
2025-09-01,24476.50,24460.25,-16.25,70.20,37.50,34.00,1,0
2025-09-02,24100.75,24083.00,-17.75,70.20,37.38,76.50,1,0
2025-09-03,24424.00,24398.75,-25.25,70.20,37.50,58.00,1,0
2025-09-04,24480.75,24536.00,55.25,70.20,37.50,79.00,1,0
2025-09-05,24875.00,24847.75,-27.25,70.20,37.50,57.00,1,0
2025-09-08,24784.75,24820.75,36.00,70.20,37.38,50.00,1,0
2025-09-09,24835.50,24843.00,7.50,70.20,37.38,34.75,1,0
2025-09-10,24999.00,24963.25,-35.75,70.20,36.75,68.75,1,0
2025-09-11,24977.50,24985.50,8.00,69.70,37.38,30.25,1,0
2025-09-12,25041.00,25035.00,-6.00,69.70,37.38,37.25,1,0
2025-09-15,25181.50,25206.00,24.50,69.70,37.38,40.00,1,0
2025-09-16,25351.50,25332.75,-18.75,69.70,36.75,40.75,1,0
2025-09-17,25284.50,25264.75,-19.75,69.70,36.25,44.75,1,0
2025-09-18,25442.50,25461.25,18.75,69.70,36.25,54.75,1,0
2025-09-19,25531.25,25515.50,-15.75,69.70,36.75,41.50,1,0
2025-09-22,25578.50,25613.25,34.75,69.70,36.25,42.25,1,0
2025-09-23,25764.25,25755.00,-9.25,69.70,35.75,23.75,1,0
2025-09-24,25648.25,25603.50,-44.75,69.70,35.12,71.00,1,0
2025-09-25,25339.75,25282.25,-57.50,69.70,35.12,62.50,1,0
2025-09-26,25417.50,25456.00,38.50,69.18,35.12,104.25,1,0
2025-09-29,25614.50,25635.25,20.75,69.18,34.75,39.00,1,0
2025-09-30,25583.75,25525.50,-58.25,69.18,34.75,72.75,1,0
2025-10-01,25526.75,25578.75,52.00,69.18,35.62,92.75,1,0
2025-10-02,25928.00,25880.50,-47.50,69.18,36.12,55.75,1,0
2025-10-03,25896.25,25908.50,12.25,69.18,36.25,44.25,1,0
2025-10-06,25977.50,25925.75,-51.75,69.18,36.25,65.50,1,0
2025-10-07,26000.50,26001.75,1.25,69.18,36.25,30.75,1,0
2025-10-08,25843.50,25886.75,43.25,69.18,36.12,61.75,1,0
2025-10-09,26092.25,26070.50,-21.75,69.18,36.25,38.00,1,0
2025-10-10,26076.75,26092.25,15.50,69.18,36.12,53.00,1,0
2025-10-13,25588.00,25522.75,-65.25,69.18,36.25,84.50,1,0
2025-10-14,25401.25,25325.00,-76.25,68.50,36.25,82.50,1,1
2025-10-15,25765.50,25724.25,-41.25,69.18,36.88,58.50,1,0
2025-10-16,25808.50,25852.75,44.25,69.18,37.50,65.00,1,0
2025-10-17,25499.50,25543.00,43.50,69.18,38.00,93.25,1,0
2025-10-20,25881.50,25949.25,67.75,69.18,39.12,86.75,1,0
2025-10-21,26064.50,26044.00,-20.50,69.18,39.12,48.50,1,0
2025-10-22,26028.50,25948.00,-80.50,69.18,39.12,92.00,1,1
2025-10-23,25779.50,25794.75,15.25,69.70,40.38,49.00,1,0
2025-10-24,26229.75,26253.50,23.75,69.70,41.75,64.25,1,0
2025-10-27,26579.00,26586.25,7.25,69.70,43.00,46.25,1,0
2025-10-28,26814.75,26833.50,18.75,69.18,43.00,45.25,1,0
2025-10-29,27029.25,27041.00,11.75,69.18,41.12,28.00,1,0
2025-10-30,26889.00,26807.25,-81.75,68.43,39.12,84.50,1,1
2025-10-31,26962.50,26923.50,-39.00,69.18,39.12,54.75,1,0
2025-11-03,26999.00,26998.00,-1.00,69.18,38.00,40.00,1,0
2025-11-04,26504.75,26440.50,-64.25,69.18,40.50,94.00,1,0
2025-11-05,26305.50,26265.25,-40.25,69.18,43.00,76.50,1,0
2025-11-06,26437.00,26408.75,-28.25,69.18,43.62,54.00,1,0
2025-11-07,25873.50,25822.25,-51.25,69.18,43.75,66.25,1,0
2025-11-10,26302.25,26333.25,31.00,69.18,43.88,67.75,1,0
2025-11-11,26368.50,26380.00,11.50,69.18,44.25,39.75,1,0
2025-11-12,26541.75,26441.50,-100.25,69.18,44.25,106.50,1,1
2025-11-13,26240.50,26196.75,-43.75,69.70,44.12,75.25,1,0
2025-11-14,25486.00,25407.25,-78.75,69.70,45.50,134.75,1,1
2025-11-17,25761.00,25857.50,96.50,70.20,45.50,143.25,1,1
2025-11-18,25481.50,25506.75,25.25,70.20,45.50,167.50,1,0
2025-11-19,25374.00,25395.25,21.25,70.20,46.62,79.25,1,0
2025-11-20,25974.25,25952.75,-21.50,70.20,46.88,90.75,1,0
2025-11-21,24966.00,24992.00,26.00,70.20,47.25,121.75,1,0
2025-11-24,25285.50,25445.75,160.25,70.20,47.25,171.25,1,1
2025-11-25,25620.00,25616.75,-3.25,70.70,47.50,64.50,1,0
2025-11-26,25985.25,26003.50,18.25,70.70,47.25,63.00,1,0
2025-11-27,26064.75,26074.25,9.50,70.20,47.25,16.75,1,0
2025-11-28,26122.75,26159.25,36.50,70.20,46.88,44.50,1,0
2025-12-01,26018.00,26063.00,45.00,70.20,47.25,65.75,1,0
2025-12-02,26255.50,26289.75,34.25,70.20,47.25,55.75,1,0
2025-12-03,26258.00,26236.75,-21.25,70.20,47.50,80.50,1,0
2025-12-04,26475.00,26330.25,-144.75,70.20,47.50,153.25,1,1
2025-12-05,26443.25,26521.00,77.75,72.50,47.50,100.50,1,1
2025-12-08,26554.75,26594.25,39.50,75.00,47.62,82.50,1,0
2025-12-09,26382.00,26343.75,-38.25,75.00,47.62,79.00,1,0
2025-12-10,26410.50,26378.50,-32.00,75.00,48.12,54.50,1,0
2025-12-11,26407.25,26336.75,-70.50,75.00,49.50,86.50,1,0
2025-12-12,26323.00,26337.00,14.00,75.00,50.50,65.50,1,0
2025-12-15,26176.00,26083.00,-93.00,75.00,51.88,98.50,1,1
2025-12-16,25741.75,25793.75,52.00,76.15,53.38,109.75,1,0
2025-12-17,25932.25,25910.00,-22.25,76.15,53.62,56.00,1,0
2025-12-18,25789.00,25779.75,-9.25,76.15,54.38,73.00,1,0
2025-12-19,25874.75,25964.00,89.25,76.15,55.75,104.25,1,1
2025-12-22,26290.75,26216.75,-74.00,77.60,56.00,100.75,1,0
2025-12-23,26154.25,26215.25,61.00,77.60,56.00,99.50,1,0
2025-12-24,26305.75,26328.75,23.00,77.60,56.00,45.75,1,0
2025-12-26,26409.25,26409.25,0.00,77.60,56.00,47.50,1,0
2025-12-29,26216.75,26230.50,13.75,76.15,56.00,62.50,1,0
2025-12-30,26202.25,26230.75,28.50,76.15,57.25,43.75,1,0
2025-12-31,26189.00,26176.50,-12.50,76.15,57.25,41.25,1,0
2026-01-02,26196.25,26189.00,-7.25,76.15,58.12,79.25,1,0
2026-01-05,26153.00,26100.00,-53.00,76.15,58.12,91.75,1,0
2026-01-06,26146.00,26158.50,12.50,76.15,58.12,44.00,1,0
2026-01-07,26300.50,26332.00,31.50,76.15,58.12,51.75,1,0
2026-01-08,26295.50,26216.00,-79.50,76.15,58.12,110.25,1,1
2026-01-09,26224.25,26185.25,-39.00,77.60,57.25,67.00,1,0
2026-01-12,26256.00,26366.25,110.25,77.60,57.25,116.25,1,1
2026-01-13,26459.75,26494.00,34.25,77.60,57.25,57.00,1,0
2026-01-14,26250.00,26289.75,39.75,77.60,56.00,120.50,1,0
2026-01-15,26434.25,26399.25,-35.00,77.60,57.25,65.50,1,0
2026-01-16,26378.25,26374.75,-3.50,77.60,57.25,57.00,1,0
2026-01-19,25803.00,25776.25,-26.75,77.60,57.25,39.00,1,0
2026-01-20,25753.50,25856.25,102.75,77.60,56.00,114.25,1,1
2026-01-21,25707.25,25674.25,-33.00,77.60,57.25,73.25,1,0
2026-01-22,26239.75,26176.50,-63.25,77.60,58.12,67.75,1,0
2026-01-26,26258.75,26280.50,21.75,77.60,59.00,71.75,1,0
2026-01-27,26492.75,26471.75,-21.00,77.60,59.00,57.00,1,0
2026-01-28,26763.25,26758.75,-4.50,77.60,58.12,59.00,1,0
2026-01-29,26643.25,26607.25,-36.00,77.60,58.12,94.75,1,0
2026-01-30,26344.00,26400.75,56.75,77.60,58.12,104.00,1,0
2026-02-02,26052.25,26148.00,95.75,77.60,58.88,128.50,1,1
2026-02-03,26444.50,26385.25,-59.25,78.65,58.88,113.75,1,0
2026-02-04,25895.00,25796.50,-98.50,78.65,60.50,156.50,1,1
2026-02-05,25281.00,25323.00,42.00,79.20,60.50,163.25,1,0
2026-02-06,25270.00,25367.25,97.25,79.20,63.25,186.50,1,1
2026-02-09,25567.75,25554.50,-13.25,79.47,66.75,119.75,1,0
2026-02-10,25886.25,25873.00,-13.25,79.47,69.25,64.00,1,0
2026-02-11,25928.75,25895.75,-33.00,79.47,69.25,98.50,1,0
2026-02-12,25856.75,25867.25,10.50,79.47,69.25,62.50,1,0
2026-02-13,25252.75,25230.00,-22.75,79.47,66.75,108.75,1,0
2026-02-16,25272.75,25267.75,-5.00,79.47,66.75,32.75,1,0
2026-02-17,25168.75,25267.75,99.00,79.47,63.25,155.75,1,1
2026-02-18,25318.75,25278.50,-40.25,80.40,66.75,82.00,1,0
2026-02-19,25344.00,25344.50,0.50,80.40,66.75,69.75,1,0
2026-02-20,25225.25,25315.00,89.75,80.40,66.75,142.50,1,1
2026-02-23,25491.25,25515.00,23.75,80.72,68.62,69.75,1,0
2026-02-24,25314.75,25249.00,-65.75,80.72,66.75,117.00,1,0
2026-02-25,25670.25,25732.50,62.25,80.40,68.62,88.00,1,0
2026-02-26,25851.25,25782.25,-69.00,80.40,68.62,86.25,1,0
2026-02-27,25325.75,25390.50,64.75,80.40,69.88,100.50,1,0
2026-03-02,25154.50,25343.75,189.25,80.40,69.38,244.50,1,1
2026-03-03,25044.00,25037.75,-6.25,80.72,70.25,111.00,1,0
2026-03-04,25363.00,25475.25,112.25,80.72,70.25,132.00,1,1
2026-03-05,25497.75,25603.50,105.75,81.65,71.00,110.25,1,1
2026-03-06,25194.75,25215.50,20.75,84.00,71.00,80.00,1,0
2026-03-09,24942.75,24987.00,44.25,84.00,71.12,106.00,1,0
2026-03-10,25500.50,25535.25,34.75,84.00,71.12,90.50,1,0
2026-03-11,25544.50,25586.75,42.25,84.00,71.12,65.00,1,0
2026-03-12,25285.50,25324.25,38.75,84.00,71.12,88.25,1,0
2026-03-13,25155.75,25170.75,15.00,84.00,70.25,64.50,1,0
2026-03-16,25164.75,25202.00,37.25,84.00,70.25,86.00,1,0
2026-03-17,25296.50,25352.50,56.00,84.00,69.38,108.75,1,0
2026-03-18,25224.75,25240.00,15.25,84.00,66.00,57.25,1,0
2026-03-19,24724.00,24652.75,-71.25,84.00,66.00,99.75,1,0
2026-03-20,24783.50,24696.25,-87.25,84.00,69.38,108.25,1,1
2026-03-23,24789.75,24773.50,-16.25,84.47,69.38,89.25,1,0
2026-03-24,24551.25,24600.00,48.75,84.47,70.25,91.25,1,0
2026-03-25,24726.00,24761.75,35.75,84.47,71.12,52.25,1,0
2026-03-26,24451.75,24418.25,-33.50,84.00,70.25,69.00,1,0
2026-03-27,23950.25,23860.25,-90.00,84.00,70.25,107.75,1,1
2026-03-30,23804.25,23759.75,-44.50,84.00,70.25,81.00,1,0
2026-03-31,23676.75,23753.75,77.00,81.65,70.25,80.75,1,0
2026-04-01,24384.00,24452.50,68.50,81.65,70.25,119.75,1,0
2026-04-02,24059.00,24084.75,25.75,81.65,70.25,56.25,1,0
2026-04-06,24560.75,24649.50,88.75,81.65,72.00,106.00,1,1
2026-04-07,24539.50,24517.50,-22.00,84.00,74.75,105.25,1,0
2026-04-08,25495.00,25458.50,-36.50,84.00,72.00,119.00,1,0
2026-04-09,25376.75,25323.50,-53.25,84.00,72.00,88.00,1,0
2026-04-10,25610.50,25632.50,22.00,84.00,72.00,65.25,1,0
2026-04-13,25511.25,25517.25,6.00,84.00,70.25,43.00,1,0
2026-04-14,25952.00,26014.00,62.00,84.00,70.25,71.25,1,0
2026-04-15,26318.75,26314.75,-4.00,81.65,70.25,45.00,1,0
2026-04-16,26736.50,26689.25,-47.25,81.65,70.25,86.25,1,0
2026-04-17,26988.00,26967.50,-20.50,81.65,69.75,91.25,1,0
2026-04-20,27091.75,27106.75,15.00,81.65,69.38,79.00,1,0
2026-04-21,27103.75,27055.00,-48.75,81.65,69.75,100.50,1,0
2026-04-22,27177.00,27120.25,-56.75,81.65,69.75,79.50,1,0
2026-04-23,27310.75,27299.75,-11.00,81.65,69.75,53.50,1,0
2026-04-24,27506.00,27516.25,10.25,81.65,69.75,68.75,1,0
2026-04-27,27707.00,27664.75,-42.25,81.65,69.38,67.50,1,0
2026-04-28,27457.00,27435.25,-21.75,81.65,68.00,93.25,1,0
2026-04-29,27502.50,27443.75,-58.75,81.65,65.00,86.00,1,0
2026-04-30,27787.00,27640.75,-146.25,81.65,62.88,148.25,1,1
2026-05-01,27928.25,28032.50,104.25,84.00,62.88,140.75,1,1
2026-05-04,28150.25,28123.00,-27.25,84.47,62.00,69.00,1,0
2026-05-05,28283.75,28320.75,37.00,84.47,61.25,60.50,1,0
2026-05-06,28685.25,28740.00,54.75,84.47,60.50,110.50,1,0
2026-05-07,29046.00,29055.75,9.75,84.00,60.50,51.75,1,0
2026-05-08,29173.50,29259.50,86.00,84.00,59.38,107.50,1,1
2026-05-11,29601.00,29721.75,120.75,84.47,58.88,157.00,1,1
2026-05-12,29508.50,29493.25,-15.25,85.85,58.88,81.75,1,0
2026-05-13,29583.00,29553.50,-29.50,85.85,60.12,75.25,1,0
2026-05-14,29772.00,29846.50,74.50,85.85,60.12,98.00,1,0
2026-05-15,29573.50,29549.00,-24.50,85.85,59.38,103.00,1,0
2026-05-18,29634.25,29583.75,-50.50,85.85,59.38,80.50,1,0
2026-05-19,29146.00,29253.00,107.00,85.85,59.38,155.50,1,1
2026-05-20,29369.75,29430.25,60.50,87.12,59.38,85.50,1,0
2026-05-21,29509.25,29561.75,52.50,87.12,59.38,94.00,1,0
2026-05-22,29876.25,29944.50,68.25,87.12,60.50,126.75,1,0
2026-05-25,30236.25,30250.75,14.50,87.12,60.50,18.75,1,0
2026-05-26,30199.25,30148.75,-50.50,87.12,59.38,95.75,1,0
2026-05-27,30483.50,30436.25,-47.25,87.12,58.88,65.75,1,0
2026-05-28,30349.50,30305.75,-43.75,85.85,58.88,107.50,1,0
2026-05-29,30678.25,30670.75,-7.50,85.85,58.75,60.50,1,0
2026-06-01,30638.75,30675.50,36.75,85.85,58.88,117.00,1,0
2026-06-02,30851.75,30772.25,-79.50,85.85,58.88,100.75,1,0
2026-06-03,31050.00,31010.00,-40.00,85.85,58.62,93.75,1,0
2026-06-04,30564.50,30639.00,74.50,85.85,58.88,143.75,1,0
2026-06-05,30331.75,30339.75,8.00,85.85,59.25,102.25,1,0
2026-06-08,29822.50,29714.25,-108.25,85.85,59.62,169.50,1,1
2026-06-09,30033.00,29945.50,-87.50,87.12,59.62,110.75,1,1
2026-06-10,29147.75,29075.50,-72.25,87.47,60.50,176.25,1,0
2026-06-11,29049.25,28982.25,-67.00,87.47,61.25,112.00,1,0
2026-06-12,29786.25,29628.50,-157.75,87.47,61.50,195.00,1,1
2026-06-15,30633.50,30659.00,25.50,87.95,61.50,94.50,1,0
2026-06-16,30811.00,30792.25,-18.75,87.95,61.50,67.75,1,0
2026-06-17,30527.75,30441.00,-86.75,87.95,61.25,108.50,1,0
2026-06-18,30594.50,30485.25,-109.25,87.95,61.25,132.50,1,1
2026-06-19,30646.00,30646.00,0.00,88.68,61.25,44.50,1,0
2026-06-22,30822.50,30783.75,-38.75,88.68,60.62,144.75,1,0
2026-06-23,29718.00,29767.75,49.75,88.68,60.62,159.25,1,0
2026-06-24,29712.25,29809.50,97.25,88.68,61.50,204.25,1,1
2026-06-25,30152.75,30058.25,-94.50,89.20,61.88,158.50,1,1
2026-06-26,29361.50,29231.75,-129.75,89.70,62.38,190.75,1,1
2026-06-29,29644.25,29761.25,117.00,89.97,62.38,211.00,1,1
2026-06-30,30046.75,30179.50,132.75,92.70,62.38,155.00,1,1
2026-07-01,30234.50,30117.50,-117.00,94.35,63.00,156.00,1,1
2026-07-02,30078.25,30134.50,56.25,95.18,63.00,131.75,1,0
2026-07-03,29921.00,29930.00,9.00,95.18,66.12,35.25,1,0
2026-07-06,29835.25,29925.75,90.50,95.18,66.12,161.25,1,0
2026-07-07,29593.75,29532.25,-61.50,95.18,69.00,170.50,1,0
2026-07-08,29201.75,29302.75,101.00,95.18,72.00,125.50,1,1
2026-07-09,29745.75,29778.50,32.75,95.70,75.62,110.25,1,0
2026-07-10,29835.00,29903.00,68.00,95.70,77.25,109.75,1,0
2026-07-13,29710.25,29645.50,-64.75,95.70,78.38,106.50,1,0
2026-07-14,29811.00,29693.50,-117.50,95.70,77.25,125.00,1,1
2026-07-15,29955.00,29953.75,-1.25,96.43,78.38,66.25,1,0
2026-07-16,29466.25,29434.00,-32.25,96.43,78.88,102.00,1,0
2026-07-17,28606.00,28554.00,-52.00,96.43,79.88,145.75,1,0
2026-07-20,29043.25,29136.75,93.50,96.43,81.00,111.75,1,0
2026-07-21,29223.00,29147.25,-75.75,96.43,81.00,113.75,1,0
2026-07-22,29088.75,29152.00,63.25,96.43,82.50,73.50,1,0
2026-07-23,28718.00,28759.50,41.50,96.43,82.50,108.75,1,0
2026-07-24,28540.00,28603.25,63.25,96.43,82.75,107.25,1,0
2026-07-27,28591.25,28537.00,-54.25,96.43,83.75,130.25,1,0
2026-07-28,27951.25,27876.75,-74.50,96.43,85.25,122.00,1,0
2026-07-29,27915.00,27957.50,42.50,96.43,87.00,147.75,1,0
2026-07-30,27876.50,27871.00,-5.50,96.43,87.88,79.50,1,0
2026-07-31,28576.50,28682.25,105.75,96.43,87.88,169.25,1,1
2026-08-03,28417.50,28381.50,-36.00,97.18,88.25,123.25,1,0
2026-08-04,29234.25,29382.50,148.25,97.18,88.25,178.25,1,1
2026-08-05,29975.50,30012.25,36.75,97.25,87.88,78.50,1,0
2026-08-06,29334.75,29340.00,5.25,97.25,89.38,130.00,1,0
2026-08-07,29714.50,29805.25,90.75,97.25,92.25,130.00,1,0
2026-08-10,29805.50,29741.00,-64.50,97.25,92.25,104.50,1,0
2026-08-11,29839.25,29736.50,-102.75,97.25,92.25,116.50,1,1
2026-08-12,29991.75,29877.75,-114.00,98.38,89.38,124.00,1,1
2026-08-13,29911.25,29945.75,34.50,98.95,87.88,84.25,1,0
2026-08-14,30241.50,30206.50,-35.00,98.95,89.38,63.50,1,0
2026-08-17,30218.75,30196.75,-22.00,98.95,89.38,75.25,1,0
