cand,day,entry_et,dir,signal,stop_pts,gross_pts,base_pts,stressed_pts,exit_kind
C-F12-1,2025-08-19,2025-08-19 09:31:00,-1,-0.0103759,7.4062,-7.41,-8.28,-8.71,STOP
C-F12-1,2025-08-20,2025-08-20 09:31:00,-1,-0.0123879,10.5000,251.50,250.63,250.19,TIME
C-F12-1,2025-08-21,2025-08-21 09:31:00,-1,-0.0135437,12.8813,-12.88,-13.75,-14.19,STOP
C-F12-1,2025-08-22,2025-08-22 09:31:00,-1,-0.00548386,9.1313,-9.13,-10.00,-10.44,STOP
C-F12-1,2025-08-25,2025-08-25 09:31:00,-1,-0.00946533,7.7812,-7.78,-8.65,-9.09,STOP
C-F12-1,2025-08-26,2025-08-26 09:31:00,-1,-0.0122548,6.1313,-6.13,-7.00,-7.44,STOP
C-F12-1,2025-08-27,2025-08-27 09:31:00,-1,-0.00736199,10.4250,-10.42,-11.29,-11.73,STOP
C-F12-1,2025-08-28,2025-08-28 09:31:00,1,0.00238578,7.7812,-7.78,-8.65,-9.09,STOP
C-F12-1,2025-08-29,2025-08-29 09:31:00,-1,-0.0153698,10.4625,-10.46,-11.33,-11.77,STOP
C-F12-1,2025-09-01,2025-09-01 09:31:00,-1,-0.0125357,5.0813,-5.08,-5.95,-6.39,STOP
C-F12-1,2025-09-02,2025-09-02 09:31:00,-1,-0.0288723,15.3750,-15.38,-16.25,-16.68,STOP
C-F12-1,2025-09-03,2025-09-03 09:31:00,1,0.00248343,10.7063,-10.71,-11.58,-12.01,STOP
C-F12-1,2025-09-04,2025-09-04 09:31:00,1,0.00281232,9.2812,-9.28,-10.15,-10.59,STOP
C-F12-1,2025-09-05,2025-09-05 09:31:00,1,0.0178306,15.1500,-15.15,-16.02,-16.46,STOP
C-F12-1,2025-09-08,2025-09-08 09:31:00,1,0.0103661,9.2812,-9.28,-10.15,-10.59,STOP
C-F12-1,2025-09-09,2025-09-09 09:31:00,1,7.07114e-05,10.4250,-10.42,-11.29,-11.73,STOP
C-F12-1,2025-09-10,2025-09-10 09:31:00,1,0.0125026,9.9937,-9.99,-10.86,-11.30,STOP
C-F12-1,2025-09-11,2025-09-11 09:31:00,1,0.0112835,11.1938,-11.19,-12.06,-12.50,STOP
C-F12-1,2025-09-12,2025-09-12 09:31:00,1,0.0122238,5.7750,-5.78,-6.65,-7.08,STOP
C-F12-1,2025-09-15,2025-09-15 09:31:00,-1,-0.0039439,7.3687,-7.37,-8.24,-8.67,STOP
C-F12-1,2025-09-16,2025-09-16 09:31:00,-1,-0.0049395,8.6625,-8.66,-9.53,-9.97,STOP
C-F12-1,2025-09-17,2025-09-17 09:31:00,-1,-0.0234426,6.9375,-6.94,-7.81,-8.24,STOP
C-F12-1,2025-09-18,2025-09-18 09:31:00,1,0.0139417,13.0688,-13.07,-13.94,-14.37,STOP
C-F12-1,2025-09-19,2025-09-19 09:31:00,-1,-0.000117401,11.0625,-11.06,-11.93,-12.37,STOP
C-F12-1,2025-09-22,2025-09-22 09:31:00,-1,-0.0223265,7.3125,-7.31,-8.18,-8.62,STOP
C-F12-1,2025-09-23,2025-09-23 09:31:00,-1,-0.00136064,6.5063,-6.51,-7.38,-7.81,STOP
C-F12-1,2025-09-24,2025-09-24 09:31:00,1,0.00412345,6.6750,-6.67,-7.54,-7.98,STOP
C-F12-1,2025-09-25,2025-09-25 09:31:00,-1,-0.0254261,15.1313,124.00,123.13,122.69,TIME
C-F12-1,2025-09-26,2025-09-26 09:31:00,-1,-0.00403073,12.7125,-12.71,-13.58,-14.02,STOP
C-F12-1,2025-09-29,2025-09-29 09:31:00,1,0.0229411,9.5437,90.50,89.63,89.19,TIME
C-F12-1,2025-09-30,2025-09-30 09:31:00,1,0.0104705,8.9250,-8.92,-9.79,-10.23,STOP
C-F12-1,2025-10-01,2025-10-01 09:31:00,-1,-0.00723588,9.4125,-9.41,-10.28,-10.72,STOP
C-F12-1,2025-10-02,2025-10-02 09:31:00,1,0.0280234,6.6000,-6.60,-7.47,-7.90,STOP
C-F12-1,2025-10-03,2025-10-03 09:31:00,1,0.00128336,8.2500,-8.25,-9.12,-9.55,STOP
C-F12-1,2025-10-06,2025-10-06 09:31:00,1,0.0244824,9.8062,-9.81,-10.68,-11.11,STOP
C-F12-1,2025-10-07,2025-10-07 09:31:00,1,0.0117364,9.4125,-9.41,-10.28,-10.72,STOP
C-F12-1,2025-10-08,2025-10-08 09:31:00,-1,-0.00773942,8.3250,-8.33,-9.20,-9.63,STOP
C-F12-1,2025-10-09,2025-10-09 09:31:00,1,0.000254514,8.2688,-8.27,-9.14,-9.57,STOP
C-F12-1,2025-10-10,2025-10-10 09:31:00,-1,-0.00875484,8.7750,-8.78,-9.65,-10.08,STOP
C-F12-1,2025-10-13,2025-10-13 09:31:00,1,0.00835507,20.4375,-20.44,-21.31,-21.74,STOP
C-F12-1,2025-10-14,2025-10-14 09:31:00,-1,-0.00964988,18.9562,62.75,61.88,61.45,TIME
C-F12-1,2025-10-15,2025-10-15 09:31:00,1,0.0197241,11.2500,-11.25,-12.12,-12.55,STOP
C-F12-1,2025-10-16,2025-10-16 09:31:00,1,0.000871625,11.6250,-11.62,-12.49,-12.93,STOP
C-F12-1,2025-10-17,2025-10-17 09:31:00,-1,-0.00511573,23.6437,-23.64,-24.51,-24.95,STOP
C-F12-1,2025-10-20,2025-10-20 09:31:00,1,0.00628742,10.1812,104.00,103.13,102.69,TIME
C-F12-1,2025-10-21,2025-10-21 09:31:00,1,0.00337779,11.6812,-11.68,-12.55,-12.99,STOP
C-F12-1,2025-10-22,2025-10-22 09:31:00,-1,-0.0113468,8.1938,-8.19,-9.06,-9.50,STOP
C-F12-1,2025-10-23,2025-10-23 09:31:00,-1,-0.00433308,13.6500,-13.65,-14.52,-14.96,STOP
C-F12-1,2025-10-24,2025-10-24 09:31:00,1,0.0201337,11.4563,-11.46,-12.33,-12.76,STOP
C-F12-1,2025-10-27,2025-10-27 09:31:00,1,0.0148657,9.9000,-9.90,-10.77,-11.21,STOP
C-F12-1,2025-10-28,2025-10-28 09:31:00,1,0.00406896,9.8438,-9.84,-10.71,-11.15,STOP
C-F12-1,2025-10-29,2025-10-29 09:31:00,1,0.0171548,8.5125,-8.51,-9.38,-9.82,STOP
C-F12-1,2025-10-30,2025-10-30 09:31:00,-1,-0.0128933,19.1625,-19.16,-20.03,-20.47,STOP
C-F12-1,2025-10-31,2025-10-31 09:31:00,1,0.00538092,12.1500,-12.15,-13.02,-13.46,STOP
C-F12-1,2025-11-03,2025-11-03 09:31:00,1,0.0200293,11.4563,-11.46,-12.33,-12.76,STOP
C-F12-1,2025-11-04,2025-11-04 09:31:00,-1,-0.0202385,18.0750,-18.08,-18.95,-19.38,STOP
C-F12-1,2025-11-05,2025-11-05 09:31:00,1,0.00345431,15.6562,-15.66,-16.53,-16.96,STOP
C-F12-1,2025-11-06,2025-11-06 09:31:00,-1,-0.00148237,17.0063,160.50,159.63,159.19,TIME
C-F12-1,2025-11-07,2025-11-07 09:31:00,-1,-0.0114818,19.8375,103.75,102.88,102.44,TIME
C-F12-1,2025-11-10,2025-11-10 09:31:00,1,0.000598032,13.9875,-13.99,-14.86,-15.29,STOP
C-F12-1,2025-11-11,2025-11-11 09:31:00,-1,-0.0125547,10.8750,-10.88,-11.74,-12.18,STOP
C-F12-1,2025-11-12,2025-11-12 09:31:00,1,0.0165687,8.5500,-8.55,-9.42,-9.85,STOP
C-F12-1,2025-11-13,2025-11-13 09:31:00,-1,-0.0119275,21.3375,-21.34,-22.21,-22.64,STOP
C-F12-1,2025-11-14,2025-11-14 09:31:00,-1,-0.014751,22.1250,-22.12,-23.00,-23.43,STOP
C-F12-1,2025-11-17,2025-11-17 09:31:00,-1,-0.00398796,18.9562,-18.96,-19.83,-20.26,STOP
C-F12-1,2025-11-18,2025-11-18 09:31:00,-1,-0.00567646,23.6063,-23.61,-24.48,-24.91,STOP
C-F12-1,2025-11-19,2025-11-19 09:31:00,1,1.12577e-05,18.8625,-18.86,-19.73,-20.17,STOP
C-F12-1,2025-11-20,2025-11-20 09:31:00,1,0.00133152,20.3813,-20.38,-21.25,-21.69,STOP
C-F12-1,2025-11-21,2025-11-21 09:31:00,-1,-0.00902118,24.4313,-24.43,-25.30,-25.74,STOP
C-F12-1,2025-11-24,2025-11-24 09:31:00,-1,-0.00603659,16.3500,-16.35,-17.22,-17.65,STOP
C-F12-1,2025-11-25,2025-11-25 09:31:00,-1,-0.00850149,14.8125,-14.81,-15.68,-16.12,STOP
C-F12-1,2025-11-26,2025-11-26 09:31:00,1,0.00465525,16.8000,-16.80,-17.67,-18.10,STOP
C-F12-1,2025-11-27,2025-11-27 09:31:00,1,0.00237195,6.5063,-6.51,-7.38,-7.81,STOP
C-F12-1,2025-12-01,2025-12-01 09:31:00,-1,-0.0147839,14.6063,-14.61,-15.48,-15.91,STOP
C-F12-1,2025-12-02,2025-12-02 09:31:00,1,0.0107128,9.7875,-9.79,-10.66,-11.09,STOP
C-F12-1,2025-12-03,2025-12-03 09:31:00,1,0.000407829,33.0563,-33.06,-33.93,-34.36,STOP
C-F12-1,2025-12-04,2025-12-04 09:31:00,-1,-0.00348699,13.9312,156.50,155.63,155.19,TIME
C-F12-1,2025-12-05,2025-12-05 09:31:00,-1,-0.00492617,11.1000,-11.10,-11.97,-12.40,STOP
C-F12-1,2025-12-08,2025-12-08 09:31:00,1,0.0160775,12.1313,-12.13,-13.00,-13.44,STOP
C-F12-1,2025-12-09,2025-12-09 09:31:00,-1,-0.022405,13.8937,-13.89,-14.76,-15.20,STOP
C-F12-1,2025-12-10,2025-12-10 09:31:00,-1,-0.000977263,10.6875,-10.69,-11.56,-11.99,STOP
C-F12-1,2025-12-11,2025-12-11 09:31:00,-1,-0.01482,12.3188,229.50,228.63,228.19,TIME
C-F12-1,2025-12-12,2025-12-12 09:31:00,-1,-0.00222414,16.4438,-16.44,-17.31,-17.75,STOP
C-F12-1,2025-12-15,2025-12-15 09:31:00,1,0.0115954,11.4750,-11.47,-12.34,-12.78,STOP
C-F12-1,2025-12-16,2025-12-16 09:31:00,-1,-0.00979331,19.1812,-19.18,-20.05,-20.49,STOP
C-F12-1,2025-12-17,2025-12-17 09:31:00,1,0.00263954,15.3937,-15.39,-16.26,-16.70,STOP
C-F12-1,2025-12-18,2025-12-18 09:31:00,1,0.0108599,15.8813,-15.88,-16.75,-17.19,STOP
C-F12-1,2025-12-19,2025-12-19 09:31:00,-1,-0.00138541,20.7375,-20.74,-21.61,-22.04,STOP
C-F12-1,2025-12-22,2025-12-22 09:31:00,1,0.0298077,8.7000,-8.70,-9.57,-10.01,STOP
C-F12-1,2025-12-23,2025-12-23 09:31:00,-1,-0.0193772,10.8750,-10.88,-11.74,-12.18,STOP
C-F12-1,2025-12-24,2025-12-24 09:31:00,-1,-0.000827102,7.5000,-7.50,-8.37,-8.80,STOP
C-F12-1,2025-12-26,2025-12-26 09:31:00,-1,-0.0104017,7.3875,-7.39,-8.26,-8.69,STOP
C-F12-1,2025-12-29,2025-12-29 09:31:00,-1,-0.0310387,15.7500,-15.75,-16.62,-17.05,STOP
C-F12-1,2025-12-30,2025-12-30 09:31:00,1,0.000402028,8.7937,-8.79,-9.66,-10.10,STOP
C-F12-1,2025-12-31,2025-12-31 09:31:00,-1,-0.00728136,8.6062,-8.61,-9.48,-9.91,STOP
C-F12-1,2026-01-02,2026-01-02 09:31:00,1,0.0228674,12.1500,-12.15,-13.02,-13.46,STOP
C-F12-1,2026-01-05,2026-01-05 09:31:00,1,0.0080494,12.2250,-12.22,-13.09,-13.53,STOP
C-F12-1,2026-01-06,2026-01-06 09:31:00,1,0.0104013,11.1938,-11.19,-12.06,-12.50,STOP
C-F12-1,2026-01-07,2026-01-07 09:31:00,-1,-0.00271098,9.9187,-9.92,-10.79,-11.22,STOP
C-F12-1,2026-01-08,2026-01-08 09:31:00,-1,-0.0177968,11.1375,-11.14,-12.01,-12.44,STOP
C-F12-1,2026-01-09,2026-01-09 09:31:00,1,0.00876672,21.8438,-21.84,-22.71,-23.15,STOP
C-F12-1,2026-01-12,2026-01-12 09:31:00,-1,-0.0190026,13.3500,-13.35,-14.22,-14.65,STOP
C-F12-1,2026-01-13,2026-01-13 09:31:00,1,0.00137846,13.0500,-13.05,-13.92,-14.35,STOP
C-F12-1,2026-01-14,2026-01-14 09:31:00,-1,-0.0196539,15.4688,-15.47,-16.34,-16.77,STOP
C-F12-1,2026-01-15,2026-01-15 09:31:00,1,0.0197865,15.1500,-15.15,-16.02,-16.46,STOP
C-F12-1,2026-01-16,2026-01-16 09:31:00,1,0.0033218,14.7750,-14.78,-15.65,-16.08,STOP
C-F12-1,2026-01-19,2026-01-19 09:31:00,-1,-0.0136693,13.3125,-13.31,-14.18,-14.62,STOP
C-F12-1,2026-01-20,2026-01-20 09:31:00,-1,-0.0167286,18.8813,-18.88,-19.75,-20.19,STOP
C-F12-1,2026-01-21,2026-01-21 09:31:00,-1,-0.00748827,41.3625,-41.36,-42.23,-42.67,STOP
C-F12-1,2026-01-22,2026-01-22 09:31:00,1,0.01335,13.0875,-13.09,-13.96,-14.39,STOP
C-F12-1,2026-01-23,2026-01-23 09:31:00,-1,-0.0111465,14.6812,-14.68,-15.55,-15.99,STOP
C-F12-1,2026-01-26,2026-01-26 09:31:00,1,0.00486077,11.7188,-11.72,-12.59,-13.02,STOP
C-F12-1,2026-01-27,2026-01-27 09:31:00,1,0.0225675,12.0750,-12.08,-12.95,-13.38,STOP
C-F12-1,2026-01-28,2026-01-28 09:31:00,1,0.00860301,12.2625,-12.26,-13.13,-13.57,STOP
C-F12-1,2026-01-29,2026-01-29 09:31:00,-1,-0.00783904,14.8687,-14.87,-15.74,-16.17,STOP
C-F12-1,2026-01-30,2026-01-30 09:31:00,-1,-0.0100499,20.9062,-20.91,-21.78,-22.21,STOP
C-F12-1,2026-02-02,2026-02-02 09:31:00,-1,-0.00356075,15.2437,-15.24,-16.11,-16.55,STOP
C-F12-1,2026-02-03,2026-02-03 09:31:00,1,0.00739692,12.2437,-12.24,-13.11,-13.55,STOP
C-F12-1,2026-02-04,2026-02-04 09:31:00,-1,-0.0106482,17.4562,185.50,184.63,184.19,TIME
C-F12-1,2026-02-05,2026-02-05 09:31:00,-1,-0.0103815,30.6562,-30.66,-31.53,-31.96,STOP
C-F12-1,2026-02-06,2026-02-06 09:31:00,-1,-0.00429257,21.2250,-21.22,-22.09,-22.53,STOP
C-F12-1,2026-02-09,2026-02-09 09:31:00,-1,-0.0133221,17.0812,-17.08,-17.95,-18.39,STOP
C-F12-1,2026-02-10,2026-02-10 09:31:00,-1,-0.0122811,10.7812,-10.78,-11.65,-12.09,STOP
C-F12-1,2026-02-11,2026-02-11 09:31:00,1,0.0042158,13.9125,-13.91,-14.78,-15.22,STOP
C-F12-1,2026-02-12,2026-02-12 09:31:00,1,0.0125389,11.6438,-11.64,-12.51,-12.95,STOP
C-F12-1,2026-02-13,2026-02-13 09:31:00,-1,-0.0118656,22.8750,-22.88,-23.75,-24.18,STOP
C-F12-1,2026-02-16,2026-02-16 09:31:00,1,0.00102024,20.8687,-20.87,-21.74,-22.17,STOP
C-F12-1,2026-02-17,2026-02-17 09:31:00,-1,-0.0185926,18.2812,-18.28,-19.15,-19.59,STOP
C-F12-1,2026-02-18,2026-02-18 09:31:00,1,0.00194882,14.9438,-14.94,-15.81,-16.25,STOP
C-F12-1,2026-02-19,2026-02-19 09:31:00,-1,-0.0197521,14.2125,-14.21,-15.08,-15.52,STOP
C-F12-1,2026-02-20,2026-02-20 09:31:00,-1,-0.0115446,20.7375,-20.74,-21.61,-22.04,STOP
C-F12-1,2026-02-23,2026-02-23 09:31:00,-1,-0.00490687,14.1000,-14.10,-14.97,-15.40,STOP
C-F12-1,2026-02-24,2026-02-24 09:31:00,1,0.00585348,13.8563,-13.86,-14.73,-15.16,STOP
C-F12-1,2026-02-25,2026-02-25 09:31:00,1,0.0137573,12.6000,183.00,182.13,181.69,TIME
C-F12-1,2026-02-26,2026-02-26 09:31:00,-1,-0.000216827,14.5125,148.25,147.38,146.94,TIME
C-F12-1,2026-02-27,2026-02-27 09:31:00,-1,-0.0120662,19.8750,-19.88,-20.75,-21.18,STOP
C-F12-1,2026-03-02,2026-03-02 09:31:00,-1,-0.00956321,18.0375,-18.04,-18.91,-19.34,STOP
C-F12-1,2026-03-03,2026-03-03 09:31:00,-1,-0.0121031,29.3250,-29.33,-30.20,-30.63,STOP
C-F12-1,2026-03-04,2026-03-04 09:31:00,1,0.00698728,20.3062,-20.31,-21.18,-21.61,STOP
C-F12-1,2026-03-05,2026-03-05 09:31:00,-1,-0.00448061,21.9188,-21.92,-22.79,-23.22,STOP
C-F12-1,2026-03-06,2026-03-06 09:31:00,-1,-0.0111839,23.7750,-23.78,-24.65,-25.08,STOP
C-F12-1,2026-03-09,2026-03-09 09:31:00,-1,-0.00398068,24.4500,-24.45,-25.32,-25.76,STOP
C-F12-1,2026-03-10,2026-03-10 09:31:00,1,0.00243316,19.0688,-19.07,-19.94,-20.37,STOP
C-F12-1,2026-03-11,2026-03-11 09:31:00,1,0.00134867,18.6187,-18.62,-19.49,-19.92,STOP
C-F12-1,2026-03-12,2026-03-12 09:31:00,-1,-0.0105931,26.6437,-26.64,-27.51,-27.95,STOP
C-F12-1,2026-03-13,2026-03-13 09:31:00,1,0.00198991,17.8125,-17.81,-18.68,-19.12,STOP
C-F12-1,2026-03-16,2026-03-16 09:31:00,1,0.00318542,13.0312,-13.03,-13.90,-14.34,STOP
C-F12-1,2026-03-17,2026-03-17 09:31:00,1,0.0102656,15.8813,-15.88,-16.75,-17.19,STOP
C-F12-1,2026-03-18,2026-03-18 09:31:00,-1,-0.00361288,18.9562,-18.96,-19.83,-20.26,STOP
C-F12-1,2026-03-19,2026-03-19 09:31:00,-1,-0.0112427,32.3625,-32.36,-33.23,-33.67,STOP
C-F12-1,2026-03-20,2026-03-20 09:31:00,-1,-0.00327618,20.7938,202.00,201.13,200.69,TIME
C-F12-1,2026-03-23,2026-03-23 09:31:00,1,0.00285568,31.0312,-31.03,-31.90,-32.34,STOP
C-F12-1,2026-03-24,2026-03-24 09:31:00,-1,-0.00483533,25.1813,-25.18,-26.05,-26.49,STOP
C-F12-1,2026-03-25,2026-03-25 09:31:00,-1,-0.00207025,18.3937,-18.39,-19.26,-19.70,STOP
C-F12-1,2026-03-26,2026-03-26 09:31:00,-1,-0.0129491,17.2125,-17.21,-18.08,-18.52,STOP
C-F12-1,2026-03-27,2026-03-27 09:31:00,-1,-0.0216417,22.3125,171.00,170.13,169.69,TIME
C-F12-1,2026-03-30,2026-03-30 09:31:00,1,0.00789366,15.4125,-15.41,-16.28,-16.72,STOP
C-F12-1,2026-03-31,2026-03-31 09:31:00,1,0.00954149,17.9813,196.25,195.38,194.94,TIME
C-F12-1,2026-04-01,2026-04-01 09:31:00,1,0.00482448,24.3750,-24.38,-25.25,-25.68,STOP
C-F12-1,2026-04-02,2026-04-02 09:31:00,-1,-0.0188287,19.7437,-19.74,-20.61,-21.05,STOP
C-F12-1,2026-04-06,2026-04-06 09:31:00,1,0.00933585,16.0500,-16.05,-16.92,-17.35,STOP
C-F12-1,2026-04-07,2026-04-07 09:31:00,-1,-0.00349177,19.4625,-19.46,-20.33,-20.77,STOP
C-F12-1,2026-04-08,2026-04-08 09:31:00,1,0.00772796,16.3125,-16.31,-17.18,-17.62,STOP
C-F12-1,2026-04-09,2026-04-09 09:31:00,-1,-0.00248777,13.0875,-13.09,-13.96,-14.39,STOP
C-F12-1,2026-04-10,2026-04-10 09:31:00,1,0.00964146,12.6000,-12.60,-13.47,-13.90,STOP
C-F12-1,2026-04-13,2026-04-13 09:31:00,1,0.000436027,12.6187,-12.62,-13.49,-13.92,STOP
C-F12-1,2026-04-14,2026-04-14 09:31:00,1,0.0148028,12.4312,65.50,64.63,64.19,TIME
C-F12-1,2026-04-15,2026-04-15 09:31:00,-1,-0.00264458,12.2062,-12.21,-13.08,-13.51,STOP
C-F12-1,2026-04-16,2026-04-16 09:31:00,-1,-0.00751156,14.1750,119.50,118.63,118.19,TIME
C-F12-1,2026-04-17,2026-04-17 09:31:00,1,0.0170706,32.1375,-32.14,-33.01,-33.44,STOP
C-F12-1,2026-04-20,2026-04-20 09:31:00,-1,-0.0033373,14.7000,-14.70,-15.57,-16.01,STOP
C-F12-1,2026-04-21,2026-04-21 09:31:00,1,0.00453933,12.3563,-12.36,-13.23,-13.66,STOP
C-F12-1,2026-04-22,2026-04-22 09:31:00,1,0.0106937,20.2125,-20.21,-21.08,-21.52,STOP
C-F12-1,2026-04-23,2026-04-23 09:31:00,-1,-0.0115054,16.7250,-16.72,-17.59,-18.03,STOP
C-F12-1,2026-04-24,2026-04-24 09:31:00,1,0.0101948,17.4937,-17.49,-18.36,-18.80,STOP
C-F12-1,2026-04-27,2026-04-27 09:31:00,1,0.00667655,14.2687,-14.27,-15.14,-15.57,STOP
C-F12-1,2026-04-28,2026-04-28 09:31:00,-1,-0.0259896,19.6313,-19.63,-20.50,-20.94,STOP
C-F12-1,2026-04-29,2026-04-29 09:31:00,-1,-0.0068571,16.1625,-16.16,-17.03,-17.47,STOP
C-F12-1,2026-04-30,2026-04-30 09:31:00,1,0.00880646,16.0688,-16.07,-16.94,-17.37,STOP
C-F12-1,2026-05-01,2026-05-01 09:31:00,-1,-0.00140128,13.7812,-13.78,-14.65,-15.09,STOP
C-F12-1,2026-05-04,2026-05-04 09:31:00,1,0.00121362,17.2500,-17.25,-18.12,-18.55,STOP
C-F12-1,2026-05-05,2026-05-05 09:31:00,1,0.0198459,10.6875,-10.69,-11.56,-11.99,STOP
C-F12-1,2026-05-06,2026-05-06 09:31:00,1,0.00977559,24.1312,-24.13,-25.00,-25.44,STOP
C-F12-1,2026-05-07,2026-05-07 09:31:00,1,0.00602649,11.8313,-11.83,-12.70,-13.14,STOP
C-F12-1,2026-05-08,2026-05-08 09:31:00,1,0.0165877,19.8937,233.00,232.13,231.69,TIME
C-F12-1,2026-05-11,2026-05-11 09:31:00,-1,-0.00337879,16.1812,-16.18,-17.05,-17.49,STOP
C-F12-1,2026-05-12,2026-05-12 09:31:00,-1,-0.0190696,17.4000,-17.40,-18.27,-18.71,STOP
C-F12-1,2026-05-13,2026-05-13 09:31:00,-1,-0.00158283,15.2250,117.25,116.38,115.94,TIME
C-F12-1,2026-05-14,2026-05-14 09:31:00,-1,-0.00389869,18.8438,-18.84,-19.71,-20.15,STOP
C-F12-1,2026-05-15,2026-05-15 09:31:00,-1,-0.0166087,25.5000,134.50,133.63,133.19,TIME
C-F12-1,2026-05-18,2026-05-18 09:31:00,1,0.000324734,23.5688,-23.57,-24.44,-24.87,STOP
C-F12-1,2026-05-19,2026-05-19 09:31:00,-1,-0.0029183,31.1813,-31.18,-32.05,-32.49,STOP
C-F12-1,2026-05-20,2026-05-20 09:31:00,1,0.00532435,18.6562,-18.66,-19.53,-19.96,STOP
C-F12-1,2026-05-21,2026-05-21 09:31:00,1,0.0038764,20.6250,-20.62,-21.50,-21.93,STOP
C-F12-1,2026-05-22,2026-05-22 09:31:00,1,0.00857832,20.2687,-20.27,-21.14,-21.57,STOP
C-F12-1,2026-05-25,2026-05-25 09:31:00,1,0.00250833,6.6938,52.75,51.88,51.45,TIME
C-F12-1,2026-05-26,2026-05-26 09:31:00,1,0.00653888,11.5875,-11.59,-12.46,-12.89,STOP
C-F12-1,2026-05-27,2026-05-27 09:31:00,1,0.00628475,18.3750,-18.38,-19.25,-19.68,STOP
C-F12-1,2026-05-28,2026-05-28 09:31:00,-1,-0.0163667,17.1938,-17.19,-18.06,-18.50,STOP
C-F12-1,2026-05-29,2026-05-29 09:31:00,1,0.00355985,12.6000,-12.60,-13.47,-13.90,STOP
C-F12-1,2026-06-01,2026-06-01 09:31:00,1,0.00269385,43.2562,-29.25,-30.12,-30.55,TIME
C-F12-1,2026-06-02,2026-06-02 09:31:00,-1,-0.00648698,18.8625,-18.86,-19.73,-20.17,STOP
C-F12-1,2026-06-03,2026-06-03 09:31:00,-1,-0.00218292,15.9562,-15.96,-16.83,-17.26,STOP
C-F12-1,2026-06-04,2026-06-04 09:31:00,-1,-0.00961553,20.4562,-20.46,-21.33,-21.76,STOP
C-F12-1,2026-06-05,2026-06-05 09:31:00,-1,-0.0143888,25.2188,-25.22,-26.09,-26.52,STOP
C-F12-1,2026-06-08,2026-06-08 09:31:00,1,0.00979688,23.9813,-23.98,-24.85,-25.29,STOP
C-F12-1,2026-06-09,2026-06-09 09:31:00,1,0.00663737,18.5250,-18.53,-19.40,-19.83,STOP
C-F12-1,2026-06-10,2026-06-10 09:31:00,-1,-0.00550424,30.9000,-30.90,-31.77,-32.21,STOP
C-F12-1,2026-06-11,2026-06-11 09:31:00,1,0.0103233,26.4562,-26.46,-27.33,-27.76,STOP
C-F12-1,2026-06-12,2026-06-12 09:31:00,-1,-0.0075489,27.8063,144.50,143.63,143.19,TIME
C-F12-1,2026-06-15,2026-06-15 09:31:00,1,0.00727897,17.7563,-17.76,-18.63,-19.06,STOP
C-F12-1,2026-06-16,2026-06-16 09:31:00,1,0.00950338,17.4750,-17.47,-18.34,-18.78,STOP
C-F12-1,2026-06-17,2026-06-17 09:31:00,1,0.00961415,19.5938,-19.59,-20.46,-20.90,STOP
C-F12-1,2026-06-18,2026-06-18 09:31:00,1,0.00408535,25.8937,-25.89,-26.76,-27.20,STOP
C-F12-1,2026-06-19,2026-06-19 09:31:00,-1,-0.0134624,13.6500,-13.65,-14.52,-14.96,STOP
C-F12-1,2026-06-22,2026-06-22 09:31:00,1,0.00714747,19.4625,-19.46,-20.33,-20.77,STOP
C-F12-1,2026-06-23,2026-06-23 09:31:00,-1,-0.0161926,34.0500,-34.05,-34.92,-35.35,STOP
C-F12-1,2026-06-24,2026-06-24 09:31:00,1,0.000647128,29.8125,-29.81,-30.68,-31.12,STOP
C-F12-1,2026-06-25,2026-06-25 09:31:00,1,0.00351256,22.1812,-22.18,-23.05,-23.49,STOP
C-F12-1,2026-06-26,2026-06-26 09:31:00,-1,-0.00761608,40.6875,-40.69,-41.56,-41.99,STOP
C-F12-1,2026-06-29,2026-06-29 09:31:00,1,0.00162411,19.6500,-19.65,-20.52,-20.96,STOP
C-F12-1,2026-06-30,2026-06-30 09:31:00,1,0.00223374,22.8188,319.00,318.13,317.69,TIME
C-F12-1,2026-07-01,2026-07-01 09:31:00,-1,-0.0015193,34.5938,-34.59,-35.46,-35.90,STOP
C-F12-1,2026-07-02,2026-07-02 09:31:00,-1,-0.00265731,30.5438,-30.54,-31.41,-31.85,STOP
C-F12-1,2026-07-03,2026-07-03 09:31:00,1,0.00030236,12.2250,-12.22,-13.09,-13.53,STOP
C-F12-1,2026-07-06,2026-07-06 09:31:00,-1,-0.00323968,21.8625,-21.86,-22.73,-23.17,STOP
C-F12-1,2026-07-07,2026-07-07 09:31:00,-1,-0.0086854,20.8312,-20.83,-21.70,-22.14,STOP
C-F12-1,2026-07-08,2026-07-08 09:31:00,-1,-0.00314984,31.7250,-31.72,-32.59,-33.03,STOP
C-F12-1,2026-07-09,2026-07-09 09:31:00,1,0.0110147,20.1000,-20.10,-20.97,-21.40,STOP
C-F12-1,2026-07-10,2026-07-10 09:31:00,-1,-0.00559325,20.2875,-20.29,-21.16,-21.59,STOP
C-F12-1,2026-07-13,2026-07-13 09:31:00,-1,-0.00329466,18.9375,-18.94,-19.81,-20.24,STOP
C-F12-1,2026-07-14,2026-07-14 09:31:00,1,0.00883222,23.6625,-23.66,-24.53,-24.97,STOP
C-F12-1,2026-07-15,2026-07-15 09:31:00,1,0.0106613,16.2938,-16.29,-17.16,-17.60,STOP
C-F12-1,2026-07-16,2026-07-16 09:31:00,-1,-0.00111618,20.3250,-20.33,-21.20,-21.63,STOP
C-F12-1,2026-07-17,2026-07-17 09:31:00,-1,-0.00743003,26.6813,-26.68,-27.55,-27.99,STOP
C-F12-1,2026-07-20,2026-07-20 09:31:00,1,0.0027319,17.2313,-17.23,-18.10,-18.54,STOP
C-F12-1,2026-07-21,2026-07-21 09:31:00,1,0.00666176,14.1375,-14.14,-15.01,-15.44,STOP
C-F12-1,2026-07-22,2026-07-22 09:31:00,-1,-0.0100606,15.7313,-15.73,-16.60,-17.04,STOP
C-F12-1,2026-07-23,2026-07-23 09:31:00,-1,-0.00439695,26.7000,-26.70,-27.57,-28.01,STOP
C-F12-1,2026-07-24,2026-07-24 09:31:00,-1,-0.00570292,21.9562,-21.96,-22.83,-23.26,STOP
C-F12-1,2026-07-27,2026-07-27 09:31:00,1,0.00760546,18.3937,-18.39,-19.26,-19.70,STOP
C-F12-1,2026-07-28,2026-07-28 09:31:00,-1,-0.00791589,24.7875,-24.79,-25.66,-26.09,STOP
C-F12-1,2026-07-29,2026-07-29 09:31:00,-1,-0.000322621,24.2250,-24.22,-25.09,-25.53,STOP
C-F12-1,2026-07-30,2026-07-30 09:31:00,1,0.00353105,24.4500,-24.45,-25.32,-25.76,STOP
C-F12-1,2026-07-31,2026-07-31 09:31:00,-1,-0.00192444,20.9062,-20.91,-21.78,-22.21,STOP
C-F12-1,2026-08-03,2026-08-03 09:31:00,-1,-0.00417316,26.9625,-26.96,-27.83,-28.27,STOP
C-F12-1,2026-08-04,2026-08-04 09:31:00,1,0.00405753,23.1562,-23.16,-24.03,-24.46,STOP
C-F12-1,2026-08-05,2026-08-05 09:31:00,1,0.000457683,18.3750,-18.38,-19.25,-19.68,STOP
C-F12-1,2026-08-06,2026-08-06 09:31:00,-1,-0.00542374,22.7625,-22.76,-23.63,-24.07,STOP
C-F12-1,2026-08-07,2026-08-07 09:31:00,1,0.00750576,26.1562,-26.16,-27.03,-27.46,STOP
C-F12-1,2026-08-10,2026-08-10 09:31:00,-1,-0.00801287,19.2938,-19.29,-20.16,-20.60,STOP
C-F12-1,2026-08-11,2026-08-11 09:31:00,1,0.00388129,14.4937,-14.49,-15.36,-15.80,STOP
C-F12-1,2026-08-12,2026-08-12 09:31:00,1,0.0077294,15.3750,-15.38,-16.25,-16.68,STOP
C-F12-1,2026-08-13,2026-08-13 09:31:00,1,0.00377193,11.1750,-11.17,-12.04,-12.48,STOP
C-F12-1,2026-08-14,2026-08-14 09:31:00,1,0.00149299,13.0875,-13.09,-13.96,-14.39,STOP
C-F12-1,2026-08-17,2026-08-17 09:31:00,1,0.00288857,13.0875,-13.09,-13.96,-14.39,STOP
C-F12-1b,2025-08-19,2025-08-19 09:31:00,-1,-0.0103759,7.4062,-7.41,-8.28,-8.71,STOP
C-F12-1b,2025-08-20,2025-08-20 09:31:00,-1,-0.0123879,10.5000,329.75,328.88,328.44,TIME
C-F12-1b,2025-08-21,2025-08-21 09:31:00,-1,-0.0135437,12.8813,-12.88,-13.75,-14.19,STOP
C-F12-1b,2025-08-22,2025-08-22 09:31:00,-1,-0.00548386,9.1313,-9.13,-10.00,-10.44,STOP
C-F12-1b,2025-08-25,2025-08-25 09:31:00,-1,-0.00946533,7.7812,-7.78,-8.65,-9.09,STOP
C-F12-1b,2025-08-26,2025-08-26 09:31:00,-1,-0.0122548,6.1313,-6.13,-7.00,-7.44,STOP
C-F12-1b,2025-08-27,2025-08-27 09:31:00,-1,-0.00736199,10.4250,-10.42,-11.29,-11.73,STOP
C-F12-1b,2025-08-28,2025-08-28 09:31:00,1,0.00238578,7.7812,-7.78,-8.65,-9.09,STOP
C-F12-1b,2025-08-29,2025-08-29 09:31:00,-1,-0.0153698,10.4625,-10.46,-11.33,-11.77,STOP
C-F12-1b,2025-09-01,2025-09-01 09:31:00,-1,-0.0125357,5.0813,-5.08,-5.95,-6.39,STOP
C-F12-1b,2025-09-02,2025-09-02 09:31:00,-1,-0.0288723,15.3750,-15.38,-16.25,-16.68,STOP
C-F12-1b,2025-09-03,2025-09-03 09:31:00,1,0.00248343,10.7063,-10.71,-11.58,-12.01,STOP
C-F12-1b,2025-09-04,2025-09-04 09:31:00,1,0.00281232,9.2812,-9.28,-10.15,-10.59,STOP
C-F12-1b,2025-09-05,2025-09-05 09:31:00,1,0.0178306,15.1500,-15.15,-16.02,-16.46,STOP
C-F12-1b,2025-09-08,2025-09-08 09:31:00,1,0.0103661,9.2812,-9.28,-10.15,-10.59,STOP
C-F12-1b,2025-09-09,2025-09-09 09:31:00,1,7.07114e-05,10.4250,-10.42,-11.29,-11.73,STOP
C-F12-1b,2025-09-10,2025-09-10 09:31:00,1,0.0125026,9.9937,-9.99,-10.86,-11.30,STOP
C-F12-1b,2025-09-11,2025-09-11 09:31:00,1,0.0112835,11.1938,-11.19,-12.06,-12.50,STOP
C-F12-1b,2025-09-12,2025-09-12 09:31:00,1,0.0122238,5.7750,-5.78,-6.65,-7.08,STOP
C-F12-1b,2025-09-15,2025-09-15 09:31:00,-1,-0.0039439,7.3687,-7.37,-8.24,-8.67,STOP
C-F12-1b,2025-09-16,2025-09-16 09:31:00,-1,-0.0049395,8.6625,-8.66,-9.53,-9.97,STOP
C-F12-1b,2025-09-17,2025-09-17 09:31:00,-1,-0.0234426,6.9375,-6.94,-7.81,-8.24,STOP
C-F12-1b,2025-09-18,2025-09-18 09:31:00,1,0.0139417,13.0688,-13.07,-13.94,-14.37,STOP
C-F12-1b,2025-09-19,2025-09-19 09:31:00,-1,-0.000117401,11.0625,-11.06,-11.93,-12.37,STOP
C-F12-1b,2025-09-22,2025-09-22 09:31:00,-1,-0.0223265,7.3125,-7.31,-8.18,-8.62,STOP
C-F12-1b,2025-09-23,2025-09-23 09:31:00,-1,-0.00136064,6.5063,-6.51,-7.38,-7.81,STOP
C-F12-1b,2025-09-24,2025-09-24 09:31:00,1,0.00412345,6.6750,-6.67,-7.54,-7.98,STOP
C-F12-1b,2025-09-25,2025-09-25 09:31:00,-1,-0.0254261,15.1313,-15.13,-16.00,-16.44,STOP
C-F12-1b,2025-09-26,2025-09-26 09:31:00,-1,-0.00403073,12.7125,-12.71,-13.58,-14.02,STOP
C-F12-1b,2025-09-29,2025-09-29 09:31:00,1,0.0229411,9.5437,105.75,104.88,104.44,TIME
C-F12-1b,2025-09-30,2025-09-30 09:31:00,1,0.0104705,8.9250,-8.92,-9.79,-10.23,STOP
C-F12-1b,2025-10-01,2025-10-01 09:31:00,-1,-0.00723588,9.4125,-9.41,-10.28,-10.72,STOP
C-F12-1b,2025-10-02,2025-10-02 09:31:00,1,0.0280234,6.6000,-6.60,-7.47,-7.90,STOP
C-F12-1b,2025-10-03,2025-10-03 09:31:00,1,0.00128336,8.2500,-8.25,-9.12,-9.55,STOP
C-F12-1b,2025-10-06,2025-10-06 09:31:00,1,0.0244824,9.8062,-9.81,-10.68,-11.11,STOP
C-F12-1b,2025-10-07,2025-10-07 09:31:00,1,0.0117364,9.4125,-9.41,-10.28,-10.72,STOP
C-F12-1b,2025-10-08,2025-10-08 09:31:00,-1,-0.00773942,8.3250,-8.33,-9.20,-9.63,STOP
C-F12-1b,2025-10-09,2025-10-09 09:31:00,1,0.000254514,8.2688,-8.27,-9.14,-9.57,STOP
C-F12-1b,2025-10-10,2025-10-10 09:31:00,-1,-0.00875484,8.7750,-8.78,-9.65,-10.08,STOP
C-F12-1b,2025-10-13,2025-10-13 09:31:00,1,0.00835507,20.4375,-20.44,-21.31,-21.74,STOP
C-F12-1b,2025-10-14,2025-10-14 09:31:00,-1,-0.00964988,18.9562,-18.96,-19.83,-20.26,STOP
C-F12-1b,2025-10-15,2025-10-15 09:31:00,1,0.0197241,11.2500,-11.25,-12.12,-12.55,STOP
C-F12-1b,2025-10-16,2025-10-16 09:31:00,1,0.000871625,11.6250,-11.62,-12.49,-12.93,STOP
C-F12-1b,2025-10-17,2025-10-17 09:31:00,-1,-0.00511573,23.6437,-23.64,-24.51,-24.95,STOP
C-F12-1b,2025-10-20,2025-10-20 09:31:00,1,0.00628742,10.1812,163.50,162.63,162.19,TIME
C-F12-1b,2025-10-21,2025-10-21 09:31:00,1,0.00337779,11.6812,-11.68,-12.55,-12.99,STOP
C-F12-1b,2025-10-22,2025-10-22 09:31:00,-1,-0.0113468,8.1938,-8.19,-9.06,-9.50,STOP
C-F12-1b,2025-10-23,2025-10-23 09:31:00,-1,-0.00433308,13.6500,-13.65,-14.52,-14.96,STOP
C-F12-1b,2025-10-24,2025-10-24 09:31:00,1,0.0201337,11.4563,-11.46,-12.33,-12.76,STOP
C-F12-1b,2025-10-27,2025-10-27 09:31:00,1,0.0148657,9.9000,-9.90,-10.77,-11.21,STOP
C-F12-1b,2025-10-28,2025-10-28 09:31:00,1,0.00406896,9.8438,-9.84,-10.71,-11.15,STOP
C-F12-1b,2025-10-29,2025-10-29 09:31:00,1,0.0171548,8.5125,-8.51,-9.38,-9.82,STOP
C-F12-1b,2025-10-30,2025-10-30 09:31:00,-1,-0.0128933,19.1625,-19.16,-20.03,-20.47,STOP
C-F12-1b,2025-10-31,2025-10-31 09:31:00,1,0.00538092,12.1500,-12.15,-13.02,-13.46,STOP
C-F12-1b,2025-11-03,2025-11-03 09:31:00,1,0.0200293,11.4563,-11.46,-12.33,-12.76,STOP
C-F12-1b,2025-11-04,2025-11-04 09:31:00,-1,-0.0202385,18.0750,-18.08,-18.95,-19.38,STOP
C-F12-1b,2025-11-05,2025-11-05 09:31:00,1,0.00345431,15.6562,-15.66,-16.53,-16.96,STOP
C-F12-1b,2025-11-06,2025-11-06 09:31:00,-1,-0.00148237,17.0063,167.75,166.88,166.44,TIME
C-F12-1b,2025-11-07,2025-11-07 09:31:00,-1,-0.0114818,19.8375,141.25,140.38,139.94,TIME
C-F12-1b,2025-11-10,2025-11-10 09:31:00,1,0.000598032,13.9875,-13.99,-14.86,-15.29,STOP
C-F12-1b,2025-11-11,2025-11-11 09:31:00,-1,-0.0125547,10.8750,-10.88,-11.74,-12.18,STOP
C-F12-1b,2025-11-12,2025-11-12 09:31:00,1,0.0165687,8.5500,-8.55,-9.42,-9.85,STOP
C-F12-1b,2025-11-13,2025-11-13 09:31:00,-1,-0.0119275,21.3375,-21.34,-22.21,-22.64,STOP
C-F12-1b,2025-11-14,2025-11-14 09:31:00,-1,-0.014751,22.1250,-22.12,-23.00,-23.43,STOP
C-F12-1b,2025-11-17,2025-11-17 09:31:00,-1,-0.00398796,18.9562,-18.96,-19.83,-20.26,STOP
C-F12-1b,2025-11-18,2025-11-18 09:31:00,-1,-0.00567646,23.6063,-23.61,-24.48,-24.91,STOP
C-F12-1b,2025-11-19,2025-11-19 09:31:00,1,1.12577e-05,18.8625,-18.86,-19.73,-20.17,STOP
C-F12-1b,2025-11-20,2025-11-20 09:31:00,1,0.00133152,20.3813,-20.38,-21.25,-21.69,STOP
C-F12-1b,2025-11-21,2025-11-21 09:31:00,-1,-0.00902118,24.4313,-24.43,-25.30,-25.74,STOP
C-F12-1b,2025-11-24,2025-11-24 09:31:00,-1,-0.00603659,16.3500,-16.35,-17.22,-17.65,STOP
C-F12-1b,2025-11-25,2025-11-25 09:31:00,-1,-0.00850149,14.8125,-14.81,-15.68,-16.12,STOP
C-F12-1b,2025-11-26,2025-11-26 09:31:00,1,0.00465525,16.8000,-16.80,-17.67,-18.10,STOP
C-F12-1b,2025-11-27,2025-11-27 09:31:00,1,0.00237195,6.5063,-6.51,-7.38,-7.81,STOP
C-F12-1b,2025-12-01,2025-12-01 09:31:00,-1,-0.0147839,14.6063,-14.61,-15.48,-15.91,STOP
C-F12-1b,2025-12-02,2025-12-02 09:31:00,1,0.0107128,9.7875,-9.79,-10.66,-11.09,STOP
C-F12-1b,2025-12-03,2025-12-03 09:31:00,1,0.000407829,33.0563,-33.06,-33.93,-34.36,STOP
C-F12-1b,2025-12-04,2025-12-04 09:31:00,-1,-0.00348699,13.9312,120.75,119.88,119.44,TIME
C-F12-1b,2025-12-05,2025-12-05 09:31:00,-1,-0.00492617,11.1000,-11.10,-11.97,-12.40,STOP
C-F12-1b,2025-12-08,2025-12-08 09:31:00,1,0.0160775,12.1313,-12.13,-13.00,-13.44,STOP
C-F12-1b,2025-12-09,2025-12-09 09:31:00,-1,-0.022405,13.8937,-13.89,-14.76,-15.20,STOP
C-F12-1b,2025-12-10,2025-12-10 09:31:00,-1,-0.000977263,10.6875,-10.69,-11.56,-11.99,STOP
C-F12-1b,2025-12-11,2025-12-11 09:31:00,-1,-0.01482,12.3188,44.75,43.88,43.45,TIME
C-F12-1b,2025-12-12,2025-12-12 09:31:00,-1,-0.00222414,16.4438,-16.44,-17.31,-17.75,STOP
C-F12-1b,2025-12-15,2025-12-15 09:31:00,1,0.0115954,11.4750,-11.47,-12.34,-12.78,STOP
C-F12-1b,2025-12-16,2025-12-16 09:31:00,-1,-0.00979331,19.1812,-19.18,-20.05,-20.49,STOP
C-F12-1b,2025-12-17,2025-12-17 09:31:00,1,0.00263954,15.3937,-15.39,-16.26,-16.70,STOP
C-F12-1b,2025-12-18,2025-12-18 09:31:00,1,0.0108599,15.8813,-15.88,-16.75,-17.19,STOP
C-F12-1b,2025-12-19,2025-12-19 09:31:00,-1,-0.00138541,20.7375,-20.74,-21.61,-22.04,STOP
C-F12-1b,2025-12-22,2025-12-22 09:31:00,1,0.0298077,8.7000,-8.70,-9.57,-10.01,STOP
C-F12-1b,2025-12-23,2025-12-23 09:31:00,-1,-0.0193772,10.8750,-10.88,-11.74,-12.18,STOP
C-F12-1b,2025-12-24,2025-12-24 09:31:00,-1,-0.000827102,7.5000,-7.50,-8.37,-8.80,STOP
C-F12-1b,2025-12-26,2025-12-26 09:31:00,-1,-0.0104017,7.3875,-7.39,-8.26,-8.69,STOP
C-F12-1b,2025-12-29,2025-12-29 09:31:00,-1,-0.0310387,15.7500,-15.75,-16.62,-17.05,STOP
C-F12-1b,2025-12-30,2025-12-30 09:31:00,1,0.000402028,8.7937,-8.79,-9.66,-10.10,STOP
C-F12-1b,2025-12-31,2025-12-31 09:31:00,-1,-0.00728136,8.6062,-8.61,-9.48,-9.91,STOP
C-F12-1b,2026-01-02,2026-01-02 09:31:00,1,0.0228674,12.1500,-12.15,-13.02,-13.46,STOP
C-F12-1b,2026-01-05,2026-01-05 09:31:00,1,0.0080494,12.2250,-12.22,-13.09,-13.53,STOP
C-F12-1b,2026-01-06,2026-01-06 09:31:00,1,0.0104013,11.1938,-11.19,-12.06,-12.50,STOP
C-F12-1b,2026-01-07,2026-01-07 09:31:00,-1,-0.00271098,9.9187,-9.92,-10.79,-11.22,STOP
C-F12-1b,2026-01-08,2026-01-08 09:31:00,-1,-0.0177968,11.1375,-11.14,-12.01,-12.44,STOP
C-F12-1b,2026-01-09,2026-01-09 09:31:00,1,0.00876672,21.8438,-21.84,-22.71,-23.15,STOP
C-F12-1b,2026-01-12,2026-01-12 09:31:00,-1,-0.0190026,13.3500,-13.35,-14.22,-14.65,STOP
C-F12-1b,2026-01-13,2026-01-13 09:31:00,1,0.00137846,13.0500,-13.05,-13.92,-14.35,STOP
C-F12-1b,2026-01-14,2026-01-14 09:31:00,-1,-0.0196539,15.4688,-15.47,-16.34,-16.77,STOP
C-F12-1b,2026-01-15,2026-01-15 09:31:00,1,0.0197865,15.1500,-15.15,-16.02,-16.46,STOP
C-F12-1b,2026-01-16,2026-01-16 09:31:00,1,0.0033218,14.7750,-14.78,-15.65,-16.08,STOP
C-F12-1b,2026-01-19,2026-01-19 09:31:00,-1,-0.0136693,13.3125,-13.31,-14.18,-14.62,STOP
C-F12-1b,2026-01-20,2026-01-20 09:31:00,-1,-0.0167286,18.8813,-18.88,-19.75,-20.19,STOP
C-F12-1b,2026-01-21,2026-01-21 09:31:00,-1,-0.00748827,41.3625,-41.36,-42.23,-42.67,STOP
C-F12-1b,2026-01-22,2026-01-22 09:31:00,1,0.01335,13.0875,-13.09,-13.96,-14.39,STOP
C-F12-1b,2026-01-23,2026-01-23 09:31:00,-1,-0.0111465,14.6812,-14.68,-15.55,-15.99,STOP
C-F12-1b,2026-01-26,2026-01-26 09:31:00,1,0.00486077,11.7188,-11.72,-12.59,-13.02,STOP
C-F12-1b,2026-01-27,2026-01-27 09:31:00,1,0.0225675,12.0750,-12.08,-12.95,-13.38,STOP
C-F12-1b,2026-01-28,2026-01-28 09:31:00,1,0.00860301,12.2625,-12.26,-13.13,-13.57,STOP
C-F12-1b,2026-01-29,2026-01-29 09:31:00,-1,-0.00783904,14.8687,-14.87,-15.74,-16.17,STOP
C-F12-1b,2026-01-30,2026-01-30 09:31:00,-1,-0.0100499,20.9062,-20.91,-21.78,-22.21,STOP
C-F12-1b,2026-02-02,2026-02-02 09:31:00,-1,-0.00356075,15.2437,-15.24,-16.11,-16.55,STOP
C-F12-1b,2026-02-03,2026-02-03 09:31:00,1,0.00739692,12.2437,-12.24,-13.11,-13.55,STOP
C-F12-1b,2026-02-04,2026-02-04 09:31:00,-1,-0.0106482,17.4562,136.75,135.88,135.44,TIME
C-F12-1b,2026-02-05,2026-02-05 09:31:00,-1,-0.0103815,30.6562,-30.66,-31.53,-31.96,STOP
C-F12-1b,2026-02-06,2026-02-06 09:31:00,-1,-0.00429257,21.2250,-21.22,-22.09,-22.53,STOP
C-F12-1b,2026-02-09,2026-02-09 09:31:00,-1,-0.0133221,17.0812,-17.08,-17.95,-18.39,STOP
C-F12-1b,2026-02-10,2026-02-10 09:31:00,-1,-0.0122811,10.7812,-10.78,-11.65,-12.09,STOP
C-F12-1b,2026-02-11,2026-02-11 09:31:00,1,0.0042158,13.9125,-13.91,-14.78,-15.22,STOP
C-F12-1b,2026-02-12,2026-02-12 09:31:00,1,0.0125389,11.6438,-11.64,-12.51,-12.95,STOP
C-F12-1b,2026-02-13,2026-02-13 09:31:00,-1,-0.0118656,22.8750,-22.88,-23.75,-24.18,STOP
C-F12-1b,2026-02-16,2026-02-16 09:31:00,1,0.00102024,20.8687,-20.87,-21.74,-22.17,STOP
C-F12-1b,2026-02-17,2026-02-17 09:31:00,-1,-0.0185926,18.2812,-18.28,-19.15,-19.59,STOP
C-F12-1b,2026-02-18,2026-02-18 09:31:00,1,0.00194882,14.9438,-14.94,-15.81,-16.25,STOP
C-F12-1b,2026-02-19,2026-02-19 09:31:00,-1,-0.0197521,14.2125,-14.21,-15.08,-15.52,STOP
C-F12-1b,2026-02-20,2026-02-20 09:31:00,-1,-0.0115446,20.7375,-20.74,-21.61,-22.04,STOP
C-F12-1b,2026-02-23,2026-02-23 09:31:00,-1,-0.00490687,14.1000,-14.10,-14.97,-15.40,STOP
C-F12-1b,2026-02-24,2026-02-24 09:31:00,1,0.00585348,13.8563,-13.86,-14.73,-15.16,STOP
C-F12-1b,2026-02-25,2026-02-25 09:31:00,1,0.0137573,12.6000,173.75,172.88,172.44,TIME
C-F12-1b,2026-02-26,2026-02-26 09:31:00,-1,-0.000216827,14.5125,408.25,407.38,406.94,TIME
C-F12-1b,2026-02-27,2026-02-27 09:31:00,-1,-0.0120662,19.8750,-19.88,-20.75,-21.18,STOP
C-F12-1b,2026-03-02,2026-03-02 09:31:00,-1,-0.00956321,18.0375,-18.04,-18.91,-19.34,STOP
C-F12-1b,2026-03-03,2026-03-03 09:31:00,-1,-0.0121031,29.3250,-29.33,-30.20,-30.63,STOP
C-F12-1b,2026-03-04,2026-03-04 09:31:00,1,0.00698728,20.3062,-20.31,-21.18,-21.61,STOP
C-F12-1b,2026-03-05,2026-03-05 09:31:00,-1,-0.00448061,21.9188,-21.92,-22.79,-23.22,STOP
C-F12-1b,2026-03-06,2026-03-06 09:31:00,-1,-0.0111839,23.7750,-23.78,-24.65,-25.08,STOP
C-F12-1b,2026-03-09,2026-03-09 09:31:00,-1,-0.00398068,24.4500,-24.45,-25.32,-25.76,STOP
C-F12-1b,2026-03-10,2026-03-10 09:31:00,1,0.00243316,19.0688,-19.07,-19.94,-20.37,STOP
C-F12-1b,2026-03-11,2026-03-11 09:31:00,1,0.00134867,18.6187,-18.62,-19.49,-19.92,STOP
C-F12-1b,2026-03-12,2026-03-12 09:31:00,-1,-0.0105931,26.6437,-26.64,-27.51,-27.95,STOP
C-F12-1b,2026-03-13,2026-03-13 09:31:00,1,0.00198991,17.8125,-17.81,-18.68,-19.12,STOP
C-F12-1b,2026-03-16,2026-03-16 09:31:00,1,0.00318542,13.0312,-13.03,-13.90,-14.34,STOP
C-F12-1b,2026-03-17,2026-03-17 09:31:00,1,0.0102656,15.8813,-15.88,-16.75,-17.19,STOP
C-F12-1b,2026-03-18,2026-03-18 09:31:00,-1,-0.00361288,18.9562,-18.96,-19.83,-20.26,STOP
C-F12-1b,2026-03-19,2026-03-19 09:31:00,-1,-0.0112427,32.3625,-32.36,-33.23,-33.67,STOP
C-F12-1b,2026-03-20,2026-03-20 09:31:00,-1,-0.00327618,20.7938,217.00,216.13,215.69,TIME
C-F12-1b,2026-03-23,2026-03-23 09:31:00,1,0.00285568,31.0312,-31.03,-31.90,-32.34,STOP
C-F12-1b,2026-03-24,2026-03-24 09:31:00,-1,-0.00483533,25.1813,-25.18,-26.05,-26.49,STOP
C-F12-1b,2026-03-25,2026-03-25 09:31:00,-1,-0.00207025,18.3937,-18.39,-19.26,-19.70,STOP
C-F12-1b,2026-03-26,2026-03-26 09:31:00,-1,-0.0129491,17.2125,-17.21,-18.08,-18.52,STOP
C-F12-1b,2026-03-27,2026-03-27 09:31:00,-1,-0.0216417,22.3125,177.25,176.38,175.94,TIME
C-F12-1b,2026-03-30,2026-03-30 09:31:00,1,0.00789366,15.4125,-15.41,-16.28,-16.72,STOP
C-F12-1b,2026-03-31,2026-03-31 09:31:00,1,0.00954149,17.9813,186.75,185.88,185.44,TIME
C-F12-1b,2026-04-01,2026-04-01 09:31:00,1,0.00482448,24.3750,-24.38,-25.25,-25.68,STOP
C-F12-1b,2026-04-02,2026-04-02 09:31:00,-1,-0.0188287,19.7437,-19.74,-20.61,-21.05,STOP
C-F12-1b,2026-04-06,2026-04-06 09:31:00,1,0.00933585,16.0500,-16.05,-16.92,-17.35,STOP
C-F12-1b,2026-04-07,2026-04-07 09:31:00,-1,-0.00349177,19.4625,-19.46,-20.33,-20.77,STOP
C-F12-1b,2026-04-08,2026-04-08 09:31:00,1,0.00772796,16.3125,-16.31,-17.18,-17.62,STOP
C-F12-1b,2026-04-09,2026-04-09 09:31:00,-1,-0.00248777,13.0875,-13.09,-13.96,-14.39,STOP
C-F12-1b,2026-04-10,2026-04-10 09:31:00,1,0.00964146,12.6000,-12.60,-13.47,-13.90,STOP
C-F12-1b,2026-04-13,2026-04-13 09:31:00,1,0.000436027,12.6187,-12.62,-13.49,-13.92,STOP
C-F12-1b,2026-04-14,2026-04-14 09:31:00,1,0.0148028,12.4312,147.25,146.38,145.94,TIME
C-F12-1b,2026-04-15,2026-04-15 09:31:00,-1,-0.00264458,12.2062,-12.21,-13.08,-13.51,STOP
C-F12-1b,2026-04-16,2026-04-16 09:31:00,-1,-0.00751156,14.1750,88.50,87.63,87.19,TIME
C-F12-1b,2026-04-17,2026-04-17 09:31:00,1,0.0170706,32.1375,-32.14,-33.01,-33.44,STOP
C-F12-1b,2026-04-20,2026-04-20 09:31:00,-1,-0.0033373,14.7000,-14.70,-15.57,-16.01,STOP
C-F12-1b,2026-04-21,2026-04-21 09:31:00,1,0.00453933,12.3563,-12.36,-13.23,-13.66,STOP
C-F12-1b,2026-04-22,2026-04-22 09:31:00,1,0.0106937,20.2125,-20.21,-21.08,-21.52,STOP
C-F12-1b,2026-04-23,2026-04-23 09:31:00,-1,-0.0115054,16.7250,-16.72,-17.59,-18.03,STOP
C-F12-1b,2026-04-24,2026-04-24 09:31:00,1,0.0101948,17.4937,-17.49,-18.36,-18.80,STOP
C-F12-1b,2026-04-27,2026-04-27 09:31:00,1,0.00667655,14.2687,-14.27,-15.14,-15.57,STOP
C-F12-1b,2026-04-28,2026-04-28 09:31:00,-1,-0.0259896,19.6313,-19.63,-20.50,-20.94,STOP
C-F12-1b,2026-04-29,2026-04-29 09:31:00,-1,-0.0068571,16.1625,-16.16,-17.03,-17.47,STOP
C-F12-1b,2026-04-30,2026-04-30 09:31:00,1,0.00880646,16.0688,-16.07,-16.94,-17.37,STOP
C-F12-1b,2026-05-01,2026-05-01 09:31:00,-1,-0.00140128,13.7812,-13.78,-14.65,-15.09,STOP
C-F12-1b,2026-05-04,2026-05-04 09:31:00,1,0.00121362,17.2500,-17.25,-18.12,-18.55,STOP
C-F12-1b,2026-05-05,2026-05-05 09:31:00,1,0.0198459,10.6875,-10.69,-11.56,-11.99,STOP
C-F12-1b,2026-05-06,2026-05-06 09:31:00,1,0.00977559,24.1312,-24.13,-25.00,-25.44,STOP
C-F12-1b,2026-05-07,2026-05-07 09:31:00,1,0.00602649,11.8313,-11.83,-12.70,-13.14,STOP
C-F12-1b,2026-05-08,2026-05-08 09:31:00,1,0.0165877,19.8937,233.50,232.63,232.19,TIME
C-F12-1b,2026-05-11,2026-05-11 09:31:00,-1,-0.00337879,16.1812,-16.18,-17.05,-17.49,STOP
C-F12-1b,2026-05-12,2026-05-12 09:31:00,-1,-0.0190696,17.4000,-17.40,-18.27,-18.71,STOP
C-F12-1b,2026-05-13,2026-05-13 09:31:00,-1,-0.00158283,15.2250,50.75,49.88,49.45,TIME
C-F12-1b,2026-05-14,2026-05-14 09:31:00,-1,-0.00389869,18.8438,-18.84,-19.71,-20.15,STOP
C-F12-1b,2026-05-15,2026-05-15 09:31:00,-1,-0.0166087,25.5000,-25.50,-26.37,-26.80,STOP
C-F12-1b,2026-05-18,2026-05-18 09:31:00,1,0.000324734,23.5688,-23.57,-24.44,-24.87,STOP
C-F12-1b,2026-05-19,2026-05-19 09:31:00,-1,-0.0029183,31.1813,-31.18,-32.05,-32.49,STOP
C-F12-1b,2026-05-20,2026-05-20 09:31:00,1,0.00532435,18.6562,-18.66,-19.53,-19.96,STOP
C-F12-1b,2026-05-21,2026-05-21 09:31:00,1,0.0038764,20.6250,-20.62,-21.50,-21.93,STOP
C-F12-1b,2026-05-22,2026-05-22 09:31:00,1,0.00857832,20.2687,-20.27,-21.14,-21.57,STOP
C-F12-1b,2026-05-25,2026-05-25 09:31:00,1,0.00250833,6.6938,2.25,1.38,0.95,TIME
C-F12-1b,2026-05-26,2026-05-26 09:31:00,1,0.00653888,11.5875,-11.59,-12.46,-12.89,STOP
C-F12-1b,2026-05-27,2026-05-27 09:31:00,1,0.00628475,18.3750,-18.38,-19.25,-19.68,STOP
C-F12-1b,2026-05-28,2026-05-28 09:31:00,-1,-0.0163667,17.1938,-17.19,-18.06,-18.50,STOP
C-F12-1b,2026-05-29,2026-05-29 09:31:00,1,0.00355985,12.6000,-12.60,-13.47,-13.90,STOP
C-F12-1b,2026-06-01,2026-06-01 09:31:00,1,0.00269385,43.2562,-43.26,-44.13,-44.56,STOP
C-F12-1b,2026-06-02,2026-06-02 09:31:00,-1,-0.00648698,18.8625,-18.86,-19.73,-20.17,STOP
C-F12-1b,2026-06-03,2026-06-03 09:31:00,-1,-0.00218292,15.9562,-15.96,-16.83,-17.26,STOP
C-F12-1b,2026-06-04,2026-06-04 09:31:00,-1,-0.00961553,20.4562,-20.46,-21.33,-21.76,STOP
C-F12-1b,2026-06-05,2026-06-05 09:31:00,-1,-0.0143888,25.2188,-25.22,-26.09,-26.52,STOP
C-F12-1b,2026-06-08,2026-06-08 09:31:00,1,0.00979688,23.9813,-23.98,-24.85,-25.29,STOP
C-F12-1b,2026-06-09,2026-06-09 09:31:00,1,0.00663737,18.5250,-18.53,-19.40,-19.83,STOP
C-F12-1b,2026-06-10,2026-06-10 09:31:00,-1,-0.00550424,30.9000,-30.90,-31.77,-32.21,STOP
C-F12-1b,2026-06-11,2026-06-11 09:31:00,1,0.0103233,26.4562,-26.46,-27.33,-27.76,STOP
C-F12-1b,2026-06-12,2026-06-12 09:31:00,-1,-0.0075489,27.8063,-27.81,-28.68,-29.11,STOP
C-F12-1b,2026-06-15,2026-06-15 09:31:00,1,0.00727897,17.7563,-17.76,-18.63,-19.06,STOP
C-F12-1b,2026-06-16,2026-06-16 09:31:00,1,0.00950338,17.4750,-17.47,-18.34,-18.78,STOP
C-F12-1b,2026-06-17,2026-06-17 09:31:00,1,0.00961415,19.5938,-19.59,-20.46,-20.90,STOP
C-F12-1b,2026-06-18,2026-06-18 09:31:00,1,0.00408535,25.8937,-25.89,-26.76,-27.20,STOP
C-F12-1b,2026-06-19,2026-06-19 09:31:00,-1,-0.0134624,13.6500,-13.65,-14.52,-14.96,STOP
C-F12-1b,2026-06-22,2026-06-22 09:31:00,1,0.00714747,19.4625,-19.46,-20.33,-20.77,STOP
C-F12-1b,2026-06-23,2026-06-23 09:31:00,-1,-0.0161926,34.0500,-34.05,-34.92,-35.35,STOP
C-F12-1b,2026-06-24,2026-06-24 09:31:00,1,0.000647128,29.8125,-29.81,-30.68,-31.12,STOP
C-F12-1b,2026-06-25,2026-06-25 09:31:00,1,0.00351256,22.1812,-22.18,-23.05,-23.49,STOP
C-F12-1b,2026-06-26,2026-06-26 09:31:00,-1,-0.00761608,40.6875,-40.69,-41.56,-41.99,STOP
C-F12-1b,2026-06-29,2026-06-29 09:31:00,1,0.00162411,19.6500,-19.65,-20.52,-20.96,STOP
C-F12-1b,2026-06-30,2026-06-30 09:31:00,1,0.00223374,22.8188,363.75,362.88,362.44,TIME
C-F12-1b,2026-07-01,2026-07-01 09:31:00,-1,-0.0015193,34.5938,-34.59,-35.46,-35.90,STOP
C-F12-1b,2026-07-02,2026-07-02 09:31:00,-1,-0.00265731,30.5438,-30.54,-31.41,-31.85,STOP
C-F12-1b,2026-07-03,2026-07-03 09:31:00,1,0.00030236,12.2250,-12.22,-13.09,-13.53,STOP
C-F12-1b,2026-07-06,2026-07-06 09:31:00,-1,-0.00323968,21.8625,-21.86,-22.73,-23.17,STOP
C-F12-1b,2026-07-07,2026-07-07 09:31:00,-1,-0.0086854,20.8312,-20.83,-21.70,-22.14,STOP
C-F12-1b,2026-07-08,2026-07-08 09:31:00,-1,-0.00314984,31.7250,-31.72,-32.59,-33.03,STOP
C-F12-1b,2026-07-09,2026-07-09 09:31:00,1,0.0110147,20.1000,-20.10,-20.97,-21.40,STOP
C-F12-1b,2026-07-10,2026-07-10 09:31:00,-1,-0.00559325,20.2875,-20.29,-21.16,-21.59,STOP
C-F12-1b,2026-07-13,2026-07-13 09:31:00,-1,-0.00329466,18.9375,-18.94,-19.81,-20.24,STOP
C-F12-1b,2026-07-14,2026-07-14 09:31:00,1,0.00883222,23.6625,-23.66,-24.53,-24.97,STOP
C-F12-1b,2026-07-15,2026-07-15 09:31:00,1,0.0106613,16.2938,-16.29,-17.16,-17.60,STOP
C-F12-1b,2026-07-16,2026-07-16 09:31:00,-1,-0.00111618,20.3250,-20.33,-21.20,-21.63,STOP
C-F12-1b,2026-07-17,2026-07-17 09:31:00,-1,-0.00743003,26.6813,-26.68,-27.55,-27.99,STOP
C-F12-1b,2026-07-20,2026-07-20 09:31:00,1,0.0027319,17.2313,-17.23,-18.10,-18.54,STOP
C-F12-1b,2026-07-21,2026-07-21 09:31:00,1,0.00666176,14.1375,-14.14,-15.01,-15.44,STOP
C-F12-1b,2026-07-22,2026-07-22 09:31:00,-1,-0.0100606,15.7313,-15.73,-16.60,-17.04,STOP
C-F12-1b,2026-07-23,2026-07-23 09:31:00,-1,-0.00439695,26.7000,-26.70,-27.57,-28.01,STOP
C-F12-1b,2026-07-24,2026-07-24 09:31:00,-1,-0.00570292,21.9562,-21.96,-22.83,-23.26,STOP
C-F12-1b,2026-07-27,2026-07-27 09:31:00,1,0.00760546,18.3937,-18.39,-19.26,-19.70,STOP
C-F12-1b,2026-07-28,2026-07-28 09:31:00,-1,-0.00791589,24.7875,-24.79,-25.66,-26.09,STOP
C-F12-1b,2026-07-29,2026-07-29 09:31:00,-1,-0.000322621,24.2250,-24.22,-25.09,-25.53,STOP
C-F12-1b,2026-07-30,2026-07-30 09:31:00,1,0.00353105,24.4500,-24.45,-25.32,-25.76,STOP
C-F12-1b,2026-07-31,2026-07-31 09:31:00,-1,-0.00192444,20.9062,-20.91,-21.78,-22.21,STOP
C-F12-1b,2026-08-03,2026-08-03 09:31:00,-1,-0.00417316,26.9625,-26.96,-27.83,-28.27,STOP
C-F12-1b,2026-08-04,2026-08-04 09:31:00,1,0.00405753,23.1562,-23.16,-24.03,-24.46,STOP
C-F12-1b,2026-08-05,2026-08-05 09:31:00,1,0.000457683,18.3750,-18.38,-19.25,-19.68,STOP
C-F12-1b,2026-08-06,2026-08-06 09:31:00,-1,-0.00542374,22.7625,-22.76,-23.63,-24.07,STOP
C-F12-1b,2026-08-07,2026-08-07 09:31:00,1,0.00750576,26.1562,-26.16,-27.03,-27.46,STOP
C-F12-1b,2026-08-10,2026-08-10 09:31:00,-1,-0.00801287,19.2938,-19.29,-20.16,-20.60,STOP
C-F12-1b,2026-08-11,2026-08-11 09:31:00,1,0.00388129,14.4937,-14.49,-15.36,-15.80,STOP
C-F12-1b,2026-08-12,2026-08-12 09:31:00,1,0.0077294,15.3750,-15.38,-16.25,-16.68,STOP
C-F12-1b,2026-08-13,2026-08-13 09:31:00,1,0.00377193,11.1750,-11.17,-12.04,-12.48,STOP
C-F12-1b,2026-08-14,2026-08-14 09:31:00,1,0.00149299,13.0875,-13.09,-13.96,-14.39,STOP
C-F12-1b,2026-08-17,2026-08-17 09:31:00,1,0.00288857,13.0875,-13.09,-13.96,-14.39,STOP
C-F12-2,2025-08-19,2025-08-19 09:31:00,-1,-0.012059,7.4062,-7.41,-8.28,-8.71,STOP
C-F12-2,2025-08-20,2025-08-20 09:31:00,-1,-0.00409535,10.5000,251.50,250.63,250.19,TIME
C-F12-2,2025-08-21,2025-08-21 09:31:00,-1,-0.0289831,12.8813,-12.88,-13.75,-14.19,STOP
C-F12-2,2025-08-22,2025-08-22 09:31:00,1,0.00522105,9.1313,-9.13,-10.00,-10.44,STOP
C-F12-2,2025-08-25,2025-08-25 09:31:00,1,0.0153116,7.7812,-7.78,-8.65,-9.09,STOP
C-F12-2,2025-08-26,2025-08-26 09:31:00,-1,-0.00794568,6.1313,-6.13,-7.00,-7.44,STOP
C-F12-2,2025-08-27,2025-08-27 09:31:00,-1,-0.0539057,10.4250,-10.42,-11.29,-11.73,STOP
C-F12-2,2025-08-28,2025-08-28 09:31:00,-1,-0.0129823,7.7812,-7.78,-8.65,-9.09,STOP
C-F12-2,2025-08-29,2025-08-29 09:31:00,1,0.00665486,10.4625,-10.46,-11.33,-11.77,STOP
C-F12-2,2025-09-01,2025-09-01 09:31:00,1,0.0256257,5.0813,-5.08,-5.95,-6.39,STOP
C-F12-2,2025-09-02,2025-09-02 09:31:00,-1,-0.0435819,15.3750,-15.38,-16.25,-16.68,STOP
C-F12-2,2025-09-03,2025-09-03 09:31:00,1,0.00790599,10.7063,-10.71,-11.58,-12.01,STOP
C-F12-2,2025-09-04,2025-09-04 09:31:00,1,0.00738177,9.2812,-9.28,-10.15,-10.59,STOP
C-F12-2,2025-09-05,2025-09-05 09:31:00,1,0.0203744,15.1500,-15.15,-16.02,-16.46,STOP
C-F12-2,2025-09-08,2025-09-08 09:31:00,1,0.0104027,9.2812,-9.28,-10.15,-10.59,STOP
C-F12-2,2025-09-09,2025-09-09 09:31:00,-1,-0.0323019,10.4250,-10.42,-11.29,-11.73,STOP
C-F12-2,2025-09-10,2025-09-10 09:31:00,1,0.0185791,9.9937,-9.99,-10.86,-11.30,STOP
C-F12-2,2025-09-11,2025-09-11 09:31:00,1,0.00709536,11.1938,-11.19,-12.06,-12.50,STOP
C-F12-2,2025-09-12,2025-09-12 09:31:00,-1,-0.0138058,5.7750,-5.78,-6.65,-7.08,STOP
C-F12-2,2025-09-15,2025-09-15 09:31:00,1,0.0283202,7.3687,84.25,83.38,82.94,TIME
C-F12-2,2025-09-16,2025-09-16 09:31:00,-1,-0.0203877,8.6625,-8.66,-9.53,-9.97,STOP
C-F12-2,2025-09-17,2025-09-17 09:31:00,1,0.0295017,6.9375,-6.94,-7.81,-8.24,STOP
C-F12-2,2025-09-18,2025-09-18 09:31:00,-1,-0.028353,13.0688,-13.07,-13.94,-14.37,STOP
C-F12-2,2025-09-19,2025-09-19 09:31:00,1,0.0351411,11.0625,-11.06,-11.93,-12.37,STOP
C-F12-2,2025-09-22,2025-09-22 09:31:00,1,0.0106264,7.3125,57.25,56.38,55.95,TIME
C-F12-2,2025-09-23,2025-09-23 09:31:00,-1,-0.0154638,6.5063,-6.51,-7.38,-7.81,STOP
C-F12-2,2025-09-24,2025-09-24 09:31:00,-1,-0.0250502,6.6750,-6.67,-7.54,-7.98,STOP
C-F12-2,2025-09-25,2025-09-25 09:31:00,-1,-0.0208477,15.1313,124.00,123.13,122.69,TIME
C-F12-2,2025-09-26,2025-09-26 09:31:00,-1,-0.00611501,12.7125,-12.71,-13.58,-14.02,STOP
C-F12-2,2025-09-29,2025-09-29 09:31:00,-1,-0.0213785,9.5437,-9.54,-10.41,-10.85,STOP
C-F12-2,2025-09-30,2025-09-30 09:31:00,1,0.0304743,8.9250,-8.92,-9.79,-10.23,STOP
C-F12-2,2025-10-01,2025-10-01 09:31:00,-1,-0.0273011,9.4125,-9.41,-10.28,-10.72,STOP
C-F12-2,2025-10-02,2025-10-02 09:31:00,1,0.00691769,6.6000,-6.60,-7.47,-7.90,STOP
C-F12-2,2025-10-03,2025-10-03 09:31:00,-1,-0.00309631,8.2500,-8.25,-9.12,-9.55,STOP
C-F12-2,2025-10-06,2025-10-06 09:31:00,-1,-0.00089375,9.8062,58.50,57.63,57.20,TIME
C-F12-2,2025-10-07,2025-10-07 09:31:00,1,0.0123326,9.4125,-9.41,-10.28,-10.72,STOP
C-F12-2,2025-10-08,2025-10-08 09:31:00,-1,-0.00334862,8.3250,-8.33,-9.20,-9.63,STOP
C-F12-2,2025-10-09,2025-10-09 09:31:00,1,0.0135103,8.2688,-8.27,-9.14,-9.57,STOP
C-F12-2,2025-10-10,2025-10-10 09:31:00,-1,-0.018413,8.7750,-8.78,-9.65,-10.08,STOP
C-F12-2,2025-10-13,2025-10-13 09:31:00,1,0.00142252,20.4375,-20.44,-21.31,-21.74,STOP
C-F12-2,2025-10-14,2025-10-14 09:31:00,-1,-0.0147599,18.9562,62.75,61.88,61.45,TIME
C-F12-2,2025-10-15,2025-10-15 09:31:00,1,0.0100403,11.2500,-11.25,-12.12,-12.55,STOP
C-F12-2,2025-10-16,2025-10-16 09:31:00,-1,-0.0157985,11.6250,-11.62,-12.49,-12.93,STOP
C-F12-2,2025-10-17,2025-10-17 09:31:00,-1,-0.000468253,23.6437,-23.64,-24.51,-24.95,STOP
C-F12-2,2025-10-20,2025-10-20 09:31:00,1,0.00961681,10.1812,104.00,103.13,102.69,TIME
C-F12-2,2025-10-21,2025-10-21 09:31:00,-1,-0.0058548,11.6812,66.25,65.38,64.94,TIME
C-F12-2,2025-10-22,2025-10-22 09:31:00,1,0.0291005,8.1938,-8.19,-9.06,-9.50,STOP
C-F12-2,2025-10-23,2025-10-23 09:31:00,1,0.0202658,13.6500,-13.65,-14.52,-14.96,STOP
C-F12-2,2025-10-24,2025-10-24 09:31:00,1,0.0164734,11.4563,-11.46,-12.33,-12.76,STOP
C-F12-2,2025-10-27,2025-10-27 09:31:00,-1,-0.00879056,9.9000,-9.90,-10.77,-11.21,STOP
C-F12-2,2025-10-28,2025-10-28 09:31:00,1,0.0494305,9.8438,-9.84,-10.71,-11.15,STOP
C-F12-2,2025-10-29,2025-10-29 09:31:00,1,0.000678835,8.5125,-8.51,-9.38,-9.82,STOP
C-F12-2,2025-10-30,2025-10-30 09:31:00,-1,-0.0384078,19.1625,-19.16,-20.03,-20.47,STOP
C-F12-2,2025-10-31,2025-10-31 09:31:00,-1,-0.00184246,12.1500,96.75,95.88,95.44,TIME
C-F12-2,2025-11-03,2025-11-03 09:31:00,1,0.0295803,11.4563,-11.46,-12.33,-12.76,STOP
C-F12-2,2025-11-04,2025-11-04 09:31:00,1,0.00501263,18.0750,-18.08,-18.95,-19.38,STOP
C-F12-2,2025-11-05,2025-11-05 09:31:00,-1,-0.00986968,15.6562,-15.66,-16.53,-16.96,STOP
C-F12-2,2025-11-06,2025-11-06 09:31:00,-1,-0.0499955,17.0063,160.50,159.63,159.19,TIME
C-F12-2,2025-11-07,2025-11-07 09:31:00,-1,-0.000390004,19.8375,103.75,102.88,102.44,TIME
C-F12-2,2025-11-10,2025-11-10 09:31:00,-1,-0.0128811,13.9875,-13.99,-14.86,-15.29,STOP
C-F12-2,2025-11-11,2025-11-11 09:31:00,-1,-0.00234762,10.8750,-10.88,-11.74,-12.18,STOP
C-F12-2,2025-11-12,2025-11-12 09:31:00,-1,-0.0209303,8.5500,184.25,183.38,182.94,TIME
C-F12-2,2025-11-13,2025-11-13 09:31:00,-1,-0.0442939,21.3375,-21.34,-22.21,-22.64,STOP
C-F12-2,2025-11-14,2025-11-14 09:31:00,1,0.00164817,22.1250,-22.12,-23.00,-23.43,STOP
C-F12-2,2025-11-17,2025-11-17 09:31:00,-1,-0.0326096,18.9562,-18.96,-19.83,-20.26,STOP
C-F12-2,2025-11-18,2025-11-18 09:31:00,1,0.00904875,23.6063,-23.61,-24.48,-24.91,STOP
C-F12-2,2025-11-19,2025-11-19 09:31:00,-1,-0.0191491,18.8625,-18.86,-19.73,-20.17,STOP
C-F12-2,2025-11-20,2025-11-20 09:31:00,1,0.0167157,20.3813,-20.38,-21.25,-21.69,STOP
C-F12-2,2025-11-21,2025-11-21 09:31:00,-1,-0.00812429,24.4313,-24.43,-25.30,-25.74,STOP
C-F12-2,2025-11-24,2025-11-24 09:31:00,-1,-0.0188999,16.3500,-16.35,-17.22,-17.65,STOP
C-F12-2,2025-11-25,2025-11-25 09:31:00,-1,-0.0297553,14.8125,-14.81,-15.68,-16.12,STOP
C-F12-2,2025-11-26,2025-11-26 09:31:00,1,0.0233787,16.8000,-16.80,-17.67,-18.10,STOP
C-F12-2,2025-11-27,2025-11-27 09:31:00,-1,-0.0294153,6.5063,-6.51,-7.38,-7.81,STOP
C-F12-2,2025-12-01,2025-12-01 09:31:00,1,0.020242,14.6063,-14.61,-15.48,-15.91,STOP
C-F12-2,2025-12-02,2025-12-02 09:31:00,1,0.00109651,9.7875,-9.79,-10.66,-11.09,STOP
C-F12-2,2025-12-03,2025-12-03 09:31:00,-1,-0.024225,33.0563,-33.06,-33.93,-34.36,STOP
C-F12-2,2025-12-04,2025-12-04 09:31:00,1,0.0269618,13.9312,-13.93,-14.80,-15.24,STOP
C-F12-2,2025-12-05,2025-12-05 09:31:00,-1,-0.0193818,11.1000,-11.10,-11.97,-12.40,STOP
C-F12-2,2025-12-08,2025-12-08 09:31:00,1,0.00428237,12.1313,-12.13,-13.00,-13.44,STOP
C-F12-2,2025-12-09,2025-12-09 09:31:00,-1,-0.0428424,13.8937,-13.89,-14.76,-15.20,STOP
C-F12-2,2025-12-10,2025-12-10 09:31:00,-1,-0.00909504,10.6875,-10.69,-11.56,-11.99,STOP
C-F12-2,2025-12-11,2025-12-11 09:31:00,-1,-0.0232797,12.3188,229.50,228.63,228.19,TIME
C-F12-2,2025-12-12,2025-12-12 09:31:00,1,0.0124653,16.4438,-16.44,-17.31,-17.75,STOP
C-F12-2,2025-12-15,2025-12-15 09:31:00,1,0.0266135,11.4750,-11.47,-12.34,-12.78,STOP
C-F12-2,2025-12-16,2025-12-16 09:31:00,-1,-0.0171029,19.1812,-19.18,-20.05,-20.49,STOP
C-F12-2,2025-12-17,2025-12-17 09:31:00,-1,-0.00764982,15.3937,-15.39,-16.26,-16.70,STOP
C-F12-2,2025-12-18,2025-12-18 09:31:00,1,0.0231729,15.8813,-15.88,-16.75,-17.19,STOP
C-F12-2,2025-12-19,2025-12-19 09:31:00,1,0.0176397,20.7375,193.50,192.63,192.19,TIME
C-F12-2,2025-12-22,2025-12-22 09:31:00,1,0.0546182,8.7000,-8.70,-9.57,-10.01,STOP
C-F12-2,2025-12-23,2025-12-23 09:31:00,-1,-0.0203678,10.8750,-10.88,-11.74,-12.18,STOP
C-F12-2,2025-12-24,2025-12-24 09:31:00,-1,-0.0180672,7.5000,-7.50,-8.37,-8.80,STOP
C-F12-2,2025-12-26,2025-12-26 09:31:00,1,0.00948154,7.3875,-7.39,-8.26,-8.69,STOP
C-F12-2,2025-12-29,2025-12-29 09:31:00,-1,-0.046282,15.7500,-15.75,-16.62,-17.05,STOP
C-F12-2,2025-12-30,2025-12-30 09:31:00,-1,-0.0358438,8.7937,-8.79,-9.66,-10.10,STOP
C-F12-2,2025-12-31,2025-12-31 09:31:00,1,0.0218732,8.6062,-8.61,-9.48,-9.91,STOP
C-F12-2,2026-01-02,2026-01-02 09:31:00,-1,-0.0165155,12.1500,-12.15,-13.02,-13.46,STOP
C-F12-2,2026-01-05,2026-01-05 09:31:00,1,0.0153525,12.2250,-12.22,-13.09,-13.53,STOP
C-F12-2,2026-01-06,2026-01-06 09:31:00,1,0.00538664,11.1938,-11.19,-12.06,-12.50,STOP
C-F12-2,2026-01-07,2026-01-07 09:31:00,1,0.0179204,9.9187,-9.92,-10.79,-11.22,STOP
C-F12-2,2026-01-08,2026-01-08 09:31:00,-1,-0.0150169,11.1375,-11.14,-12.01,-12.44,STOP
C-F12-2,2026-01-09,2026-01-09 09:31:00,-1,-0.0163766,21.8438,-21.84,-22.71,-23.15,STOP
C-F12-2,2026-01-12,2026-01-12 09:31:00,-1,-0.0447316,13.3500,-13.35,-14.22,-14.65,STOP
C-F12-2,2026-01-13,2026-01-13 09:31:00,1,0.00337998,13.0500,-13.05,-13.92,-14.35,STOP
C-F12-2,2026-01-14,2026-01-14 09:31:00,-1,-0.00917578,15.4688,-15.47,-16.34,-16.77,STOP
C-F12-2,2026-01-15,2026-01-15 09:31:00,1,0.0345815,15.1500,-15.15,-16.02,-16.46,STOP
C-F12-2,2026-01-16,2026-01-16 09:31:00,1,0.0313736,14.7750,-14.78,-15.65,-16.08,STOP
C-F12-2,2026-01-19,2026-01-19 09:31:00,-1,-0.0287542,13.3125,-13.31,-14.18,-14.62,STOP
C-F12-2,2026-01-20,2026-01-20 09:31:00,-1,-0.0135056,18.8813,-18.88,-19.75,-20.19,STOP
C-F12-2,2026-01-21,2026-01-21 09:31:00,1,0.0154226,41.3625,-41.36,-42.23,-42.67,STOP
C-F12-2,2026-01-22,2026-01-22 09:31:00,1,0.0119522,13.0875,-13.09,-13.96,-14.39,STOP
C-F12-2,2026-01-23,2026-01-23 09:31:00,-1,-0.0205414,14.6812,-14.68,-15.55,-15.99,STOP
C-F12-2,2026-01-26,2026-01-26 09:31:00,1,0.0216626,11.7188,-11.72,-12.59,-13.02,STOP
C-F12-2,2026-01-27,2026-01-27 09:31:00,1,0.00223297,12.0750,-12.08,-12.95,-13.38,STOP
C-F12-2,2026-01-28,2026-01-28 09:31:00,-1,-0.0254149,12.2625,-12.26,-13.13,-13.57,STOP
C-F12-2,2026-01-29,2026-01-29 09:31:00,-1,-0.0196122,14.8687,-14.87,-15.74,-16.17,STOP
C-F12-2,2026-01-30,2026-01-30 09:31:00,1,0.00259881,20.9062,-20.91,-21.78,-22.21,STOP
C-F12-2,2026-02-02,2026-02-02 09:31:00,1,0.00769785,15.2437,210.50,209.63,209.19,TIME
C-F12-2,2026-02-03,2026-02-03 09:31:00,-1,-0.0154579,12.2437,-12.24,-13.11,-13.55,STOP
C-F12-2,2026-02-04,2026-02-04 09:31:00,-1,-0.0150096,17.4562,185.50,184.63,184.19,TIME
C-F12-2,2026-02-05,2026-02-05 09:31:00,-1,-0.0121875,30.6562,-30.66,-31.53,-31.96,STOP
C-F12-2,2026-02-06,2026-02-06 09:31:00,-1,-0.0118258,21.2250,-21.22,-22.09,-22.53,STOP
C-F12-2,2026-02-09,2026-02-09 09:31:00,-1,-0.0200918,17.0812,-17.08,-17.95,-18.39,STOP
C-F12-2,2026-02-10,2026-02-10 09:31:00,1,0.000486665,10.7812,-10.78,-11.65,-12.09,STOP
C-F12-2,2026-02-11,2026-02-11 09:31:00,1,0.0317374,13.9125,-13.91,-14.78,-15.22,STOP
C-F12-2,2026-02-12,2026-02-12 09:31:00,-1,-0.0147573,11.6438,-11.64,-12.51,-12.95,STOP
C-F12-2,2026-02-13,2026-02-13 09:31:00,-1,-0.0129946,22.8750,-22.88,-23.75,-24.18,STOP
C-F12-2,2026-02-16,2026-02-16 09:31:00,-1,-0.0665674,20.8687,-5.50,-6.37,-6.80,TIME
C-F12-2,2026-02-17,2026-02-17 09:31:00,1,0.00392313,18.2812,-18.28,-19.15,-19.59,STOP
C-F12-2,2026-02-18,2026-02-18 09:31:00,-1,-0.0271867,14.9438,-14.94,-15.81,-16.25,STOP
C-F12-2,2026-02-19,2026-02-19 09:31:00,-1,-0.0225605,14.2125,-14.21,-15.08,-15.52,STOP
C-F12-2,2026-02-20,2026-02-20 09:31:00,-1,-0.0325743,20.7375,-20.74,-21.61,-22.04,STOP
C-F12-2,2026-02-23,2026-02-23 09:31:00,1,0.0231689,14.1000,-14.10,-14.97,-15.40,STOP
C-F12-2,2026-02-24,2026-02-24 09:31:00,-1,-0.00255625,13.8563,-13.86,-14.73,-15.16,STOP
C-F12-2,2026-02-25,2026-02-25 09:31:00,1,0.0150696,12.6000,183.00,182.13,181.69,TIME
C-F12-2,2026-02-26,2026-02-26 09:31:00,-1,-0.0207961,14.5125,148.25,147.38,146.94,TIME
C-F12-2,2026-02-27,2026-02-27 09:31:00,-1,-0.0232291,19.8750,-19.88,-20.75,-21.18,STOP
C-F12-2,2026-03-02,2026-03-02 09:31:00,-1,-0.0035426,18.0375,-18.04,-18.91,-19.34,STOP
C-F12-2,2026-03-03,2026-03-03 09:31:00,-1,-0.018521,29.3250,-29.33,-30.20,-30.63,STOP
C-F12-2,2026-03-04,2026-03-04 09:31:00,1,0.0139897,20.3062,-20.31,-21.18,-21.61,STOP
C-F12-2,2026-03-05,2026-03-05 09:31:00,-1,-0.00663899,21.9188,-21.92,-22.79,-23.22,STOP
C-F12-2,2026-03-06,2026-03-06 09:31:00,-1,-0.00649747,23.7750,-23.78,-24.65,-25.08,STOP
C-F12-2,2026-03-09,2026-03-09 09:31:00,1,0.00509497,24.4500,-24.45,-25.32,-25.76,STOP
C-F12-2,2026-03-10,2026-03-10 09:31:00,1,0.00669725,19.0688,-19.07,-19.94,-20.37,STOP
C-F12-2,2026-03-11,2026-03-11 09:31:00,1,0.0182039,18.6187,-18.62,-19.49,-19.92,STOP
C-F12-2,2026-03-12,2026-03-12 09:31:00,-1,-0.00687104,26.6437,-26.64,-27.51,-27.95,STOP
C-F12-2,2026-03-13,2026-03-13 09:31:00,1,0.00490686,17.8125,-17.81,-18.68,-19.12,STOP
C-F12-2,2026-03-16,2026-03-16 09:31:00,1,0.00570266,13.0312,-13.03,-13.90,-14.34,STOP
C-F12-2,2026-03-17,2026-03-17 09:31:00,1,0.0501255,15.8813,-15.88,-16.75,-17.19,STOP
C-F12-2,2026-03-18,2026-03-18 09:31:00,-1,-0.0133535,18.9562,-18.96,-19.83,-20.26,STOP
C-F12-2,2026-03-19,2026-03-19 09:31:00,-1,-0.0224168,32.3625,-32.36,-33.23,-33.67,STOP
C-F12-2,2026-03-20,2026-03-20 09:31:00,1,0.0154112,20.7938,-20.79,-21.66,-22.10,STOP
C-F12-2,2026-03-23,2026-03-23 09:31:00,1,0.010927,31.0312,-31.03,-31.90,-32.34,STOP
C-F12-2,2026-03-24,2026-03-24 09:31:00,-1,-0.0207438,25.1813,-25.18,-26.05,-26.49,STOP
C-F12-2,2026-03-25,2026-03-25 09:31:00,-1,-0.0167069,18.3937,-18.39,-19.26,-19.70,STOP
C-F12-2,2026-03-26,2026-03-26 09:31:00,1,0.00409687,17.2125,-17.21,-18.08,-18.52,STOP
C-F12-2,2026-03-27,2026-03-27 09:31:00,-1,-0.0098926,22.3125,171.00,170.13,169.69,TIME
C-F12-2,2026-03-30,2026-03-30 09:31:00,1,0.0255797,15.4125,-15.41,-16.28,-16.72,STOP
C-F12-2,2026-03-31,2026-03-31 09:31:00,1,0.00788291,17.9813,196.25,195.38,194.94,TIME
C-F12-2,2026-04-01,2026-04-01 09:31:00,-1,-0.0174333,24.3750,-24.38,-25.25,-25.68,STOP
C-F12-2,2026-04-02,2026-04-02 09:31:00,1,0.018436,19.7437,-19.74,-20.61,-21.05,STOP
C-F12-2,2026-04-06,2026-04-06 09:31:00,-1,-0.0265184,16.0500,-16.05,-16.92,-17.35,STOP
C-F12-2,2026-04-07,2026-04-07 09:31:00,1,0.00387774,19.4625,-19.46,-20.33,-20.77,STOP
C-F12-2,2026-04-08,2026-04-08 09:31:00,1,0.000808875,16.3125,-16.31,-17.18,-17.62,STOP
C-F12-2,2026-04-09,2026-04-09 09:31:00,1,0.0290831,13.0875,-13.09,-13.96,-14.39,STOP
C-F12-2,2026-04-10,2026-04-10 09:31:00,1,0.0200555,12.6000,-12.60,-13.47,-13.90,STOP
C-F12-2,2026-04-13,2026-04-13 09:31:00,1,0.0324991,12.6187,-12.62,-13.49,-13.92,STOP
C-F12-2,2026-04-14,2026-04-14 09:31:00,-1,-0.00956369,12.4312,-12.43,-13.30,-13.74,STOP
C-F12-2,2026-04-15,2026-04-15 09:31:00,-1,-0.00568088,12.2062,-12.21,-13.08,-13.51,STOP
C-F12-2,2026-04-16,2026-04-16 09:31:00,-1,-0.0102834,14.1750,119.50,118.63,118.19,TIME
C-F12-2,2026-04-17,2026-04-17 09:31:00,1,0.00560792,32.1375,-32.14,-33.01,-33.44,STOP
C-F12-2,2026-04-20,2026-04-20 09:31:00,1,0.0284927,14.7000,-14.70,-15.57,-16.01,STOP
C-F12-2,2026-04-21,2026-04-21 09:31:00,-1,-0.0228598,12.3563,-12.36,-13.23,-13.66,STOP
C-F12-2,2026-04-22,2026-04-22 09:31:00,1,0.0313125,20.2125,-20.21,-21.08,-21.52,STOP
C-F12-2,2026-04-23,2026-04-23 09:31:00,-1,-0.00207071,16.7250,-16.72,-17.59,-18.03,STOP
C-F12-2,2026-04-24,2026-04-24 09:31:00,-1,-0.0148035,17.4937,-17.49,-18.36,-18.80,STOP
C-F12-2,2026-04-27,2026-04-27 09:31:00,-1,-0.0419147,14.2687,-14.27,-15.14,-15.57,STOP
C-F12-2,2026-04-28,2026-04-28 09:31:00,1,0.0104394,19.6313,-19.63,-20.50,-20.94,STOP
C-F12-2,2026-04-29,2026-04-29 09:31:00,-1,-0.019846,16.1625,-16.16,-17.03,-17.47,STOP
C-F12-2,2026-04-30,2026-04-30 09:31:00,1,0.0192068,16.0688,-16.07,-16.94,-17.37,STOP
C-F12-2,2026-05-01,2026-05-01 09:31:00,1,0.0296975,13.7812,-13.78,-14.65,-15.09,STOP
C-F12-2,2026-05-04,2026-05-04 09:31:00,1,0.00826497,17.2500,-17.25,-18.12,-18.55,STOP
C-F12-2,2026-05-05,2026-05-05 09:31:00,1,0.034219,10.6875,-10.69,-11.56,-11.99,STOP
C-F12-2,2026-05-06,2026-05-06 09:31:00,-1,-0.0237697,24.1312,-24.13,-25.00,-25.44,STOP
C-F12-2,2026-05-07,2026-05-07 09:31:00,-1,-0.00420284,11.8313,-11.83,-12.70,-13.14,STOP
C-F12-2,2026-05-08,2026-05-08 09:31:00,-1,-0.0175064,19.8937,-19.89,-20.76,-21.20,STOP
C-F12-2,2026-05-11,2026-05-11 09:31:00,-1,-0.02271,16.1812,-16.18,-17.05,-17.49,STOP
C-F12-2,2026-05-12,2026-05-12 09:31:00,1,0.00852419,17.4000,-17.40,-18.27,-18.71,STOP
C-F12-2,2026-05-13,2026-05-13 09:31:00,-1,-0.0173946,15.2250,117.25,116.38,115.94,TIME
C-F12-2,2026-05-14,2026-05-14 09:31:00,-1,-0.0120231,18.8438,-18.84,-19.71,-20.15,STOP
C-F12-2,2026-05-15,2026-05-15 09:31:00,1,0.00743277,25.5000,-25.50,-26.37,-26.80,STOP
C-F12-2,2026-05-18,2026-05-18 09:31:00,1,0.0201348,23.5688,-23.57,-24.44,-24.87,STOP
C-F12-2,2026-05-19,2026-05-19 09:31:00,-1,-0.0222393,31.1813,-31.18,-32.05,-32.49,STOP
C-F12-2,2026-05-20,2026-05-20 09:31:00,-1,-0.0066071,18.6562,-18.66,-19.53,-19.96,STOP
C-F12-2,2026-05-21,2026-05-21 09:31:00,-1,-0.010109,20.6250,-20.62,-21.50,-21.93,STOP
C-F12-2,2026-05-22,2026-05-22 09:31:00,1,0.0180475,20.2687,-20.27,-21.14,-21.57,STOP
C-F12-2,2026-05-25,2026-05-25 09:31:00,-1,-0.0199833,6.6938,-6.69,-7.56,-8.00,STOP
C-F12-2,2026-05-26,2026-05-26 09:31:00,1,0.0127446,11.5875,-11.59,-12.46,-12.89,STOP
C-F12-2,2026-05-27,2026-05-27 09:31:00,-1,-0.00680489,18.3750,128.00,127.13,126.69,TIME
C-F12-2,2026-05-28,2026-05-28 09:31:00,1,0.0210214,17.1938,-17.19,-18.06,-18.50,STOP
C-F12-2,2026-05-29,2026-05-29 09:31:00,-1,-0.00995717,12.6000,-12.60,-13.47,-13.90,STOP
C-F12-2,2026-06-01,2026-06-01 09:31:00,-1,-0.0368227,43.2562,-43.26,-44.13,-44.56,STOP
C-F12-2,2026-06-02,2026-06-02 09:31:00,-1,-0.00903501,18.8625,-18.86,-19.73,-20.17,STOP
C-F12-2,2026-06-03,2026-06-03 09:31:00,-1,-0.0117161,15.9562,-15.96,-16.83,-17.26,STOP
C-F12-2,2026-06-04,2026-06-04 09:31:00,-1,-0.00502026,20.4562,-20.46,-21.33,-21.76,STOP
C-F12-2,2026-06-05,2026-06-05 09:31:00,-1,-0.0185941,25.2188,-25.22,-26.09,-26.52,STOP
C-F12-2,2026-06-08,2026-06-08 09:31:00,1,0.00409043,23.9813,-23.98,-24.85,-25.29,STOP
C-F12-2,2026-06-09,2026-06-09 09:31:00,1,0.0109902,18.5250,-18.53,-19.40,-19.83,STOP
C-F12-2,2026-06-10,2026-06-10 09:31:00,1,0.00463417,30.9000,-30.90,-31.77,-32.21,STOP
C-F12-2,2026-06-11,2026-06-11 09:31:00,-1,-0.00740887,26.4562,-26.46,-27.33,-27.76,STOP
C-F12-2,2026-06-12,2026-06-12 09:31:00,-1,-0.00292036,27.8063,144.50,143.63,143.19,TIME
C-F12-2,2026-06-15,2026-06-15 09:31:00,1,0.00634602,17.7563,-17.76,-18.63,-19.06,STOP
C-F12-2,2026-06-16,2026-06-16 09:31:00,-1,-0.0167292,17.4750,-17.47,-18.34,-18.78,STOP
C-F12-2,2026-06-17,2026-06-17 09:31:00,1,0.0186631,19.5938,-19.59,-20.46,-20.90,STOP
C-F12-2,2026-06-18,2026-06-18 09:31:00,1,0.0237886,25.8937,-25.89,-26.76,-27.20,STOP
C-F12-2,2026-06-19,2026-06-19 09:31:00,-1,-0.00615199,13.6500,-13.65,-14.52,-14.96,STOP
C-F12-2,2026-06-22,2026-06-22 09:31:00,1,0.00164585,19.4625,-19.46,-20.33,-20.77,STOP
C-F12-2,2026-06-23,2026-06-23 09:31:00,-1,-0.0225863,34.0500,-34.05,-34.92,-35.35,STOP
C-F12-2,2026-06-24,2026-06-24 09:31:00,-1,-0.0222081,29.8125,-29.81,-30.68,-31.12,STOP
C-F12-2,2026-06-25,2026-06-25 09:31:00,1,0.00273186,22.1812,-22.18,-23.05,-23.49,STOP
C-F12-2,2026-06-26,2026-06-26 09:31:00,-1,-0.00474539,40.6875,-40.69,-41.56,-41.99,STOP
C-F12-2,2026-06-29,2026-06-29 09:31:00,-1,-0.00365915,19.6500,-19.65,-20.52,-20.96,STOP
C-F12-2,2026-06-30,2026-06-30 09:31:00,-1,-0.0202986,22.8188,-22.82,-23.69,-24.12,STOP
C-F12-2,2026-07-01,2026-07-01 09:31:00,-1,-0.0134111,34.5938,-34.59,-35.46,-35.90,STOP
C-F12-2,2026-07-02,2026-07-02 09:31:00,1,0.00749204,30.5438,-30.54,-31.41,-31.85,STOP
C-F12-2,2026-07-03,2026-07-03 09:31:00,1,0.00359919,12.2250,-12.22,-13.09,-13.53,STOP
C-F12-2,2026-07-06,2026-07-06 09:31:00,-1,-0.0178854,21.8625,-21.86,-22.73,-23.17,STOP
C-F12-2,2026-07-07,2026-07-07 09:31:00,-1,-0.0100693,20.8312,-20.83,-21.70,-22.14,STOP
C-F12-2,2026-07-08,2026-07-08 09:31:00,1,0.00810796,31.7250,163.75,162.88,162.44,TIME
C-F12-2,2026-07-09,2026-07-09 09:31:00,1,0.0128874,20.1000,-20.10,-20.97,-21.40,STOP
C-F12-2,2026-07-10,2026-07-10 09:31:00,1,0.00618041,20.2875,-20.29,-21.16,-21.59,STOP
C-F12-2,2026-07-13,2026-07-13 09:31:00,-1,-0.00834771,18.9375,-18.94,-19.81,-20.24,STOP
C-F12-2,2026-07-14,2026-07-14 09:31:00,1,0.0230026,23.6625,-23.66,-24.53,-24.97,STOP
C-F12-2,2026-07-15,2026-07-15 09:31:00,-1,-0.0034618,16.2938,-16.29,-17.16,-17.60,STOP
C-F12-2,2026-07-16,2026-07-16 09:31:00,1,0.00609589,20.3250,-20.33,-21.20,-21.63,STOP
C-F12-2,2026-07-17,2026-07-17 09:31:00,-1,-0.00951144,26.6813,-26.68,-27.55,-27.99,STOP
C-F12-2,2026-07-20,2026-07-20 09:31:00,-1,-0.00909738,17.2313,-17.23,-18.10,-18.54,STOP
C-F12-2,2026-07-21,2026-07-21 09:31:00,1,0.0215631,14.1375,-14.14,-15.01,-15.44,STOP
C-F12-2,2026-07-22,2026-07-22 09:31:00,1,0.00384637,15.7313,188.00,187.13,186.69,TIME
C-F12-2,2026-07-23,2026-07-23 09:31:00,-1,-0.0177135,26.7000,-26.70,-27.57,-28.01,STOP
C-F12-2,2026-07-24,2026-07-24 09:31:00,-1,-0.0141142,21.9562,-21.96,-22.83,-23.26,STOP
C-F12-2,2026-07-27,2026-07-27 09:31:00,-1,-0.00803449,18.3937,-18.39,-19.26,-19.70,STOP
C-F12-2,2026-07-28,2026-07-28 09:31:00,-1,-0.00813024,24.7875,-24.79,-25.66,-26.09,STOP
C-F12-2,2026-07-29,2026-07-29 09:31:00,-1,-0.0105617,24.2250,-24.22,-25.09,-25.53,STOP
C-F12-2,2026-07-30,2026-07-30 09:31:00,1,0.00945233,24.4500,-24.45,-25.32,-25.76,STOP
C-F12-2,2026-07-31,2026-07-31 09:31:00,-1,-0.00407764,20.9062,-20.91,-21.78,-22.21,STOP
C-F12-2,2026-08-03,2026-08-03 09:31:00,1,0.0032362,26.9625,-26.96,-27.83,-28.27,STOP
C-F12-2,2026-08-04,2026-08-04 09:31:00,1,0.0114531,23.1562,-23.16,-24.03,-24.46,STOP
C-F12-2,2026-08-05,2026-08-05 09:31:00,-1,-0.00180653,18.3750,-18.38,-19.25,-19.68,STOP
C-F12-2,2026-08-06,2026-08-06 09:31:00,-1,-0.0231391,22.7625,-22.76,-23.63,-24.07,STOP
C-F12-2,2026-08-07,2026-08-07 09:31:00,1,0.00251773,26.1562,-26.16,-27.03,-27.46,STOP
C-F12-2,2026-08-10,2026-08-10 09:31:00,-1,-0.0307667,19.2938,-19.29,-20.16,-20.60,STOP
C-F12-2,2026-08-11,2026-08-11 09:31:00,-1,-0.0011235,14.4937,106.50,105.63,105.19,TIME
C-F12-2,2026-08-12,2026-08-12 09:31:00,1,0.0139589,15.3750,-15.38,-16.25,-16.68,STOP
C-F12-2,2026-08-13,2026-08-13 09:31:00,1,0.00931274,11.1750,-11.17,-12.04,-12.48,STOP
C-F12-2,2026-08-14,2026-08-14 09:31:00,-1,-0.0196834,13.0875,-13.09,-13.96,-14.39,STOP
C-F12-2,2026-08-17,2026-08-17 09:31:00,-1,-0.0201056,13.0875,-13.09,-13.96,-14.39,STOP
C-F08-1,2025-08-21,2025-08-21 11:14:00,1,0.00306895,21.9750,31.75,30.88,30.45,TIME
C-F08-1,2025-08-21,2025-08-21 11:31:00,1,0.00309593,26.9250,27.25,26.38,25.95,TIME
C-F08-1,2025-08-21,2025-08-21 11:47:00,1,0.00282637,21.0187,-21.02,-21.89,-22.32,STOP
C-F08-1,2025-08-21,2025-08-21 12:13:00,-1,-0.00285826,21.1500,-21.15,-22.02,-22.46,STOP
C-F08-1,2025-08-21,2025-08-21 13:20:00,1,0.00275558,19.2188,-19.22,-20.09,-20.52,STOP
C-F08-1,2025-08-21,2025-08-21 14:33:00,1,0.00303774,14.4375,-1.25,-2.12,-2.55,TIME
C-F08-1,2025-08-21,2025-08-21 14:49:00,1,0.00399838,15.4125,53.25,52.38,51.95,TIME
C-F08-1,2025-08-21,2025-08-21 15:05:00,1,0.00278154,15.5250,11.25,10.38,9.95,TIME
C-F08-1,2025-08-21,2025-08-21 15:21:00,1,0.00396485,12.5438,-12.54,-13.41,-13.85,STOP
C-F08-1,2025-08-22,2025-08-22 10:32:00,1,0.00611791,50.4750,54.75,53.88,53.45,TIME
C-F08-1,2025-08-22,2025-08-22 10:48:00,1,0.00809276,35.3812,-35.38,-36.25,-36.69,STOP
C-F08-1,2025-08-22,2025-08-22 11:07:00,1,0.00303178,26.1188,-26.12,-26.99,-27.42,STOP
C-F08-1,2025-08-22,2025-08-22 11:23:00,1,0.00353449,19.1250,-19.12,-20.00,-20.43,STOP
C-F08-1,2025-08-22,2025-08-22 12:22:00,1,0.00285465,19.8000,-19.80,-20.67,-21.10,STOP
C-F08-1,2025-08-22,2025-08-22 12:38:00,1,0.00323333,17.5312,-17.53,-18.40,-18.84,STOP
C-F08-1,2025-08-22,2025-08-22 12:54:00,1,0.00320762,14.5312,-14.53,-15.40,-15.84,STOP
C-F08-1,2025-08-22,2025-08-22 13:27:00,1,0.00319986,15.0562,-2.50,-3.37,-3.80,TIME
C-F08-1,2025-08-22,2025-08-22 13:43:00,1,0.00487518,12.8813,-1.50,-2.37,-2.80,TIME
C-F08-1,2025-08-22,2025-08-22 13:59:00,1,0.00395539,10.4438,8.50,7.63,7.20,TIME
C-F08-1,2025-08-22,2025-08-22 14:15:00,1,0.00602261,11.9250,-11.92,-12.79,-13.23,STOP
C-F08-1,2025-08-22,2025-08-22 14:37:00,-1,-0.00297726,11.0625,13.50,12.63,12.20,TIME
C-F08-1,2025-08-22,2025-08-22 15:08:00,-1,-0.0027269,10.3500,7.25,6.38,5.95,TIME
C-F08-1,2025-08-22,2025-08-22 15:25:00,-1,-0.00350856,9.3562,28.75,27.88,27.45,TIME
C-F08-1,2025-08-22,2025-08-22 15:41:00,-1,-0.00617385,11.0437,-11.04,-11.91,-12.35,STOP
C-F08-1,2025-08-25,2025-08-25 10:32:00,1,0.00333857,21.7687,-1.50,-2.37,-2.80,TIME
C-F08-1,2025-08-25,2025-08-25 10:48:00,1,0.0039483,19.4438,24.50,23.63,23.20,TIME
C-F08-1,2025-08-25,2025-08-25 11:04:00,1,0.00334725,17.3438,12.75,11.88,11.45,TIME
C-F08-1,2025-08-25,2025-08-25 11:20:00,1,0.00363857,14.3813,11.75,10.88,10.45,TIME
C-F08-1,2025-08-25,2025-08-25 11:36:00,1,0.0036163,11.0063,-11.01,-11.88,-12.31,STOP
C-F08-1,2025-08-25,2025-08-25 11:52:00,1,0.00516687,14.0625,-3.75,-4.62,-5.05,TIME
C-F08-1,2025-08-25,2025-08-25 12:08:00,1,0.00305949,11.9625,-11.96,-12.83,-13.27,STOP
C-F08-1,2025-08-25,2025-08-25 12:24:00,1,0.00415416,10.3313,-10.33,-11.20,-11.64,STOP
C-F08-1,2025-08-25,2025-08-25 12:55:00,1,0.00318859,9.3375,-9.34,-10.21,-10.64,STOP
C-F08-1,2025-08-25,2025-08-25 13:11:00,1,0.0045921,11.3813,-1.75,-2.62,-3.05,TIME
C-F08-1,2025-08-25,2025-08-25 13:45:00,1,0.00370972,10.7250,7.50,6.63,6.20,TIME
C-F08-1,2025-08-25,2025-08-25 14:23:00,-1,-0.00364696,8.7188,8.25,7.38,6.95,TIME
C-F08-1,2025-08-26,2025-08-26 10:32:00,-1,-0.00456894,19.3875,6.25,5.38,4.95,TIME
C-F08-1,2025-08-26,2025-08-26 13:09:00,-1,-0.00344958,9.4875,-5.75,-6.62,-7.05,TIME
C-F08-1,2025-08-26,2025-08-26 15:44:00,-1,-0.00316421,10.2000,-10.20,-11.07,-11.51,STOP
C-F08-1,2025-08-27,2025-08-27 10:56:00,1,0.00293638,13.0125,-13.01,-13.88,-14.32,STOP
C-F08-1,2025-08-27,2025-08-27 12:57:00,1,0.00320387,12.6375,-12.64,-13.51,-13.94,STOP
C-F08-1,2025-08-27,2025-08-27 13:13:00,1,0.00302368,10.5375,-10.54,-11.41,-11.84,STOP
C-F08-1,2025-08-27,2025-08-27 13:29:00,1,0.00499878,8.4937,11.00,10.13,9.70,TIME
C-F08-1,2025-08-27,2025-08-27 13:45:00,1,0.0049402,6.9187,5.75,4.88,4.45,TIME
C-F08-1,2025-08-27,2025-08-27 14:21:00,1,0.00308607,8.9438,-5.75,-6.62,-7.05,TIME
C-F08-1,2025-08-27,2025-08-27 14:40:00,1,0.00304611,6.4875,-6.49,-7.36,-7.79,STOP
C-F08-1,2025-08-27,2025-08-27 15:15:00,1,0.00308112,12.8062,-12.81,-13.68,-14.11,STOP
C-F08-1,2025-08-27,2025-08-27 15:31:00,1,0.00500806,17.1187,27.00,26.13,25.70,TIME
C-F08-1,2025-08-28,2025-08-28 10:32:00,1,0.00391258,26.7375,50.75,49.88,49.45,TIME
C-F08-1,2025-08-28,2025-08-28 10:48:00,1,0.00307836,24.1875,17.75,16.88,16.45,TIME
C-F08-1,2025-08-28,2025-08-28 11:05:00,1,0.00302327,17.1375,35.50,34.63,34.20,TIME
C-F08-1,2025-08-28,2025-08-28 12:17:00,1,0.00375441,12.2250,-12.22,-13.09,-13.53,STOP
C-F08-1,2025-08-28,2025-08-28 12:40:00,-1,-0.00315491,12.5625,-12.56,-13.43,-13.87,STOP
C-F08-1,2025-08-28,2025-08-28 13:30:00,1,0.00320267,9.1125,7.25,6.38,5.95,TIME
C-F08-1,2025-08-28,2025-08-28 13:46:00,1,0.00321008,9.8250,1.50,0.63,0.20,TIME
C-F08-1,2025-08-28,2025-08-28 14:03:00,1,0.00339807,7.9125,-7.91,-8.78,-9.22,STOP
C-F08-1,2025-08-28,2025-08-28 14:20:00,1,0.00311583,7.6500,13.25,12.38,11.95,TIME
C-F08-1,2025-08-29,2025-08-29 10:32:00,1,0.00586404,32.2687,-22.00,-22.87,-23.30,TIME
C-F08-1,2025-08-29,2025-08-29 10:48:00,1,0.00727686,26.1375,-26.14,-27.01,-27.44,STOP
C-F08-1,2025-08-29,2025-08-29 11:04:00,1,0.00536114,27.5062,29.25,28.38,27.95,TIME
C-F08-1,2025-08-29,2025-08-29 11:20:00,1,0.00459898,20.1562,-0.50,-1.37,-1.80,TIME
C-F08-1,2025-08-29,2025-08-29 11:36:00,1,0.00445212,18.1688,-12.25,-13.12,-13.55,TIME
C-F08-1,2025-08-29,2025-08-29 11:52:00,1,0.00315762,17.5688,-5.00,-5.87,-6.30,TIME
C-F08-1,2025-08-29,2025-08-29 12:08:00,1,0.00301477,17.1000,34.25,33.38,32.95,TIME
C-F08-1,2025-08-29,2025-08-29 12:54:00,1,0.00315747,10.6875,-10.69,-11.56,-11.99,STOP
C-F08-1,2025-08-29,2025-08-29 13:17:00,1,0.00303091,17.7563,36.00,35.13,34.70,TIME
C-F08-1,2025-08-29,2025-08-29 13:39:00,1,0.00322061,14.4562,43.75,42.88,42.45,TIME
C-F08-1,2025-08-29,2025-08-29 13:55:00,1,0.00357549,12.7125,-12.71,-13.58,-14.02,STOP
C-F08-1,2025-08-29,2025-08-29 14:11:00,1,0.00462547,13.9312,-13.93,-14.80,-15.24,STOP
C-F08-1,2025-08-29,2025-08-29 14:32:00,1,0.00422443,12.6375,-5.25,-6.12,-6.55,TIME
C-F08-1,2025-08-29,2025-08-29 14:54:00,1,0.00301147,10.7625,16.00,15.13,14.70,TIME
C-F08-1,2025-08-29,2025-08-29 15:20:00,1,0.00291364,9.9937,-9.99,-10.86,-11.30,STOP
C-F08-1,2025-09-01,2025-09-01 10:32:00,1,0.00773466,5.8500,-0.50,-1.37,-1.80,TIME
C-F08-1,2025-09-01,2025-09-01 10:48:00,1,0.00540105,4.6312,-4.63,-5.50,-5.94,STOP
C-F08-1,2025-09-01,2025-09-01 11:04:00,1,0.00763638,4.4625,-4.46,-5.33,-5.77,STOP
C-F08-1,2025-09-01,2025-09-01 11:20:00,1,0.00551973,5.6813,15.00,14.13,13.70,TIME
C-F08-1,2025-09-01,2025-09-01 11:39:00,1,0.0032074,5.0437,-5.04,-5.91,-6.35,STOP
C-F08-1,2025-09-01,2025-09-01 11:55:00,1,0.00396249,3.7125,-3.71,-4.58,-5.02,STOP
C-F08-1,2025-09-01,2025-09-01 12:16:00,-1,-0.00404839,4.1062,2.75,1.88,1.45,TIME
C-F08-1,2025-09-02,2025-09-02 10:43:00,1,0.00341173,31.5187,-31.52,-32.39,-32.82,STOP
C-F08-1,2025-09-02,2025-09-02 11:17:00,-1,-0.00358428,21.5812,19.75,18.88,18.45,TIME
C-F08-1,2025-09-02,2025-09-02 11:33:00,-1,-0.00558409,19.1063,42.25,41.38,40.95,TIME
C-F08-1,2025-09-02,2025-09-02 11:49:00,-1,-0.00692665,18.3188,-0.25,-1.12,-1.55,TIME
C-F08-1,2025-09-02,2025-09-02 12:05:00,-1,-0.00645098,17.5875,-17.59,-18.46,-18.89,STOP
C-F08-1,2025-09-02,2025-09-02 12:21:00,-1,-0.0045295,17.8875,11.25,10.38,9.95,TIME
C-F08-1,2025-09-02,2025-09-02 13:02:00,1,0.00330047,15.6562,-15.66,-16.53,-16.96,STOP
C-F08-1,2025-09-02,2025-09-02 13:18:00,1,0.00495931,13.0125,46.25,45.38,44.95,TIME
C-F08-1,2025-09-02,2025-09-02 13:34:00,1,0.00362613,15.8250,37.25,36.38,35.95,TIME
C-F08-1,2025-09-02,2025-09-02 13:50:00,1,0.00811222,15.9188,-15.92,-16.79,-17.22,STOP
C-F08-1,2025-09-02,2025-09-02 14:06:00,1,0.00387209,15.1500,-15.15,-16.02,-16.46,STOP
C-F08-1,2025-09-02,2025-09-02 14:22:00,1,0.00352089,14.1938,-14.19,-15.06,-15.50,STOP
C-F08-1,2025-09-02,2025-09-02 14:38:00,-1,-0.00403042,13.5750,-13.58,-14.45,-14.88,STOP
C-F08-1,2025-09-02,2025-09-02 14:54:00,-1,-0.00485744,18.3000,4.25,3.38,2.95,TIME
C-F08-1,2025-09-02,2025-09-02 15:10:00,-1,-0.00560438,21.9750,-21.97,-22.84,-23.28,STOP
C-F08-1,2025-09-02,2025-09-02 15:26:00,-1,-0.00386819,13.5375,-13.54,-14.41,-14.84,STOP
C-F08-1,2025-09-03,2025-09-03 11:49:00,1,0.00512457,19.4813,-19.48,-20.35,-20.79,STOP
C-F08-1,2025-09-03,2025-09-03 12:08:00,1,0.00339163,18.4500,48.50,47.63,47.20,TIME
C-F08-1,2025-09-03,2025-09-03 12:38:00,1,0.00403449,16.4438,-16.44,-17.31,-17.75,STOP
C-F08-1,2025-09-03,2025-09-03 12:54:00,1,0.00411823,16.5000,33.25,32.38,31.95,TIME
C-F08-1,2025-09-03,2025-09-03 13:18:00,1,0.00337363,12.9375,-12.94,-13.81,-14.24,STOP
C-F08-1,2025-09-03,2025-09-03 14:48:00,-1,-0.00334242,16.2750,10.25,9.38,8.95,TIME
C-F08-1,2025-09-03,2025-09-03 15:05:00,-1,-0.00342501,14.0250,-14.03,-14.90,-15.33,STOP
C-F08-1,2025-09-04,2025-09-04 12:07:00,1,0.00329613,13.1437,5.75,4.88,4.45,TIME
C-F08-1,2025-09-04,2025-09-04 12:23:00,1,0.00584781,12.4688,-12.47,-13.34,-13.77,STOP
C-F08-1,2025-09-04,2025-09-04 12:42:00,1,0.00425437,12.3375,23.50,22.63,22.20,TIME
C-F08-1,2025-09-04,2025-09-04 14:16:00,1,0.00334303,8.2125,1.25,0.38,-0.05,TIME
C-F08-1,2025-09-05,2025-09-05 10:32:00,1,0.00422314,42.5250,-42.53,-43.40,-43.83,STOP
C-F08-1,2025-09-05,2025-09-05 10:48:00,1,0.0103319,43.2188,-43.22,-44.09,-44.52,STOP
C-F08-1,2025-09-05,2025-09-05 11:04:00,1,0.00594069,38.0812,69.25,68.38,67.94,TIME
C-F08-1,2025-09-05,2025-09-05 11:20:00,1,0.00317987,36.9562,64.00,63.13,62.70,TIME
C-F08-1,2025-09-05,2025-09-05 11:37:00,1,0.00330226,27.2062,-23.00,-23.87,-24.30,TIME
C-F08-1,2025-09-05,2025-09-05 11:53:00,1,0.00449774,24.5438,-24.54,-25.41,-25.85,STOP
C-F08-1,2025-09-05,2025-09-05 12:09:00,1,0.00826168,26.3625,12.75,11.88,11.45,TIME
C-F08-1,2025-09-05,2025-09-05 12:25:00,1,0.00719992,23.8500,-23.85,-24.72,-25.15,STOP
C-F08-1,2025-09-05,2025-09-05 12:41:00,1,0.0057684,22.4438,4.00,3.13,2.70,TIME
C-F08-1,2025-09-05,2025-09-05 12:57:00,1,0.00521569,23.0438,21.75,20.88,20.45,TIME
C-F08-1,2025-09-05,2025-09-05 13:13:00,1,0.0135213,22.2375,-3.50,-4.37,-4.80,TIME
C-F08-1,2025-09-05,2025-09-05 13:29:00,1,0.0133692,19.3500,-19.35,-20.22,-20.65,STOP
C-F08-1,2025-09-05,2025-09-05 13:45:00,1,0.018087,17.9813,28.25,27.38,26.95,TIME
C-F08-1,2025-09-05,2025-09-05 14:01:00,1,0.0102613,19.7062,19.25,18.38,17.95,TIME
C-F08-1,2025-09-05,2025-09-05 14:28:00,1,0.00353955,14.5875,11.00,10.13,9.70,TIME
C-F08-1,2025-09-05,2025-09-05 14:46:00,1,0.00372083,13.2000,-13.20,-14.07,-14.51,STOP
C-F08-1,2025-09-05,2025-09-05 15:02:00,1,0.00892288,12.2812,15.75,14.88,14.45,TIME
C-F08-1,2025-09-05,2025-09-05 15:18:00,1,0.0032581,14.2687,-14.27,-15.14,-15.57,STOP
C-F08-1,2025-09-05,2025-09-05 15:36:00,1,0.0034805,14.7938,1.50,0.63,0.20,TIME
C-F08-1,2025-09-08,2025-09-08 11:59:00,1,0.0036527,13.8375,-13.84,-14.71,-15.14,STOP
C-F08-1,2025-09-09,2025-09-09 13:22:00,1,0.00332093,10.5188,-10.52,-11.39,-11.82,STOP
C-F08-1,2025-09-09,2025-09-09 13:43:00,1,0.0033583,9.7125,6.75,5.88,5.45,TIME
C-F08-1,2025-09-09,2025-09-09 14:15:00,1,0.00337494,9.2063,3.75,2.88,2.45,TIME
C-F08-1,2025-09-09,2025-09-09 14:54:00,1,0.00349561,7.8750,-6.00,-6.87,-7.30,TIME
C-F08-1,2025-09-10,2025-09-10 10:33:00,1,0.00331602,18.7500,-18.75,-19.62,-20.05,STOP
C-F08-1,2025-09-10,2025-09-10 10:51:00,1,0.00362529,17.0063,-17.01,-17.88,-18.31,STOP
C-F08-1,2025-09-10,2025-09-10 11:24:00,1,0.00320015,15.4500,10.00,9.13,8.70,TIME
C-F08-1,2025-09-10,2025-09-10 13:56:00,1,0.00456927,12.7125,-9.25,-10.12,-10.55,TIME
C-F08-1,2025-09-10,2025-09-10 14:12:00,1,0.00634318,11.3813,-11.38,-12.25,-12.69,STOP
C-F08-1,2025-09-10,2025-09-10 14:28:00,1,0.00353825,13.8188,17.25,16.38,15.95,TIME
C-F08-1,2025-09-10,2025-09-10 15:44:00,1,0.00321086,15.5625,51.50,50.63,50.20,TIME
C-F08-1,2025-09-11,2025-09-11 12:21:00,1,0.00324806,9.3562,-9.36,-10.23,-10.66,STOP
C-F08-1,2025-09-12,2025-09-12 12:11:00,1,0.00324976,9.2250,13.25,12.38,11.95,TIME
C-F08-1,2025-09-12,2025-09-12 12:30:00,1,0.00352992,7.6313,-7.63,-8.50,-8.94,STOP
C-F08-1,2025-09-12,2025-09-12 13:28:00,-1,-0.00316849,6.8813,-6.88,-7.75,-8.19,STOP
C-F08-1,2025-09-12,2025-09-12 13:52:00,-1,-0.00377169,7.6313,-7.63,-8.50,-8.94,STOP
C-F08-1,2025-09-12,2025-09-12 14:43:00,-1,-0.00314668,6.7875,-6.79,-7.66,-8.09,STOP
C-F08-1,2025-09-12,2025-09-12 15:01:00,1,0.00347169,9.5063,-9.51,-10.38,-10.81,STOP
C-F08-1,2025-09-15,2025-09-15 10:32:00,1,0.00726729,13.7812,-13.78,-14.65,-15.09,STOP
C-F08-1,2025-09-15,2025-09-15 10:48:00,1,0.00744621,12.1125,-12.11,-12.98,-13.42,STOP
C-F08-1,2025-09-15,2025-09-15 11:12:00,-1,-0.00519341,9.5437,-9.54,-10.41,-10.85,STOP
C-F08-1,2025-09-15,2025-09-15 11:28:00,-1,-0.00341082,9.1875,-9.19,-10.06,-10.49,STOP
C-F08-1,2025-09-15,2025-09-15 11:44:00,-1,-0.00390842,9.4500,-9.45,-10.32,-10.76,STOP
C-F08-1,2025-09-15,2025-09-15 12:20:00,1,0.00398244,8.7750,-8.78,-9.65,-10.08,STOP
C-F08-1,2025-09-15,2025-09-15 12:36:00,1,0.00502026,8.8313,-8.83,-9.70,-10.14,STOP
C-F08-1,2025-09-15,2025-09-15 12:59:00,1,0.005125,8.1938,3.50,2.63,2.20,TIME
C-F08-1,2025-09-15,2025-09-15 13:25:00,1,0.00526492,9.6000,-9.60,-10.47,-10.90,STOP
C-F08-1,2025-09-15,2025-09-15 13:41:00,1,0.0037297,9.2812,13.50,12.63,12.20,TIME
C-F08-1,2025-09-15,2025-09-15 13:57:00,1,0.00388923,6.9375,3.00,2.13,1.70,TIME
C-F08-1,2025-09-15,2025-09-15 14:13:00,1,0.00468007,6.6938,-6.69,-7.56,-8.00,STOP
C-F08-1,2025-09-15,2025-09-15 14:30:00,1,0.00334534,8.8125,-8.81,-9.68,-10.12,STOP
C-F08-1,2025-09-15,2025-09-15 14:46:00,1,0.00399164,8.3062,20.25,19.38,18.95,TIME
C-F08-1,2025-09-15,2025-09-15 15:02:00,1,0.00630175,9.2437,-9.24,-10.11,-10.55,STOP
C-F08-1,2025-09-15,2025-09-15 15:18:00,1,0.00886947,7.5000,7.00,6.13,5.70,TIME
C-F08-1,2025-09-15,2025-09-15 15:34:00,1,0.00703662,7.5188,17.50,16.63,16.20,TIME
C-F08-1,2025-09-16,2025-09-16 11:11:00,1,0.00327468,11.6062,-2.00,-2.87,-3.30,TIME
C-F08-1,2025-09-16,2025-09-16 12:59:00,1,0.0034438,8.1000,-8.10,-8.97,-9.40,STOP
C-F08-1,2025-09-16,2025-09-16 13:42:00,1,0.0033481,7.0312,-7.03,-7.90,-8.34,STOP
C-F08-1,2025-09-16,2025-09-16 14:53:00,-1,-0.00336891,5.9812,-5.98,-6.85,-7.29,STOP
C-F08-1,2025-09-16,2025-09-16 15:10:00,1,0.00347765,6.0938,-6.09,-6.96,-7.40,STOP
C-F08-1,2025-09-16,2025-09-16 15:28:00,1,0.00340952,6.2063,-6.21,-7.08,-7.51,STOP
C-F08-1,2025-09-17,2025-09-17 11:04:00,-1,-0.00360253,13.4813,-13.48,-14.35,-14.79,STOP
C-F08-1,2025-09-17,2025-09-17 11:28:00,-1,-0.00341838,11.1375,7.75,6.88,6.45,TIME
C-F08-1,2025-09-17,2025-09-17 11:46:00,-1,-0.003104,10.5188,5.75,4.88,4.45,TIME
C-F08-1,2025-09-17,2025-09-17 12:40:00,1,0.00354557,10.0875,-10.09,-10.96,-11.39,STOP
C-F08-1,2025-09-17,2025-09-17 13:03:00,1,0.00355964,9.8250,5.00,4.13,3.70,TIME
C-F08-1,2025-09-17,2025-09-17 13:21:00,1,0.00314397,7.5562,-7.56,-8.43,-8.86,STOP
C-F08-1,2025-09-17,2025-09-17 13:37:00,1,0.0032105,7.5562,8.00,7.13,6.70,TIME
C-F08-1,2025-09-17,2025-09-17 13:53:00,-1,-0.00390141,9.9187,-9.92,-10.79,-11.22,STOP
C-F08-1,2025-09-17,2025-09-17 14:09:00,-1,-0.00680241,28.3688,54.00,53.13,52.70,TIME
C-F08-1,2025-09-17,2025-09-17 14:25:00,-1,-0.0111349,54.3375,45.50,44.63,44.20,TIME
C-F08-1,2025-09-17,2025-09-17 14:41:00,-1,-0.0106036,55.3313,57.25,56.38,55.95,TIME
C-F08-1,2025-09-17,2025-09-17 14:57:00,-1,-0.00839711,64.6312,-64.63,-65.50,-65.94,STOP
C-F08-1,2025-09-17,2025-09-17 15:15:00,1,0.00410852,52.1062,121.75,120.88,120.44,TIME
C-F08-1,2025-09-17,2025-09-17 15:33:00,1,0.00313463,43.8937,-25.00,-25.87,-26.30,TIME
C-F08-1,2025-09-18,2025-09-18 11:30:00,-1,-0.00329317,15.5063,-15.51,-16.38,-16.81,STOP
C-F08-1,2025-09-18,2025-09-18 11:46:00,-1,-0.00338836,13.4813,37.25,36.38,35.95,TIME
C-F08-1,2025-09-18,2025-09-18 12:04:00,-1,-0.00321124,16.4438,-16.44,-17.31,-17.75,STOP
C-F08-1,2025-09-18,2025-09-18 13:38:00,-1,-0.00346587,12.5438,-6.00,-6.87,-7.30,TIME
C-F08-1,2025-09-18,2025-09-18 13:58:00,-1,-0.00395022,12.3375,-12.34,-13.21,-13.64,STOP
C-F08-1,2025-09-18,2025-09-18 14:19:00,-1,-0.00364446,13.0875,-13.09,-13.96,-14.39,STOP
C-F08-1,2025-09-18,2025-09-18 14:59:00,1,0.00319084,10.9875,-10.99,-11.86,-12.29,STOP
C-F08-1,2025-09-18,2025-09-18 15:19:00,1,0.00391068,10.5750,-10.58,-11.45,-11.88,STOP
C-F08-1,2025-09-18,2025-09-18 15:38:00,1,0.00331671,12.0187,-12.02,-12.89,-13.32,STOP
C-F08-1,2025-09-19,2025-09-19 13:15:00,-1,-0.00350186,7.2750,6.00,5.13,4.70,TIME
C-F08-1,2025-09-22,2025-09-22 12:22:00,1,0.00322431,14.2313,17.50,16.63,16.20,TIME
C-F08-1,2025-09-22,2025-09-22 13:06:00,1,0.00369671,9.3000,-9.30,-10.17,-10.60,STOP
C-F08-1,2025-09-22,2025-09-22 13:31:00,1,0.00372238,8.5500,-8.55,-9.42,-9.85,STOP
C-F08-1,2025-09-22,2025-09-22 15:19:00,1,0.00391346,7.0500,4.25,3.38,2.95,TIME
C-F08-1,2025-09-22,2025-09-22 15:35:00,1,0.00360906,7.6687,-7.67,-8.54,-8.97,STOP
C-F08-1,2025-09-23,2025-09-23 11:12:00,1,0.00329802,12.9562,12.00,11.13,10.70,TIME
C-F08-1,2025-09-23,2025-09-23 11:45:00,1,0.00342465,11.3813,4.25,3.38,2.95,TIME
C-F08-1,2025-09-23,2025-09-23 12:01:00,1,0.00455158,10.7812,-10.78,-11.65,-12.09,STOP
C-F08-1,2025-09-23,2025-09-23 12:17:00,1,0.00532174,10.2188,0.75,-0.12,-0.55,TIME
C-F08-1,2025-09-23,2025-09-23 12:33:00,1,0.00425385,10.2188,-10.22,-11.09,-11.52,STOP
C-F08-1,2025-09-23,2025-09-23 13:22:00,1,0.00367386,11.8500,-11.85,-12.72,-13.15,STOP
C-F08-1,2025-09-23,2025-09-23 13:50:00,1,0.00352684,27.5250,-12.25,-13.12,-13.55,TIME
C-F08-1,2025-09-23,2025-09-23 14:06:00,1,0.0033181,23.2875,-23.29,-24.16,-24.59,STOP
C-F08-1,2025-09-23,2025-09-23 15:13:00,1,0.00320057,14.1750,-3.25,-4.12,-4.55,TIME
C-F08-1,2025-09-23,2025-09-23 15:29:00,1,0.0043671,12.2812,29.25,28.38,27.95,TIME
C-F08-1,2025-09-23,2025-09-23 15:45:00,1,0.00692798,10.5375,-2.50,-3.37,-3.80,TIME
C-F08-1,2025-09-24,2025-09-24 12:12:00,-1,-0.00322953,22.8750,-22.88,-23.75,-24.18,STOP
C-F08-1,2025-09-24,2025-09-24 15:18:00,1,0.00373118,10.5750,3.25,2.38,1.95,TIME
C-F08-1,2025-09-25,2025-09-25 10:35:00,1,0.00297213,23.7188,23.25,22.38,21.95,TIME
C-F08-1,2025-09-25,2025-09-25 10:51:00,1,0.00298039,22.7062,-22.71,-23.58,-24.01,STOP
C-F08-1,2025-09-25,2025-09-25 11:47:00,1,0.00293672,21.6375,-21.64,-22.51,-22.94,STOP
C-F08-1,2025-09-25,2025-09-25 12:04:00,1,0.00309137,17.3250,-17.33,-18.20,-18.63,STOP
C-F08-1,2025-09-25,2025-09-25 12:24:00,1,0.00322396,19.6313,14.75,13.88,13.45,TIME
C-F08-1,2025-09-25,2025-09-25 12:40:00,1,0.00346455,18.6562,-18.66,-19.53,-19.96,STOP
C-F08-1,2025-09-25,2025-09-25 12:56:00,1,0.0040135,17.5125,10.75,9.88,9.45,TIME
C-F08-1,2025-09-25,2025-09-25 13:51:00,-1,-0.00300057,19.1437,-19.14,-20.01,-20.45,STOP
C-F08-1,2025-09-25,2025-09-25 14:07:00,-1,-0.00392406,22.6500,-22.65,-23.52,-23.96,STOP
C-F08-1,2025-09-25,2025-09-25 15:01:00,1,0.00316389,20.4375,-11.50,-12.37,-12.80,TIME
C-F08-1,2025-09-25,2025-09-25 15:17:00,1,0.00593373,17.4000,-17.40,-18.27,-18.71,STOP
C-F08-1,2025-09-25,2025-09-25 15:33:00,1,0.00337126,15.6000,-15.60,-16.47,-16.90,STOP
C-F08-1,2025-09-26,2025-09-26 10:45:00,1,0.00305134,31.6312,-31.63,-32.50,-32.94,STOP
C-F08-1,2025-09-26,2025-09-26 11:51:00,1,0.00286537,20.7938,-20.79,-21.66,-22.10,STOP
C-F08-1,2025-09-26,2025-09-26 12:07:00,1,0.00375698,21.3188,53.75,52.88,52.45,TIME
C-F08-1,2025-09-26,2025-09-26 12:23:00,1,0.00361568,20.2313,1.75,0.88,0.45,TIME
C-F08-1,2025-09-26,2025-09-26 12:39:00,1,0.00401495,21.4312,14.25,13.38,12.95,TIME
C-F08-1,2025-09-26,2025-09-26 12:56:00,1,0.00287089,15.7875,18.00,17.13,16.70,TIME
C-F08-1,2025-09-26,2025-09-26 13:12:00,1,0.00512305,14.1938,0.75,-0.12,-0.55,TIME
C-F08-1,2025-09-26,2025-09-26 13:28:00,1,0.0073094,12.1688,-12.17,-13.04,-13.47,STOP
C-F08-1,2025-09-26,2025-09-26 13:44:00,1,0.00656448,11.4937,-11.49,-12.36,-12.80,STOP
C-F08-1,2025-09-26,2025-09-26 14:00:00,1,0.00437027,12.4312,-12.43,-13.30,-13.74,STOP
C-F08-1,2025-09-26,2025-09-26 14:34:00,-1,-0.0029022,12.0000,-12.00,-12.87,-13.30,STOP
C-F08-1,2025-09-26,2025-09-26 15:01:00,1,0.00285757,12.4312,-12.43,-13.30,-13.74,STOP
C-F08-1,2025-09-26,2025-09-26 15:18:00,1,0.00309627,9.9187,-0.25,-1.12,-1.55,TIME
C-F08-1,2025-09-26,2025-09-26 15:34:00,1,0.00477873,9.2625,-9.26,-10.13,-10.57,STOP
C-F08-1,2025-09-29,2025-09-29 11:12:00,1,0.00346642,13.7437,-13.74,-14.61,-15.05,STOP
C-F08-1,2025-09-29,2025-09-29 11:36:00,1,0.00313049,20.3250,-20.33,-21.20,-21.63,STOP
C-F08-1,2025-09-29,2025-09-29 11:56:00,1,0.00297782,18.3375,-18.34,-19.21,-19.64,STOP
C-F08-1,2025-09-29,2025-09-29 12:36:00,1,0.00303983,14.1938,-14.19,-15.06,-15.50,STOP
C-F08-1,2025-09-29,2025-09-29 13:06:00,1,0.00328796,13.3500,19.25,18.38,17.95,TIME
C-F08-1,2025-09-29,2025-09-29 13:22:00,1,0.0043677,13.9688,-13.97,-14.84,-15.27,STOP
C-F08-1,2025-09-29,2025-09-29 13:43:00,1,0.00351769,11.3250,-11.33,-12.20,-12.63,STOP
C-F08-1,2025-09-29,2025-09-29 14:08:00,-1,-0.0029874,9.3938,-9.39,-10.26,-10.70,STOP
C-F08-1,2025-09-30,2025-09-30 10:32:00,1,0.00339583,25.0312,-25.03,-25.90,-26.34,STOP
C-F08-1,2025-09-30,2025-09-30 11:08:00,-1,-0.00321811,21.2062,47.75,46.88,46.45,TIME
C-F08-1,2025-09-30,2025-09-30 12:19:00,1,0.0027997,15.6562,23.00,22.13,21.70,TIME
C-F08-1,2025-09-30,2025-09-30 13:03:00,1,0.00309797,13.6313,-13.63,-14.50,-14.94,STOP
C-F08-1,2025-09-30,2025-09-30 13:54:00,1,0.00304761,13.9500,-13.95,-14.82,-15.26,STOP
C-F08-1,2025-09-30,2025-09-30 14:45:00,1,0.00303645,11.4750,9.00,8.13,7.70,TIME
C-F08-1,2025-09-30,2025-09-30 15:02:00,1,0.00362652,12.0750,-12.08,-12.95,-13.38,STOP
C-F08-1,2025-09-30,2025-09-30 15:44:00,-1,-0.00284175,14.6063,-14.61,-15.48,-15.91,STOP
C-F08-1,2025-10-01,2025-10-01 11:05:00,-1,-0.00367547,15.9000,26.25,25.38,24.95,TIME
C-F08-1,2025-10-01,2025-10-01 11:41:00,-1,-0.00312297,11.9812,-3.75,-4.62,-5.05,TIME
C-F08-1,2025-10-01,2025-10-01 12:46:00,1,0.0030777,9.0000,20.50,19.63,19.20,TIME
C-F08-1,2025-10-01,2025-10-01 13:06:00,-1,-0.00274268,9.5813,-9.58,-10.45,-10.89,STOP
C-F08-1,2025-10-01,2025-10-01 13:22:00,-1,-0.00344002,10.0312,-10.03,-10.90,-11.34,STOP
C-F08-1,2025-10-01,2025-10-01 13:38:00,-1,-0.00337083,9.3188,2.25,1.38,0.95,TIME
C-F08-1,2025-10-01,2025-10-01 14:20:00,1,0.00276962,12.7500,-0.50,-1.37,-1.80,TIME
C-F08-1,2025-10-01,2025-10-01 14:36:00,1,0.00367389,8.7188,5.25,4.38,3.95,TIME
C-F08-1,2025-10-01,2025-10-01 14:53:00,1,0.00327977,7.4625,-7.46,-8.33,-8.77,STOP
C-F08-1,2025-10-02,2025-10-02 10:39:00,1,0.00311617,23.5125,-23.51,-24.38,-24.82,STOP
C-F08-1,2025-10-02,2025-10-02 10:55:00,1,0.00302896,21.1875,-21.19,-22.06,-22.49,STOP
C-F08-1,2025-10-02,2025-10-02 11:29:00,1,0.00286278,17.4188,-17.42,-18.29,-18.72,STOP
C-F08-1,2025-10-02,2025-10-02 11:47:00,1,0.00274359,17.1562,-17.16,-18.03,-18.46,STOP
C-F08-1,2025-10-02,2025-10-02 12:54:00,1,0.0029821,13.9500,5.75,4.88,4.45,TIME
C-F08-1,2025-10-02,2025-10-02 13:10:00,1,0.00683802,10.1250,9.00,8.13,7.70,TIME
C-F08-1,2025-10-02,2025-10-02 13:47:00,-1,-0.0029744,10.3875,7.50,6.63,6.20,TIME
C-F08-1,2025-10-02,2025-10-02 14:26:00,1,0.0029045,8.2312,-8.23,-9.10,-9.54,STOP
C-F08-1,2025-10-02,2025-10-02 14:43:00,1,0.00398883,8.4187,-8.42,-9.29,-9.72,STOP
C-F08-1,2025-10-02,2025-10-02 14:59:00,1,0.00548182,8.1000,-1.50,-2.37,-2.80,TIME
C-F08-1,2025-10-02,2025-10-02 15:15:00,1,0.00344817,7.1062,10.00,9.13,8.70,TIME
C-F08-1,2025-10-02,2025-10-02 15:31:00,1,0.00551611,7.2375,-7.24,-8.11,-8.54,STOP
C-F08-1,2025-10-03,2025-10-03 13:10:00,1,0.0041686,21.3375,-21.34,-22.21,-22.64,STOP
C-F08-1,2025-10-03,2025-10-03 13:50:00,-1,-0.00296862,22.5187,33.25,32.38,31.95,TIME
C-F08-1,2025-10-03,2025-10-03 14:06:00,-1,-0.00337799,31.8750,-31.88,-32.74,-33.18,STOP
C-F08-1,2025-10-03,2025-10-03 14:22:00,-1,-0.00309793,23.7938,-23.79,-24.66,-25.10,STOP
C-F08-1,2025-10-03,2025-10-03 15:07:00,1,0.00403013,16.5375,-9.00,-9.87,-10.30,TIME
C-F08-1,2025-10-03,2025-10-03 15:35:00,1,0.00304625,12.5250,4.50,3.63,3.20,TIME
C-F08-1,2025-10-06,2025-10-06 10:43:00,1,0.00360444,18.9750,11.75,10.88,10.45,TIME
C-F08-1,2025-10-06,2025-10-06 11:02:00,1,0.00343124,17.8875,18.50,17.63,17.20,TIME
C-F08-1,2025-10-06,2025-10-06 11:18:00,1,0.0030287,12.4312,-12.43,-13.30,-13.74,STOP
C-F08-1,2025-10-06,2025-10-06 11:34:00,1,0.00368415,11.6438,26.75,25.88,25.45,TIME
C-F08-1,2025-10-06,2025-10-06 13:05:00,1,0.00311431,8.4000,-8.40,-9.27,-9.71,STOP
C-F08-1,2025-10-06,2025-10-06 13:21:00,1,0.00429453,8.6812,19.25,18.38,17.95,TIME
C-F08-1,2025-10-06,2025-10-06 13:49:00,1,0.00372018,10.5375,9.00,8.13,7.70,TIME
C-F08-1,2025-10-06,2025-10-06 14:05:00,1,0.00396899,9.6562,-9.66,-10.53,-10.96,STOP
C-F08-1,2025-10-06,2025-10-06 14:21:00,1,0.00398373,8.8125,14.00,13.13,12.70,TIME
C-F08-1,2025-10-06,2025-10-06 14:37:00,1,0.00320041,7.7625,-7.76,-8.63,-9.07,STOP
C-F08-1,2025-10-06,2025-10-06 14:53:00,-1,-0.00359914,8.1562,8.25,7.38,6.95,TIME
C-F08-1,2025-10-06,2025-10-06 15:09:00,-1,-0.00412847,8.1375,9.75,8.88,8.45,TIME
C-F08-1,2025-10-06,2025-10-06 15:25:00,-1,-0.00613783,7.7250,-7.72,-8.59,-9.03,STOP
C-F08-1,2025-10-06,2025-10-06 15:41:00,1,0.00404578,7.7063,-7.71,-8.58,-9.01,STOP
C-F08-1,2025-10-07,2025-10-07 10:32:00,1,0.00311483,13.9500,-13.95,-14.82,-15.26,STOP
C-F08-1,2025-10-07,2025-10-07 10:59:00,1,0.00306793,17.2125,-17.21,-18.08,-18.52,STOP
C-F08-1,2025-10-07,2025-10-07 11:18:00,1,0.00305625,33.5250,-33.53,-34.40,-34.83,STOP
C-F08-1,2025-10-07,2025-10-07 11:35:00,1,0.00319458,28.6125,-28.61,-29.48,-29.92,STOP
C-F08-1,2025-10-07,2025-10-07 11:54:00,1,0.00411607,30.4313,11.50,10.63,10.20,TIME
C-F08-1,2025-10-07,2025-10-07 12:10:00,1,0.00444811,26.7188,4.00,3.13,2.70,TIME
C-F08-1,2025-10-07,2025-10-07 12:26:00,1,0.00710354,25.5563,55.25,54.38,53.95,TIME
C-F08-1,2025-10-07,2025-10-07 12:42:00,1,0.00557889,22.3687,-22.37,-23.24,-23.67,STOP
C-F08-1,2025-10-07,2025-10-07 12:58:00,1,0.00870538,19.1812,-19.18,-20.05,-20.49,STOP
C-F08-1,2025-10-07,2025-10-07 13:14:00,1,0.00551537,20.0438,13.00,12.13,11.70,TIME
C-F08-1,2025-10-07,2025-10-07 13:30:00,1,0.0058607,17.3250,-17.33,-18.20,-18.63,STOP
C-F08-1,2025-10-07,2025-10-07 13:46:00,1,0.00726255,14.8312,-14.83,-15.70,-16.14,STOP
C-F08-1,2025-10-07,2025-10-07 14:02:00,1,0.0065541,15.5812,39.00,38.13,37.70,TIME
C-F08-1,2025-10-07,2025-10-07 14:18:00,1,0.00577672,17.2687,-5.25,-6.12,-6.55,TIME
C-F08-1,2025-10-07,2025-10-07 14:34:00,1,0.00401752,14.3062,0.50,-0.37,-0.80,TIME
C-F08-1,2025-10-07,2025-10-07 14:50:00,1,0.0035059,12.1313,8.00,7.13,6.70,TIME
C-F08-1,2025-10-07,2025-10-07 15:20:00,1,0.00306883,11.3250,-1.25,-2.12,-2.55,TIME
C-F08-1,2025-10-07,2025-10-07 15:37:00,1,0.00302492,9.2250,18.50,17.63,17.20,TIME
C-F08-1,2025-10-08,2025-10-08 11:52:00,-1,-0.00373267,10.1062,4.25,3.38,2.95,TIME
C-F08-1,2025-10-08,2025-10-08 12:21:00,-1,-0.00433656,8.6812,17.50,16.63,16.20,TIME
C-F08-1,2025-10-08,2025-10-08 12:56:00,-1,-0.00339302,7.2937,-7.29,-8.16,-8.60,STOP
C-F08-1,2025-10-08,2025-10-08 13:51:00,-1,-0.0034029,8.8313,-8.83,-9.70,-10.14,STOP
C-F08-1,2025-10-08,2025-10-08 14:16:00,-1,-0.00418659,12.4875,7.50,6.63,6.20,TIME
C-F08-1,2025-10-08,2025-10-08 14:32:00,-1,-0.0040042,9.9563,12.75,11.88,11.45,TIME
C-F08-1,2025-10-08,2025-10-08 14:48:00,-1,-0.0047851,9.7312,7.50,6.63,6.20,TIME
C-F08-1,2025-10-08,2025-10-08 15:14:00,-1,-0.00360551,8.0625,-8.06,-8.93,-9.37,STOP
C-F08-1,2025-10-08,2025-10-08 15:32:00,1,0.00351077,7.7063,-7.71,-8.58,-9.01,STOP
C-F08-1,2025-10-09,2025-10-09 12:17:00,1,0.00345862,11.5500,-11.55,-12.42,-12.85,STOP
C-F08-1,2025-10-09,2025-10-09 13:07:00,1,0.00303314,19.4438,-19.44,-20.31,-20.75,STOP
C-F08-1,2025-10-09,2025-10-09 13:23:00,1,0.00326311,22.7437,-22.74,-23.61,-24.05,STOP
C-F08-1,2025-10-09,2025-10-09 13:39:00,1,0.0068021,21.0562,12.25,11.38,10.95,TIME
C-F08-1,2025-10-09,2025-10-09 13:55:00,1,0.00505706,16.7437,-16.74,-17.61,-18.05,STOP
C-F08-1,2025-10-09,2025-10-09 14:11:00,1,0.00426683,14.9250,28.00,27.13,26.70,TIME
C-F08-1,2025-10-09,2025-10-09 15:19:00,1,0.00310254,11.0625,20.00,19.13,18.70,TIME
C-F08-1,2025-10-09,2025-10-09 15:37:00,1,0.00329462,9.3938,13.75,12.88,12.45,TIME
C-F08-1,2025-10-10,2025-10-10 11:02:00,-1,-0.00529394,42.7313,45.75,44.88,44.45,TIME
C-F08-1,2025-10-10,2025-10-10 11:18:00,-1,-0.00468851,100.4438,236.50,235.63,235.19,TIME
C-F08-1,2025-10-10,2025-10-10 11:35:00,-1,-0.00480167,80.9062,-80.91,-81.78,-82.21,STOP
C-F08-1,2025-10-10,2025-10-10 11:51:00,1,0.00620001,81.7125,-81.71,-82.58,-83.02,STOP
C-F08-1,2025-10-10,2025-10-10 12:18:00,-1,-0.00314819,58.4625,-58.46,-59.33,-59.77,STOP
C-F08-1,2025-10-10,2025-10-10 12:34:00,1,0.00878654,45.0938,-45.09,-45.96,-46.40,STOP
C-F08-1,2025-10-10,2025-10-10 12:52:00,1,0.00331481,38.7000,-38.70,-39.57,-40.01,STOP
C-F08-1,2025-10-10,2025-10-10 13:08:00,1,0.00544252,36.5062,13.75,12.88,12.45,TIME
C-F08-1,2025-10-10,2025-10-10 13:24:00,-1,-0.00356342,39.4500,-39.45,-40.32,-40.76,STOP
C-F08-1,2025-10-10,2025-10-10 13:40:00,-1,-0.00734762,33.7875,61.25,60.38,59.95,TIME
C-F08-1,2025-10-10,2025-10-10 13:56:00,-1,-0.00632733,32.6813,-4.75,-5.62,-6.05,TIME
C-F08-1,2025-10-10,2025-10-10 14:12:00,-1,-0.00805436,33.6562,-33.66,-34.53,-34.96,STOP
C-F08-1,2025-10-10,2025-10-10 14:28:00,-1,-0.00507802,34.4062,58.25,57.38,56.95,TIME
C-F08-1,2025-10-10,2025-10-10 14:44:00,-1,-0.00397853,26.0062,63.00,62.13,61.70,TIME
C-F08-1,2025-10-10,2025-10-10 15:00:00,-1,-0.00411574,28.3125,-28.31,-29.18,-29.62,STOP
C-F08-1,2025-10-10,2025-10-10 15:16:00,-1,-0.00505124,29.7938,37.50,36.63,36.20,TIME
C-F08-1,2025-10-10,2025-10-10 15:32:00,-1,-0.00642562,26.3250,3.75,2.88,2.45,TIME
C-F08-1,2025-10-13,2025-10-13 10:42:00,1,0.0041263,36.9750,-36.97,-37.84,-38.28,STOP
C-F08-1,2025-10-13,2025-10-13 11:01:00,1,0.0042899,34.4625,70.50,69.63,69.19,TIME
C-F08-1,2025-10-13,2025-10-13 11:20:00,1,0.00331481,26.3438,23.25,22.38,21.95,TIME
C-F08-1,2025-10-13,2025-10-13 11:36:00,1,0.00644454,19.8375,-19.84,-20.71,-21.14,STOP
C-F08-1,2025-10-13,2025-10-13 11:52:00,1,0.00511056,21.4688,15.75,14.88,14.45,TIME
C-F08-1,2025-10-13,2025-10-13 12:08:00,1,0.00630392,18.6187,5.00,4.13,3.70,TIME
C-F08-1,2025-10-13,2025-10-13 12:25:00,1,0.00459349,18.8625,4.00,3.13,2.70,TIME
C-F08-1,2025-10-13,2025-10-13 13:02:00,-1,-0.003203,17.3062,22.75,21.88,21.45,TIME
C-F08-1,2025-10-13,2025-10-13 13:19:00,-1,-0.00420265,15.0375,-15.04,-15.91,-16.34,STOP
C-F08-1,2025-10-13,2025-10-13 13:35:00,-1,-0.00471855,17.7750,-3.25,-4.12,-4.55,TIME
C-F08-1,2025-10-13,2025-10-13 13:51:00,-1,-0.00524694,14.1938,-14.19,-15.06,-15.50,STOP
C-F08-1,2025-10-14,2025-10-14 10:32:00,1,0.00428259,31.3312,33.25,32.38,31.95,TIME
C-F08-1,2025-10-14,2025-10-14 10:48:00,1,0.00447685,26.5687,-26.57,-27.44,-27.87,STOP
C-F08-1,2025-10-14,2025-10-14 12:06:00,1,0.00472978,21.3000,-21.30,-22.17,-22.60,STOP
C-F08-1,2025-10-14,2025-10-14 12:22:00,1,0.00334589,23.7750,-23.78,-24.65,-25.08,STOP
C-F08-1,2025-10-14,2025-10-14 12:40:00,1,0.00371243,23.2500,39.75,38.88,38.45,TIME
C-F08-1,2025-10-14,2025-10-14 13:23:00,1,0.00380306,21.4125,-21.41,-22.28,-22.72,STOP
C-F08-1,2025-10-14,2025-10-14 13:58:00,1,0.003493,17.8687,-17.87,-18.74,-19.17,STOP
C-F08-1,2025-10-14,2025-10-14 14:14:00,1,0.00574271,16.9125,-16.91,-17.78,-18.22,STOP
C-F08-1,2025-10-14,2025-10-14 15:18:00,-1,-0.00336246,13.5938,-13.59,-14.46,-14.90,STOP
C-F08-1,2025-10-14,2025-10-14 15:39:00,-1,-0.00506999,20.1000,-20.10,-20.97,-21.40,STOP
C-F08-1,2025-10-15,2025-10-15 11:10:00,-1,-0.0041812,21.3000,28.75,27.88,27.45,TIME
C-F08-1,2025-10-15,2025-10-15 12:08:00,1,0.00395697,33.5250,4.50,3.63,3.20,TIME
C-F08-1,2025-10-15,2025-10-15 12:24:00,1,0.00450733,28.3500,17.25,16.38,15.95,TIME
C-F08-1,2025-10-15,2025-10-15 12:40:00,1,0.00491583,26.4000,-26.40,-27.27,-27.71,STOP
C-F08-1,2025-10-15,2025-10-15 12:56:00,1,0.0035446,23.9438,-23.94,-24.81,-25.25,STOP
C-F08-1,2025-10-15,2025-10-15 13:39:00,1,0.00422081,39.4125,78.75,77.88,77.44,TIME
C-F08-1,2025-10-15,2025-10-15 13:55:00,1,0.00637996,29.3063,-29.31,-30.18,-30.61,STOP
C-F08-1,2025-10-15,2025-10-15 14:11:00,1,0.00661012,28.1625,10.75,9.88,9.45,TIME
C-F08-1,2025-10-15,2025-10-15 14:27:00,1,0.00990859,22.5750,-22.58,-23.45,-23.88,STOP
C-F08-1,2025-10-15,2025-10-15 14:43:00,1,0.0102828,20.1000,-20.10,-20.97,-21.40,STOP
C-F08-1,2025-10-15,2025-10-15 15:02:00,1,0.0067853,17.4937,-17.49,-18.36,-18.80,STOP
C-F08-1,2025-10-15,2025-10-15 15:18:00,1,0.00369335,16.1625,7.50,6.63,6.20,TIME
C-F08-1,2025-10-15,2025-10-15 15:34:00,1,0.0041843,15.4125,-15.41,-16.28,-16.72,STOP
C-F08-1,2025-10-16,2025-10-16 12:22:00,1,0.00362564,36.2812,-36.28,-37.15,-37.59,STOP
C-F08-1,2025-10-16,2025-10-16 12:50:00,1,0.00369048,62.7750,73.00,72.13,71.69,TIME
C-F08-1,2025-10-16,2025-10-16 13:06:00,1,0.00791087,48.9938,69.75,68.88,68.44,TIME
C-F08-1,2025-10-16,2025-10-16 13:22:00,1,0.0070478,47.9437,-47.94,-48.81,-49.25,STOP
C-F08-1,2025-10-16,2025-10-16 13:38:00,1,0.00806957,37.9688,-37.97,-38.84,-39.27,STOP
C-F08-1,2025-10-16,2025-10-16 14:04:00,-1,-0.00369197,29.8875,119.25,118.38,117.94,TIME
C-F08-1,2025-10-16,2025-10-16 14:20:00,-1,-0.00850813,36.2812,48.75,47.88,47.45,TIME
C-F08-1,2025-10-16,2025-10-16 14:36:00,-1,-0.00521749,43.1250,-43.12,-43.99,-44.43,STOP
C-F08-1,2025-10-16,2025-10-16 15:01:00,1,0.00409706,33.4875,-33.49,-34.36,-34.79,STOP
C-F08-1,2025-10-16,2025-10-16 15:17:00,1,0.00576125,36.0375,-36.04,-36.91,-37.34,STOP
C-F08-1,2025-10-17,2025-10-17 11:34:00,-1,-0.00409223,38.9437,-38.94,-39.81,-40.25,STOP
C-F08-1,2025-10-17,2025-10-17 11:58:00,1,0.00473,35.7562,54.00,53.13,52.70,TIME
C-F08-1,2025-10-17,2025-10-17 12:14:00,1,0.00363651,28.5000,34.50,33.63,33.20,TIME
C-F08-1,2025-10-17,2025-10-17 12:30:00,1,0.00757703,28.9875,-28.99,-29.86,-30.29,STOP
C-F08-1,2025-10-17,2025-10-17 13:19:00,-1,-0.00373554,29.6437,-9.50,-10.37,-10.80,TIME
C-F08-1,2025-10-17,2025-10-17 13:40:00,-1,-0.00397957,29.1188,-29.12,-29.99,-30.42,STOP
C-F08-1,2025-10-17,2025-10-17 13:56:00,-1,-0.00388414,29.0062,-29.01,-29.88,-30.31,STOP
C-F08-1,2025-10-17,2025-10-17 14:26:00,1,0.00422686,21.2437,-12.75,-13.62,-14.05,TIME
C-F08-1,2025-10-17,2025-10-17 14:42:00,1,0.00478023,18.7875,-18.79,-19.66,-20.09,STOP
C-F08-1,2025-10-17,2025-10-17 15:32:00,-1,-0.00359463,18.6375,13.75,12.88,12.45,TIME
C-F08-1,2025-10-20,2025-10-20 11:52:00,-1,-0.00419691,14.1187,17.00,16.13,15.70,TIME
C-F08-1,2025-10-20,2025-10-20 12:08:00,-1,-0.00416733,22.5000,15.50,14.63,14.20,TIME
C-F08-1,2025-10-20,2025-10-20 12:24:00,-1,-0.00521913,15.4500,-15.45,-16.32,-16.76,STOP
C-F08-1,2025-10-20,2025-10-20 12:40:00,-1,-0.00417979,13.6125,-6.00,-6.87,-7.30,TIME
C-F08-1,2025-10-20,2025-10-20 12:58:00,-1,-0.00452938,10.4250,-10.42,-11.29,-11.73,STOP
C-F08-1,2025-10-20,2025-10-20 13:14:00,-1,-0.00804629,9.6000,-9.60,-10.47,-10.90,STOP
C-F08-1,2025-10-20,2025-10-20 13:30:00,-1,-0.00724945,8.8500,-8.85,-9.72,-10.15,STOP
C-F08-1,2025-10-20,2025-10-20 13:46:00,-1,-0.00620643,7.7063,11.50,10.63,10.20,TIME
C-F08-1,2025-10-20,2025-10-20 15:19:00,1,0.00404611,8.7000,-8.70,-9.57,-10.01,STOP
C-F08-1,2025-10-21,2025-10-21 12:50:00,1,0.00381207,9.1687,-9.17,-10.04,-10.47,STOP
C-F08-1,2025-10-21,2025-10-21 14:23:00,1,0.00403234,10.8000,15.75,14.88,14.45,TIME
C-F08-1,2025-10-21,2025-10-21 14:40:00,1,0.00390425,10.0500,-10.05,-10.92,-11.35,STOP
C-F08-1,2025-10-21,2025-10-21 14:56:00,1,0.00419374,9.1125,6.50,5.63,5.20,TIME
C-F08-1,2025-10-21,2025-10-21 15:12:00,1,0.0052876,8.0250,-8.03,-8.90,-9.33,STOP
C-F08-1,2025-10-21,2025-10-21 15:28:00,1,0.00612296,7.5188,-7.52,-8.39,-8.82,STOP
C-F08-1,2025-10-21,2025-10-21 15:44:00,1,0.00423349,8.0813,9.50,8.63,8.20,TIME
C-F08-1,2025-10-22,2025-10-22 10:55:00,1,0.00382311,37.0875,36.75,35.88,35.45,TIME
C-F08-1,2025-10-22,2025-10-22 11:17:00,1,0.00376677,27.3375,-27.34,-28.21,-28.64,STOP
C-F08-1,2025-10-22,2025-10-22 12:35:00,1,0.00498572,45.7125,13.75,12.88,12.45,TIME
C-F08-1,2025-10-22,2025-10-22 12:51:00,1,0.0120098,63.0750,-3.75,-4.62,-5.05,TIME
C-F08-1,2025-10-22,2025-10-22 13:07:00,1,0.0137253,37.2750,-37.28,-38.15,-38.58,STOP
C-F08-1,2025-10-22,2025-10-22 13:23:00,1,0.0076113,30.2625,-30.26,-31.13,-31.57,STOP
C-F08-1,2025-10-22,2025-10-22 13:45:00,-1,-0.0043765,30.8438,-30.84,-31.71,-32.15,STOP
C-F08-1,2025-10-22,2025-10-22 14:01:00,-1,-0.00487853,31.0312,-31.03,-31.90,-32.34,STOP
C-F08-1,2025-10-22,2025-10-22 14:30:00,1,0.0038154,31.2188,25.50,24.63,24.20,TIME
C-F08-1,2025-10-22,2025-10-22 14:46:00,1,0.00666061,25.8000,-25.80,-26.67,-27.10,STOP
C-F08-1,2025-10-22,2025-10-22 15:03:00,1,0.00492202,25.7438,-25.74,-26.61,-27.05,STOP
C-F08-1,2025-10-22,2025-10-22 15:19:00,1,0.0100084,28.4062,44.50,43.63,43.20,TIME
C-F08-1,2025-10-22,2025-10-22 15:35:00,1,0.0113073,22.7062,-1.25,-2.12,-2.55,TIME
C-F08-1,2025-10-23,2025-10-23 12:37:00,1,0.00436715,14.4562,22.75,21.88,21.45,TIME
C-F08-1,2025-10-24,2025-10-24 11:00:00,1,0.00562807,20.8125,30.00,29.13,28.70,TIME
C-F08-1,2025-10-24,2025-10-24 13:13:00,-1,-0.00402736,9.0938,-9.09,-9.96,-10.40,STOP
C-F08-1,2025-10-24,2025-10-24 13:37:00,-1,-0.00453182,8.7375,-8.74,-9.61,-10.04,STOP
C-F08-1,2025-10-24,2025-10-24 14:53:00,1,0.00451025,8.4187,16.00,15.13,14.70,TIME
C-F08-1,2025-10-24,2025-10-24 15:09:00,-1,-0.00523649,9.3750,-9.38,-10.24,-10.68,STOP
C-F08-1,2025-10-24,2025-10-24 15:32:00,-1,-0.00453586,7.6313,8.75,7.88,7.45,TIME
C-F08-1,2025-10-27,2025-10-27 13:29:00,1,0.00413549,7.6500,21.75,20.88,20.45,TIME
C-F08-1,2025-10-28,2025-10-28 12:36:00,-1,-0.00519518,21.1313,-21.13,-22.00,-22.44,STOP
C-F08-1,2025-10-28,2025-10-28 12:52:00,-1,-0.0052226,20.5125,-1.50,-2.37,-2.80,TIME
C-F08-1,2025-10-28,2025-10-28 13:31:00,1,0.00575561,13.6313,15.75,14.88,14.45,TIME
C-F08-1,2025-10-28,2025-10-28 13:49:00,1,0.00425162,11.1375,8.50,7.63,7.20,TIME
C-F08-1,2025-10-29,2025-10-29 10:57:00,1,0.0044406,18.0562,-18.06,-18.93,-19.36,STOP
C-F08-1,2025-10-29,2025-10-29 11:13:00,1,0.00546329,15.4500,21.75,20.88,20.45,TIME
C-F08-1,2025-10-29,2025-10-29 11:29:00,1,0.00650216,14.4750,-14.47,-15.34,-15.78,STOP
C-F08-1,2025-10-29,2025-10-29 11:45:00,1,0.00844359,13.4813,-13.48,-14.35,-14.79,STOP
C-F08-1,2025-10-29,2025-10-29 12:01:00,1,0.00627201,15.6375,-15.64,-16.51,-16.94,STOP
C-F08-1,2025-10-29,2025-10-29 12:17:00,1,0.00556201,16.8000,27.00,26.13,25.70,TIME
C-F08-1,2025-10-29,2025-10-29 12:33:00,1,0.00502458,12.0562,9.50,8.63,8.20,TIME
C-F08-1,2025-10-29,2025-10-29 13:17:00,1,0.00396199,8.5125,-8.51,-9.38,-9.82,STOP
C-F08-1,2025-10-29,2025-10-29 13:46:00,1,0.00412469,10.6313,-10.63,-11.50,-11.94,STOP
C-F08-1,2025-10-29,2025-10-29 14:05:00,-1,-0.00617577,18.9000,-18.90,-19.77,-20.21,STOP
C-F08-1,2025-10-29,2025-10-29 14:28:00,-1,-0.00445187,23.5875,-23.59,-24.46,-24.89,STOP
C-F08-1,2025-10-29,2025-10-29 14:44:00,-1,-0.0087104,53.2875,-53.29,-54.16,-54.59,STOP
C-F08-1,2025-10-29,2025-10-29 15:02:00,1,0.00461235,69.9750,-69.97,-70.84,-71.28,STOP
C-F08-1,2025-10-29,2025-10-29 15:18:00,1,0.0094862,48.9563,-5.00,-5.87,-6.30,TIME
C-F08-1,2025-10-29,2025-10-29 15:34:00,1,0.0066082,37.6125,29.50,28.63,28.20,TIME
C-F08-1,2025-10-30,2025-10-30 11:28:00,1,0.00434129,23.0250,-23.03,-23.90,-24.33,STOP
C-F08-1,2025-10-30,2025-10-30 12:41:00,1,0.00469762,19.4062,10.00,9.13,8.70,TIME
C-F08-1,2025-10-30,2025-10-30 12:57:00,1,0.00605584,19.9875,-19.99,-20.86,-21.29,STOP
C-F08-1,2025-10-30,2025-10-30 14:33:00,1,0.00435167,20.0438,-20.04,-20.91,-21.35,STOP
C-F08-1,2025-10-30,2025-10-30 14:49:00,1,0.00467205,19.5938,-19.59,-20.46,-20.90,STOP
C-F08-1,2025-10-30,2025-10-30 15:05:00,1,0.00520729,18.5625,-18.56,-19.43,-19.87,STOP
C-F08-1,2025-10-30,2025-10-30 15:21:00,1,0.00790781,18.7125,-18.71,-19.58,-20.02,STOP
C-F08-1,2025-10-30,2025-10-30 15:37:00,1,0.00634832,23.6063,-23.61,-24.48,-24.91,STOP
C-F08-1,2025-10-31,2025-10-31 10:32:00,1,0.00661331,26.7750,61.00,60.13,59.70,TIME
C-F08-1,2025-10-31,2025-10-31 11:49:00,-1,-0.00422205,28.4813,62.25,61.38,60.95,TIME
C-F08-1,2025-10-31,2025-10-31 12:11:00,-1,-0.00404467,29.6063,13.75,12.88,12.45,TIME
C-F08-1,2025-10-31,2025-10-31 12:27:00,-1,-0.00465011,26.5312,-26.53,-27.40,-27.84,STOP
C-F08-1,2025-10-31,2025-10-31 12:43:00,-1,-0.00524445,25.8937,25.00,24.13,23.70,TIME
C-F08-1,2025-10-31,2025-10-31 13:03:00,-1,-0.00415694,26.3250,46.50,45.63,45.20,TIME
C-F08-1,2025-10-31,2025-10-31 13:20:00,-1,-0.00426175,26.8125,-26.81,-27.68,-28.12,STOP
C-F08-1,2025-10-31,2025-10-31 13:47:00,-1,-0.00440615,26.9813,-26.98,-27.85,-28.29,STOP
C-F08-1,2025-10-31,2025-10-31 14:07:00,-1,-0.00436754,20.0438,-20.04,-20.91,-21.35,STOP
C-F08-1,2025-10-31,2025-10-31 14:58:00,1,0.00415958,16.2563,52.25,51.38,50.95,TIME
C-F08-1,2025-11-03,2025-11-03 13:04:00,1,0.00428934,11.4187,-0.75,-1.62,-2.05,TIME
C-F08-1,2025-11-03,2025-11-03 13:20:00,1,0.00423707,11.0813,-11.08,-11.95,-12.39,STOP
C-F08-1,2025-11-03,2025-11-03 13:52:00,1,0.00610934,11.4937,-11.49,-12.36,-12.80,STOP
C-F08-1,2025-11-03,2025-11-03 14:08:00,1,0.00657835,16.3500,-16.35,-17.22,-17.65,STOP
C-F08-1,2025-11-03,2025-11-03 14:28:00,1,0.00440777,15.6750,-15.67,-16.54,-16.98,STOP
C-F08-1,2025-11-03,2025-11-03 14:44:00,1,0.00506649,15.6000,46.25,45.38,44.95,TIME
C-F08-1,2025-11-03,2025-11-03 15:15:00,1,0.00453429,13.0500,-13.05,-13.92,-14.35,STOP
C-F08-1,2025-11-03,2025-11-03 15:38:00,1,0.00475021,13.0875,-13.09,-13.96,-14.39,STOP
C-F08-1,2025-11-04,2025-11-04 10:32:00,1,0.00411203,25.1250,-3.00,-3.87,-4.30,TIME
C-F08-1,2025-11-04,2025-11-04 10:48:00,1,0.00533959,23.0812,-23.08,-23.95,-24.39,STOP
C-F08-1,2025-11-04,2025-11-04 12:33:00,1,0.00443025,26.2687,-26.27,-27.14,-27.57,STOP
C-F08-1,2025-11-04,2025-11-04 13:28:00,-1,-0.00450596,23.0625,-23.06,-23.93,-24.37,STOP
C-F08-1,2025-11-04,2025-11-04 13:48:00,-1,-0.0045738,20.8687,-20.87,-21.74,-22.17,STOP
C-F08-1,2025-11-04,2025-11-04 14:29:00,-1,-0.00593565,23.1375,69.00,68.13,67.69,TIME
C-F08-1,2025-11-04,2025-11-04 15:39:00,-1,-0.0062734,21.5812,-21.58,-22.45,-22.89,STOP
C-F08-1,2025-11-05,2025-11-05 11:11:00,1,0.00424283,31.5375,-31.54,-32.41,-32.84,STOP
C-F08-1,2025-11-05,2025-11-05 11:27:00,1,0.00408537,28.7062,21.25,20.38,19.95,TIME
C-F08-1,2025-11-05,2025-11-05 12:17:00,1,0.00455891,17.1562,30.75,29.88,29.45,TIME
C-F08-1,2025-11-05,2025-11-05 12:36:00,1,0.00571983,14.2125,11.00,10.13,9.70,TIME
C-F08-1,2025-11-05,2025-11-05 12:52:00,1,0.00712113,12.2625,-3.00,-3.87,-4.30,TIME
C-F08-1,2025-11-05,2025-11-05 13:08:00,1,0.00448606,9.9937,-9.99,-10.86,-11.30,STOP
C-F08-1,2025-11-05,2025-11-05 13:31:00,1,0.00459091,10.9312,28.25,27.38,26.95,TIME
C-F08-1,2025-11-05,2025-11-05 14:04:00,1,0.00414146,10.6125,-10.61,-11.48,-11.92,STOP
C-F08-1,2025-11-05,2025-11-05 14:22:00,1,0.00435929,13.8375,8.50,7.63,7.20,TIME
C-F08-1,2025-11-05,2025-11-05 14:38:00,1,0.00566109,10.8750,-10.88,-11.74,-12.18,STOP
C-F08-1,2025-11-05,2025-11-05 14:54:00,1,0.00559232,8.4375,-8.44,-9.31,-9.74,STOP
C-F08-1,2025-11-05,2025-11-05 15:22:00,1,0.00406815,10.8938,-10.89,-11.76,-12.20,STOP
C-F08-1,2025-11-05,2025-11-05 15:38:00,1,0.00549468,12.9562,-12.96,-13.83,-14.26,STOP
C-F08-1,2025-11-06,2025-11-06 11:46:00,1,0.00421356,38.0812,-38.08,-38.95,-39.39,STOP
C-F08-1,2025-11-06,2025-11-06 12:02:00,1,0.00754248,36.3750,-13.75,-14.62,-15.05,TIME
C-F08-1,2025-11-06,2025-11-06 12:18:00,1,0.00593613,36.5062,-36.51,-37.38,-37.81,STOP
C-F08-1,2025-11-06,2025-11-06 12:34:00,1,0.00574691,30.8250,53.00,52.13,51.70,TIME
C-F08-1,2025-11-06,2025-11-06 14:21:00,1,0.00507114,28.6500,41.25,40.38,39.95,TIME
C-F08-1,2025-11-06,2025-11-06 14:46:00,1,0.00456545,22.8000,-22.80,-23.67,-24.10,STOP
C-F08-1,2025-11-06,2025-11-06 15:06:00,1,0.00474924,25.4437,-25.44,-26.31,-26.75,STOP
C-F08-1,2025-11-06,2025-11-06 15:27:00,1,0.00414036,23.1750,-23.17,-24.04,-24.48,STOP
C-F08-1,2025-11-07,2025-11-07 10:37:00,-1,-0.00442539,49.1813,49.25,48.38,47.95,TIME
C-F08-1,2025-11-07,2025-11-07 11:00:00,-1,-0.0045214,32.5500,38.75,37.88,37.45,TIME
C-F08-1,2025-11-07,2025-11-07 11:16:00,-1,-0.00534002,29.9625,-29.96,-30.83,-31.27,STOP
C-F08-1,2025-11-07,2025-11-07 11:32:00,-1,-0.00592809,28.5187,1.50,0.63,0.20,TIME
C-F08-1,2025-11-07,2025-11-07 13:04:00,1,0.00470207,29.9813,15.50,14.63,14.20,TIME
C-F08-1,2025-11-07,2025-11-07 13:20:00,1,0.00742054,25.5938,43.50,42.63,42.20,TIME
C-F08-1,2025-11-07,2025-11-07 13:36:00,1,0.0088706,22.4250,-22.42,-23.29,-23.73,STOP
C-F08-1,2025-11-07,2025-11-07 13:52:00,1,0.0100729,25.1625,49.50,48.63,48.20,TIME
C-F08-1,2025-11-07,2025-11-07 14:08:00,1,0.00704104,29.0062,1.50,0.63,0.20,TIME
C-F08-1,2025-11-07,2025-11-07 14:24:00,1,0.00683386,24.4500,53.00,52.13,51.70,TIME
C-F08-1,2025-11-07,2025-11-07 14:40:00,1,0.00524048,25.3125,57.75,56.88,56.45,TIME
C-F08-1,2025-11-07,2025-11-07 14:56:00,1,0.0123943,32.9250,-32.92,-33.79,-34.23,STOP
C-F08-1,2025-11-07,2025-11-07 15:12:00,1,0.012061,33.2062,-33.21,-34.08,-34.51,STOP
C-F08-1,2025-11-07,2025-11-07 15:28:00,1,0.010008,28.8187,51.00,50.13,49.70,TIME
C-F08-1,2025-11-07,2025-11-07 15:44:00,1,0.00855045,28.9125,-28.91,-29.78,-30.22,STOP
C-F08-1,2025-11-10,2025-11-10 10:32:00,1,0.00450861,24.2062,-24.21,-25.08,-25.51,STOP
C-F08-1,2025-11-10,2025-11-10 10:48:00,1,0.00483443,22.7062,-22.71,-23.58,-24.01,STOP
C-F08-1,2025-11-10,2025-11-10 12:26:00,1,0.00445604,23.1000,47.75,46.88,46.45,TIME
C-F08-1,2025-11-10,2025-11-10 12:44:00,1,0.00476018,17.5875,-17.59,-18.46,-18.89,STOP
C-F08-1,2025-11-10,2025-11-10 13:00:00,1,0.00896737,16.8937,13.75,12.88,12.45,TIME
C-F08-1,2025-11-10,2025-11-10 13:16:00,1,0.00887368,12.5250,-12.53,-13.40,-13.83,STOP
C-F08-1,2025-11-10,2025-11-10 13:32:00,1,0.00858149,12.3937,29.25,28.38,27.95,TIME
C-F08-1,2025-11-10,2025-11-10 13:48:00,1,0.00588353,13.0688,-13.07,-13.94,-14.37,STOP
C-F08-1,2025-11-11,2025-11-11 15:22:00,1,0.00446747,11.8313,-11.83,-12.70,-13.14,STOP
C-F08-1,2025-11-12,2025-11-12 13:40:00,1,0.00595483,17.8687,-17.87,-18.74,-19.17,STOP
C-F08-1,2025-11-12,2025-11-12 13:56:00,1,0.00696572,17.5875,-17.59,-18.46,-18.89,STOP
C-F08-1,2025-11-12,2025-11-12 14:12:00,1,0.00527357,16.3500,-16.35,-17.22,-17.65,STOP
C-F08-1,2025-11-12,2025-11-12 14:28:00,1,0.00610633,16.5562,-16.56,-17.43,-17.86,STOP
C-F08-1,2025-11-12,2025-11-12 14:44:00,1,0.00612519,18.9562,-18.96,-19.83,-20.26,STOP
C-F08-1,2025-11-13,2025-11-13 10:32:00,-1,-0.00614798,38.2687,116.75,115.88,115.44,TIME
C-F08-1,2025-11-13,2025-11-13 10:54:00,-1,-0.00405824,35.5687,-35.57,-36.44,-36.87,STOP
C-F08-1,2025-11-13,2025-11-13 11:10:00,-1,-0.00459728,33.7875,-33.79,-34.66,-35.09,STOP
C-F08-1,2025-11-13,2025-11-13 11:26:00,-1,-0.00415625,36.1688,-36.17,-37.04,-37.47,STOP
C-F08-1,2025-11-13,2025-11-13 12:43:00,1,0.00450777,31.8375,-31.84,-32.71,-33.14,STOP
C-F08-1,2025-11-13,2025-11-13 12:59:00,1,0.00412487,34.3312,18.00,17.13,16.70,TIME
C-F08-1,2025-11-13,2025-11-13 13:15:00,1,0.00624134,31.5375,-31.54,-32.41,-32.84,STOP
C-F08-1,2025-11-13,2025-11-13 13:56:00,-1,-0.00405247,33.9188,-33.92,-34.79,-35.22,STOP
C-F08-1,2025-11-13,2025-11-13 14:12:00,-1,-0.00443741,33.9375,-33.94,-34.81,-35.24,STOP
C-F08-1,2025-11-13,2025-11-13 14:28:00,-1,-0.00707885,30.5438,-30.54,-31.41,-31.85,STOP
C-F08-1,2025-11-13,2025-11-13 14:44:00,-1,-0.00648949,33.8250,32.75,31.88,31.45,TIME
C-F08-1,2025-11-13,2025-11-13 15:31:00,1,0.00436758,30.1875,44.25,43.38,42.95,TIME
C-F08-1,2025-11-14,2025-11-14 10:32:00,1,0.00763649,57.1125,119.25,118.38,117.94,TIME
C-F08-1,2025-11-14,2025-11-14 10:48:00,1,0.010498,44.5125,-44.51,-45.38,-45.82,STOP
C-F08-1,2025-11-14,2025-11-14 11:04:00,1,0.0106039,36.1875,-36.19,-37.06,-37.49,STOP
C-F08-1,2025-11-14,2025-11-14 11:20:00,1,0.0126069,35.9813,62.25,61.38,60.95,TIME
C-F08-1,2025-11-14,2025-11-14 11:36:00,1,0.0124138,30.8438,-30.84,-31.71,-32.15,STOP
C-F08-1,2025-11-14,2025-11-14 11:52:00,1,0.00515452,29.5875,8.50,7.63,7.20,TIME
C-F08-1,2025-11-14,2025-11-14 12:08:00,1,0.00805045,26.3812,8.75,7.88,7.45,TIME
C-F08-1,2025-11-14,2025-11-14 12:24:00,1,0.00795675,27.5250,-27.53,-28.40,-28.83,STOP
C-F08-1,2025-11-14,2025-11-14 12:40:00,1,0.00547686,27.4500,-27.45,-28.32,-28.76,STOP
C-F08-1,2025-11-14,2025-11-14 12:56:00,1,0.00609354,33.7500,-33.75,-34.62,-35.05,STOP
C-F08-1,2025-11-14,2025-11-14 13:12:00,1,0.00740418,35.1375,-35.14,-36.01,-36.44,STOP
C-F08-1,2025-11-14,2025-11-14 13:52:00,-1,-0.00581067,30.2812,-30.28,-31.15,-31.59,STOP
C-F08-1,2025-11-14,2025-11-14 14:35:00,1,0.00455328,26.9625,7.25,6.38,5.95,TIME
C-F08-1,2025-11-14,2025-11-14 14:51:00,1,0.00585474,25.0500,20.75,19.88,19.45,TIME
C-F08-1,2025-11-14,2025-11-14 15:12:00,1,0.00439005,25.3312,-25.33,-26.20,-26.64,STOP
C-F08-1,2025-11-14,2025-11-14 15:38:00,-1,-0.00505525,26.7938,32.75,31.88,31.45,TIME
C-F08-1,2025-11-17,2025-11-17 11:46:00,1,0.00437264,32.5125,55.75,54.88,54.45,TIME
C-F08-1,2025-11-17,2025-11-17 12:02:00,1,0.00535016,27.4500,-27.45,-28.32,-28.76,STOP
C-F08-1,2025-11-17,2025-11-17 12:18:00,1,0.0124826,23.4937,-23.49,-24.36,-24.80,STOP
C-F08-1,2025-11-17,2025-11-17 12:34:00,1,0.00914021,26.1937,-26.19,-27.06,-27.50,STOP
C-F08-1,2025-11-17,2025-11-17 13:02:00,-1,-0.00484246,29.1937,26.25,25.38,24.95,TIME
C-F08-1,2025-11-17,2025-11-17 13:18:00,-1,-0.0074589,29.2125,21.25,20.38,19.95,TIME
C-F08-1,2025-11-17,2025-11-17 13:34:00,-1,-0.00609938,25.7062,-25.71,-26.58,-27.01,STOP
C-F08-1,2025-11-17,2025-11-17 14:29:00,-1,-0.00515216,27.7313,-27.73,-28.60,-29.04,STOP
C-F08-1,2025-11-17,2025-11-17 14:45:00,-1,-0.00722972,30.2062,27.00,26.13,25.70,TIME
C-F08-1,2025-11-17,2025-11-17 15:01:00,-1,-0.0108281,29.6250,-29.62,-30.50,-30.93,STOP
C-F08-1,2025-11-17,2025-11-17 15:17:00,-1,-0.00886127,32.9625,-32.96,-33.83,-34.27,STOP
C-F08-1,2025-11-17,2025-11-17 15:35:00,-1,-0.0045143,34.1063,-34.11,-34.98,-35.41,STOP
C-F08-1,2025-11-18,2025-11-18 10:32:00,-1,-0.00582866,68.1937,93.75,92.88,92.44,TIME
C-F08-1,2025-11-18,2025-11-18 10:48:00,-1,-0.00820829,70.4250,97.25,96.38,95.94,TIME
C-F08-1,2025-11-18,2025-11-18 11:04:00,-1,-0.00678989,56.6062,-56.61,-57.48,-57.91,STOP
C-F08-1,2025-11-18,2025-11-18 12:35:00,1,0.00480971,46.1813,211.00,210.13,209.69,TIME
C-F08-1,2025-11-18,2025-11-18 14:14:00,1,0.00577155,38.8125,-38.81,-39.68,-40.12,STOP
C-F08-1,2025-11-18,2025-11-18 14:30:00,1,0.00507272,37.2375,76.25,75.38,74.94,TIME
C-F08-1,2025-11-18,2025-11-18 14:46:00,1,0.00802121,36.1312,37.50,36.63,36.20,TIME
C-F08-1,2025-11-18,2025-11-18 15:02:00,1,0.0106873,40.9125,-40.91,-41.78,-42.22,STOP
C-F08-1,2025-11-18,2025-11-18 15:18:00,1,0.00516278,33.0750,-33.08,-33.95,-34.38,STOP
C-F08-1,2025-11-18,2025-11-18 15:45:00,1,0.00612003,34.5187,-34.52,-35.39,-35.82,STOP
C-F08-1,2025-11-19,2025-11-19 10:32:00,1,0.00858504,39.7125,-39.71,-40.58,-41.02,STOP
C-F08-1,2025-11-19,2025-11-19 10:48:00,1,0.0114539,35.7000,-35.70,-36.57,-37.01,STOP
C-F08-1,2025-11-19,2025-11-19 12:00:00,1,0.00479797,37.6688,-37.67,-38.54,-38.97,STOP
C-F08-1,2025-11-19,2025-11-19 12:23:00,1,0.00580482,38.7938,-38.79,-39.66,-40.10,STOP
C-F08-1,2025-11-19,2025-11-19 12:39:00,1,0.00575393,41.1937,121.00,120.13,119.69,TIME
C-F08-1,2025-11-19,2025-11-19 12:55:00,1,0.00825869,46.4813,8.00,7.13,6.70,TIME
C-F08-1,2025-11-19,2025-11-19 13:11:00,1,0.00718477,36.9750,-36.97,-37.84,-38.28,STOP
C-F08-1,2025-11-19,2025-11-19 13:27:00,1,0.0101463,35.8312,-35.83,-36.70,-37.14,STOP
C-F08-1,2025-11-19,2025-11-19 13:43:00,1,0.00496459,39.0563,-39.06,-39.93,-40.36,STOP
C-F08-1,2025-11-19,2025-11-19 13:59:00,1,0.0109708,36.7687,-36.77,-37.64,-38.07,STOP
C-F08-1,2025-11-19,2025-11-19 14:15:00,1,0.00726398,34.2562,-34.26,-35.13,-35.56,STOP
C-F08-1,2025-11-19,2025-11-19 14:31:00,1,0.00635362,30.9375,2.50,1.63,1.20,TIME
C-F08-1,2025-11-19,2025-11-19 14:47:00,1,0.0105531,29.5687,66.25,65.38,64.94,TIME
C-F08-1,2025-11-19,2025-11-19 15:11:00,1,0.00517059,32.6813,85.75,84.88,84.44,TIME
C-F08-1,2025-11-19,2025-11-19 15:37:00,1,0.00475821,32.9250,-32.92,-33.79,-34.23,STOP
C-F08-1,2025-11-20,2025-11-20 12:03:00,1,0.00575277,88.2375,-88.24,-89.11,-89.54,STOP
C-F08-1,2025-11-20,2025-11-20 12:20:00,1,0.00544837,93.2250,-6.00,-6.87,-7.30,TIME
C-F08-1,2025-11-20,2025-11-20 12:36:00,1,0.00875406,81.6000,-81.60,-82.47,-82.90,STOP
C-F08-1,2025-11-20,2025-11-20 12:52:00,1,0.0123092,69.1687,80.00,79.13,78.69,TIME
C-F08-1,2025-11-20,2025-11-20 13:08:00,1,0.0131411,68.4000,1.50,0.63,0.20,TIME
C-F08-1,2025-11-20,2025-11-20 13:24:00,1,0.0132168,62.2875,-62.29,-63.16,-63.59,STOP
C-F08-1,2025-11-20,2025-11-20 13:40:00,1,0.0140363,62.9625,-62.96,-63.83,-64.27,STOP
C-F08-1,2025-11-20,2025-11-20 13:56:00,1,0.007745,46.9313,-46.93,-47.80,-48.24,STOP
C-F08-1,2025-11-20,2025-11-20 14:23:00,-1,-0.00570774,56.7000,-56.70,-57.57,-58.01,STOP
C-F08-1,2025-11-20,2025-11-20 14:39:00,-1,-0.00677443,54.0938,-17.25,-18.12,-18.55,TIME
C-F08-1,2025-11-20,2025-11-20 15:00:00,1,0.00540444,50.3250,-50.33,-51.20,-51.63,STOP
C-F08-1,2025-11-20,2025-11-20 15:16:00,1,0.00624209,49.7812,-49.78,-50.65,-51.09,STOP
C-F08-1,2025-11-20,2025-11-20 15:32:00,1,0.00972385,42.6750,-42.67,-43.54,-43.98,STOP
C-F08-1,2025-11-21,2025-11-21 10:47:00,-1,-0.00606912,69.7500,12.75,11.88,11.45,TIME
C-F08-1,2025-11-21,2025-11-21 11:03:00,-1,-0.00716276,67.1062,-67.11,-67.98,-68.41,STOP
C-F08-1,2025-11-21,2025-11-21 11:19:00,-1,-0.00941707,55.4625,-55.46,-56.33,-56.77,STOP
C-F08-1,2025-11-21,2025-11-21 11:35:00,-1,-0.0080108,57.8250,-57.83,-58.70,-59.13,STOP
C-F08-1,2025-11-21,2025-11-21 11:51:00,-1,-0.00612163,45.6000,-45.60,-46.47,-46.90,STOP
C-F08-1,2025-11-21,2025-11-21 12:32:00,1,0.00676388,37.4250,25.25,24.38,23.95,TIME
C-F08-1,2025-11-21,2025-11-21 12:50:00,1,0.00657158,35.4750,-35.47,-36.34,-36.78,STOP
C-F08-1,2025-11-21,2025-11-21 14:17:00,1,0.00551327,39.5438,39.75,38.88,38.45,TIME
C-F08-1,2025-11-21,2025-11-21 14:33:00,1,0.00972259,30.9750,-30.97,-31.84,-32.28,STOP
C-F08-1,2025-11-21,2025-11-21 15:02:00,1,0.00635494,38.3625,5.50,4.63,4.20,TIME
C-F08-1,2025-11-21,2025-11-21 15:19:00,-1,-0.00580727,30.3187,128.75,127.88,127.44,TIME
C-F08-1,2025-11-21,2025-11-21 15:35:00,-1,-0.00920507,33.3563,-33.36,-34.23,-34.66,STOP
C-F08-1,2025-11-24,2025-11-24 11:38:00,1,0.00593964,20.1187,5.75,4.88,4.45,TIME
C-F08-1,2025-11-24,2025-11-24 11:55:00,1,0.00571623,20.5125,-20.51,-21.38,-21.82,STOP
C-F08-1,2025-11-24,2025-11-24 12:11:00,1,0.00713879,22.0688,44.25,43.38,42.95,TIME
C-F08-1,2025-11-24,2025-11-24 15:09:00,1,0.00589099,17.9625,1.00,0.13,-0.30,TIME
C-F08-1,2025-11-25,2025-11-25 10:39:00,1,0.00557984,49.7250,-4.00,-4.87,-5.30,TIME
C-F08-1,2025-11-25,2025-11-25 13:47:00,1,0.00556882,14.3062,9.00,8.13,7.70,TIME
C-F08-1,2025-11-25,2025-11-25 14:03:00,1,0.00686763,14.5500,-14.55,-15.42,-15.85,STOP
C-F08-1,2025-11-25,2025-11-25 14:19:00,1,0.00630751,14.9625,-14.96,-15.83,-16.27,STOP
C-F08-1,2025-11-25,2025-11-25 14:35:00,1,0.0056596,19.0500,-19.05,-19.92,-20.35,STOP
C-F08-1,2025-11-25,2025-11-25 15:08:00,1,0.00606487,15.0000,1.50,0.63,0.20,TIME
C-F08-1,2025-11-26,2025-11-26 11:47:00,1,0.00591514,14.2875,-14.29,-15.16,-15.59,STOP
C-F08-1,2025-11-26,2025-11-26 13:28:00,1,0.0057598,26.2687,-26.27,-27.14,-27.57,STOP
C-F08-1,2025-11-26,2025-11-26 14:59:00,1,0.00611826,13.9688,24.00,23.13,22.70,TIME
C-F08-1,2025-11-26,2025-11-26 15:15:00,1,0.00728925,12.1875,-1.25,-2.12,-2.55,TIME
C-F08-1,2025-11-26,2025-11-26 15:31:00,1,0.00721326,10.9500,-10.95,-11.82,-12.26,STOP
C-F08-1,2025-11-27,2025-11-27 10:32:00,1,0.0103136,5.4750,-5.47,-6.34,-6.78,STOP
C-F08-1,2025-11-27,2025-11-27 10:48:00,1,0.0135475,5.3625,-0.50,-1.37,-1.80,TIME
C-F08-1,2025-11-27,2025-11-27 11:07:00,1,0.00757746,4.5000,-4.50,-5.37,-5.80,STOP
C-F08-1,2025-11-27,2025-11-27 11:23:00,1,0.00588617,6.3000,1.50,0.63,0.20,TIME
C-F08-1,2025-11-27,2025-11-27 11:39:00,1,0.00792484,4.3125,-4.31,-5.18,-5.62,STOP
C-F08-1,2025-11-27,2025-11-27 11:55:00,1,0.00619955,3.5625,2.50,1.63,1.20,TIME
C-F08-1,2025-11-27,2025-11-27 12:41:00,-1,-0.0064218,2.4375,-2.44,-3.31,-3.74,STOP
C-F08-1,2025-11-27,2025-11-27 12:57:00,-1,-0.00709298,2.8125,-2.75,-3.62,-4.05,TIME
C-F08-1,2025-11-28,2025-11-28 11:06:00,1,0.00582824,15.5063,13.00,12.13,11.70,TIME
C-F08-1,2025-11-28,2025-11-28 12:38:00,-1,-0.00617054,15.2062,-15.21,-16.08,-16.51,STOP
C-F08-1,2025-11-28,2025-11-28 13:01:00,1,0.00728558,19.2000,-2.00,-2.87,-3.30,DAYLAST
C-F08-1,2025-12-01,2025-12-01 11:53:00,1,0.00669641,18.6938,-18.69,-19.56,-20.00,STOP
C-F08-1,2025-12-01,2025-12-01 14:24:00,-1,-0.00598193,14.6812,10.25,9.38,8.95,TIME
C-F08-1,2025-12-02,2025-12-02 11:03:00,1,0.0057406,20.3438,-20.34,-21.21,-21.65,STOP
C-F08-1,2025-12-02,2025-12-02 11:51:00,1,0.00708731,33.3563,39.50,38.63,38.20,TIME
C-F08-1,2025-12-02,2025-12-02 12:07:00,1,0.00604778,25.9875,57.00,56.13,55.70,TIME
C-F08-1,2025-12-02,2025-12-02 12:25:00,1,0.00615521,20.4188,5.50,4.63,4.20,TIME
C-F08-1,2025-12-02,2025-12-02 12:45:00,1,0.00630069,16.9875,-16.99,-17.86,-18.29,STOP
C-F08-1,2025-12-02,2025-12-02 13:30:00,1,0.00563675,19.8937,-19.89,-20.76,-21.20,STOP
C-F08-1,2025-12-02,2025-12-02 14:26:00,1,0.00596029,16.0875,31.25,30.38,29.95,TIME
C-F08-1,2025-12-02,2025-12-02 14:46:00,1,0.0059143,15.2250,46.25,45.38,44.95,TIME
C-F08-1,2025-12-03,2025-12-03 10:34:00,1,0.00551786,32.3812,70.00,69.13,68.69,TIME
C-F08-1,2025-12-03,2025-12-03 10:53:00,1,0.00582317,31.9500,-31.95,-32.82,-33.26,STOP
C-F08-1,2025-12-04,2025-12-04 10:35:00,1,0.00622789,31.0312,8.00,7.13,6.70,TIME
C-F08-1,2025-12-04,2025-12-04 11:38:00,1,0.00589341,19.5938,-19.59,-20.46,-20.90,STOP
C-F08-1,2025-12-04,2025-12-04 11:55:00,1,0.00612546,20.5688,-17.50,-18.37,-18.80,TIME
C-F08-1,2025-12-04,2025-12-04 14:32:00,1,0.0062077,25.8937,55.75,54.88,54.45,TIME
C-F08-1,2025-12-04,2025-12-04 14:48:00,1,0.0113321,20.2313,-8.00,-8.87,-9.30,TIME
C-F08-1,2025-12-04,2025-12-04 15:04:00,1,0.0108032,16.1063,-16.11,-16.98,-17.41,STOP
C-F08-1,2025-12-04,2025-12-04 15:20:00,1,0.00985107,17.5688,5.00,4.13,3.70,TIME
C-F08-1,2025-12-05,2025-12-05 13:27:00,1,0.0057137,14.2313,20.25,19.38,18.95,TIME
C-F08-1,2025-12-05,2025-12-05 14:40:00,1,0.00609367,13.1625,-13.16,-14.03,-14.47,STOP
C-F08-1,2025-12-05,2025-12-05 14:56:00,1,0.00725521,11.5688,-7.25,-8.12,-8.55,TIME
C-F08-1,2025-12-05,2025-12-05 15:12:00,1,0.00557418,11.1750,4.00,3.13,2.70,TIME
C-F08-1,2025-12-08,2025-12-08 12:04:00,1,0.00572428,16.8375,24.00,23.13,22.70,TIME
C-F08-1,2025-12-08,2025-12-08 12:20:00,1,0.00648463,18.4500,-18.45,-19.32,-19.76,STOP
C-F08-1,2025-12-08,2025-12-08 12:36:00,1,0.00745928,15.4875,19.00,18.13,17.70,TIME
C-F08-1,2025-12-08,2025-12-08 13:59:00,1,0.00601758,18.2062,-18.21,-19.08,-19.51,STOP
C-F08-1,2025-12-08,2025-12-08 15:37:00,1,0.00638262,12.0000,19.00,18.13,17.70,TIME
C-F08-1,2025-12-09,2025-12-09 15:06:00,1,0.00646021,9.1125,-1.00,-1.87,-2.30,TIME
C-F08-1,2025-12-10,2025-12-10 14:02:00,1,0.011216,25.0312,-25.03,-25.90,-26.34,STOP
C-F08-1,2025-12-10,2025-12-10 14:18:00,1,0.011173,48.5062,-48.51,-49.38,-49.81,STOP
C-F08-1,2025-12-10,2025-12-10 14:34:00,1,0.0104539,36.0563,-36.06,-36.93,-37.36,STOP
C-F08-1,2025-12-10,2025-12-10 15:16:00,-1,-0.00569717,32.1188,21.75,20.88,20.45,TIME
C-F08-1,2025-12-10,2025-12-10 15:32:00,-1,-0.0084668,26.8688,-3.75,-4.62,-5.05,TIME
C-F08-1,2025-12-11,2025-12-11 11:02:00,1,0.0054757,32.4750,-32.47,-33.34,-33.78,STOP
C-F08-1,2025-12-11,2025-12-11 12:26:00,1,0.00672915,20.0063,13.25,12.38,11.95,TIME
C-F08-1,2025-12-11,2025-12-11 12:42:00,1,0.00683408,19.3687,-19.37,-20.24,-20.67,STOP
C-F08-1,2025-12-11,2025-12-11 12:58:00,1,0.00899397,17.2687,-17.27,-18.14,-18.57,STOP
C-F08-1,2025-12-11,2025-12-11 13:14:00,1,0.00537189,18.0000,-18.00,-18.87,-19.30,STOP
C-F08-1,2025-12-11,2025-12-11 14:45:00,-1,-0.00563092,11.4937,-11.49,-12.36,-12.80,STOP
C-F08-1,2025-12-12,2025-12-12 12:44:00,1,0.00489254,29.6437,-4.00,-4.87,-5.30,TIME
C-F08-1,2025-12-12,2025-12-12 13:00:00,1,0.00667793,22.6688,61.50,60.63,60.20,TIME
C-F08-1,2025-12-12,2025-12-12 13:16:00,1,0.00503571,25.7438,7.75,6.88,6.45,TIME
C-F08-1,2025-12-12,2025-12-12 13:32:00,1,0.0049688,30.2250,-30.22,-31.09,-31.53,STOP
C-F08-1,2025-12-12,2025-12-12 14:23:00,-1,-0.00690244,20.8125,4.25,3.38,2.95,TIME
C-F08-1,2025-12-12,2025-12-12 14:39:00,-1,-0.00899145,20.1187,-20.12,-20.99,-21.42,STOP
C-F08-1,2025-12-12,2025-12-12 14:55:00,-1,-0.00787571,17.1938,1.00,0.13,-0.30,TIME
C-F08-1,2025-12-12,2025-12-12 15:14:00,-1,-0.00493858,18.9750,16.50,15.63,15.20,TIME
C-F08-1,2025-12-12,2025-12-12 15:41:00,-1,-0.00684809,22.1625,-22.16,-23.03,-23.47,STOP
C-F08-1,2025-12-15,2025-12-15 10:32:00,-1,-0.0086844,42.5062,-42.51,-43.38,-43.81,STOP
C-F08-1,2025-12-15,2025-12-15 11:02:00,1,0.00832647,37.1063,52.00,51.13,50.70,TIME
C-F08-1,2025-12-15,2025-12-15 11:18:00,1,0.00953225,37.3125,6.25,5.38,4.95,TIME
C-F08-1,2025-12-15,2025-12-15 11:34:00,1,0.00975534,28.7812,-28.78,-29.65,-30.09,STOP
C-F08-1,2025-12-15,2025-12-15 12:17:00,-1,-0.0046105,26.1750,-26.17,-27.04,-27.48,STOP
C-F08-1,2025-12-15,2025-12-15 12:33:00,-1,-0.00513699,23.2500,-23.25,-24.12,-24.55,STOP
C-F08-1,2025-12-15,2025-12-15 12:50:00,1,0.00475841,23.1187,-23.12,-23.99,-24.42,STOP
C-F08-1,2025-12-15,2025-12-15 13:06:00,-1,-0.00539883,27.9188,-27.92,-28.79,-29.22,STOP
C-F08-1,2025-12-15,2025-12-15 13:22:00,-1,-0.00979544,21.1688,34.50,33.63,33.20,TIME
C-F08-1,2025-12-15,2025-12-15 13:38:00,-1,-0.00823573,22.8375,-22.84,-23.71,-24.14,STOP
C-F08-1,2025-12-15,2025-12-15 14:08:00,1,0.00478475,19.1437,-19.14,-20.01,-20.45,STOP
C-F08-1,2025-12-15,2025-12-15 14:24:00,1,0.00962909,18.9000,-18.90,-19.77,-20.21,STOP
C-F08-1,2025-12-15,2025-12-15 14:40:00,1,0.0109333,18.8625,-0.50,-1.37,-1.80,TIME
C-F08-1,2025-12-15,2025-12-15 15:00:00,1,0.00590651,17.4000,-17.40,-18.27,-18.71,STOP
C-F08-1,2025-12-15,2025-12-15 15:18:00,-1,-0.00676694,17.4750,44.00,43.13,42.70,TIME
C-F08-1,2025-12-15,2025-12-15 15:34:00,-1,-0.0188455,17.4000,-17.40,-18.27,-18.71,STOP
C-F08-1,2025-12-16,2025-12-16 13:02:00,-1,-0.00565,23.6250,-23.62,-24.50,-24.93,STOP
C-F08-1,2025-12-16,2025-12-16 13:18:00,-1,-0.00495567,32.7000,-1.25,-2.12,-2.55,TIME
C-F08-1,2025-12-16,2025-12-16 13:47:00,1,0.00498716,25.3688,-25.37,-26.24,-26.67,STOP
C-F08-1,2025-12-16,2025-12-16 14:03:00,1,0.00480875,23.0250,-23.03,-23.90,-24.33,STOP
C-F08-1,2025-12-16,2025-12-16 14:27:00,1,0.00647163,23.7563,41.50,40.63,40.20,TIME
C-F08-1,2025-12-16,2025-12-16 15:02:00,1,0.00625724,20.3625,4.75,3.88,3.45,TIME
C-F08-1,2025-12-16,2025-12-16 15:18:00,1,0.0118556,18.1125,41.75,40.88,40.45,TIME
C-F08-1,2025-12-16,2025-12-16 15:34:00,1,0.00940227,16.2375,15.50,14.63,14.20,TIME
C-F08-1,2025-12-17,2025-12-17 11:13:00,-1,-0.0050175,44.4375,-10.25,-11.12,-11.55,TIME
C-F08-1,2025-12-17,2025-12-17 11:30:00,-1,-0.00478547,41.1000,38.75,37.88,37.45,TIME
C-F08-1,2025-12-17,2025-12-17 12:13:00,1,0.0046049,36.7125,-36.71,-37.58,-38.02,STOP
C-F08-1,2025-12-17,2025-12-17 12:29:00,1,0.00579943,33.1688,-33.17,-34.04,-34.47,STOP
C-F08-1,2025-12-17,2025-12-17 12:47:00,1,0.00501259,30.0938,60.25,59.38,58.95,TIME
C-F08-1,2025-12-17,2025-12-17 13:10:00,1,0.00522602,28.6500,-28.65,-29.52,-29.96,STOP
C-F08-1,2025-12-17,2025-12-17 13:29:00,1,0.00458422,21.4875,-21.49,-22.36,-22.79,STOP
C-F08-1,2025-12-17,2025-12-17 13:45:00,1,0.0136309,24.2250,-24.22,-25.09,-25.53,STOP
C-F08-1,2025-12-17,2025-12-17 14:01:00,1,0.00942397,25.2938,-4.00,-4.87,-5.30,TIME
C-F08-1,2025-12-17,2025-12-17 14:17:00,1,0.0126504,19.8375,1.75,0.88,0.45,TIME
C-F08-1,2025-12-17,2025-12-17 14:33:00,1,0.0163721,20.8312,-20.83,-21.70,-22.14,STOP
C-F08-1,2025-12-17,2025-12-17 14:49:00,1,0.0130032,20.8687,3.50,2.63,2.20,TIME
C-F08-1,2025-12-17,2025-12-17 15:05:00,1,0.0109681,17.4750,-17.47,-18.34,-18.78,STOP
C-F08-1,2025-12-17,2025-12-17 15:21:00,1,0.00754415,17.1375,-17.14,-18.01,-18.44,STOP
C-F08-1,2025-12-18,2025-12-18 11:19:00,1,0.00491078,21.3750,-21.38,-22.25,-22.68,STOP
C-F08-1,2025-12-18,2025-12-18 11:47:00,-1,-0.0047821,20.7563,16.50,15.63,15.20,TIME
C-F08-1,2025-12-18,2025-12-18 12:10:00,-1,-0.00550309,24.0187,59.50,58.63,58.20,TIME
C-F08-1,2025-12-18,2025-12-18 12:27:00,-1,-0.00500856,40.2562,-40.26,-41.13,-41.56,STOP
C-F08-1,2025-12-18,2025-12-18 13:12:00,1,0.00505191,25.0125,15.75,14.88,14.45,TIME
C-F08-1,2025-12-18,2025-12-18 13:49:00,-1,-0.00502161,18.3750,56.25,55.38,54.95,TIME
C-F08-1,2025-12-18,2025-12-18 14:06:00,-1,-0.00583715,23.6625,-23.66,-24.53,-24.97,STOP
C-F08-1,2025-12-18,2025-12-18 14:24:00,-1,-0.00532681,28.0125,27.25,26.38,25.95,TIME
C-F08-1,2025-12-18,2025-12-18 15:32:00,1,0.00603294,20.9438,23.50,22.63,22.20,TIME
C-F08-1,2025-12-19,2025-12-19 13:52:00,1,0.00602244,11.1750,15.75,14.88,14.45,TIME
C-F08-1,2025-12-19,2025-12-19 14:14:00,1,0.00470017,10.0312,8.50,7.63,7.20,TIME
C-F08-1,2025-12-19,2025-12-19 14:33:00,1,0.00492515,8.1938,8.75,7.88,7.45,TIME
C-F08-1,2025-12-19,2025-12-19 14:49:00,1,0.00506046,7.8750,-7.88,-8.74,-9.18,STOP
C-F08-1,2025-12-19,2025-12-19 15:05:00,1,0.0062296,9.2812,0.25,-0.62,-1.05,TIME
C-F08-1,2025-12-22,2025-12-22 14:21:00,1,0.00457564,7.8750,19.75,18.88,18.45,TIME
C-F08-1,2025-12-22,2025-12-22 14:37:00,1,0.00452624,7.7437,-7.74,-8.61,-9.05,STOP
C-F08-1,2025-12-23,2025-12-23 11:03:00,1,0.0045357,13.2375,-13.24,-14.11,-14.54,STOP
C-F08-1,2025-12-23,2025-12-23 11:19:00,1,0.00637077,10.9500,9.00,8.13,7.70,TIME
C-F08-1,2025-12-23,2025-12-23 12:51:00,1,0.00566755,7.9688,-7.97,-8.84,-9.27,STOP
C-F08-1,2025-12-23,2025-12-23 13:07:00,1,0.00497592,7.0875,15.25,14.38,13.95,TIME
C-F08-1,2025-12-24,2025-12-24 11:39:00,1,0.00461186,7.8375,-0.50,-1.37,-1.80,TIME
C-F08-1,2025-12-24,2025-12-24 12:43:00,-1,-0.00524924,7.7625,-7.76,-8.63,-9.07,STOP
C-F08-1,2025-12-24,2025-12-24 13:02:00,-1,-0.00530791,11.9250,6.50,5.63,5.20,DAYLAST
C-F08-1,2025-12-26,2025-12-26 11:53:00,1,0.00451301,8.4937,-8.49,-9.36,-9.80,STOP
C-F08-1,2025-12-26,2025-12-26 13:41:00,1,0.00454973,8.1562,12.50,11.63,11.20,TIME
C-F08-1,2025-12-26,2025-12-26 13:57:00,1,0.00554118,6.1500,9.75,8.88,8.45,TIME
C-F08-1,2025-12-26,2025-12-26 14:13:00,1,0.00667116,6.0375,-6.04,-6.91,-7.34,STOP
C-F08-1,2025-12-26,2025-12-26 14:29:00,1,0.00605111,5.9250,-5.92,-6.79,-7.23,STOP
C-F08-1,2025-12-26,2025-12-26 15:18:00,-1,-0.00470962,6.9563,-0.75,-1.62,-2.05,TIME
C-F08-1,2025-12-29,2025-12-29 13:10:00,1,0.0043891,9.0000,-9.00,-9.87,-10.30,STOP
C-F08-1,2025-12-29,2025-12-29 13:34:00,1,0.00472223,7.9312,-7.93,-8.80,-9.24,STOP
C-F08-1,2025-12-29,2025-12-29 14:52:00,1,0.00430642,9.8625,-3.25,-4.12,-4.55,TIME
C-F08-1,2025-12-29,2025-12-29 15:08:00,1,0.00623212,9.9375,7.50,6.63,6.20,TIME
C-F08-1,2025-12-30,2025-12-30 12:22:00,-1,-0.00515502,9.3562,-9.36,-10.23,-10.66,STOP
C-F08-1,2025-12-30,2025-12-30 15:14:00,-1,-0.00522276,8.0250,-8.03,-8.90,-9.33,STOP
C-F08-1,2025-12-31,2025-12-31 10:32:00,-1,-0.00404488,19.7625,17.25,16.38,15.95,TIME
C-F08-1,2025-12-31,2025-12-31 13:13:00,1,0.00402472,8.9438,3.75,2.88,2.45,TIME
C-F08-1,2025-12-31,2025-12-31 13:29:00,1,0.00514783,8.1750,13.25,12.38,11.95,TIME
C-F08-1,2025-12-31,2025-12-31 14:05:00,-1,-0.00469191,9.5813,23.75,22.88,22.45,TIME
C-F08-1,2025-12-31,2025-12-31 14:28:00,-1,-0.00410179,9.7125,41.75,40.88,40.45,TIME
C-F08-1,2025-12-31,2025-12-31 14:44:00,-1,-0.00407737,15.9750,14.25,13.38,12.95,TIME
C-F08-1,2025-12-31,2025-12-31 15:01:00,-1,-0.00551949,11.1750,37.50,36.63,36.20,TIME
C-F08-1,2025-12-31,2025-12-31 15:17:00,-1,-0.0052898,14.8125,13.75,12.88,12.45,TIME
C-F08-1,2025-12-31,2025-12-31 15:38:00,-1,-0.00414153,14.3062,27.50,26.63,26.20,TIME
C-F08-1,2026-01-02,2026-01-02 10:32:00,-1,-0.00479036,45.8063,-45.81,-46.68,-47.11,STOP
C-F08-1,2026-01-02,2026-01-02 11:04:00,-1,-0.00432057,43.2188,-43.22,-44.09,-44.52,STOP
C-F08-1,2026-01-02,2026-01-02 11:20:00,-1,-0.00538874,44.5687,-44.57,-45.44,-45.87,STOP
C-F08-1,2026-01-02,2026-01-02 12:10:00,1,0.00434924,28.8563,44.75,43.88,43.45,TIME
C-F08-1,2026-01-02,2026-01-02 12:26:00,1,0.00661892,24.8250,-7.75,-8.62,-9.05,TIME
C-F08-1,2026-01-02,2026-01-02 12:42:00,1,0.00921903,20.8125,-20.81,-21.68,-22.12,STOP
C-F08-1,2026-01-02,2026-01-02 12:58:00,1,0.0094189,22.2563,-22.26,-23.13,-23.56,STOP
C-F08-1,2026-01-02,2026-01-02 14:07:00,1,0.00474945,27.5438,27.50,26.63,26.20,TIME
C-F08-1,2026-01-02,2026-01-02 14:23:00,1,0.00839581,22.9312,59.50,58.63,58.20,TIME
C-F08-1,2026-01-02,2026-01-02 14:39:00,1,0.00786397,21.4312,-21.43,-22.30,-22.74,STOP
C-F08-1,2026-01-02,2026-01-02 14:55:00,1,0.00816685,18.9188,-18.92,-19.79,-20.22,STOP
C-F08-1,2026-01-02,2026-01-02 15:11:00,1,0.00498167,18.6375,21.00,20.13,19.70,TIME
C-F08-1,2026-01-05,2026-01-05 14:21:00,1,0.00447354,9.5250,-9.53,-10.40,-10.83,STOP
C-F08-1,2026-01-05,2026-01-05 14:37:00,1,0.00502794,9.6000,-9.60,-10.47,-10.90,STOP
C-F08-1,2026-01-05,2026-01-05 15:45:00,1,0.00447441,7.4062,-7.41,-8.28,-8.71,STOP
C-F08-1,2026-01-06,2026-01-06 15:03:00,1,0.00431271,5.9625,-5.96,-6.83,-7.27,STOP
C-F08-1,2026-01-07,2026-01-07 14:21:00,1,0.00391314,17.6812,-17.68,-18.55,-18.99,STOP
C-F08-1,2026-01-07,2026-01-07 15:02:00,1,0.00394987,9.0188,-9.02,-9.89,-10.32,STOP
C-F08-1,2026-01-08,2026-01-08 14:13:00,1,0.00394565,14.7938,-14.79,-15.66,-16.10,STOP
C-F08-1,2026-01-09,2026-01-09 10:33:00,-1,-0.00384329,35.1562,83.25,82.38,81.94,TIME
C-F08-1,2026-01-09,2026-01-09 10:49:00,-1,-0.00411051,28.3500,-28.35,-29.22,-29.65,STOP
C-F08-1,2026-01-09,2026-01-09 11:49:00,1,0.00361077,17.2313,32.50,31.63,31.20,TIME
C-F08-1,2026-01-09,2026-01-09 12:05:00,1,0.00355455,16.4250,-16.42,-17.29,-17.73,STOP
C-F08-1,2026-01-09,2026-01-09 13:11:00,-1,-0.0034543,13.2375,-0.00,-0.87,-1.30,TIME
C-F08-1,2026-01-09,2026-01-09 13:27:00,-1,-0.00429118,11.4563,-11.46,-12.33,-12.76,STOP
C-F08-1,2026-01-09,2026-01-09 14:10:00,1,0.00358998,8.4187,12.50,11.63,11.20,TIME
C-F08-1,2026-01-09,2026-01-09 14:26:00,1,0.00517071,7.3687,-7.37,-8.24,-8.67,STOP
C-F08-1,2026-01-12,2026-01-12 13:53:00,-1,-0.00331561,7.3875,16.75,15.88,15.45,TIME
C-F08-1,2026-01-12,2026-01-12 15:24:00,-1,-0.00331452,7.6875,-7.69,-8.56,-8.99,STOP
C-F08-1,2026-01-13,2026-01-13 11:13:00,1,0.00317755,24.9938,-9.00,-9.87,-10.30,TIME
C-F08-1,2026-01-13,2026-01-13 11:29:00,1,0.0039103,21.1688,81.50,80.63,80.19,TIME
C-F08-1,2026-01-13,2026-01-13 11:45:00,1,0.00448374,21.3750,43.75,42.88,42.45,TIME
C-F08-1,2026-01-13,2026-01-13 12:01:00,1,0.00657643,16.5187,-15.50,-16.37,-16.80,TIME
C-F08-1,2026-01-13,2026-01-13 12:17:00,1,0.00586979,13.3687,-13.37,-14.24,-14.67,STOP
C-F08-1,2026-01-13,2026-01-13 12:58:00,-1,-0.00341358,20.1562,8.75,7.88,7.45,TIME
C-F08-1,2026-01-13,2026-01-13 13:14:00,-1,-0.00607152,24.0187,10.00,9.13,8.70,TIME
C-F08-1,2026-01-13,2026-01-13 13:30:00,-1,-0.00319309,17.8500,-17.85,-18.72,-19.15,STOP
C-F08-1,2026-01-13,2026-01-13 13:46:00,-1,-0.00410561,15.4688,-15.47,-16.34,-16.77,STOP
C-F08-1,2026-01-13,2026-01-13 14:19:00,-1,-0.00283209,19.4062,-19.41,-20.28,-20.71,STOP
C-F08-1,2026-01-13,2026-01-13 15:10:00,1,0.00290948,15.0562,-15.06,-15.93,-16.36,STOP
C-F08-1,2026-01-13,2026-01-13 15:26:00,1,0.0045547,11.8125,-11.81,-12.68,-13.12,STOP
C-F08-1,2026-01-14,2026-01-14 10:36:00,-1,-0.00325303,36.9938,-36.99,-37.86,-38.30,STOP
C-F08-1,2026-01-14,2026-01-14 10:55:00,-1,-0.00322591,33.7313,-33.73,-34.60,-35.04,STOP
C-F08-1,2026-01-14,2026-01-14 11:14:00,-1,-0.00364636,24.4875,-24.49,-25.36,-25.79,STOP
C-F08-1,2026-01-14,2026-01-14 12:23:00,-1,-0.00288925,22.3875,-22.39,-23.26,-23.69,STOP
C-F08-1,2026-01-14,2026-01-14 13:19:00,1,0.00289176,19.2188,-19.22,-20.09,-20.52,STOP
C-F08-1,2026-01-14,2026-01-14 13:51:00,1,0.00305417,22.9312,34.75,33.88,33.45,TIME
C-F08-1,2026-01-14,2026-01-14 14:07:00,1,0.00305542,23.4375,17.00,16.13,15.70,TIME
C-F08-1,2026-01-14,2026-01-14 14:31:00,1,0.00309073,17.5688,-0.75,-1.62,-2.05,TIME
C-F08-1,2026-01-14,2026-01-14 14:59:00,1,0.00316962,16.5187,-16.52,-17.39,-17.82,STOP
C-F08-1,2026-01-14,2026-01-14 15:15:00,1,0.00671116,33.5438,-33.54,-34.41,-34.85,STOP
C-F08-1,2026-01-14,2026-01-14 15:31:00,1,0.00498257,21.7875,22.75,21.88,21.45,TIME
C-F08-1,2026-01-15,2026-01-15 10:36:00,-1,-0.00298568,33.1312,82.75,81.88,81.44,TIME
C-F08-1,2026-01-15,2026-01-15 11:46:00,1,0.0029955,17.7188,9.25,8.38,7.95,TIME
C-F08-1,2026-01-15,2026-01-15 12:40:00,-1,-0.00301337,16.6875,-16.69,-17.56,-17.99,STOP
C-F08-1,2026-01-15,2026-01-15 12:57:00,-1,-0.00339616,14.5875,-14.59,-15.46,-15.89,STOP
C-F08-1,2026-01-15,2026-01-15 14:35:00,-1,-0.00299906,22.0500,-22.05,-22.92,-23.35,STOP
C-F08-1,2026-01-15,2026-01-15 14:53:00,-1,-0.00324046,19.8000,34.75,33.88,33.45,TIME
C-F08-1,2026-01-15,2026-01-15 15:09:00,-1,-0.00304116,20.7000,37.25,36.38,35.95,TIME
C-F08-1,2026-01-15,2026-01-15 15:25:00,-1,-0.00300003,20.5312,16.25,15.38,14.95,TIME
C-F08-1,2026-01-16,2026-01-16 11:55:00,1,0.00330727,15.5250,-15.53,-16.40,-16.83,STOP
C-F08-1,2026-01-16,2026-01-16 14:00:00,1,0.00325117,9.8250,-9.83,-10.70,-11.13,STOP
C-F08-1,2026-01-16,2026-01-16 14:21:00,1,0.00318145,15.4875,14.00,13.13,12.70,TIME
C-F08-1,2026-01-16,2026-01-16 15:29:00,1,0.00304016,11.5125,-11.51,-12.38,-12.82,STOP
C-F08-1,2026-01-16,2026-01-16 15:45:00,1,0.00353938,14.6812,-14.68,-15.55,-15.99,STOP
C-F08-1,2026-01-19,2026-01-19 10:32:00,1,0.00333269,15.5063,-15.51,-16.38,-16.81,STOP
C-F08-1,2026-01-19,2026-01-19 10:48:00,1,0.00470681,15.0562,-15.06,-15.93,-16.36,STOP
C-F08-1,2026-01-19,2026-01-19 11:04:00,1,0.00296142,13.9500,54.25,53.38,52.95,TIME
C-F08-1,2026-01-19,2026-01-19 11:20:00,1,0.00599589,13.6500,-13.65,-14.52,-14.96,STOP
C-F08-1,2026-01-19,2026-01-19 11:41:00,1,0.00347582,14.2875,7.75,6.88,6.45,TIME
C-F08-1,2026-01-19,2026-01-19 11:57:00,1,0.00499303,10.3500,7.00,6.13,5.70,TIME
C-F08-1,2026-01-19,2026-01-19 12:24:00,1,0.00357895,9.4312,-3.75,-4.62,-5.05,TIME
C-F08-1,2026-01-19,2026-01-19 12:40:00,1,0.00547032,9.5250,7.50,6.63,6.20,TIME
C-F08-1,2026-01-19,2026-01-19 12:56:00,1,0.00667667,9.1875,-7.00,-7.87,-8.30,TIME
C-F08-1,2026-01-20,2026-01-20 10:32:00,1,0.00339765,38.0812,23.75,22.88,22.45,TIME
C-F08-1,2026-01-20,2026-01-20 10:48:00,1,0.0048803,30.3187,-30.32,-31.19,-31.62,STOP
C-F08-1,2026-01-20,2026-01-20 11:04:00,1,0.00352005,29.0250,5.25,4.38,3.95,TIME
C-F08-1,2026-01-20,2026-01-20 11:20:00,1,0.00327152,30.7875,-30.79,-31.66,-32.09,STOP
C-F08-1,2026-01-20,2026-01-20 13:07:00,-1,-0.00337042,20.4375,19.00,18.13,17.70,TIME
C-F08-1,2026-01-20,2026-01-20 13:24:00,-1,-0.00362263,18.0000,44.00,43.13,42.70,TIME
C-F08-1,2026-01-20,2026-01-20 13:41:00,-1,-0.00370258,18.8438,35.50,34.63,34.20,TIME
C-F08-1,2026-01-20,2026-01-20 13:57:00,-1,-0.00409014,19.9312,-19.93,-20.80,-21.24,STOP
C-F08-1,2026-01-20,2026-01-20 14:13:00,-1,-0.00356584,21.0187,28.50,27.63,27.20,TIME
C-F08-1,2026-01-20,2026-01-20 14:29:00,-1,-0.00303346,19.9312,-19.93,-20.80,-21.24,STOP
C-F08-1,2026-01-20,2026-01-20 15:08:00,-1,-0.00356193,17.9250,-17.92,-18.79,-19.23,STOP
C-F08-1,2026-01-20,2026-01-20 15:24:00,-1,-0.00304901,22.5750,-6.25,-7.12,-7.55,TIME
C-F08-1,2026-01-21,2026-01-21 10:41:00,1,0.0031178,29.4938,51.00,50.13,49.70,TIME
C-F08-1,2026-01-21,2026-01-21 10:57:00,1,0.0036501,22.0500,-22.05,-22.92,-23.35,STOP
C-F08-1,2026-01-21,2026-01-21 11:13:00,1,0.00336252,20.4750,-20.47,-21.34,-21.78,STOP
C-F08-1,2026-01-21,2026-01-21 11:33:00,1,0.00327942,24.8438,-24.84,-25.71,-26.15,STOP
C-F08-1,2026-01-21,2026-01-21 11:49:00,-1,-0.00310303,33.7500,29.50,28.63,28.20,TIME
C-F08-1,2026-01-21,2026-01-21 12:05:00,-1,-0.00702054,32.6813,49.00,48.13,47.70,TIME
C-F08-1,2026-01-21,2026-01-21 12:21:00,-1,-0.00763266,33.3563,-33.36,-34.23,-34.66,STOP
C-F08-1,2026-01-21,2026-01-21 12:37:00,-1,-0.00426793,32.4188,12.75,11.88,11.45,TIME
C-F08-1,2026-01-21,2026-01-21 12:53:00,1,0.00331642,30.9562,-30.96,-31.83,-32.26,STOP
C-F08-1,2026-01-21,2026-01-21 13:14:00,1,0.00353571,33.4313,-33.43,-34.30,-34.74,STOP
C-F08-1,2026-01-21,2026-01-21 13:30:00,1,0.00364985,27.9562,-10.00,-10.87,-11.30,TIME
C-F08-1,2026-01-21,2026-01-21 14:13:00,-1,-0.00298171,24.6000,-24.60,-25.47,-25.90,STOP
C-F08-1,2026-01-21,2026-01-21 14:42:00,1,0.00301514,52.9313,98.25,97.38,96.94,TIME
C-F08-1,2026-01-21,2026-01-21 14:58:00,1,0.00514893,39.8812,-39.88,-40.75,-41.19,STOP
C-F08-1,2026-01-21,2026-01-21 15:14:00,1,0.00439653,30.5250,-30.53,-31.40,-31.83,STOP
C-F08-1,2026-01-21,2026-01-21 15:35:00,-1,-0.00325333,29.3250,16.50,15.63,15.20,TIME
C-F08-1,2026-01-22,2026-01-22 11:00:00,1,0.00324202,20.7000,35.75,34.88,34.45,TIME
C-F08-1,2026-01-22,2026-01-22 11:16:00,1,0.00385919,22.5562,18.50,17.63,17.20,TIME
C-F08-1,2026-01-22,2026-01-22 11:32:00,1,0.00407946,17.4937,21.00,20.13,19.70,TIME
C-F08-1,2026-01-22,2026-01-22 11:48:00,1,0.00312577,15.3937,-15.39,-16.26,-16.70,STOP
C-F08-1,2026-01-22,2026-01-22 12:06:00,1,0.00326556,16.2563,-16.26,-17.13,-17.56,STOP
C-F08-1,2026-01-22,2026-01-22 12:22:00,1,0.00453803,17.2875,31.25,30.38,29.95,TIME
C-F08-1,2026-01-22,2026-01-22 12:42:00,1,0.00434325,16.1437,-2.00,-2.87,-3.30,TIME
C-F08-1,2026-01-22,2026-01-22 13:13:00,1,0.00310514,13.6125,-13.61,-14.48,-14.92,STOP
C-F08-1,2026-01-22,2026-01-22 13:49:00,1,0.00361824,11.7937,-11.79,-12.66,-13.10,STOP
C-F08-1,2026-01-22,2026-01-22 15:03:00,-1,-0.00388812,16.2750,-16.28,-17.15,-17.58,STOP
C-F08-1,2026-01-22,2026-01-22 15:33:00,-1,-0.0034176,15.6000,-15.60,-16.47,-16.90,STOP
C-F08-1,2026-01-23,2026-01-23 10:40:00,1,0.00324245,23.4375,36.00,35.13,34.70,TIME
C-F08-1,2026-01-23,2026-01-23 10:56:00,1,0.00516341,17.3438,8.25,7.38,6.95,TIME
C-F08-1,2026-01-23,2026-01-23 11:13:00,1,0.00326213,15.6750,-15.67,-16.54,-16.98,STOP
C-F08-1,2026-01-23,2026-01-23 14:01:00,1,0.00336415,15.6938,22.25,21.38,20.95,TIME
C-F08-1,2026-01-23,2026-01-23 14:20:00,1,0.00402443,16.2563,-16.26,-17.13,-17.56,STOP
C-F08-1,2026-01-26,2026-01-26 15:44:00,-1,-0.00342605,9.3562,-9.36,-10.23,-10.66,STOP
C-F08-1,2026-01-27,2026-01-27 11:36:00,1,0.00302994,9.8813,-9.88,-10.75,-11.19,STOP
C-F08-1,2026-01-27,2026-01-27 11:54:00,1,0.00360726,11.1187,-11.12,-11.99,-12.42,STOP
C-F08-1,2026-01-27,2026-01-27 12:17:00,1,0.00361823,10.6687,-10.67,-11.54,-11.97,STOP
C-F08-1,2026-01-27,2026-01-27 13:37:00,-1,-0.00320173,9.5437,-1.50,-2.37,-2.80,TIME
C-F08-1,2026-01-27,2026-01-27 13:53:00,-1,-0.00410758,7.2188,-7.22,-8.09,-8.52,STOP
C-F08-1,2026-01-27,2026-01-27 14:38:00,1,0.00296332,7.4812,-7.48,-8.35,-8.79,STOP
C-F08-1,2026-01-27,2026-01-27 14:54:00,1,0.00419284,7.5562,-7.56,-8.43,-8.86,STOP
C-F08-1,2026-01-27,2026-01-27 15:10:00,1,0.00445123,6.8625,13.50,12.63,12.20,TIME
C-F08-1,2026-01-28,2026-01-28 10:47:00,1,0.00311827,20.0438,-20.04,-20.91,-21.35,STOP
C-F08-1,2026-01-28,2026-01-28 11:49:00,-1,-0.00290342,17.8312,-10.50,-11.37,-11.80,TIME
C-F08-1,2026-01-28,2026-01-28 12:56:00,1,0.00345052,13.4250,-13.42,-14.29,-14.73,STOP
C-F08-1,2026-01-28,2026-01-28 13:12:00,1,0.00400619,14.1000,10.50,9.63,9.20,TIME
C-F08-1,2026-01-28,2026-01-28 13:28:00,1,0.00501175,10.5188,-10.52,-11.39,-11.82,STOP
C-F08-1,2026-01-28,2026-01-28 13:44:00,1,0.00668592,10.9875,-10.99,-11.86,-12.29,STOP
C-F08-1,2026-01-28,2026-01-28 14:02:00,1,0.00336607,15.7875,-15.79,-16.66,-17.09,STOP
C-F08-1,2026-01-28,2026-01-28 14:25:00,1,0.00348503,22.8937,-22.89,-23.76,-24.20,STOP
C-F08-1,2026-01-28,2026-01-28 14:41:00,-1,-0.00588882,33.3563,-33.36,-34.23,-34.66,STOP
C-F08-1,2026-01-28,2026-01-28 14:57:00,-1,-0.00301122,28.6312,-15.75,-16.62,-17.05,TIME
C-F08-1,2026-01-28,2026-01-28 15:25:00,-1,-0.00303035,16.5000,41.25,40.38,39.95,TIME
C-F08-1,2026-01-29,2026-01-29 10:49:00,-1,-0.00294749,40.9125,73.50,72.63,72.19,TIME
C-F08-1,2026-01-29,2026-01-29 11:05:00,-1,-0.00450373,39.0938,-39.09,-39.96,-40.40,STOP
C-F08-1,2026-01-29,2026-01-29 11:37:00,1,0.00382787,38.6063,48.25,47.38,46.95,TIME
C-F08-1,2026-01-29,2026-01-29 11:53:00,1,0.00974657,32.7750,26.00,25.13,24.70,TIME
C-F08-1,2026-01-29,2026-01-29 12:09:00,1,0.013387,27.9938,65.50,64.63,64.19,TIME
C-F08-1,2026-01-29,2026-01-29 12:25:00,1,0.00926002,25.4250,27.25,26.38,25.95,TIME
C-F08-1,2026-01-29,2026-01-29 12:41:00,1,0.00828406,24.0187,-24.02,-24.89,-25.32,STOP
C-F08-1,2026-01-29,2026-01-29 12:57:00,1,0.00411637,27.4688,71.75,70.88,70.44,TIME
C-F08-1,2026-01-29,2026-01-29 13:13:00,1,0.00687605,30.2250,-30.22,-31.09,-31.53,STOP
C-F08-1,2026-01-29,2026-01-29 13:30:00,1,0.00367112,21.6562,-21.66,-22.53,-22.96,STOP
C-F08-1,2026-01-29,2026-01-29 14:01:00,1,0.00305168,20.7750,38.75,37.88,37.45,TIME
C-F08-1,2026-01-29,2026-01-29 14:31:00,1,0.0029569,15.0938,-15.09,-15.96,-16.40,STOP
C-F08-1,2026-01-29,2026-01-29 15:32:00,-1,-0.00394708,13.6313,-13.63,-14.50,-14.94,STOP
C-F08-1,2026-01-30,2026-01-30 10:37:00,1,0.00337846,44.0625,-44.06,-44.93,-45.37,STOP
C-F08-1,2026-01-30,2026-01-30 11:35:00,-1,-0.00340119,35.8688,-35.87,-36.74,-37.17,STOP
C-F08-1,2026-01-30,2026-01-30 12:34:00,1,0.00325765,30.0938,-30.09,-30.96,-31.40,STOP
C-F08-1,2026-01-30,2026-01-30 13:08:00,-1,-0.00311479,31.9688,94.50,93.63,93.19,TIME
C-F08-1,2026-01-30,2026-01-30 13:24:00,-1,-0.00307677,30.1125,-30.11,-30.98,-31.42,STOP
C-F08-1,2026-01-30,2026-01-30 13:53:00,1,0.00377338,30.8625,-30.86,-31.73,-32.17,STOP
C-F08-1,2026-01-30,2026-01-30 14:09:00,1,0.00851363,35.2875,-35.29,-36.16,-36.59,STOP
C-F08-1,2026-01-30,2026-01-30 14:25:00,1,0.011444,28.0687,-28.07,-28.94,-29.37,STOP
C-F08-1,2026-01-30,2026-01-30 14:41:00,1,0.0123927,33.6750,-33.67,-34.54,-34.98,STOP
C-F08-1,2026-01-30,2026-01-30 15:01:00,-1,-0.00376501,29.2500,42.25,41.38,40.95,TIME
C-F08-1,2026-01-30,2026-01-30 15:17:00,-1,-0.00829036,27.0375,-19.75,-20.62,-21.05,TIME
C-F08-1,2026-01-30,2026-01-30 15:33:00,-1,-0.0106937,25.2188,-25.22,-26.09,-26.52,STOP
C-F08-1,2026-02-02,2026-02-02 10:32:00,1,0.00687016,26.7000,13.50,12.63,12.20,TIME
C-F08-1,2026-02-02,2026-02-02 10:48:00,1,0.00387418,24.3000,-24.30,-25.17,-25.60,STOP
C-F08-1,2026-02-02,2026-02-02 11:18:00,-1,-0.00332592,24.1688,-24.17,-25.04,-25.47,STOP
C-F08-1,2026-02-02,2026-02-02 12:25:00,1,0.00337088,13.6688,4.00,3.13,2.70,TIME
C-F08-1,2026-02-02,2026-02-02 15:07:00,1,0.00333292,24.5062,-24.51,-25.38,-25.81,STOP
C-F08-1,2026-02-03,2026-02-03 12:25:00,1,0.00328606,35.5312,-35.53,-36.40,-36.84,STOP
C-F08-1,2026-02-03,2026-02-03 12:41:00,1,0.0042299,27.6188,-27.62,-28.49,-28.92,STOP
C-F08-1,2026-02-03,2026-02-03 13:26:00,-1,-0.0037833,28.1625,17.00,16.13,15.70,TIME
C-F08-1,2026-02-03,2026-02-03 13:57:00,-1,-0.00352402,23.0625,41.50,40.63,40.20,TIME
C-F08-1,2026-02-03,2026-02-03 14:22:00,1,0.00340132,27.5062,-27.51,-28.38,-28.81,STOP
C-F08-1,2026-02-03,2026-02-03 14:38:00,1,0.0040291,38.2875,-38.29,-39.16,-39.59,STOP
C-F08-1,2026-02-03,2026-02-03 14:56:00,1,0.00402846,31.1625,13.50,12.63,12.20,TIME
C-F08-1,2026-02-03,2026-02-03 15:12:00,1,0.00794529,27.8625,-27.86,-28.73,-29.17,STOP
C-F08-1,2026-02-03,2026-02-03 15:35:00,1,0.00484276,26.4375,9.50,8.63,8.20,TIME
C-F08-1,2026-02-04,2026-02-04 10:32:00,-1,-0.00480598,65.5875,25.50,24.63,24.20,TIME
C-F08-1,2026-02-04,2026-02-04 10:48:00,-1,-0.00406425,60.5437,66.50,65.63,65.19,TIME
C-F08-1,2026-02-04,2026-02-04 11:04:00,-1,-0.00327923,49.8938,-49.89,-50.76,-51.20,STOP
C-F08-1,2026-02-04,2026-02-04 12:24:00,-1,-0.00402162,35.5312,136.00,135.13,134.69,TIME
C-F08-1,2026-02-04,2026-02-04 12:40:00,-1,-0.00690887,46.5375,-3.50,-4.37,-4.80,TIME
C-F08-1,2026-02-04,2026-02-04 12:56:00,-1,-0.00647723,37.8750,-37.88,-38.74,-39.18,STOP
C-F08-1,2026-02-04,2026-02-04 13:12:00,-1,-0.00772907,41.1750,-41.17,-42.04,-42.48,STOP
C-F08-1,2026-02-04,2026-02-04 13:28:00,-1,-0.00631153,34.5563,38.25,37.38,36.95,TIME
C-F08-1,2026-02-04,2026-02-04 14:11:00,-1,-0.00321403,38.2125,-38.21,-39.08,-39.52,STOP
C-F08-1,2026-02-04,2026-02-04 14:35:00,1,0.00349984,34.2000,104.00,103.13,102.69,TIME
C-F08-1,2026-02-04,2026-02-04 14:54:00,1,0.00340855,39.8438,-39.84,-40.71,-41.15,STOP
C-F08-1,2026-02-04,2026-02-04 15:10:00,1,0.00377088,32.0438,-32.04,-32.91,-33.35,STOP
C-F08-1,2026-02-05,2026-02-05 10:33:00,-1,-0.00736293,63.3375,-63.34,-64.21,-64.64,STOP
C-F08-1,2026-02-05,2026-02-05 10:49:00,-1,-0.0104008,59.1937,-59.19,-60.06,-60.50,STOP
C-F08-1,2026-02-05,2026-02-05 11:05:00,-1,-0.00768361,56.1375,-56.14,-57.01,-57.44,STOP
C-F08-1,2026-02-05,2026-02-05 11:21:00,-1,-0.00698836,47.2125,-47.21,-48.08,-48.52,STOP
C-F08-1,2026-02-05,2026-02-05 12:05:00,1,0.00368235,43.3312,0.50,-0.37,-0.80,TIME
C-F08-1,2026-02-05,2026-02-05 12:51:00,-1,-0.00437607,43.9688,11.25,10.38,9.95,TIME
C-F08-1,2026-02-05,2026-02-05 13:21:00,-1,-0.00346035,33.9938,11.00,10.13,9.70,TIME
C-F08-1,2026-02-05,2026-02-05 13:37:00,-1,-0.00702062,33.6000,55.50,54.63,54.20,TIME
C-F08-1,2026-02-05,2026-02-05 13:53:00,-1,-0.00714649,27.4125,-27.41,-28.28,-28.72,STOP
C-F08-1,2026-02-05,2026-02-05 14:09:00,-1,-0.0108685,29.8125,-29.81,-30.68,-31.12,STOP
C-F08-1,2026-02-05,2026-02-05 14:35:00,-1,-0.00677288,29.5875,-29.59,-30.46,-30.89,STOP
C-F08-1,2026-02-05,2026-02-05 14:58:00,-1,-0.00396355,29.6250,-29.62,-30.50,-30.93,STOP
C-F08-1,2026-02-05,2026-02-05 15:14:00,-1,-0.00501053,30.5625,117.25,116.38,115.94,TIME
C-F08-1,2026-02-05,2026-02-05 15:30:00,-1,-0.0125444,32.1188,28.75,27.88,27.45,TIME
C-F08-1,2026-02-06,2026-02-06 10:38:00,1,0.00373891,59.0062,-36.75,-37.62,-38.05,TIME
C-F08-1,2026-02-06,2026-02-06 10:54:00,1,0.00354212,38.5312,139.25,138.38,137.94,TIME
C-F08-1,2026-02-06,2026-02-06 11:13:00,1,0.00421825,38.2875,-0.50,-1.37,-1.80,TIME
C-F08-1,2026-02-06,2026-02-06 11:51:00,1,0.00492626,23.6250,-23.62,-24.50,-24.93,STOP
C-F08-1,2026-02-06,2026-02-06 12:08:00,1,0.00396408,22.5750,4.25,3.38,2.95,TIME
C-F08-1,2026-02-06,2026-02-06 12:24:00,1,0.00592489,21.5250,8.50,7.63,7.20,TIME
C-F08-1,2026-02-06,2026-02-06 12:40:00,1,0.00414491,19.7812,51.50,50.63,50.20,TIME
C-F08-1,2026-02-06,2026-02-06 12:56:00,1,0.00350686,21.6750,13.75,12.88,12.45,TIME
C-F08-1,2026-02-06,2026-02-06 13:12:00,1,0.00461513,18.9750,-6.25,-7.12,-7.55,TIME
C-F08-1,2026-02-06,2026-02-06 13:30:00,1,0.00434693,16.0688,21.25,20.38,19.95,TIME
C-F08-1,2026-02-06,2026-02-06 13:46:00,1,0.00511702,15.3000,-11.75,-12.62,-13.05,TIME
C-F08-1,2026-02-06,2026-02-06 14:09:00,1,0.00419922,12.1125,-12.11,-12.98,-13.42,STOP
C-F08-1,2026-02-09,2026-02-09 10:32:00,1,0.00501592,29.8688,46.50,45.63,45.20,TIME
C-F08-1,2026-02-09,2026-02-09 10:48:00,1,0.00409331,26.7750,50.75,49.88,49.45,TIME
C-F08-1,2026-02-09,2026-02-09 11:04:00,1,0.00727461,21.8813,15.00,14.13,13.70,TIME
C-F08-1,2026-02-09,2026-02-09 11:20:00,1,0.00962355,18.6750,-18.67,-19.54,-19.98,STOP
C-F08-1,2026-02-09,2026-02-09 11:36:00,1,0.00870875,14.9813,32.50,31.63,31.20,TIME
C-F08-1,2026-02-09,2026-02-09 13:15:00,1,0.00382552,15.6375,-15.64,-16.51,-16.94,STOP
C-F08-1,2026-02-09,2026-02-09 13:31:00,1,0.0051555,21.2812,38.50,37.63,37.20,TIME
C-F08-1,2026-02-09,2026-02-09 13:47:00,1,0.00483918,18.8438,-4.00,-4.87,-5.30,TIME
C-F08-1,2026-02-09,2026-02-09 14:03:00,1,0.00460898,14.4750,31.25,30.38,29.95,TIME
C-F08-1,2026-02-09,2026-02-09 14:19:00,1,0.00395241,13.1812,22.50,21.63,21.20,TIME
C-F08-1,2026-02-10,2026-02-10 11:07:00,1,0.00436576,27.7687,-27.77,-28.64,-29.07,STOP
C-F08-1,2026-02-10,2026-02-10 11:23:00,1,0.00424935,26.2687,-26.27,-27.14,-27.57,STOP
C-F08-1,2026-02-10,2026-02-10 11:40:00,1,0.00446648,27.3750,-11.50,-12.37,-12.80,TIME
C-F08-1,2026-02-10,2026-02-10 13:17:00,1,0.00447905,14.5500,-14.55,-15.42,-15.85,STOP
C-F08-1,2026-02-10,2026-02-10 13:36:00,1,0.00453493,24.8812,3.75,2.88,2.45,TIME
C-F08-1,2026-02-10,2026-02-10 13:52:00,1,0.00425693,20.4188,0.25,-0.62,-1.05,TIME
C-F08-1,2026-02-10,2026-02-10 15:15:00,1,0.00464266,15.6187,6.50,5.63,5.20,TIME
C-F08-1,2026-02-10,2026-02-10 15:42:00,1,0.00405342,16.8000,-16.80,-17.67,-18.10,STOP
C-F08-1,2026-02-11,2026-02-11 10:53:00,1,0.00393582,42.9188,17.75,16.88,16.45,TIME
C-F08-1,2026-02-11,2026-02-11 11:09:00,1,0.00516766,38.8125,65.25,64.38,63.95,TIME
C-F08-1,2026-02-11,2026-02-11 11:25:00,1,0.00648186,31.5938,-31.59,-32.46,-32.90,STOP
C-F08-1,2026-02-11,2026-02-11 11:41:00,1,0.00539369,34.2188,-17.25,-18.12,-18.55,TIME
C-F08-1,2026-02-11,2026-02-11 13:57:00,1,0.00435792,22.9875,-22.99,-23.86,-24.29,STOP
C-F08-1,2026-02-11,2026-02-11 14:13:00,1,0.00709836,21.2250,62.25,61.38,60.95,TIME
C-F08-1,2026-02-11,2026-02-11 14:29:00,1,0.00982632,19.3312,-8.50,-9.37,-9.80,TIME
C-F08-1,2026-02-11,2026-02-11 14:45:00,1,0.00925292,15.3750,-15.38,-16.25,-16.68,STOP
C-F08-1,2026-02-11,2026-02-11 15:01:00,1,0.00775482,23.8687,-1.50,-2.37,-2.80,TIME
C-F08-1,2026-02-11,2026-02-11 15:17:00,1,0.00618365,15.5812,-15.58,-16.45,-16.89,STOP
C-F08-1,2026-02-11,2026-02-11 15:33:00,1,0.0039032,13.8563,23.75,22.88,22.45,TIME
C-F08-1,2026-02-12,2026-02-12 11:19:00,-1,-0.00399013,35.8875,62.75,61.88,61.45,TIME
C-F08-1,2026-02-12,2026-02-12 11:35:00,-1,-0.00684199,46.3312,-46.33,-47.20,-47.64,STOP
C-F08-1,2026-02-12,2026-02-12 12:25:00,1,0.00504536,40.0687,-40.07,-40.94,-41.37,STOP
C-F08-1,2026-02-12,2026-02-12 13:42:00,1,0.00406535,32.1188,51.50,50.63,50.20,TIME
C-F08-1,2026-02-12,2026-02-12 13:58:00,1,0.0046568,26.5125,-26.51,-27.38,-27.82,STOP
C-F08-1,2026-02-12,2026-02-12 14:16:00,1,0.00403795,28.6688,3.00,2.13,1.70,TIME
C-F08-1,2026-02-12,2026-02-12 14:52:00,-1,-0.00516788,23.3250,33.00,32.13,31.70,TIME
C-F08-1,2026-02-12,2026-02-12 15:24:00,-1,-0.00434955,22.6500,7.50,6.63,6.20,TIME
C-F08-1,2026-02-12,2026-02-12 15:40:00,-1,-0.00595263,21.7687,63.75,62.88,62.45,TIME
C-F08-1,2026-02-13,2026-02-13 10:51:00,1,0.00412941,49.6500,100.25,99.38,98.94,TIME
C-F08-1,2026-02-13,2026-02-13 11:53:00,1,0.00431445,35.9437,21.75,20.88,20.45,TIME
C-F08-1,2026-02-13,2026-02-13 12:23:00,1,0.00397569,26.2500,15.00,14.13,13.70,TIME
C-F08-1,2026-02-13,2026-02-13 12:41:00,1,0.00448381,25.3500,-25.35,-26.22,-26.65,STOP
C-F08-1,2026-02-13,2026-02-13 13:07:00,1,0.00416681,26.7938,51.25,50.38,49.95,TIME
C-F08-1,2026-02-13,2026-02-13 13:23:00,1,0.0048538,27.8250,22.75,21.88,21.45,TIME
C-F08-1,2026-02-13,2026-02-13 13:39:00,1,0.00630131,27.6188,-27.62,-28.49,-28.92,STOP
C-F08-1,2026-02-13,2026-02-13 14:01:00,1,0.00431629,24.3563,7.25,6.38,5.95,TIME
C-F08-1,2026-02-13,2026-02-13 15:31:00,-1,-0.00489362,29.7000,15.75,14.88,14.45,TIME
C-F08-1,2026-02-16,2026-02-16 10:32:00,1,0.00481598,18.9937,-18.99,-19.86,-20.30,STOP
C-F08-1,2026-02-16,2026-02-16 11:30:00,1,0.00416678,16.7625,-16.76,-17.63,-18.07,STOP
C-F08-1,2026-02-16,2026-02-16 11:46:00,1,0.00552921,18.7687,26.50,25.63,25.20,TIME
C-F08-1,2026-02-16,2026-02-16 12:02:00,1,0.006363,15.3375,-3.00,-3.87,-4.30,TIME
C-F08-1,2026-02-16,2026-02-16 12:18:00,1,0.00577671,14.8312,33.00,32.13,31.70,TIME
C-F08-1,2026-02-16,2026-02-16 12:34:00,1,0.00732741,11.4187,-11.42,-12.29,-12.72,STOP
C-F08-1,2026-02-16,2026-02-16 12:51:00,1,0.00539976,12.3563,-12.36,-13.23,-13.66,STOP
C-F08-1,2026-02-17,2026-02-17 10:32:00,-1,-0.00489353,56.3625,-22.00,-22.87,-23.30,TIME
C-F08-1,2026-02-17,2026-02-17 10:48:00,-1,-0.00509864,47.1562,-47.16,-48.03,-48.46,STOP
C-F08-1,2026-02-17,2026-02-17 11:09:00,-1,-0.00445152,45.8250,-45.83,-46.70,-47.13,STOP
C-F08-1,2026-02-17,2026-02-17 11:42:00,1,0.0042938,38.9250,36.25,35.38,34.95,TIME
C-F08-1,2026-02-17,2026-02-17 11:58:00,1,0.00423794,34.2750,-34.28,-35.15,-35.58,STOP
C-F08-1,2026-02-17,2026-02-17 12:16:00,-1,-0.00441306,33.9562,-33.96,-34.83,-35.26,STOP
C-F08-1,2026-02-17,2026-02-17 12:41:00,-1,-0.00446369,36.9188,97.75,96.88,96.44,TIME
C-F08-1,2026-02-17,2026-02-17 12:57:00,-1,-0.00688307,34.6688,-34.67,-35.54,-35.97,STOP
C-F08-1,2026-02-17,2026-02-17 13:13:00,-1,-0.00522054,36.2625,-36.26,-37.13,-37.57,STOP
C-F08-1,2026-02-17,2026-02-17 13:34:00,-1,-0.00421369,37.4625,-37.46,-38.33,-38.77,STOP
C-F08-1,2026-02-17,2026-02-17 15:31:00,-1,-0.00458326,20.3438,-20.34,-21.21,-21.65,STOP
C-F08-1,2026-02-18,2026-02-18 10:33:00,1,0.00498753,26.1000,42.75,41.88,41.45,TIME
C-F08-1,2026-02-18,2026-02-18 10:49:00,1,0.00435253,24.8250,16.25,15.38,14.95,TIME
C-F08-1,2026-02-19,2026-02-19 11:04:00,1,0.00443812,31.1250,-31.12,-32.00,-32.43,STOP
C-F08-1,2026-02-19,2026-02-19 14:19:00,1,0.00449872,19.5562,-19.56,-20.43,-20.86,STOP
C-F08-1,2026-02-19,2026-02-19 15:44:00,1,0.00475126,15.1875,45.25,44.38,43.95,TIME
C-F08-1,2026-02-20,2026-02-20 11:50:00,1,0.00430931,32.2875,-32.29,-33.16,-33.59,STOP
C-F08-1,2026-02-20,2026-02-20 12:06:00,1,0.00758343,23.1187,-23.12,-23.99,-24.42,STOP
C-F08-1,2026-02-20,2026-02-20 13:04:00,1,0.00423584,40.7062,-40.71,-41.58,-42.01,STOP
C-F08-1,2026-02-20,2026-02-20 13:20:00,1,0.00618727,29.9250,-29.92,-30.79,-31.23,STOP
C-F08-1,2026-02-20,2026-02-20 13:36:00,1,0.00961304,47.8875,-47.89,-48.76,-49.19,STOP
C-F08-1,2026-02-20,2026-02-20 13:52:00,1,0.00593575,54.9938,17.75,16.88,16.45,TIME
C-F08-1,2026-02-20,2026-02-20 14:08:00,1,0.00509246,28.6875,-28.69,-29.56,-29.99,STOP
C-F08-1,2026-02-20,2026-02-20 14:48:00,-1,-0.00468694,19.6875,-19.69,-20.56,-20.99,STOP
C-F08-1,2026-02-20,2026-02-20 15:04:00,-1,-0.00972817,18.6750,-18.67,-19.54,-19.98,STOP
C-F08-1,2026-02-20,2026-02-20 15:20:00,-1,-0.00495011,18.0375,10.25,9.38,8.95,TIME
C-F08-1,2026-02-20,2026-02-20 15:36:00,-1,-0.00622621,17.2125,-17.21,-18.08,-18.52,STOP
C-F08-1,2026-02-23,2026-02-23 10:39:00,-1,-0.00463023,35.1562,83.75,82.88,82.44,TIME
C-F08-1,2026-02-23,2026-02-23 10:56:00,-1,-0.00444559,31.6125,90.50,89.63,89.19,TIME
C-F08-1,2026-02-23,2026-02-23 11:12:00,-1,-0.00740968,31.8187,-31.82,-32.69,-33.12,STOP
C-F08-1,2026-02-23,2026-02-23 12:03:00,1,0.00437255,27.2250,-27.22,-28.09,-28.53,STOP
C-F08-1,2026-02-23,2026-02-23 12:19:00,1,0.00862475,23.7563,-20.25,-21.12,-21.55,TIME
C-F08-1,2026-02-23,2026-02-23 13:22:00,1,0.00463139,16.2938,9.75,8.88,8.45,TIME
C-F08-1,2026-02-23,2026-02-23 13:38:00,1,0.00701221,16.8188,-16.82,-17.69,-18.12,STOP
C-F08-1,2026-02-23,2026-02-23 13:54:00,1,0.005346,16.4625,-16.46,-17.33,-17.77,STOP
C-F08-1,2026-02-23,2026-02-23 14:29:00,-1,-0.00492116,16.3312,34.75,33.88,33.45,TIME
C-F08-1,2026-02-23,2026-02-23 14:45:00,-1,-0.00773281,16.0688,-16.07,-16.94,-17.37,STOP
C-F08-1,2026-02-23,2026-02-23 15:10:00,-1,-0.00463784,16.9688,-16.97,-17.84,-18.27,STOP
C-F08-1,2026-02-23,2026-02-23 15:29:00,-1,-0.00440512,14.2687,-14.27,-15.14,-15.57,STOP
C-F08-1,2026-02-24,2026-02-24 14:55:00,-1,-0.00465771,13.1812,26.25,25.38,24.95,TIME
C-F08-1,2026-02-25,2026-02-25 12:16:00,1,0.00437831,11.0813,-11.08,-11.95,-12.39,STOP
C-F08-1,2026-02-25,2026-02-25 12:35:00,1,0.00449567,9.1875,13.50,12.63,12.20,TIME
C-F08-1,2026-02-25,2026-02-25 14:21:00,1,0.00446658,8.1562,-8.16,-9.03,-9.46,STOP
C-F08-1,2026-02-25,2026-02-25 15:29:00,1,0.00431689,7.0875,-7.09,-7.96,-8.39,STOP
C-F08-1,2026-02-26,2026-02-26 10:32:00,-1,-0.00485677,56.5687,-56.57,-57.44,-57.87,STOP
C-F08-1,2026-02-26,2026-02-26 11:06:00,1,0.00506063,39.4875,10.75,9.88,9.45,TIME
C-F08-1,2026-02-26,2026-02-26 11:22:00,1,0.00843584,30.4313,23.25,22.38,21.95,TIME
C-F08-1,2026-02-26,2026-02-26 11:38:00,1,0.00920584,24.8812,-24.88,-25.75,-26.19,STOP
C-F08-1,2026-02-26,2026-02-26 12:26:00,-1,-0.00435334,20.7563,-20.76,-21.63,-22.06,STOP
C-F08-1,2026-02-26,2026-02-26 12:42:00,-1,-0.00614236,19.5750,19.50,18.63,18.20,TIME
C-F08-1,2026-02-26,2026-02-26 14:05:00,1,0.00432428,21.4500,41.50,40.63,40.20,TIME
C-F08-1,2026-02-26,2026-02-26 14:21:00,1,0.00561963,18.4500,-18.45,-19.32,-19.76,STOP
C-F08-1,2026-02-26,2026-02-26 14:37:00,1,0.00659926,17.3625,-1.00,-1.87,-2.30,TIME
C-F08-1,2026-02-26,2026-02-26 14:53:00,1,0.00583679,14.6250,-14.62,-15.49,-15.93,STOP
C-F08-1,2026-02-27,2026-02-27 11:35:00,1,0.00494844,29.0625,-29.06,-29.93,-30.37,STOP
C-F08-1,2026-02-27,2026-02-27 15:29:00,1,0.00489421,19.8375,-19.84,-20.71,-21.14,STOP
C-F08-1,2026-03-02,2026-03-02 10:32:00,1,0.00785082,41.2313,56.75,55.88,55.45,TIME
C-F08-1,2026-03-02,2026-03-02 11:41:00,1,0.00417795,31.8375,49.75,48.88,48.45,TIME
C-F08-1,2026-03-02,2026-03-02 11:57:00,1,0.00499688,29.7188,-12.25,-13.12,-13.55,TIME
C-F08-1,2026-03-02,2026-03-02 12:15:00,1,0.00425661,22.4438,26.50,25.63,25.20,TIME
C-F08-1,2026-03-02,2026-03-02 12:31:00,1,0.00489066,21.0562,2.00,1.13,0.70,TIME
C-F08-1,2026-03-02,2026-03-02 13:52:00,1,0.00423999,18.6562,-18.66,-19.53,-19.96,STOP
C-F08-1,2026-03-02,2026-03-02 14:10:00,1,0.00410963,19.2750,67.00,66.13,65.69,TIME
C-F08-1,2026-03-02,2026-03-02 14:26:00,1,0.0042582,20.7938,19.00,18.13,17.70,TIME
C-F08-1,2026-03-02,2026-03-02 14:46:00,1,0.00411574,15.3937,5.75,4.88,4.45,TIME
C-F08-1,2026-03-02,2026-03-02 15:02:00,1,0.00455678,13.4625,-13.46,-14.33,-14.77,STOP
C-F08-1,2026-03-02,2026-03-02 15:19:00,-1,-0.004046,35.8125,9.00,8.13,7.70,TIME
C-F08-1,2026-03-02,2026-03-02 15:35:00,-1,-0.00512736,37.5750,-14.50,-15.37,-15.80,TIME
C-F08-1,2026-03-03,2026-03-03 10:47:00,-1,-0.0041559,48.3000,-18.00,-18.87,-19.30,TIME
C-F08-1,2026-03-03,2026-03-03 11:04:00,-1,-0.00533335,45.9938,-45.99,-46.86,-47.30,STOP
C-F08-1,2026-03-03,2026-03-03 11:41:00,1,0.00432482,39.9750,-39.97,-40.84,-41.28,STOP
C-F08-1,2026-03-03,2026-03-03 11:57:00,1,0.00752073,43.9875,-43.99,-44.86,-45.29,STOP
C-F08-1,2026-03-03,2026-03-03 12:13:00,1,0.00762727,38.4375,49.25,48.38,47.95,TIME
C-F08-1,2026-03-03,2026-03-03 12:29:00,1,0.00441252,35.5875,-35.59,-36.46,-36.89,STOP
C-F08-1,2026-03-03,2026-03-03 12:46:00,1,0.00577573,33.7500,-33.75,-34.62,-35.05,STOP
C-F08-1,2026-03-03,2026-03-03 13:02:00,1,0.00996032,32.7750,10.25,9.38,8.95,TIME
C-F08-1,2026-03-03,2026-03-03 13:18:00,1,0.00454811,31.4250,70.75,69.88,69.44,TIME
C-F08-1,2026-03-03,2026-03-03 13:34:00,1,0.00916111,28.8937,15.75,14.88,14.45,TIME
C-F08-1,2026-03-03,2026-03-03 13:51:00,1,0.00505702,29.8875,-4.25,-5.12,-5.55,TIME
C-F08-1,2026-03-03,2026-03-03 14:17:00,1,0.00414159,29.9062,-29.91,-30.78,-31.21,STOP
C-F08-1,2026-03-03,2026-03-03 14:39:00,1,0.00916263,32.2687,-32.27,-33.14,-33.57,STOP
C-F08-1,2026-03-03,2026-03-03 15:03:00,1,0.00741258,36.3563,-36.36,-37.23,-37.66,STOP
C-F08-1,2026-03-03,2026-03-03 15:19:00,1,0.00595863,29.1375,35.75,34.88,34.45,TIME
C-F08-1,2026-03-03,2026-03-03 15:35:00,1,0.00427273,26.8312,-26.83,-27.70,-28.14,STOP
C-F08-1,2026-03-04,2026-03-04 10:37:00,1,0.00446652,30.8625,-30.86,-31.73,-32.17,STOP
C-F08-1,2026-03-04,2026-03-04 10:56:00,1,0.00456315,31.8563,29.75,28.88,28.45,TIME
C-F08-1,2026-03-04,2026-03-04 11:32:00,-1,-0.00460844,30.3937,-30.39,-31.26,-31.70,STOP
C-F08-1,2026-03-04,2026-03-04 12:14:00,1,0.00486834,17.2687,-17.27,-18.14,-18.57,STOP
C-F08-1,2026-03-04,2026-03-04 12:30:00,1,0.00455705,17.4375,-17.44,-18.31,-18.74,STOP
C-F08-1,2026-03-04,2026-03-04 12:46:00,1,0.00571127,22.3125,17.00,16.13,15.70,TIME
C-F08-1,2026-03-04,2026-03-04 13:02:00,1,0.00438247,18.4500,-18.45,-19.32,-19.76,STOP
C-F08-1,2026-03-04,2026-03-04 13:37:00,-1,-0.00430911,18.8813,-11.75,-12.62,-13.05,TIME
C-F08-1,2026-03-04,2026-03-04 13:58:00,-1,-0.00423942,15.3750,-15.38,-16.25,-16.68,STOP
C-F08-1,2026-03-04,2026-03-04 14:37:00,1,0.00438911,11.9812,-11.98,-12.85,-13.29,STOP
C-F08-1,2026-03-04,2026-03-04 14:54:00,1,0.00499758,11.8875,-11.89,-12.76,-13.19,STOP
C-F08-1,2026-03-04,2026-03-04 15:12:00,1,0.00528699,13.1063,-13.11,-13.98,-14.41,STOP
C-F08-1,2026-03-05,2026-03-05 12:09:00,-1,-0.00571318,30.0938,99.75,98.88,98.44,TIME
C-F08-1,2026-03-05,2026-03-05 12:35:00,-1,-0.00418671,35.5125,-35.51,-36.38,-36.82,STOP
C-F08-1,2026-03-05,2026-03-05 12:51:00,-1,-0.00902664,41.9625,-22.25,-23.12,-23.55,TIME
C-F08-1,2026-03-05,2026-03-05 13:07:00,-1,-0.00750251,37.0125,-37.01,-37.88,-38.32,STOP
C-F08-1,2026-03-05,2026-03-05 13:27:00,-1,-0.00474485,34.5750,-34.58,-35.45,-35.88,STOP
C-F08-1,2026-03-05,2026-03-05 13:44:00,1,0.00449351,33.3187,-33.32,-34.19,-34.62,STOP
C-F08-1,2026-03-05,2026-03-05 14:43:00,-1,-0.00582101,28.6688,-28.67,-29.54,-29.97,STOP
C-F08-1,2026-03-05,2026-03-05 15:07:00,-1,-0.00552197,31.2562,-31.26,-32.13,-32.56,STOP
C-F08-1,2026-03-05,2026-03-05 15:31:00,1,0.00421621,31.0500,13.75,12.88,12.45,TIME
C-F08-1,2026-03-06,2026-03-06 10:34:00,1,0.00446721,39.8438,-39.84,-40.71,-41.15,STOP
C-F08-1,2026-03-06,2026-03-06 10:50:00,1,0.00607552,35.2500,-35.25,-36.12,-36.55,STOP
C-F08-1,2026-03-06,2026-03-06 11:06:00,1,0.00753183,37.4813,-37.48,-38.35,-38.79,STOP
C-F08-1,2026-03-06,2026-03-06 11:26:00,1,0.0046025,36.9562,-36.96,-37.83,-38.26,STOP
C-F08-1,2026-03-06,2026-03-06 12:12:00,-1,-0.00476808,38.5875,39.75,38.88,38.45,TIME
C-F08-1,2026-03-06,2026-03-06 12:28:00,-1,-0.00469876,29.7562,-29.76,-30.63,-31.06,STOP
C-F08-1,2026-03-06,2026-03-06 12:44:00,-1,-0.00435503,29.7938,-29.79,-30.66,-31.10,STOP
C-F08-1,2026-03-06,2026-03-06 13:00:00,-1,-0.00527695,28.7812,-28.78,-29.65,-30.09,STOP
C-F08-1,2026-03-06,2026-03-06 13:26:00,1,0.00466893,33.5812,-33.58,-34.45,-34.89,STOP
C-F08-1,2026-03-06,2026-03-06 14:26:00,-1,-0.004659,29.5500,-29.55,-30.42,-30.85,STOP
C-F08-1,2026-03-06,2026-03-06 14:42:00,1,0.0085004,30.0187,-30.02,-30.89,-31.32,STOP
C-F08-1,2026-03-06,2026-03-06 14:58:00,1,0.00775154,27.0187,-27.02,-27.89,-28.32,STOP
C-F08-1,2026-03-06,2026-03-06 15:14:00,1,0.00527773,28.1813,-28.18,-29.05,-29.49,STOP
C-F08-1,2026-03-06,2026-03-06 15:30:00,-1,-0.00767212,34.8937,-34.89,-35.76,-36.20,STOP
C-F08-1,2026-03-09,2026-03-09 10:32:00,-1,-0.0105107,55.1813,-55.18,-56.05,-56.49,STOP
C-F08-1,2026-03-09,2026-03-09 10:48:00,-1,-0.00986654,46.3875,-10.25,-11.12,-11.55,TIME
C-F08-1,2026-03-09,2026-03-09 11:04:00,-1,-0.00624112,36.6188,-36.62,-37.49,-37.92,STOP
C-F08-1,2026-03-09,2026-03-09 11:22:00,1,0.00616574,29.8312,-4.75,-5.62,-6.05,TIME
C-F08-1,2026-03-09,2026-03-09 11:38:00,1,0.00457268,24.8250,33.75,32.88,32.45,TIME
C-F08-1,2026-03-09,2026-03-09 11:54:00,1,0.00651329,25.2562,34.25,33.38,32.95,TIME
C-F08-1,2026-03-09,2026-03-09 12:22:00,-1,-0.00488891,24.3375,-24.34,-25.21,-25.64,STOP
C-F08-1,2026-03-09,2026-03-09 12:38:00,-1,-0.00858905,31.8187,-31.82,-32.69,-33.12,STOP
C-F08-1,2026-03-09,2026-03-09 12:54:00,-1,-0.00677803,20.7188,63.25,62.38,61.95,TIME
C-F08-1,2026-03-09,2026-03-09 13:10:00,-1,-0.00999902,20.3813,-20.38,-21.25,-21.69,STOP
C-F08-1,2026-03-09,2026-03-09 13:26:00,-1,-0.00563147,22.3875,24.50,23.63,23.20,TIME
C-F08-1,2026-03-09,2026-03-09 13:42:00,-1,-0.00962674,23.4562,-23.46,-24.33,-24.76,STOP
C-F08-1,2026-03-09,2026-03-09 13:58:00,-1,-0.008165,22.6313,-22.63,-23.50,-23.94,STOP
C-F08-1,2026-03-09,2026-03-09 15:07:00,-1,-0.00467738,18.7875,-18.79,-19.66,-20.09,STOP
C-F08-1,2026-03-09,2026-03-09 15:25:00,1,0.00440603,40.9125,143.00,142.13,141.69,TIME
C-F08-1,2026-03-09,2026-03-09 15:41:00,1,0.00630949,68.1750,-68.17,-69.04,-69.48,STOP
C-F08-1,2026-03-10,2026-03-10 11:11:00,1,0.00454541,20.4000,20.75,19.88,19.45,TIME
C-F08-1,2026-03-10,2026-03-10 12:35:00,-1,-0.00503442,25.1250,18.25,17.38,16.95,TIME
C-F08-1,2026-03-10,2026-03-10 13:04:00,-1,-0.00506992,22.7062,-16.75,-17.62,-18.05,TIME
C-F08-1,2026-03-10,2026-03-10 13:20:00,-1,-0.00865084,19.2375,-19.24,-20.11,-20.54,STOP
C-F08-1,2026-03-10,2026-03-10 13:36:00,-1,-0.00579488,21.7313,0.25,-0.62,-1.05,TIME
C-F08-1,2026-03-10,2026-03-10 14:28:00,1,0.00569326,53.6625,-53.66,-54.53,-54.97,STOP
C-F08-1,2026-03-10,2026-03-10 14:44:00,1,0.00960864,49.6125,-22.75,-23.62,-24.05,TIME
C-F08-1,2026-03-10,2026-03-10 15:24:00,1,0.00706268,31.2375,-31.24,-32.11,-32.54,STOP
C-F08-1,2026-03-10,2026-03-10 15:40:00,1,0.00769515,35.7562,-35.76,-36.63,-37.06,STOP
C-F08-1,2026-03-11,2026-03-11 12:09:00,-1,-0.00460405,26.8312,-26.83,-27.70,-28.14,STOP
C-F08-1,2026-03-11,2026-03-11 12:26:00,-1,-0.00468466,26.5500,-26.55,-27.42,-27.85,STOP
C-F08-1,2026-03-11,2026-03-11 12:46:00,1,0.00459182,24.0375,27.25,26.38,25.95,TIME
C-F08-1,2026-03-11,2026-03-11 13:40:00,-1,-0.00459347,28.4437,-28.44,-29.31,-29.75,STOP
C-F08-1,2026-03-11,2026-03-11 14:01:00,1,0.00655161,32.6250,-32.62,-33.49,-33.93,STOP
C-F08-1,2026-03-11,2026-03-11 14:21:00,-1,-0.00445807,22.3312,-22.33,-23.20,-23.64,STOP
C-F08-1,2026-03-11,2026-03-11 14:51:00,-1,-0.00490777,17.9625,-17.96,-18.83,-19.27,STOP
C-F08-1,2026-03-12,2026-03-12 12:25:00,1,0.00485529,36.2062,-36.21,-37.08,-37.51,STOP
C-F08-1,2026-03-12,2026-03-12 13:06:00,1,0.00473189,31.0500,-31.05,-31.92,-32.35,STOP
C-F08-1,2026-03-12,2026-03-12 13:34:00,1,0.00517914,27.0750,-27.08,-27.95,-28.38,STOP
C-F08-1,2026-03-12,2026-03-12 14:06:00,-1,-0.00486766,26.6437,-26.64,-27.51,-27.95,STOP
C-F08-1,2026-03-12,2026-03-12 14:24:00,-1,-0.00485326,21.5625,-21.56,-22.43,-22.87,STOP
C-F08-1,2026-03-12,2026-03-12 14:46:00,-1,-0.00476794,19.5375,-19.54,-20.41,-20.84,STOP
C-F08-1,2026-03-12,2026-03-12 15:03:00,-1,-0.00511265,20.5125,-20.51,-21.38,-21.82,STOP
C-F08-1,2026-03-12,2026-03-12 15:39:00,1,0.00488238,21.6938,-21.69,-22.56,-23.00,STOP
C-F08-1,2026-03-13,2026-03-13 11:17:00,1,0.00427815,35.3250,-35.33,-36.20,-36.63,STOP
C-F08-1,2026-03-13,2026-03-13 12:32:00,1,0.00468199,31.0687,-31.07,-31.94,-32.37,STOP
C-F08-1,2026-03-13,2026-03-13 12:52:00,1,0.00845662,30.4875,-30.49,-31.36,-31.79,STOP
C-F08-1,2026-03-13,2026-03-13 13:08:00,1,0.00895992,29.2687,37.00,36.13,35.70,TIME
C-F08-1,2026-03-13,2026-03-13 13:24:00,1,0.00747539,29.3063,11.25,10.38,9.95,TIME
C-F08-1,2026-03-13,2026-03-13 13:40:00,1,0.0101627,24.5438,-24.54,-25.41,-25.85,STOP
C-F08-1,2026-03-13,2026-03-13 13:56:00,1,0.0103151,24.9562,13.00,12.13,11.70,TIME
C-F08-1,2026-03-13,2026-03-13 14:12:00,1,0.0100731,19.5187,-19.52,-20.39,-20.82,STOP
C-F08-1,2026-03-13,2026-03-13 14:32:00,1,0.00460888,22.3875,28.75,27.88,27.45,TIME
C-F08-1,2026-03-13,2026-03-13 14:48:00,1,0.00910231,19.2938,-19.29,-20.16,-20.60,STOP
C-F08-1,2026-03-13,2026-03-13 15:04:00,1,0.00512472,18.9750,-18.97,-19.84,-20.28,STOP
C-F08-1,2026-03-13,2026-03-13 15:36:00,-1,-0.0042796,21.0187,5.25,4.38,3.95,TIME
C-F08-1,2026-03-16,2026-03-16 10:37:00,1,0.00465225,28.2375,-28.24,-29.11,-29.54,STOP
C-F08-1,2026-03-16,2026-03-16 11:31:00,1,0.00498652,21.4688,2.50,1.63,1.20,TIME
C-F08-1,2026-03-16,2026-03-16 11:47:00,1,0.00779713,16.2375,-16.24,-17.11,-17.54,STOP
C-F08-1,2026-03-16,2026-03-16 12:03:00,1,0.00732295,22.5562,-8.50,-9.37,-9.80,TIME
C-F08-1,2026-03-16,2026-03-16 12:19:00,1,0.0156641,25.0500,-25.05,-25.92,-26.35,STOP
C-F08-1,2026-03-16,2026-03-16 12:35:00,1,0.0107764,25.6312,31.50,30.63,30.20,TIME
C-F08-1,2026-03-16,2026-03-16 12:51:00,1,0.0175964,22.5750,11.50,10.63,10.20,TIME
C-F08-1,2026-03-16,2026-03-16 13:07:00,1,0.013146,24.3563,20.50,19.63,19.20,TIME
C-F08-1,2026-03-16,2026-03-16 13:23:00,1,0.0154607,20.9625,-20.96,-21.83,-22.27,STOP
C-F08-1,2026-03-16,2026-03-16 13:39:00,1,0.0153677,15.8625,-15.86,-16.73,-17.17,STOP
C-F08-1,2026-03-16,2026-03-16 13:55:00,1,0.00941467,17.6625,29.00,28.13,27.70,TIME
C-F08-1,2026-03-16,2026-03-16 14:31:00,1,0.00726928,13.8000,-13.80,-14.67,-15.10,STOP
C-F08-1,2026-03-16,2026-03-16 14:47:00,1,0.0128059,13.1625,-13.16,-14.03,-14.47,STOP
C-F08-1,2026-03-16,2026-03-16 15:03:00,1,0.00565916,10.3875,-10.39,-11.26,-11.69,STOP
C-F08-1,2026-03-16,2026-03-16 15:20:00,-1,-0.00491303,31.1250,30.75,29.88,29.45,TIME
C-F08-1,2026-03-16,2026-03-16 15:36:00,-1,-0.0100976,25.7062,20.25,19.38,18.95,TIME
C-F08-1,2026-03-17,2026-03-17 13:22:00,1,0.00503466,16.9875,16.75,15.88,15.45,TIME
C-F08-1,2026-03-17,2026-03-17 13:49:00,1,0.00528646,13.9125,42.50,41.63,41.20,TIME
C-F08-1,2026-03-18,2026-03-18 10:48:00,-1,-0.00474831,25.6875,-25.69,-26.56,-26.99,STOP
C-F08-1,2026-03-18,2026-03-18 11:04:00,-1,-0.00622207,25.4625,-25.46,-26.33,-26.77,STOP
C-F08-1,2026-03-18,2026-03-18 11:21:00,-1,-0.00464144,26.5500,-26.55,-27.42,-27.85,STOP
C-F08-1,2026-03-18,2026-03-18 12:01:00,1,0.00588889,24.8625,-24.86,-25.73,-26.17,STOP
C-F08-1,2026-03-18,2026-03-18 12:17:00,1,0.00464484,20.8312,-4.25,-5.12,-5.55,TIME
C-F08-1,2026-03-18,2026-03-18 12:33:00,1,0.00564746,17.6063,-17.61,-18.48,-18.91,STOP
C-F08-1,2026-03-18,2026-03-18 13:40:00,1,0.00497148,15.9562,-15.96,-16.83,-17.26,STOP
C-F08-1,2026-03-18,2026-03-18 13:58:00,1,0.00470097,16.7062,-16.71,-17.58,-18.01,STOP
C-F08-1,2026-03-18,2026-03-18 14:17:00,-1,-0.0060941,28.3312,-28.33,-29.20,-29.64,STOP
C-F08-1,2026-03-18,2026-03-18 14:33:00,-1,-0.0099984,24.4125,30.25,29.38,28.95,TIME
C-F08-1,2026-03-18,2026-03-18 14:49:00,-1,-0.00757225,33.0563,49.00,48.13,47.70,TIME
C-F08-1,2026-03-18,2026-03-18 15:05:00,-1,-0.0105118,26.4750,-26.47,-27.34,-27.78,STOP
C-F08-1,2026-03-18,2026-03-18 15:21:00,-1,-0.00816214,24.5250,3.50,2.63,2.20,TIME
C-F08-1,2026-03-18,2026-03-18 15:37:00,-1,-0.0103779,22.0875,37.25,36.38,35.95,TIME
C-F08-1,2026-03-19,2026-03-19 10:32:00,1,0.00764583,42.0563,27.50,26.63,26.20,TIME
C-F08-1,2026-03-19,2026-03-19 13:06:00,1,0.00516174,22.0688,-22.07,-22.94,-23.37,STOP
C-F08-1,2026-03-19,2026-03-19 13:22:00,1,0.0082413,23.6250,11.75,10.88,10.45,TIME
C-F08-1,2026-03-19,2026-03-19 13:38:00,1,0.00612721,23.7938,-23.79,-24.66,-25.10,STOP
C-F08-1,2026-03-19,2026-03-19 13:58:00,1,0.00498613,22.0688,-22.07,-22.94,-23.37,STOP
C-F08-1,2026-03-19,2026-03-19 14:14:00,1,0.0055685,21.9562,-7.25,-8.12,-8.55,TIME
C-F08-1,2026-03-19,2026-03-19 15:10:00,1,0.00570585,43.8937,-43.89,-44.76,-45.20,STOP
C-F08-1,2026-03-19,2026-03-19 15:30:00,1,0.00504583,46.6875,11.50,10.63,10.20,TIME
C-F08-1,2026-03-20,2026-03-20 13:10:00,1,0.00521774,29.0062,-29.01,-29.88,-30.31,STOP
C-F08-1,2026-03-20,2026-03-20 13:33:00,1,0.00558955,19.7437,-19.74,-20.61,-21.05,STOP
C-F08-1,2026-03-20,2026-03-20 13:49:00,1,0.00616468,23.3813,39.25,38.38,37.95,TIME
C-F08-1,2026-03-20,2026-03-20 14:05:00,1,0.00542257,19.6688,-19.67,-20.54,-20.97,STOP
C-F08-1,2026-03-20,2026-03-20 14:41:00,-1,-0.00516862,26.7750,16.25,15.38,14.95,TIME
C-F08-1,2026-03-20,2026-03-20 14:57:00,-1,-0.00756192,20.6812,-20.68,-21.55,-21.99,STOP
C-F08-1,2026-03-20,2026-03-20 15:13:00,-1,-0.00634269,19.4062,-19.41,-20.28,-20.71,STOP
C-F08-1,2026-03-20,2026-03-20 15:29:00,-1,-0.00659195,21.1500,43.75,42.88,42.45,TIME
C-F08-1,2026-03-23,2026-03-23 12:03:00,-1,-0.00528605,42.1875,-42.19,-43.06,-43.49,STOP
C-F08-1,2026-03-23,2026-03-23 12:19:00,-1,-0.00585749,37.6125,59.25,58.38,57.95,TIME
C-F08-1,2026-03-23,2026-03-23 12:35:00,-1,-0.00857041,40.2000,-40.20,-41.07,-41.51,STOP
C-F08-1,2026-03-23,2026-03-23 12:51:00,-1,-0.00612568,33.6188,57.50,56.63,56.20,TIME
C-F08-1,2026-03-23,2026-03-23 13:07:00,-1,-0.00848182,33.4313,-33.43,-34.30,-34.74,STOP
C-F08-1,2026-03-23,2026-03-23 13:23:00,-1,-0.00703282,30.5812,-30.58,-31.45,-31.89,STOP
C-F08-1,2026-03-23,2026-03-23 13:54:00,-1,-0.00506982,31.0125,-31.01,-31.88,-32.32,STOP
C-F08-1,2026-03-23,2026-03-23 14:23:00,1,0.00517272,29.3250,67.00,66.13,65.69,TIME
C-F08-1,2026-03-23,2026-03-23 14:43:00,1,0.00539711,26.5875,9.75,8.88,8.45,TIME
C-F08-1,2026-03-23,2026-03-23 14:59:00,1,0.00506424,22.9875,-9.00,-9.87,-10.30,TIME
C-F08-1,2026-03-23,2026-03-23 15:15:00,1,0.00975964,17.3813,-17.38,-18.25,-18.69,STOP
C-F08-1,2026-03-23,2026-03-23 15:31:00,1,0.00669245,19.5000,22.00,21.13,20.70,TIME
C-F08-1,2026-03-24,2026-03-24 11:48:00,1,0.00548565,25.7062,-25.71,-26.58,-27.01,STOP
C-F08-1,2026-03-24,2026-03-24 12:47:00,1,0.00602267,26.7938,-26.79,-27.66,-28.10,STOP
C-F08-1,2026-03-24,2026-03-24 13:51:00,-1,-0.0058923,25.3875,-25.39,-26.26,-26.69,STOP
C-F08-1,2026-03-24,2026-03-24 14:57:00,-1,-0.00615121,28.6312,-28.63,-29.50,-29.94,STOP
C-F08-1,2026-03-24,2026-03-24 15:39:00,-1,-0.00594654,22.2375,43.50,42.63,42.20,TIME
C-F08-1,2026-03-25,2026-03-25 12:46:00,1,0.00552824,25.7250,-25.72,-26.59,-27.03,STOP
C-F08-1,2026-03-25,2026-03-25 13:02:00,1,0.00762547,21.9188,-21.92,-22.79,-23.22,STOP
C-F08-1,2026-03-25,2026-03-25 13:18:00,1,0.00699515,26.3063,24.25,23.38,22.95,TIME
C-F08-1,2026-03-25,2026-03-25 13:54:00,-1,-0.00597533,25.0687,-25.07,-25.94,-26.37,STOP
C-F08-1,2026-03-25,2026-03-25 14:10:00,-1,-0.00691288,26.2875,-26.29,-27.16,-27.59,STOP
C-F08-1,2026-03-25,2026-03-25 14:26:00,-1,-0.00804897,18.0000,31.50,30.63,30.20,TIME
C-F08-1,2026-03-25,2026-03-25 14:42:00,-1,-0.00765221,14.9250,71.75,70.88,70.44,TIME
C-F08-1,2026-03-25,2026-03-25 14:58:00,-1,-0.00612976,20.0812,-20.08,-20.95,-21.39,STOP
C-F08-1,2026-03-26,2026-03-26 12:02:00,-1,-0.00605566,25.1437,23.25,22.38,21.95,TIME
C-F08-1,2026-03-26,2026-03-26 14:22:00,-1,-0.00552825,19.0312,-19.03,-19.90,-20.34,STOP
C-F08-1,2026-03-26,2026-03-26 14:39:00,-1,-0.00605718,16.1063,-16.11,-16.98,-17.41,STOP
C-F08-1,2026-03-26,2026-03-26 15:02:00,-1,-0.0056576,16.7437,23.25,22.38,21.95,TIME
C-F08-1,2026-03-27,2026-03-27 12:30:00,-1,-0.00579499,19.4813,5.50,4.63,4.20,TIME
C-F08-1,2026-03-27,2026-03-27 12:46:00,-1,-0.00563786,18.9750,-18.97,-19.84,-20.28,STOP
C-F08-1,2026-03-27,2026-03-27 13:02:00,-1,-0.00692498,21.5063,-21.51,-22.38,-22.81,STOP
C-F08-1,2026-03-27,2026-03-27 13:18:00,-1,-0.00588611,27.0563,68.50,67.63,67.19,TIME
C-F08-1,2026-03-27,2026-03-27 13:51:00,-1,-0.00571006,15.9937,9.00,8.13,7.70,TIME
C-F08-1,2026-03-27,2026-03-27 14:07:00,-1,-0.0107965,15.6562,-15.66,-16.53,-16.96,STOP
C-F08-1,2026-03-30,2026-03-30 12:36:00,-1,-0.0056438,19.9875,-19.99,-20.86,-21.29,STOP
C-F08-1,2026-03-30,2026-03-30 12:52:00,-1,-0.0075221,17.6625,25.00,24.13,23.70,TIME
C-F08-1,2026-03-30,2026-03-30 13:13:00,-1,-0.00528803,21.6187,53.75,52.88,52.45,TIME
C-F08-1,2026-03-30,2026-03-30 13:40:00,-1,-0.00524381,19.8188,-19.82,-20.69,-21.12,STOP
C-F08-1,2026-03-30,2026-03-30 14:11:00,-1,-0.0055662,18.6938,-18.69,-19.56,-20.00,STOP
C-F08-1,2026-03-30,2026-03-30 14:27:00,-1,-0.00541284,19.8563,9.25,8.38,7.95,TIME
C-F08-1,2026-03-30,2026-03-30 14:43:00,-1,-0.00638903,17.2125,31.50,30.63,30.20,TIME
C-F08-1,2026-03-30,2026-03-30 14:59:00,-1,-0.0088624,16.7062,71.75,70.88,70.44,TIME
C-F08-1,2026-03-30,2026-03-30 15:15:00,-1,-0.0112972,20.9813,21.75,20.88,20.45,TIME
C-F08-1,2026-03-30,2026-03-30 15:31:00,-1,-0.00745265,20.6625,-20.66,-21.53,-21.97,STOP
C-F08-1,2026-03-31,2026-03-31 12:44:00,1,0.0062443,45.8250,-45.83,-46.70,-47.13,STOP
C-F08-1,2026-03-31,2026-03-31 13:34:00,-1,-0.00573605,38.4188,-38.42,-39.29,-39.72,STOP
C-F08-1,2026-03-31,2026-03-31 13:53:00,1,0.00597508,40.7062,-40.71,-41.58,-42.01,STOP
C-F08-1,2026-03-31,2026-03-31 14:09:00,1,0.00718219,29.8500,5.25,4.38,3.95,TIME
C-F08-1,2026-04-01,2026-04-01 14:39:00,-1,-0.00631143,25.0875,-25.09,-25.96,-26.39,STOP
C-F08-1,2026-04-02,2026-04-02 10:33:00,1,0.00534005,37.8937,202.25,201.38,200.94,TIME
C-F08-1,2026-04-02,2026-04-02 11:34:00,1,0.00571081,39.3000,0.50,-0.37,-0.80,TIME
C-F08-1,2026-04-02,2026-04-02 13:35:00,1,0.00519425,17.8125,-17.81,-18.68,-19.12,STOP
C-F08-1,2026-04-02,2026-04-02 14:00:00,1,0.00486199,23.6063,44.75,43.88,43.45,TIME
C-F08-1,2026-04-06,2026-04-06 11:04:00,1,0.0049943,29.5125,-5.25,-6.12,-6.55,TIME
C-F08-1,2026-04-06,2026-04-06 11:20:00,1,0.00539907,30.4313,-30.43,-31.30,-31.74,STOP
C-F08-1,2026-04-06,2026-04-06 11:36:00,1,0.00643519,24.1500,34.00,33.13,32.70,TIME
C-F08-1,2026-04-06,2026-04-06 12:07:00,1,0.00510938,18.3937,-18.39,-19.26,-19.70,STOP
C-F08-1,2026-04-06,2026-04-06 12:56:00,1,0.00575188,15.2625,-15.26,-16.13,-16.57,STOP
C-F08-1,2026-04-06,2026-04-06 13:22:00,1,0.00561078,31.5750,78.75,77.88,77.44,TIME
C-F08-1,2026-04-06,2026-04-06 13:38:00,1,0.00714026,27.0187,-27.02,-27.89,-28.32,STOP
C-F08-1,2026-04-06,2026-04-06 13:54:00,1,0.00498953,19.1063,-19.11,-19.98,-20.41,STOP
C-F08-1,2026-04-06,2026-04-06 14:14:00,1,0.00565175,21.3937,44.75,43.88,43.45,TIME
C-F08-1,2026-04-06,2026-04-06 14:58:00,1,0.00541704,12.3563,-12.36,-13.23,-13.66,STOP
C-F08-1,2026-04-06,2026-04-06 15:27:00,1,0.00610894,11.1938,-11.19,-12.06,-12.50,STOP
C-F08-1,2026-04-07,2026-04-07 11:01:00,-1,-0.00485614,32.7000,3.00,2.13,1.70,TIME
C-F08-1,2026-04-07,2026-04-07 11:26:00,-1,-0.00525369,36.5250,-36.53,-37.40,-37.83,STOP
C-F08-1,2026-04-07,2026-04-07 12:40:00,-1,-0.00540001,27.3375,-27.34,-28.21,-28.64,STOP
C-F08-1,2026-04-07,2026-04-07 13:03:00,-1,-0.00581638,22.6500,-22.65,-23.52,-23.96,STOP
C-F08-1,2026-04-07,2026-04-07 13:19:00,-1,-0.00514642,23.5125,-23.51,-24.38,-24.82,STOP
C-F08-1,2026-04-07,2026-04-07 13:47:00,-1,-0.00509366,26.9625,-26.96,-27.83,-28.27,STOP
C-F08-1,2026-04-07,2026-04-07 14:57:00,-1,-0.00514008,22.4625,-22.46,-23.33,-23.77,STOP
C-F08-1,2026-04-07,2026-04-07 15:13:00,-1,-0.00862185,27.8812,-27.88,-28.75,-29.19,STOP
C-F08-1,2026-04-07,2026-04-07 15:31:00,-1,-0.00510004,43.5563,-23.75,-24.62,-25.05,TIME
C-F08-1,2026-04-08,2026-04-08 12:18:00,1,0.004826,17.7188,22.00,21.13,20.70,TIME
C-F08-1,2026-04-08,2026-04-08 12:34:00,1,0.00489562,18.5438,33.25,32.38,31.95,TIME
C-F08-1,2026-04-08,2026-04-08 14:45:00,1,0.00486845,20.4188,-20.42,-21.29,-21.72,STOP
C-F08-1,2026-04-08,2026-04-08 15:22:00,-1,-0.00563792,19.2188,-19.22,-20.09,-20.52,STOP
C-F08-1,2026-04-08,2026-04-08 15:38:00,-1,-0.00699031,19.9500,-19.95,-20.82,-21.26,STOP
C-F08-1,2026-04-09,2026-04-09 11:56:00,1,0.0048815,27.6375,50.00,49.13,48.70,TIME
C-F08-1,2026-04-09,2026-04-09 12:14:00,1,0.00452245,24.4313,-24.43,-25.30,-25.74,STOP
C-F08-1,2026-04-09,2026-04-09 15:24:00,1,0.00535194,12.7875,37.50,36.63,36.20,TIME
C-F08-1,2026-04-09,2026-04-09 15:40:00,1,0.00503819,13.2750,-13.28,-14.15,-14.58,STOP
C-F08-1,2026-04-13,2026-04-13 10:32:00,1,0.00446287,25.8375,23.75,22.88,22.45,TIME
C-F08-1,2026-04-13,2026-04-13 10:48:00,1,0.00632647,19.2000,18.75,17.88,17.45,TIME
C-F08-1,2026-04-13,2026-04-13 13:37:00,1,0.00451877,11.9250,-11.92,-12.79,-13.23,STOP
C-F08-1,2026-04-13,2026-04-13 13:53:00,1,0.00545393,11.3250,10.75,9.88,9.45,TIME
C-F08-1,2026-04-14,2026-04-14 12:28:00,1,0.00428444,11.0625,-11.06,-11.93,-12.37,STOP
C-F08-1,2026-04-14,2026-04-14 12:44:00,1,0.00518765,10.8000,-10.80,-11.67,-12.10,STOP
C-F08-1,2026-04-14,2026-04-14 13:18:00,1,0.00444894,10.7063,16.25,15.38,14.95,TIME
C-F08-1,2026-04-15,2026-04-15 11:03:00,1,0.00421495,16.2188,-16.22,-17.09,-17.52,STOP
C-F08-1,2026-04-15,2026-04-15 11:19:00,1,0.00460964,17.2687,-14.75,-15.62,-16.05,TIME
C-F08-1,2026-04-15,2026-04-15 13:57:00,1,0.00409737,12.7125,-12.71,-13.58,-14.02,STOP
C-F08-1,2026-04-15,2026-04-15 15:00:00,1,0.00438379,12.1313,-12.13,-13.00,-13.44,STOP
C-F08-1,2026-04-15,2026-04-15 15:16:00,1,0.00422311,13.3875,32.00,31.13,30.70,TIME
C-F08-1,2026-04-15,2026-04-15 15:32:00,1,0.00579625,12.0375,-8.75,-9.62,-10.05,TIME
C-F08-1,2026-04-16,2026-04-16 12:30:00,1,0.00407073,13.3125,-13.31,-14.18,-14.62,STOP
C-F08-1,2026-04-16,2026-04-16 12:46:00,1,0.00492584,25.5750,-25.58,-26.45,-26.88,STOP
C-F08-1,2026-04-16,2026-04-16 15:26:00,1,0.00420886,14.6625,21.00,20.13,19.70,TIME
C-F08-1,2026-04-17,2026-04-17 10:32:00,1,0.00671294,28.2750,83.00,82.13,81.69,TIME
C-F08-1,2026-04-17,2026-04-17 10:48:00,1,0.00711003,23.6063,-23.61,-24.48,-24.91,STOP
C-F08-1,2026-04-17,2026-04-17 11:04:00,1,0.00584329,25.4625,-25.46,-26.33,-26.77,STOP
C-F08-1,2026-04-17,2026-04-17 11:20:00,1,0.00434451,25.7812,38.00,37.13,36.70,TIME
C-F08-1,2026-04-17,2026-04-17 11:41:00,1,0.00429708,21.9937,-21.99,-22.86,-23.30,STOP
C-F08-1,2026-04-17,2026-04-17 12:33:00,1,0.00426651,16.3312,4.50,3.63,3.20,TIME
C-F08-1,2026-04-17,2026-04-17 13:38:00,1,0.00381883,33.6562,50.75,49.88,49.45,TIME
C-F08-1,2026-04-17,2026-04-17 13:54:00,1,0.00630911,20.4562,-20.46,-21.33,-21.76,STOP
C-F08-1,2026-04-17,2026-04-17 14:10:00,1,0.00607131,18.1875,-18.19,-19.06,-19.49,STOP
C-F08-1,2026-04-17,2026-04-17 14:26:00,1,0.00452966,21.0750,21.75,20.88,20.45,TIME
C-F08-1,2026-04-17,2026-04-17 14:42:00,1,0.00395085,19.1250,-19.12,-20.00,-20.43,STOP
C-F08-1,2026-04-17,2026-04-17 15:21:00,1,0.00394254,15.7313,21.00,20.13,19.70,TIME
C-F08-1,2026-04-20,2026-04-20 10:56:00,1,0.00376173,33.0000,-33.00,-33.87,-34.30,STOP
C-F08-1,2026-04-20,2026-04-20 14:53:00,1,0.00377276,11.8687,-11.87,-12.74,-13.17,STOP
C-F08-1,2026-04-20,2026-04-20 15:28:00,1,0.00452674,9.4312,3.00,2.13,1.70,TIME
C-F08-1,2026-04-21,2026-04-21 11:18:00,1,0.00380991,36.1688,-36.17,-37.04,-37.47,STOP
C-F08-1,2026-04-21,2026-04-21 11:44:00,1,0.00382724,29.0812,15.00,14.13,13.70,TIME
C-F08-1,2026-04-21,2026-04-21 12:04:00,1,0.00366959,23.8125,-23.81,-24.68,-25.12,STOP
C-F08-1,2026-04-21,2026-04-21 13:08:00,1,0.00371804,21.1313,-21.13,-22.00,-22.44,STOP
C-F08-1,2026-04-21,2026-04-21 13:34:00,1,0.00364932,23.3625,38.75,37.88,37.45,TIME
C-F08-1,2026-04-21,2026-04-21 13:53:00,1,0.00367595,30.2625,-30.26,-31.13,-31.57,STOP
C-F08-1,2026-04-21,2026-04-21 14:58:00,-1,-0.00398655,21.3937,-21.39,-22.26,-22.70,STOP
C-F08-1,2026-04-21,2026-04-21 15:25:00,1,0.00399066,24.1312,-24.13,-25.00,-25.44,STOP
C-F08-1,2026-04-22,2026-04-22 13:37:00,1,0.00357291,13.7437,-13.74,-14.61,-15.05,STOP
C-F08-1,2026-04-22,2026-04-22 15:16:00,1,0.00388374,18.0375,13.25,12.38,11.95,TIME
C-F08-1,2026-04-22,2026-04-22 15:32:00,1,0.0046011,12.7687,12.25,11.38,10.95,TIME
C-F08-1,2026-04-23,2026-04-23 10:32:00,1,0.00361085,27.8625,23.00,22.13,21.70,TIME
C-F08-1,2026-04-23,2026-04-23 12:58:00,1,0.00328424,14.9625,-14.96,-15.83,-16.27,STOP
C-F08-1,2026-04-23,2026-04-23 13:22:00,-1,-0.00336467,50.2312,-50.23,-51.10,-51.54,STOP
C-F08-1,2026-04-23,2026-04-23 13:38:00,-1,-0.00358312,46.6688,126.75,125.88,125.44,TIME
C-F08-1,2026-04-23,2026-04-23 13:54:00,-1,-0.00749146,57.7500,-57.75,-58.62,-59.05,STOP
C-F08-1,2026-04-23,2026-04-23 14:47:00,1,0.00673381,22.6688,-22.67,-23.54,-23.97,STOP
C-F08-1,2026-04-23,2026-04-23 15:03:00,-1,-0.0043567,27.6188,-27.62,-28.49,-28.92,STOP
C-F08-1,2026-04-23,2026-04-23 15:34:00,-1,-0.00332888,17.3813,52.75,51.88,51.45,TIME
C-F08-1,2026-04-24,2026-04-24 10:32:00,1,0.00423008,35.7562,62.25,61.38,60.95,TIME
C-F08-1,2026-04-24,2026-04-24 12:46:00,1,0.00452859,18.1125,17.25,16.38,15.95,TIME
C-F08-1,2026-04-24,2026-04-24 13:33:00,1,0.00335108,14.3438,38.50,37.63,37.20,TIME
C-F08-1,2026-04-24,2026-04-24 14:51:00,-1,-0.00378258,13.8000,-13.80,-14.67,-15.10,STOP
C-F08-1,2026-04-24,2026-04-24 15:07:00,-1,-0.00374809,12.9375,-12.94,-13.81,-14.24,STOP
C-F08-1,2026-04-27,2026-04-27 10:32:00,1,0.00488807,26.2500,19.25,18.38,17.95,TIME
C-F08-1,2026-04-27,2026-04-27 12:50:00,1,0.00324375,12.1688,-12.17,-13.04,-13.47,STOP
C-F08-1,2026-04-27,2026-04-27 14:48:00,1,0.00355251,11.2688,-11.27,-12.14,-12.57,STOP
C-F08-1,2026-04-28,2026-04-28 10:32:00,1,0.00596338,28.7250,-28.72,-29.59,-30.03,STOP
C-F08-1,2026-04-28,2026-04-28 12:44:00,1,0.00323192,18.0562,40.50,39.63,39.20,TIME
C-F08-1,2026-04-28,2026-04-28 14:04:00,1,0.00318927,12.3750,-12.38,-13.24,-13.68,STOP
C-F08-1,2026-04-28,2026-04-28 14:21:00,1,0.00315327,12.1313,-2.75,-3.62,-4.05,TIME
C-F08-1,2026-04-29,2026-04-29 10:43:00,-1,-0.0030853,23.5312,-23.53,-24.40,-24.84,STOP
C-F08-1,2026-04-29,2026-04-29 11:00:00,-1,-0.00366041,20.4750,69.00,68.13,67.69,TIME
C-F08-1,2026-04-29,2026-04-29 11:16:00,-1,-0.0039511,19.5938,-19.59,-20.46,-20.90,STOP
C-F08-1,2026-04-29,2026-04-29 13:06:00,1,0.00362218,18.7875,15.75,14.88,14.45,TIME
C-F08-1,2026-04-29,2026-04-29 13:25:00,1,0.00347041,16.9312,-16.93,-17.80,-18.24,STOP
C-F08-1,2026-04-29,2026-04-29 13:50:00,-1,-0.00355501,15.7687,-15.77,-16.64,-17.07,STOP
C-F08-1,2026-04-29,2026-04-29 14:06:00,-1,-0.0109907,21.2062,-21.21,-22.08,-22.51,STOP
C-F08-1,2026-04-29,2026-04-29 14:22:00,-1,-0.00464558,26.5312,10.25,9.38,8.95,TIME
C-F08-1,2026-04-29,2026-04-29 14:38:00,-1,-0.00468329,25.0875,-9.75,-10.62,-11.05,TIME
C-F08-1,2026-04-29,2026-04-29 15:10:00,1,0.00374124,22.7437,21.75,20.88,20.45,TIME
C-F08-1,2026-04-29,2026-04-29 15:28:00,1,0.00311916,20.8687,-20.87,-21.74,-22.17,STOP
C-F08-1,2026-04-29,2026-04-29 15:44:00,1,0.00334243,19.1625,-19.16,-20.03,-20.47,STOP
C-F08-1,2026-04-30,2026-04-30 11:24:00,1,0.00324907,27.4688,-13.25,-14.12,-14.55,TIME
C-F08-1,2026-04-30,2026-04-30 11:40:00,1,0.00662869,24.9188,-24.92,-25.79,-26.22,STOP
C-F08-1,2026-04-30,2026-04-30 12:40:00,1,0.00318438,16.8188,-16.82,-17.69,-18.12,STOP
C-F08-1,2026-04-30,2026-04-30 12:56:00,1,0.00367981,17.7563,-17.76,-18.63,-19.06,STOP
C-F08-1,2026-04-30,2026-04-30 13:13:00,1,0.00319267,21.7125,5.00,4.13,3.70,TIME
C-F08-1,2026-04-30,2026-04-30 13:29:00,1,0.00548314,17.4375,43.75,42.88,42.45,TIME
C-F08-1,2026-04-30,2026-04-30 13:45:00,1,0.00519095,19.2563,43.50,42.63,42.20,TIME
C-F08-1,2026-04-30,2026-04-30 14:01:00,1,0.00644579,14.4188,27.75,26.88,26.45,TIME
C-F08-1,2026-04-30,2026-04-30 14:17:00,1,0.00697685,17.1938,-17.19,-18.06,-18.50,STOP
C-F08-1,2026-04-30,2026-04-30 14:33:00,1,0.00570793,14.7563,4.50,3.63,3.20,TIME
C-F08-1,2026-04-30,2026-04-30 14:49:00,1,0.00366068,13.8937,-13.89,-14.76,-15.20,STOP
C-F08-1,2026-05-01,2026-05-01 10:32:00,1,0.00351491,25.9125,-25.91,-26.78,-27.22,STOP
C-F08-1,2026-05-01,2026-05-01 11:34:00,1,0.00328461,20.4937,37.00,36.13,35.70,TIME
C-F08-1,2026-05-01,2026-05-01 11:50:00,1,0.00394764,18.3750,-18.38,-19.25,-19.68,STOP
C-F08-1,2026-05-01,2026-05-01 12:06:00,1,0.00436793,24.8063,-24.81,-25.68,-26.11,STOP
C-F08-1,2026-05-01,2026-05-01 12:55:00,-1,-0.00352485,22.8375,-22.84,-23.71,-24.14,STOP
C-F08-1,2026-05-01,2026-05-01 13:11:00,-1,-0.00348337,16.9875,-16.99,-17.86,-18.29,STOP
C-F08-1,2026-05-01,2026-05-01 13:27:00,-1,-0.00385911,12.8250,1.00,0.13,-0.30,TIME
C-F08-1,2026-05-01,2026-05-01 13:43:00,1,0.00512496,12.1688,6.25,5.38,4.95,TIME
C-F08-1,2026-05-01,2026-05-01 13:59:00,1,0.00464431,12.2625,-12.26,-13.13,-13.57,STOP
C-F08-1,2026-05-01,2026-05-01 14:37:00,-1,-0.00323057,16.1812,19.50,18.63,18.20,TIME
C-F08-1,2026-05-01,2026-05-01 14:53:00,-1,-0.00450129,17.8312,-17.83,-18.70,-19.14,STOP
C-F08-1,2026-05-01,2026-05-01 15:09:00,-1,-0.00497548,15.5063,-15.51,-16.38,-16.81,STOP
C-F08-1,2026-05-01,2026-05-01 15:38:00,1,0.00300307,12.9750,-12.97,-13.84,-14.28,STOP
C-F08-1,2026-05-04,2026-05-04 11:23:00,-1,-0.00307161,33.2062,-33.21,-34.08,-34.51,STOP
C-F08-1,2026-05-04,2026-05-04 12:40:00,1,0.00312019,30.8812,-11.50,-12.37,-12.80,TIME
C-F08-1,2026-05-04,2026-05-04 12:56:00,1,0.00728177,26.9437,41.50,40.63,40.20,TIME
C-F08-1,2026-05-04,2026-05-04 13:12:00,1,0.00608884,23.8125,-23.81,-24.68,-25.12,STOP
C-F08-1,2026-05-04,2026-05-04 13:28:00,1,0.00508975,22.5750,-22.58,-23.45,-23.88,STOP
C-F08-1,2026-05-04,2026-05-04 13:44:00,1,0.00452469,17.4750,25.00,24.13,23.70,TIME
C-F08-1,2026-05-04,2026-05-04 14:00:00,1,0.00406498,13.8563,-3.00,-3.87,-4.30,TIME
C-F08-1,2026-05-04,2026-05-04 14:16:00,1,0.00489859,13.8563,-13.86,-14.73,-15.16,STOP
C-F08-1,2026-05-04,2026-05-04 14:32:00,1,0.00560006,17.7000,-17.70,-18.57,-19.01,STOP
C-F08-1,2026-05-04,2026-05-04 14:48:00,1,0.0030857,17.1750,26.75,25.88,25.45,TIME
C-F08-1,2026-05-05,2026-05-05 11:39:00,1,0.00321685,15.6938,10.25,9.38,8.95,TIME
C-F08-1,2026-05-05,2026-05-05 12:00:00,1,0.00333797,11.6812,24.00,23.13,22.70,TIME
C-F08-1,2026-05-05,2026-05-05 13:16:00,1,0.00322808,11.1562,22.25,21.38,20.95,TIME
C-F08-1,2026-05-05,2026-05-05 15:23:00,1,0.00314028,11.4187,-11.42,-12.29,-12.72,STOP
C-F08-1,2026-05-06,2026-05-06 10:33:00,1,0.00309414,39.0938,87.50,86.63,86.19,TIME
C-F08-1,2026-05-06,2026-05-06 10:49:00,1,0.00333005,29.5687,8.00,7.13,6.70,TIME
C-F08-1,2026-05-06,2026-05-06 11:30:00,1,0.0056904,17.3625,-17.36,-18.23,-18.67,STOP
C-F08-1,2026-05-06,2026-05-06 11:46:00,1,0.00326863,19.2938,3.00,2.13,1.70,TIME
C-F08-1,2026-05-06,2026-05-06 12:02:00,1,0.00328601,20.8875,39.25,38.38,37.95,TIME
C-F08-1,2026-05-06,2026-05-06 12:44:00,1,0.00311412,12.9562,-12.96,-13.83,-14.26,STOP
C-F08-1,2026-05-06,2026-05-06 13:15:00,1,0.00333662,18.3937,6.25,5.38,4.95,TIME
C-F08-1,2026-05-07,2026-05-07 12:00:00,1,0.00337601,25.5750,-25.58,-26.45,-26.88,STOP
C-F08-1,2026-05-07,2026-05-07 12:38:00,1,0.00316209,30.0938,-30.09,-30.96,-31.40,STOP
C-F08-1,2026-05-07,2026-05-07 13:28:00,-1,-0.00314985,37.3875,-37.39,-38.26,-38.69,STOP
C-F08-1,2026-05-07,2026-05-07 14:28:00,1,0.00406125,27.1500,-9.00,-9.87,-10.30,TIME
C-F08-1,2026-05-08,2026-05-08 10:32:00,1,0.0038551,28.3125,48.50,47.63,47.20,TIME
C-F08-1,2026-05-08,2026-05-08 14:48:00,1,0.00346452,12.1125,-12.11,-12.98,-13.42,STOP
C-F08-1,2026-05-08,2026-05-08 15:04:00,1,0.00707818,18.6750,37.50,36.63,36.20,TIME
C-F08-1,2026-05-08,2026-05-08 15:20:00,1,0.00635745,15.8625,-15.86,-16.73,-17.17,STOP
C-F08-1,2026-05-11,2026-05-11 10:33:00,1,0.00323939,33.2062,110.25,109.38,108.94,TIME
C-F08-1,2026-05-11,2026-05-11 10:49:00,1,0.00486319,38.9813,13.25,12.38,11.95,TIME
C-F08-1,2026-05-11,2026-05-11 11:05:00,1,0.00725086,22.3687,-22.37,-23.24,-23.67,STOP
C-F08-1,2026-05-11,2026-05-11 11:21:00,1,0.00615383,20.8125,39.25,38.38,37.95,TIME
C-F08-1,2026-05-11,2026-05-11 11:37:00,1,0.00309977,18.1500,23.75,22.88,22.45,TIME
C-F08-1,2026-05-11,2026-05-11 12:07:00,1,0.00320304,16.9688,-16.97,-17.84,-18.27,STOP
C-F08-1,2026-05-11,2026-05-11 12:32:00,1,0.0029431,13.0875,-13.09,-13.96,-14.39,STOP
C-F08-1,2026-05-11,2026-05-11 12:50:00,1,0.00383714,23.1375,-23.14,-24.01,-24.44,STOP
C-F08-1,2026-05-11,2026-05-11 13:06:00,1,0.00557499,21.0750,-21.08,-21.95,-22.38,STOP
C-F08-1,2026-05-11,2026-05-11 13:22:00,1,0.00819157,19.7250,57.50,56.63,56.20,TIME
C-F08-1,2026-05-11,2026-05-11 13:38:00,1,0.00528795,16.2188,-4.50,-5.37,-5.80,TIME
C-F08-1,2026-05-11,2026-05-11 14:03:00,1,0.00334531,13.8563,14.25,13.38,12.95,TIME
C-F08-1,2026-05-11,2026-05-11 14:19:00,1,0.00359957,13.0875,-13.09,-13.96,-14.39,STOP
C-F08-1,2026-05-11,2026-05-11 14:35:00,1,0.00456991,12.2250,-12.22,-13.09,-13.53,STOP
C-F08-1,2026-05-12,2026-05-12 11:04:00,-1,-0.00292166,35.6250,-35.62,-36.49,-36.93,STOP
C-F08-1,2026-05-12,2026-05-12 11:20:00,-1,-0.00524374,37.2562,13.50,12.63,12.20,TIME
C-F08-1,2026-05-12,2026-05-12 11:36:00,-1,-0.00531359,39.1500,4.25,3.38,2.95,TIME
C-F08-1,2026-05-12,2026-05-12 11:52:00,-1,-0.00429619,32.0625,18.75,17.88,17.45,TIME
C-F08-1,2026-05-12,2026-05-12 12:08:00,-1,-0.00495304,31.2000,-31.20,-32.07,-32.51,STOP
C-F08-1,2026-05-12,2026-05-12 12:24:00,-1,-0.0039763,30.4313,29.50,28.63,28.20,TIME
C-F08-1,2026-05-12,2026-05-12 12:42:00,-1,-0.00311231,29.1750,55.75,54.88,54.45,TIME
C-F08-1,2026-05-12,2026-05-12 12:58:00,-1,-0.00665279,32.4562,-32.46,-33.33,-33.76,STOP
C-F08-1,2026-05-12,2026-05-12 13:44:00,1,0.00301146,27.1875,18.75,17.88,17.45,TIME
C-F08-1,2026-05-12,2026-05-12 14:00:00,1,0.00472019,21.8250,19.50,18.63,18.20,TIME
C-F08-1,2026-05-12,2026-05-12 14:36:00,1,0.00292474,21.7875,-21.79,-22.66,-23.09,STOP
C-F08-1,2026-05-12,2026-05-12 14:52:00,1,0.00340551,20.7188,8.00,7.13,6.70,TIME
C-F08-1,2026-05-12,2026-05-12 15:17:00,1,0.00358211,24.2250,-24.22,-25.09,-25.53,STOP
C-F08-1,2026-05-12,2026-05-12 15:40:00,1,0.00339229,20.7188,84.00,83.13,82.69,TIME
C-F08-1,2026-05-13,2026-05-13 10:41:00,1,0.0037472,36.4688,70.25,69.38,68.94,TIME
C-F08-1,2026-05-13,2026-05-13 10:57:00,1,0.00505092,30.7687,14.50,13.63,13.20,TIME
C-F08-1,2026-05-13,2026-05-13 11:13:00,1,0.00566189,22.1437,-22.14,-23.01,-23.45,STOP
C-F08-1,2026-05-13,2026-05-13 11:38:00,1,0.00312032,24.6000,-19.25,-20.12,-20.55,TIME
C-F08-1,2026-05-13,2026-05-13 11:58:00,1,0.00321211,21.5250,-21.53,-22.40,-22.83,STOP
C-F08-1,2026-05-13,2026-05-13 12:33:00,1,0.00302683,22.6125,-6.50,-7.37,-7.80,TIME
C-F08-1,2026-05-13,2026-05-13 13:56:00,1,0.00372865,11.5312,-11.53,-12.40,-12.84,STOP
C-F08-1,2026-05-13,2026-05-13 14:21:00,1,0.00318796,17.3625,-1.00,-1.87,-2.30,TIME
C-F08-1,2026-05-13,2026-05-13 14:37:00,1,0.00302361,16.9500,-16.95,-17.82,-18.26,STOP
C-F08-1,2026-05-14,2026-05-14 10:32:00,1,0.0055198,34.5187,64.25,63.38,62.95,TIME
C-F08-1,2026-05-14,2026-05-14 10:48:00,1,0.00351099,26.6250,-26.62,-27.50,-27.93,STOP
C-F08-1,2026-05-14,2026-05-14 11:11:00,1,0.00308923,25.4813,37.00,36.13,35.70,TIME
C-F08-1,2026-05-14,2026-05-14 11:28:00,1,0.00340898,19.8750,-20.00,-20.87,-21.30,STOP
C-F08-1,2026-05-14,2026-05-14 11:53:00,1,0.00309762,19.1625,21.00,20.13,19.70,TIME
C-F08-1,2026-05-14,2026-05-14 12:09:00,1,0.00320678,14.9250,-14.92,-15.79,-16.23,STOP
C-F08-1,2026-05-14,2026-05-14 13:40:00,1,0.00367848,31.7812,56.75,55.88,55.45,TIME
C-F08-1,2026-05-14,2026-05-14 13:56:00,1,0.00391468,20.7750,-20.78,-21.65,-22.08,STOP
C-F08-1,2026-05-14,2026-05-14 14:12:00,1,0.00332457,26.6625,14.00,13.13,12.70,TIME
C-F08-1,2026-05-14,2026-05-14 14:48:00,1,0.0034277,19.6500,51.25,50.38,49.95,TIME
C-F08-1,2026-05-14,2026-05-14 15:10:00,1,0.0031258,16.4062,-16.41,-17.28,-17.71,STOP
C-F08-1,2026-05-14,2026-05-14 15:26:00,1,0.00380419,15.9000,-15.90,-16.77,-17.21,STOP
C-F08-1,2026-05-14,2026-05-14 15:42:00,1,0.00376055,16.3125,-16.31,-17.18,-17.62,STOP
C-F08-1,2026-05-15,2026-05-15 10:44:00,1,0.00342113,48.4875,-48.49,-49.36,-49.79,STOP
C-F08-1,2026-05-15,2026-05-15 11:00:00,1,0.00438467,44.8312,-44.83,-45.70,-46.14,STOP
C-F08-1,2026-05-15,2026-05-15 11:19:00,1,0.00311357,44.5687,52.00,51.13,50.70,TIME
C-F08-1,2026-05-15,2026-05-15 12:07:00,1,0.00324012,38.8688,-2.75,-3.62,-4.05,TIME
C-F08-1,2026-05-15,2026-05-15 12:23:00,1,0.00513764,31.2188,39.75,38.88,38.45,TIME
C-F08-1,2026-05-15,2026-05-15 12:39:00,1,0.00457101,25.7812,-16.50,-17.37,-17.80,TIME
C-F08-1,2026-05-15,2026-05-15 13:03:00,1,0.00312385,28.3312,17.00,16.13,15.70,TIME
C-F08-1,2026-05-15,2026-05-15 13:27:00,-1,-0.00324803,22.1063,-22.11,-22.98,-23.41,STOP
C-F08-1,2026-05-15,2026-05-15 14:31:00,-1,-0.00334341,28.6875,8.75,7.88,7.45,TIME
C-F08-1,2026-05-15,2026-05-15 14:58:00,-1,-0.0032111,24.1500,74.00,73.13,72.69,TIME
C-F08-1,2026-05-18,2026-05-18 10:37:00,-1,-0.00342879,59.5125,-59.51,-60.38,-60.82,STOP
C-F08-1,2026-05-18,2026-05-18 11:22:00,-1,-0.00431029,51.6750,-24.00,-24.87,-25.30,TIME
C-F08-1,2026-05-18,2026-05-18 11:43:00,-1,-0.00333312,44.1750,29.25,28.38,27.95,TIME
C-F08-1,2026-05-18,2026-05-18 11:59:00,-1,-0.00488194,38.8312,25.50,24.63,24.20,TIME
C-F08-1,2026-05-18,2026-05-18 12:15:00,-1,-0.00715853,36.5812,-36.58,-37.45,-37.89,STOP
C-F08-1,2026-05-18,2026-05-18 12:32:00,-1,-0.00396947,43.2375,-43.24,-44.11,-44.54,STOP
C-F08-1,2026-05-18,2026-05-18 13:24:00,1,0.00356307,31.8187,-19.50,-20.37,-20.80,TIME
C-F08-1,2026-05-18,2026-05-18 14:06:00,-1,-0.00350204,30.1125,86.50,85.63,85.19,TIME
C-F08-1,2026-05-18,2026-05-18 14:22:00,-1,-0.0101092,31.0687,-31.07,-31.94,-32.37,STOP
C-F08-1,2026-05-18,2026-05-18 14:38:00,-1,-0.00492114,32.6437,45.25,44.38,43.95,TIME
C-F08-1,2026-05-18,2026-05-18 14:54:00,-1,-0.00888186,29.7562,-29.76,-30.63,-31.06,STOP
C-F08-1,2026-05-18,2026-05-18 15:10:00,-1,-0.00355585,62.7000,-2.50,-3.37,-3.80,TIME
C-F08-1,2026-05-18,2026-05-18 15:32:00,-1,-0.00345884,35.5875,-35.59,-36.46,-36.89,STOP
C-F08-1,2026-05-19,2026-05-19 10:32:00,-1,-0.00589611,59.3438,-59.34,-60.21,-60.65,STOP
C-F08-1,2026-05-19,2026-05-19 10:48:00,-1,-0.00871695,52.4625,-52.46,-53.33,-53.77,STOP
C-F08-1,2026-05-19,2026-05-19 11:04:00,-1,-0.00671029,48.6562,-29.50,-30.37,-30.80,TIME
C-F08-1,2026-05-19,2026-05-19 11:20:00,-1,-0.00366649,42.9000,29.50,28.63,28.20,TIME
C-F08-1,2026-05-19,2026-05-19 12:02:00,1,0.00394108,37.2188,-37.22,-38.09,-38.52,STOP
C-F08-1,2026-05-19,2026-05-19 12:18:00,1,0.00475434,35.2500,106.50,105.63,105.19,TIME
C-F08-1,2026-05-19,2026-05-19 12:34:00,1,0.00358757,33.5625,41.00,40.13,39.70,TIME
C-F08-1,2026-05-19,2026-05-19 12:50:00,1,0.00517817,28.6688,75.50,74.63,74.19,TIME
C-F08-1,2026-05-19,2026-05-19 13:06:00,1,0.00693463,24.6750,46.75,45.88,45.45,TIME
C-F08-1,2026-05-19,2026-05-19 13:22:00,1,0.00863906,21.8813,-21.88,-22.75,-23.19,STOP
C-F08-1,2026-05-19,2026-05-19 13:38:00,1,0.00572919,27.8063,-27.81,-28.68,-29.11,STOP
C-F08-1,2026-05-19,2026-05-19 14:28:00,1,0.00363014,25.6875,-25.69,-26.56,-26.99,STOP
C-F08-1,2026-05-19,2026-05-19 14:50:00,1,0.00377983,27.3000,-27.30,-28.17,-28.60,STOP
C-F08-1,2026-05-19,2026-05-19 15:28:00,-1,-0.00392677,31.7062,-31.71,-32.58,-33.01,STOP
C-F08-1,2026-05-19,2026-05-19 15:44:00,-1,-0.00500931,30.2250,41.25,40.38,39.95,TIME
C-F08-1,2026-05-20,2026-05-20 10:51:00,1,0.00365183,45.9188,39.75,38.88,38.45,TIME
C-F08-1,2026-05-20,2026-05-20 12:17:00,-1,-0.00393972,26.8312,42.25,41.38,40.95,TIME
C-F08-1,2026-05-20,2026-05-20 13:46:00,1,0.00360186,22.7625,-0.50,-1.37,-1.80,TIME
C-F08-1,2026-05-20,2026-05-20 14:02:00,1,0.00563767,21.3188,-6.75,-7.62,-8.05,TIME
C-F08-1,2026-05-20,2026-05-20 14:18:00,1,0.0109747,21.2625,-21.26,-22.13,-22.57,STOP
C-F08-1,2026-05-20,2026-05-20 14:34:00,1,0.009603,17.4562,-8.25,-9.12,-9.55,TIME
C-F08-1,2026-05-20,2026-05-20 14:50:00,1,0.00713756,19.5375,-19.54,-20.41,-20.84,STOP
C-F08-1,2026-05-20,2026-05-20 15:06:00,1,0.00379554,19.6688,30.75,29.88,29.45,TIME
C-F08-1,2026-05-20,2026-05-20 15:22:00,1,0.00445503,15.5250,5.50,4.63,4.20,TIME
C-F08-1,2026-05-20,2026-05-20 15:38:00,1,0.0079876,14.4188,10.00,9.13,8.70,TIME
C-F08-1,2026-05-21,2026-05-21 10:32:00,1,0.00414033,58.9313,18.00,17.13,16.70,TIME
C-F08-1,2026-05-21,2026-05-21 10:56:00,1,0.00419913,46.0312,-46.03,-46.90,-47.34,STOP
C-F08-1,2026-05-21,2026-05-21 12:08:00,1,0.00556916,27.7313,-27.73,-28.60,-29.04,STOP
C-F08-1,2026-05-21,2026-05-21 12:34:00,1,0.00388419,28.9313,-19.75,-20.62,-21.05,TIME
C-F08-1,2026-05-21,2026-05-21 13:49:00,1,0.00371084,29.0062,19.00,18.13,17.70,TIME
C-F08-1,2026-05-21,2026-05-21 14:11:00,1,0.00649543,31.5938,-31.59,-32.46,-32.90,STOP
C-F08-1,2026-05-21,2026-05-21 14:27:00,1,0.00603239,26.7562,-26.76,-27.63,-28.06,STOP
C-F08-1,2026-05-21,2026-05-21 15:05:00,1,0.00502636,46.9875,47.00,46.13,45.70,TIME
C-F08-1,2026-05-21,2026-05-21 15:21:00,1,0.0065652,28.8000,-20.25,-21.12,-21.55,TIME
C-F08-1,2026-05-21,2026-05-21 15:37:00,1,0.0105157,22.1812,-22.18,-23.05,-23.49,STOP
C-F08-1,2026-05-22,2026-05-22 10:47:00,1,0.00384492,27.6750,24.25,23.38,22.95,TIME
C-F08-1,2026-05-22,2026-05-22 11:03:00,1,0.00378957,21.9000,31.00,30.13,29.70,TIME
C-F08-1,2026-05-22,2026-05-22 11:19:00,1,0.00423378,18.0562,-18.06,-18.93,-19.36,STOP
C-F08-1,2026-05-22,2026-05-22 11:35:00,1,0.00645919,16.8937,-16.89,-17.76,-18.20,STOP
C-F08-1,2026-05-22,2026-05-22 11:51:00,1,0.00683036,16.9312,21.75,20.88,20.45,TIME
C-F08-1,2026-05-22,2026-05-22 12:07:00,1,0.0100459,18.9000,-18.90,-19.77,-20.21,STOP
C-F08-1,2026-05-22,2026-05-22 12:23:00,1,0.00976573,19.2375,-19.24,-20.11,-20.54,STOP
C-F08-1,2026-05-22,2026-05-22 12:39:00,1,0.00614136,19.1250,-19.12,-20.00,-20.43,STOP
C-F08-1,2026-05-22,2026-05-22 13:25:00,1,0.00377386,19.0312,35.50,34.63,34.20,TIME
C-F08-1,2026-05-22,2026-05-22 14:09:00,1,0.00378158,21.9562,-21.96,-22.83,-23.26,STOP
C-F08-1,2026-05-22,2026-05-22 14:35:00,1,0.0059159,16.5375,-16.54,-17.41,-17.84,STOP
C-F08-1,2026-05-22,2026-05-22 15:45:00,1,0.00434796,21.0000,-21.00,-21.87,-22.30,STOP
C-F08-1,2026-05-25,2026-05-25 10:44:00,-1,-0.00414166,11.1562,-11.16,-12.03,-12.46,STOP
C-F08-1,2026-05-25,2026-05-25 11:34:00,-1,-0.0040428,15.2812,4.75,3.88,3.45,TIME
C-F08-1,2026-05-25,2026-05-25 11:52:00,-1,-0.00409023,8.8125,4.25,3.38,2.95,TIME
C-F08-1,2026-05-25,2026-05-25 12:08:00,-1,-0.0051023,8.4563,-8.46,-9.33,-9.76,STOP
C-F08-1,2026-05-25,2026-05-25 12:24:00,-1,-0.00666445,7.4812,-7.48,-8.35,-8.79,STOP
C-F08-1,2026-05-25,2026-05-25 12:50:00,1,0.00377154,7.4250,17.75,16.88,16.45,TIME
C-F08-1,2026-05-26,2026-05-26 10:36:00,1,0.00400191,23.8875,2.00,1.13,0.70,TIME
C-F08-1,2026-05-26,2026-05-26 10:52:00,1,0.00409744,22.8750,-22.88,-23.75,-24.18,STOP
C-F08-1,2026-05-26,2026-05-26 12:13:00,1,0.0043803,26.8125,45.50,44.63,44.20,TIME
C-F08-1,2026-05-26,2026-05-26 12:29:00,1,0.00597563,20.5688,-8.75,-9.62,-10.05,TIME
C-F08-1,2026-05-26,2026-05-26 12:45:00,1,0.00701886,16.1437,-16.14,-17.01,-17.45,STOP
C-F08-1,2026-05-26,2026-05-26 13:01:00,1,0.00809037,19.3312,12.00,11.13,10.70,TIME
C-F08-1,2026-05-26,2026-05-26 13:17:00,1,0.00668242,15.8250,-15.83,-16.70,-17.13,STOP
C-F08-1,2026-05-26,2026-05-26 13:33:00,1,0.0071251,17.1000,12.75,11.88,11.45,TIME
C-F08-1,2026-05-26,2026-05-26 14:41:00,1,0.00427895,14.2313,-14.23,-15.10,-15.54,STOP
C-F08-1,2026-05-26,2026-05-26 15:25:00,1,0.0041845,13.3500,-13.35,-14.22,-14.65,STOP
C-F08-1,2026-05-26,2026-05-26 15:45:00,1,0.00400527,12.0187,-12.02,-12.89,-13.32,STOP
C-F08-1,2026-05-27,2026-05-27 10:40:00,1,0.00387684,50.4375,11.00,10.13,9.70,TIME
C-F08-1,2026-05-27,2026-05-27 10:56:00,1,0.00550007,39.2812,-39.28,-40.15,-40.59,STOP
C-F08-1,2026-05-27,2026-05-27 12:22:00,1,0.00417074,27.2812,4.75,3.88,3.45,TIME
C-F08-1,2026-05-27,2026-05-27 12:38:00,1,0.00687469,20.5500,33.25,32.38,31.95,TIME
C-F08-1,2026-05-27,2026-05-27 12:54:00,1,0.00891612,20.9813,-20.98,-21.85,-22.29,STOP
C-F08-1,2026-05-27,2026-05-27 14:12:00,1,0.00424508,18.9000,40.25,39.38,38.95,TIME
C-F08-1,2026-05-27,2026-05-27 14:34:00,1,0.00413814,15.9937,-15.99,-16.86,-17.30,STOP
C-F08-1,2026-05-27,2026-05-27 14:50:00,1,0.00449377,14.7000,-14.70,-15.57,-16.01,STOP
C-F08-1,2026-05-27,2026-05-27 15:06:00,1,0.0081666,16.6500,-16.65,-17.52,-17.96,STOP
C-F08-1,2026-05-27,2026-05-27 15:22:00,1,0.00662168,15.0187,-15.02,-15.89,-16.32,STOP
C-F08-1,2026-05-28,2026-05-28 11:01:00,1,0.00389063,31.2000,33.50,32.63,32.20,TIME
C-F08-1,2026-05-28,2026-05-28 11:17:00,1,0.00780879,24.0563,54.25,53.38,52.95,TIME
C-F08-1,2026-05-28,2026-05-28 11:33:00,1,0.00909203,18.9000,-5.75,-6.62,-7.05,TIME
C-F08-1,2026-05-28,2026-05-28 11:49:00,1,0.0074471,14.7188,-8.00,-8.87,-9.30,TIME
C-F08-1,2026-05-28,2026-05-28 12:05:00,1,0.00547267,17.5312,47.25,46.38,45.95,TIME
C-F08-1,2026-05-29,2026-05-29 11:40:00,1,0.00403747,28.4437,-28.44,-29.31,-29.75,STOP
C-F08-1,2026-05-29,2026-05-29 11:56:00,1,0.00534085,25.9688,56.00,55.13,54.70,TIME
C-F08-1,2026-05-29,2026-05-29 12:12:00,1,0.00455611,21.0000,-21.00,-21.87,-22.30,STOP
C-F08-1,2026-05-29,2026-05-29 14:00:00,-1,-0.00428983,17.5125,-17.51,-18.38,-18.82,STOP
C-F08-1,2026-05-29,2026-05-29 15:35:00,1,0.00435108,15.2625,41.00,40.13,39.70,TIME
C-F08-1,2026-06-01,2026-06-01 11:07:00,1,0.00422956,27.3563,38.00,37.13,36.70,TIME
C-F08-1,2026-06-01,2026-06-01 14:56:00,-1,-0.00426611,12.5063,-12.51,-13.38,-13.81,STOP
C-F08-1,2026-06-02,2026-06-02 11:07:00,1,0.0044698,20.7563,51.25,50.38,49.95,TIME
C-F08-1,2026-06-02,2026-06-02 11:26:00,1,0.00499995,17.1375,-17.14,-18.01,-18.44,STOP
C-F08-1,2026-06-02,2026-06-02 11:42:00,1,0.00561751,16.4250,-16.42,-17.29,-17.73,STOP
C-F08-1,2026-06-02,2026-06-02 11:58:00,1,0.00466421,15.5812,-15.58,-16.45,-16.89,STOP
C-F08-1,2026-06-02,2026-06-02 15:33:00,1,0.00427667,12.2437,24.50,23.63,23.20,TIME
C-F08-1,2026-06-03,2026-06-03 10:38:00,1,0.00465445,38.5875,23.25,22.38,21.95,TIME
C-F08-1,2026-06-03,2026-06-03 10:54:00,1,0.00432975,34.6312,-34.63,-35.50,-35.94,STOP
C-F08-1,2026-06-03,2026-06-03 14:06:00,1,0.00416071,15.8250,-15.83,-16.70,-17.13,STOP
C-F08-1,2026-06-03,2026-06-03 14:22:00,1,0.00594301,19.4438,8.25,7.38,6.95,TIME
C-F08-1,2026-06-03,2026-06-03 14:38:00,1,0.00569867,19.2563,-19.26,-20.13,-20.56,STOP
C-F08-1,2026-06-03,2026-06-03 14:54:00,1,0.00530209,17.5500,-17.55,-18.42,-18.85,STOP
C-F08-1,2026-06-03,2026-06-03 15:10:00,1,0.00517485,19.7625,-19.76,-20.63,-21.07,STOP
C-F08-1,2026-06-04,2026-06-04 10:32:00,-1,-0.00460007,39.8438,18.25,17.38,16.95,TIME
C-F08-1,2026-06-04,2026-06-04 11:20:00,1,0.00410927,24.5625,-24.56,-25.43,-25.87,STOP
C-F08-1,2026-06-04,2026-06-04 11:36:00,1,0.00434082,23.2687,-23.27,-24.14,-24.57,STOP
C-F08-1,2026-06-04,2026-06-04 12:03:00,1,0.00480027,27.5625,35.75,34.88,34.45,TIME
C-F08-1,2026-06-04,2026-06-04 12:19:00,1,0.00521448,20.8125,-20.81,-21.68,-22.12,STOP
C-F08-1,2026-06-04,2026-06-04 12:35:00,1,0.00439888,20.5312,22.00,21.13,20.70,TIME
C-F08-1,2026-06-04,2026-06-04 12:51:00,1,0.00859385,19.1063,1.25,0.38,-0.05,TIME
C-F08-1,2026-06-04,2026-06-04 13:07:00,1,0.00678069,15.5625,23.00,22.13,21.70,TIME
C-F08-1,2026-06-04,2026-06-04 13:24:00,1,0.00432579,15.2250,39.25,38.38,37.95,TIME
C-F08-1,2026-06-04,2026-06-04 13:40:00,1,0.00572708,15.9188,-15.92,-16.79,-17.22,STOP
C-F08-1,2026-06-04,2026-06-04 13:56:00,1,0.00423933,15.1875,38.25,37.38,36.95,TIME
C-F08-1,2026-06-04,2026-06-04 14:12:00,1,0.00477692,13.7625,1.25,0.38,-0.05,TIME
C-F08-1,2026-06-04,2026-06-04 14:28:00,1,0.00512612,14.1375,-14.14,-15.01,-15.44,STOP
C-F08-1,2026-06-05,2026-06-05 11:25:00,-1,-0.00509745,37.6312,67.75,66.88,66.44,TIME
C-F08-1,2026-06-05,2026-06-05 11:41:00,-1,-0.00753573,36.9750,-23.50,-24.37,-24.80,TIME
C-F08-1,2026-06-05,2026-06-05 11:57:00,-1,-0.00719042,36.0938,82.00,81.13,80.69,TIME
C-F08-1,2026-06-05,2026-06-05 12:13:00,-1,-0.00864713,34.9688,15.50,14.63,14.20,TIME
C-F08-1,2026-06-05,2026-06-05 12:29:00,-1,-0.00716873,32.7938,124.25,123.38,122.94,TIME
C-F08-1,2026-06-05,2026-06-05 12:45:00,-1,-0.00626159,34.2188,-34.22,-35.09,-35.52,STOP
C-F08-1,2026-06-05,2026-06-05 13:01:00,-1,-0.00578815,46.5750,80.50,79.63,79.19,TIME
C-F08-1,2026-06-05,2026-06-05 13:17:00,-1,-0.00725559,38.5687,-38.57,-39.44,-39.87,STOP
C-F08-1,2026-06-05,2026-06-05 14:11:00,1,0.00426676,31.0312,-31.03,-31.90,-32.34,STOP
C-F08-1,2026-06-05,2026-06-05 14:27:00,-1,-0.00695273,33.7687,82.00,81.13,80.69,TIME
C-F08-1,2026-06-05,2026-06-05 14:43:00,-1,-0.0142255,36.2625,-36.26,-37.13,-37.57,STOP
C-F08-1,2026-06-05,2026-06-05 14:59:00,-1,-0.0120828,49.8750,115.75,114.88,114.44,TIME
C-F08-1,2026-06-05,2026-06-05 15:15:00,-1,-0.0077546,54.9938,-54.99,-55.86,-56.30,STOP
C-F08-1,2026-06-08,2026-06-08 10:58:00,1,0.00612887,42.6937,79.00,78.13,77.69,TIME
C-F08-1,2026-06-08,2026-06-08 11:14:00,1,0.0078322,27.9938,-27.99,-28.86,-29.30,STOP
C-F08-1,2026-06-08,2026-06-08 11:30:00,1,0.00601022,30.3750,-30.38,-31.25,-31.68,STOP
C-F08-1,2026-06-08,2026-06-08 15:13:00,-1,-0.0051111,27.7313,43.75,42.88,42.45,TIME
C-F08-1,2026-06-08,2026-06-08 15:29:00,-1,-0.00908421,38.4750,-38.47,-39.34,-39.78,STOP
C-F08-1,2026-06-09,2026-06-09 10:50:00,-1,-0.00476369,79.6875,-79.69,-80.56,-80.99,STOP
C-F08-1,2026-06-09,2026-06-09 11:32:00,-1,-0.00664759,67.4062,-9.25,-10.12,-10.55,TIME
C-F08-1,2026-06-09,2026-06-09 11:48:00,-1,-0.00690798,71.7937,154.50,153.63,153.19,TIME
C-F08-1,2026-06-09,2026-06-09 12:04:00,-1,-0.0121264,76.5000,234.25,233.38,232.94,TIME
C-F08-1,2026-06-09,2026-06-09 12:20:00,-1,-0.0193392,76.1250,-76.12,-77.00,-77.43,STOP
C-F08-1,2026-06-09,2026-06-09 12:36:00,-1,-0.0159546,86.5125,118.25,117.38,116.94,TIME
C-F08-1,2026-06-09,2026-06-09 12:52:00,-1,-0.0226228,110.7563,-110.76,-111.63,-112.06,STOP
C-F08-1,2026-06-09,2026-06-09 13:08:00,-1,-0.0189764,89.3438,-89.34,-90.21,-90.65,STOP
C-F08-1,2026-06-09,2026-06-09 13:24:00,-1,-0.00871795,71.1000,-71.10,-71.97,-72.40,STOP
C-F08-1,2026-06-09,2026-06-09 13:47:00,1,0.00925302,58.6875,-58.69,-59.56,-59.99,STOP
C-F08-1,2026-06-09,2026-06-09 14:03:00,1,0.0131236,66.9000,-7.00,-7.87,-8.30,TIME
C-F08-1,2026-06-09,2026-06-09 14:19:00,1,0.00748898,54.2063,119.25,118.38,117.94,TIME
C-F08-1,2026-06-09,2026-06-09 14:35:00,1,0.00876779,66.1875,-66.19,-67.06,-67.49,STOP
C-F08-1,2026-06-09,2026-06-09 14:51:00,1,0.0125806,54.2812,141.75,140.88,140.44,TIME
C-F08-1,2026-06-09,2026-06-09 15:07:00,1,0.00653772,52.5938,-52.59,-53.46,-53.90,STOP
C-F08-1,2026-06-09,2026-06-09 15:23:00,-1,-0.00521044,66.7688,-66.77,-67.64,-68.07,STOP
C-F08-1,2026-06-09,2026-06-09 15:39:00,-1,-0.00730741,59.4187,-59.42,-60.29,-60.72,STOP
C-F08-1,2026-06-10,2026-06-10 10:32:00,1,0.00625856,79.9313,-79.93,-80.80,-81.24,STOP
C-F08-1,2026-06-10,2026-06-10 11:22:00,-1,-0.00566475,81.0188,-81.02,-81.89,-82.32,STOP
C-F08-1,2026-06-10,2026-06-10 11:39:00,-1,-0.00511791,78.2250,-78.22,-79.09,-79.53,STOP
C-F08-1,2026-06-10,2026-06-10 12:26:00,-1,-0.00541853,57.8625,-57.86,-58.73,-59.17,STOP
C-F08-1,2026-06-10,2026-06-10 12:45:00,-1,-0.00570823,58.7812,54.50,53.63,53.20,TIME
C-F08-1,2026-06-10,2026-06-10 13:01:00,-1,-0.00668076,53.2875,-53.29,-54.16,-54.59,STOP
C-F08-1,2026-06-10,2026-06-10 13:17:00,-1,-0.00525252,53.2875,-53.29,-54.16,-54.59,STOP
C-F08-1,2026-06-10,2026-06-10 13:39:00,-1,-0.00608234,42.6188,-42.62,-43.49,-43.92,STOP
C-F08-1,2026-06-10,2026-06-10 13:58:00,1,0.00553118,60.9750,-17.75,-18.62,-19.05,TIME
C-F08-1,2026-06-10,2026-06-10 14:14:00,1,0.00777343,49.3500,-49.35,-50.22,-50.65,STOP
C-F08-1,2026-06-10,2026-06-10 14:57:00,-1,-0.00546792,41.3250,-41.33,-42.20,-42.63,STOP
C-F08-1,2026-06-10,2026-06-10 15:42:00,1,0.00525368,47.1937,-47.19,-48.06,-48.50,STOP
C-F08-1,2026-06-11,2026-06-11 12:23:00,1,0.0059263,48.2063,-48.21,-49.08,-49.51,STOP
C-F08-1,2026-06-11,2026-06-11 12:39:00,1,0.00592306,53.3625,-53.36,-54.23,-54.67,STOP
C-F08-1,2026-06-11,2026-06-11 13:31:00,1,0.00824386,72.0938,194.00,193.13,192.69,TIME
C-F08-1,2026-06-11,2026-06-11 14:19:00,-1,-0.00640966,61.4625,46.25,45.38,44.95,TIME
C-F08-1,2026-06-11,2026-06-11 15:04:00,1,0.00644824,38.4000,-38.40,-39.27,-39.71,STOP
C-F08-1,2026-06-11,2026-06-11 15:20:00,1,0.00515177,45.0000,152.25,151.38,150.94,TIME
C-F08-1,2026-06-11,2026-06-11 15:36:00,1,0.00860902,43.5187,-43.52,-44.39,-44.82,STOP
C-F08-1,2026-06-12,2026-06-12 10:32:00,1,0.0731953,65.0250,-65.03,-65.90,-66.33,STOP
C-F08-1,2026-06-12,2026-06-12 10:48:00,1,0.0433152,68.8313,262.00,261.13,260.69,TIME
C-F08-1,2026-06-12,2026-06-12 11:04:00,1,0.0134139,84.0750,70.50,69.63,69.19,TIME
C-F08-1,2026-06-12,2026-06-12 11:20:00,-1,-0.0616443,53.4563,21.75,20.88,20.45,TIME
C-F08-1,2026-06-12,2026-06-12 11:36:00,-1,-0.107278,39.4688,-39.47,-40.34,-40.77,STOP
C-F08-1,2026-06-12,2026-06-12 11:52:00,-1,-0.041159,64.0125,-64.01,-64.88,-65.32,STOP
C-F08-1,2026-06-12,2026-06-12 12:08:00,-1,-0.0852693,71.0250,-71.03,-71.90,-72.33,STOP
C-F08-1,2026-06-12,2026-06-12 12:24:00,-1,-0.0212097,69.3000,-19.25,-20.12,-20.55,TIME
C-F08-1,2026-06-12,2026-06-12 12:40:00,1,0.00901225,44.1188,60.50,59.63,59.20,TIME
C-F08-1,2026-06-12,2026-06-12 12:56:00,1,0.01294,38.0062,-38.01,-38.88,-39.31,STOP
C-F08-1,2026-06-12,2026-06-12 13:12:00,1,0.0284086,40.6312,-40.63,-41.50,-41.94,STOP
C-F08-1,2026-06-12,2026-06-12 13:28:00,1,0.0447438,34.5000,-34.50,-35.37,-35.80,STOP
C-F08-1,2026-06-12,2026-06-12 13:44:00,1,0.0447718,32.9062,-32.91,-33.78,-34.21,STOP
C-F08-1,2026-06-12,2026-06-12 14:00:00,-1,-0.0384273,28.5375,-28.54,-29.41,-29.84,STOP
C-F08-1,2026-06-12,2026-06-12 14:16:00,-1,-0.136209,36.5062,-15.50,-16.37,-16.80,TIME
C-F08-1,2026-06-12,2026-06-12 14:32:00,-1,-0.0819183,33.9750,-33.97,-34.84,-35.28,STOP
C-F08-1,2026-06-12,2026-06-12 14:48:00,-1,-0.0481367,25.3875,46.00,45.13,44.70,TIME
C-F08-1,2026-06-12,2026-06-12 15:04:00,-1,-0.0062098,28.7438,-28.74,-29.61,-30.05,STOP
C-F08-1,2026-06-12,2026-06-12 15:20:00,1,0.0208479,29.0250,-29.03,-29.90,-30.33,STOP
C-F08-1,2026-06-12,2026-06-12 15:36:00,-1,-0.0569335,28.8375,-28.84,-29.71,-30.14,STOP
C-F08-1,2026-06-15,2026-06-15 13:53:00,1,0.00636327,15.8438,-15.84,-16.71,-17.15,STOP
C-F08-1,2026-06-15,2026-06-15 14:19:00,1,0.00704244,19.2188,-19.22,-20.09,-20.52,STOP
C-F08-1,2026-06-15,2026-06-15 14:35:00,1,0.0096957,18.9000,30.75,29.88,29.45,TIME
C-F08-1,2026-06-15,2026-06-15 15:21:00,-1,-0.00623806,17.6437,16.75,15.88,15.45,TIME
C-F08-1,2026-06-16,2026-06-16 11:42:00,-1,-0.0056852,41.4375,2.50,1.63,1.20,TIME
C-F08-1,2026-06-16,2026-06-16 11:58:00,-1,-0.00601894,40.7625,-40.76,-41.63,-42.07,STOP
C-F08-1,2026-06-16,2026-06-16 13:22:00,-1,-0.00585627,27.6562,13.25,12.38,11.95,TIME
C-F08-1,2026-06-16,2026-06-16 14:47:00,1,0.00563136,21.1500,-21.15,-22.02,-22.46,STOP
C-F08-1,2026-06-16,2026-06-16 15:42:00,-1,-0.00610132,30.9750,-30.97,-31.84,-32.28,STOP
C-F08-1,2026-06-17,2026-06-17 12:00:00,1,0.00587599,24.0375,-24.04,-24.91,-25.34,STOP
C-F08-1,2026-06-17,2026-06-17 12:23:00,1,0.00582099,21.6000,-12.25,-13.12,-13.55,TIME
C-F08-1,2026-06-17,2026-06-17 12:40:00,1,0.00608419,19.9875,-19.99,-20.86,-21.29,STOP
C-F08-1,2026-06-17,2026-06-17 12:57:00,1,0.00612333,22.8563,-22.86,-23.73,-24.16,STOP
C-F08-1,2026-06-17,2026-06-17 13:13:00,1,0.00950043,25.0125,-25.01,-25.88,-26.32,STOP
C-F08-1,2026-06-17,2026-06-17 14:02:00,-1,-0.016705,37.3125,-37.31,-38.18,-38.62,STOP
C-F08-1,2026-06-17,2026-06-17 14:18:00,-1,-0.0116596,97.6687,-4.50,-5.37,-5.80,TIME
C-F08-1,2026-06-17,2026-06-17 14:34:00,-1,-0.0164278,70.5375,-70.54,-71.41,-71.84,STOP
C-F08-1,2026-06-17,2026-06-17 14:50:00,-1,-0.0151432,93.5250,143.75,142.88,142.44,TIME
C-F08-1,2026-06-17,2026-06-17 15:06:00,-1,-0.00681498,81.8250,76.00,75.13,74.69,TIME
C-F08-1,2026-06-17,2026-06-17 15:22:00,-1,-0.0122466,80.5875,85.50,84.63,84.19,TIME
C-F08-1,2026-06-17,2026-06-17 15:38:00,-1,-0.0096239,75.9375,159.50,158.63,158.19,TIME
C-F08-1,2026-06-18,2026-06-18 11:53:00,1,0.0069055,46.6312,87.25,86.38,85.94,TIME
C-F08-1,2026-06-18,2026-06-18 12:09:00,1,0.00660948,34.6500,18.50,17.63,17.20,TIME
C-F08-1,2026-06-18,2026-06-18 12:29:00,1,0.00614686,27.6188,23.00,22.13,21.70,TIME
C-F08-1,2026-06-18,2026-06-18 14:07:00,1,0.00678324,20.3625,-20.36,-21.23,-21.67,STOP
C-F08-1,2026-06-19,2026-06-19 12:35:00,1,0.00574621,8.9625,1.00,0.13,-0.30,TIME
C-F08-1,2026-06-23,2026-06-23 11:04:00,-1,-0.00574067,58.3500,74.00,73.13,72.69,TIME
C-F08-1,2026-06-23,2026-06-23 11:21:00,-1,-0.0067642,45.0000,-12.25,-13.12,-13.55,TIME
C-F08-1,2026-06-23,2026-06-23 11:37:00,-1,-0.00776412,36.3750,35.75,34.88,34.45,TIME
C-F08-1,2026-06-23,2026-06-23 11:53:00,-1,-0.00660027,41.0250,-41.03,-41.90,-42.33,STOP
C-F08-1,2026-06-23,2026-06-23 14:06:00,-1,-0.0058981,29.6250,17.75,16.88,16.45,TIME
C-F08-1,2026-06-23,2026-06-23 14:22:00,-1,-0.00890008,25.8187,-25.82,-26.69,-27.12,STOP
C-F08-1,2026-06-23,2026-06-23 14:38:00,-1,-0.00743676,21.9937,74.50,73.63,73.19,TIME
C-F08-1,2026-06-24,2026-06-24 10:42:00,1,0.00572162,59.8125,44.25,43.38,42.95,TIME
C-F08-1,2026-06-24,2026-06-24 12:17:00,1,0.00626743,39.6188,-39.62,-40.49,-40.92,STOP
C-F08-1,2026-06-24,2026-06-24 12:33:00,1,0.00707233,33.2438,-33.24,-34.11,-34.55,STOP
C-F08-1,2026-06-24,2026-06-24 13:23:00,-1,-0.00590942,47.2687,54.00,53.13,52.70,TIME
C-F08-1,2026-06-24,2026-06-24 14:27:00,1,0.00663964,41.3812,-41.38,-42.25,-42.69,STOP
C-F08-1,2026-06-24,2026-06-24 14:45:00,1,0.00617672,41.2875,-41.29,-42.16,-42.59,STOP
C-F08-1,2026-06-24,2026-06-24 15:33:00,1,0.0057493,40.9313,14.25,13.38,12.95,TIME
C-F08-1,2026-06-25,2026-06-25 11:20:00,1,0.010809,75.8438,108.25,107.38,106.94,TIME
C-F08-1,2026-06-25,2026-06-25 11:36:00,1,0.0113669,68.7562,57.50,56.63,56.20,TIME
C-F08-1,2026-06-25,2026-06-25 11:52:00,1,0.0138057,56.5125,36.75,35.88,35.45,TIME
C-F08-1,2026-06-25,2026-06-25 12:08:00,1,0.0165514,50.1000,54.50,53.63,53.20,TIME
C-F08-1,2026-06-25,2026-06-25 12:24:00,1,0.0175422,49.8000,-49.80,-50.67,-51.10,STOP
C-F08-1,2026-06-25,2026-06-25 12:40:00,1,0.0128685,45.9188,-45.92,-46.79,-47.22,STOP
C-F08-1,2026-06-25,2026-06-25 12:56:00,1,0.012038,50.5500,16.75,15.88,15.45,TIME
C-F08-1,2026-06-25,2026-06-25 13:12:00,1,0.0108858,41.9437,-41.94,-42.81,-43.25,STOP
C-F08-1,2026-06-25,2026-06-25 13:28:00,1,0.0126316,48.4875,-48.49,-49.36,-49.79,STOP
C-F08-1,2026-06-25,2026-06-25 13:44:00,1,0.0186729,37.9688,-37.97,-38.84,-39.27,STOP
C-F08-1,2026-06-25,2026-06-25 14:00:00,1,0.0150262,41.2125,-41.21,-42.08,-42.52,STOP
C-F08-1,2026-06-25,2026-06-25 14:16:00,1,0.0154513,52.2750,104.25,103.38,102.94,TIME
C-F08-1,2026-06-25,2026-06-25 14:32:00,1,0.0058343,46.1437,-46.14,-47.01,-47.45,STOP
C-F08-1,2026-06-25,2026-06-25 15:12:00,-1,-0.0065505,43.2000,26.75,25.88,25.45,TIME
C-F08-1,2026-06-26,2026-06-26 11:21:00,1,0.00687757,55.6500,78.25,77.38,76.94,TIME
C-F08-1,2026-06-26,2026-06-26 12:20:00,-1,-0.00647354,42.4875,-42.49,-43.36,-43.79,STOP
C-F08-1,2026-06-26,2026-06-26 12:47:00,1,0.00723713,38.6625,18.25,17.38,16.95,TIME
C-F08-1,2026-06-26,2026-06-26 13:11:00,1,0.00753598,31.3312,-31.33,-32.20,-32.64,STOP
C-F08-1,2026-06-26,2026-06-26 13:29:00,-1,-0.00678894,36.3187,-36.32,-37.19,-37.62,STOP
C-F08-1,2026-06-26,2026-06-26 13:54:00,-1,-0.00673063,31.1063,45.00,44.13,43.70,TIME
C-F08-1,2026-06-26,2026-06-26 14:10:00,-1,-0.0113014,30.1875,39.75,38.88,38.45,TIME
C-F08-1,2026-06-26,2026-06-26 14:31:00,-1,-0.0107841,30.9562,-30.96,-31.83,-32.26,STOP
C-F08-1,2026-06-26,2026-06-26 14:48:00,-1,-0.0080131,31.3875,21.50,20.63,20.20,TIME
C-F08-1,2026-06-29,2026-06-29 10:33:00,1,0.00720725,81.0000,-54.00,-54.87,-55.30,TIME
C-F08-1,2026-06-29,2026-06-29 10:49:00,1,0.0117306,65.8500,205.50,204.63,204.19,TIME
C-F08-1,2026-06-29,2026-06-29 11:05:00,1,0.0151484,62.6813,-11.50,-12.37,-12.80,TIME
C-F08-1,2026-06-29,2026-06-29 11:21:00,1,0.0174281,46.4250,70.50,69.63,69.19,TIME
C-F08-1,2026-06-29,2026-06-29 11:41:00,1,0.00715834,42.1688,26.00,25.13,24.70,TIME
C-F08-1,2026-06-29,2026-06-29 12:21:00,1,0.00706993,25.3125,-25.31,-26.18,-26.62,STOP
C-F08-1,2026-06-29,2026-06-29 14:35:00,1,0.00682126,17.9062,36.25,35.38,34.95,TIME
C-F08-1,2026-06-30,2026-06-30 10:41:00,1,0.00717031,34.8937,-34.89,-35.76,-36.20,STOP
C-F08-1,2026-06-30,2026-06-30 15:20:00,-1,-0.00684328,13.5562,7.50,6.63,6.20,TIME
C-F08-1,2026-06-30,2026-06-30 15:36:00,-1,-0.0066827,15.0750,-15.08,-15.95,-16.38,STOP
C-F08-1,2026-07-01,2026-07-01 10:34:00,1,0.00754254,41.4000,-41.40,-42.27,-42.71,STOP
C-F08-1,2026-07-01,2026-07-01 14:18:00,1,0.00643269,20.7188,10.25,9.38,8.95,TIME
C-F08-1,2026-07-02,2026-07-02 11:09:00,-1,-0.00724985,70.8375,-70.84,-71.71,-72.14,STOP
C-F08-1,2026-07-02,2026-07-02 11:25:00,-1,-0.00840885,67.9500,-67.95,-68.82,-69.26,STOP
C-F08-1,2026-07-02,2026-07-02 11:50:00,-1,-0.00624727,50.2875,99.00,98.13,97.69,TIME
C-F08-1,2026-07-02,2026-07-02 12:06:00,-1,-0.00758281,48.6188,39.75,38.88,38.45,TIME
C-F08-1,2026-07-02,2026-07-02 12:27:00,-1,-0.00694047,45.1500,48.50,47.63,47.20,TIME
C-F08-1,2026-07-02,2026-07-02 12:43:00,-1,-0.0170596,41.1562,72.50,71.63,71.19,TIME
C-F08-1,2026-07-02,2026-07-02 12:59:00,-1,-0.0106389,45.3937,8.25,7.38,6.95,TIME
C-F08-1,2026-07-02,2026-07-02 13:15:00,-1,-0.00932639,41.4750,-0.50,-1.37,-1.80,TIME
C-F08-1,2026-07-02,2026-07-02 14:07:00,-1,-0.00651954,35.7375,-35.74,-36.61,-37.04,STOP
C-F08-1,2026-07-02,2026-07-02 15:09:00,-1,-0.00625521,44.0625,46.25,45.38,44.95,TIME
C-F08-1,2026-07-02,2026-07-02 15:25:00,-1,-0.00818817,36.9938,-36.99,-37.86,-38.30,STOP
C-F08-1,2026-07-02,2026-07-02 15:43:00,-1,-0.00614116,36.8250,-36.83,-37.70,-38.13,STOP
C-F08-1,2026-07-03,2026-07-03 11:15:00,-1,-0.00673345,10.2188,-10.22,-11.09,-11.52,STOP
C-F08-1,2026-07-03,2026-07-03 11:31:00,-1,-0.010684,10.2188,4.25,3.38,2.95,TIME
C-F08-1,2026-07-03,2026-07-03 12:52:00,-1,-0.00637986,10.5562,1.75,0.88,0.45,DAYLAST
C-F08-1,2026-07-06,2026-07-06 13:10:00,1,0.00824257,23.4188,-23.42,-24.29,-24.72,STOP
C-F08-1,2026-07-06,2026-07-06 13:26:00,1,0.00621399,20.7938,-20.79,-21.66,-22.10,STOP
C-F08-1,2026-07-07,2026-07-07 10:32:00,-1,-0.00557705,48.6937,61.50,60.63,60.20,TIME
C-F08-1,2026-07-07,2026-07-07 10:48:00,-1,-0.00596129,47.7750,-47.78,-48.65,-49.08,STOP
C-F08-1,2026-07-07,2026-07-07 11:07:00,-1,-0.00627144,41.6813,-41.68,-42.55,-42.99,STOP
C-F08-1,2026-07-07,2026-07-07 14:21:00,1,0.00511999,21.3937,-21.39,-22.26,-22.70,STOP
C-F08-1,2026-07-07,2026-07-07 15:02:00,-1,-0.00517871,32.2687,-32.27,-33.14,-33.57,STOP
C-F08-1,2026-07-07,2026-07-07 15:18:00,-1,-0.0108317,32.3812,-32.38,-33.25,-33.69,STOP
C-F08-1,2026-07-07,2026-07-07 15:34:00,-1,-0.00511133,35.5125,41.00,40.13,39.70,TIME
C-F08-1,2026-07-08,2026-07-08 12:24:00,1,0.00531326,36.9938,-21.75,-22.62,-23.05,TIME
C-F08-1,2026-07-08,2026-07-08 12:55:00,1,0.00575185,41.7375,10.00,9.13,8.70,TIME
C-F08-1,2026-07-08,2026-07-08 14:31:00,1,0.00516347,27.2062,29.00,28.13,27.70,TIME
C-F08-1,2026-07-08,2026-07-08 14:58:00,1,0.00595205,25.9688,7.75,6.88,6.45,TIME
C-F08-1,2026-07-08,2026-07-08 15:45:00,1,0.00515724,22.6688,-22.67,-23.54,-23.97,STOP
C-F08-1,2026-07-09,2026-07-09 11:59:00,1,0.00779955,18.9562,14.25,13.38,12.95,TIME
C-F08-1,2026-07-09,2026-07-09 12:15:00,1,0.00798571,16.5750,-16.58,-17.45,-17.88,STOP
C-F08-1,2026-07-09,2026-07-09 12:31:00,1,0.00576396,17.7750,-17.78,-18.65,-19.08,STOP
C-F08-1,2026-07-09,2026-07-09 14:00:00,1,0.00551924,13.1437,7.00,6.13,5.70,TIME
C-F08-1,2026-07-09,2026-07-09 14:16:00,1,0.00612167,15.1313,-15.13,-16.00,-16.44,STOP
C-F08-1,2026-07-09,2026-07-09 15:00:00,-1,-0.00587551,13.4438,13.25,12.38,11.95,TIME
C-F08-1,2026-07-09,2026-07-09 15:22:00,-1,-0.00528707,18.0750,18.50,17.63,17.20,TIME
C-F08-1,2026-07-10,2026-07-10 10:59:00,1,0.00515988,45.7125,-45.71,-46.58,-47.02,STOP
C-F08-1,2026-07-10,2026-07-10 11:33:00,1,0.00959372,33.6562,-33.66,-34.53,-34.96,STOP
C-F08-1,2026-07-10,2026-07-10 12:43:00,1,0.00552299,17.7188,0.00,-0.87,-1.30,TIME
C-F08-1,2026-07-10,2026-07-10 15:01:00,-1,-0.00562123,11.3625,-11.36,-12.23,-12.67,STOP
C-F08-1,2026-07-13,2026-07-13 10:33:00,1,0.0050462,62.8313,-62.83,-63.70,-64.14,STOP
C-F08-1,2026-07-13,2026-07-13 10:49:00,1,0.011426,38.9250,83.00,82.13,81.69,TIME
C-F08-1,2026-07-13,2026-07-13 11:05:00,1,0.0107446,38.9437,-38.94,-39.81,-40.25,STOP
C-F08-1,2026-07-13,2026-07-13 11:21:00,1,0.00963282,31.3875,-6.75,-7.62,-8.05,TIME
C-F08-1,2026-07-13,2026-07-13 11:37:00,1,0.00518233,30.1875,-30.19,-31.06,-31.49,STOP
C-F08-1,2026-07-13,2026-07-13 11:54:00,1,0.00555307,29.6250,-29.62,-30.50,-30.93,STOP
C-F08-1,2026-07-13,2026-07-13 12:11:00,1,0.00485792,27.0187,-27.02,-27.89,-28.32,STOP
C-F08-1,2026-07-13,2026-07-13 12:27:00,1,0.00509734,24.6000,-24.60,-25.47,-25.90,STOP
C-F08-1,2026-07-13,2026-07-13 13:03:00,1,0.00464377,32.9813,-15.50,-16.37,-16.80,TIME
C-F08-1,2026-07-13,2026-07-13 13:19:00,1,0.00565869,29.2313,-29.23,-30.10,-30.54,STOP
C-F08-1,2026-07-13,2026-07-13 13:35:00,1,0.00557458,24.5625,-24.56,-25.43,-25.87,STOP
C-F08-1,2026-07-13,2026-07-13 13:51:00,1,0.00472188,23.5312,-23.53,-24.40,-24.84,STOP
C-F08-1,2026-07-13,2026-07-13 15:25:00,1,0.00609436,21.8813,-21.88,-22.75,-23.19,STOP
C-F08-1,2026-07-13,2026-07-13 15:41:00,1,0.00965772,25.7062,60.50,59.63,59.20,TIME
C-F08-1,2026-07-14,2026-07-14 11:07:00,-1,-0.00486346,43.3875,-43.39,-44.26,-44.69,STOP
C-F08-1,2026-07-14,2026-07-14 12:57:00,1,0.0063817,22.2750,27.75,26.88,26.45,TIME
C-F08-1,2026-07-14,2026-07-14 13:13:00,1,0.0129277,16.6313,-16.63,-17.50,-17.94,STOP
C-F08-1,2026-07-14,2026-07-14 13:29:00,1,0.0133498,17.5500,-17.55,-18.42,-18.85,STOP
C-F08-1,2026-07-14,2026-07-14 13:45:00,1,0.0134125,17.6437,-17.64,-18.51,-18.95,STOP
C-F08-1,2026-07-14,2026-07-14 14:01:00,1,0.00702325,15.4125,-15.41,-16.28,-16.72,STOP
C-F08-1,2026-07-14,2026-07-14 15:42:00,-1,-0.00555781,20.5688,-20.57,-21.44,-21.87,STOP
C-F08-1,2026-07-15,2026-07-15 11:28:00,1,0.00658444,41.1562,48.75,47.88,47.45,TIME
C-F08-1,2026-07-15,2026-07-15 11:44:00,1,0.00896029,36.2438,-36.24,-37.11,-37.55,STOP
C-F08-1,2026-07-15,2026-07-15 12:00:00,1,0.0090287,30.9750,-30.97,-31.84,-32.28,STOP
C-F08-1,2026-07-15,2026-07-15 12:16:00,1,0.00768503,32.9625,-32.96,-33.83,-34.27,STOP
C-F08-1,2026-07-15,2026-07-15 13:40:00,1,0.00509639,21.3000,66.25,65.38,64.94,TIME
C-F08-1,2026-07-15,2026-07-15 13:56:00,1,0.0152451,20.8687,-20.87,-21.74,-22.17,STOP
C-F08-1,2026-07-15,2026-07-15 14:12:00,1,0.0145457,21.2062,-21.21,-22.08,-22.51,STOP
C-F08-1,2026-07-15,2026-07-15 14:28:00,1,0.0139925,17.9625,-17.96,-18.83,-19.27,STOP
C-F08-1,2026-07-15,2026-07-15 14:44:00,1,0.00946506,18.1875,-18.19,-19.06,-19.49,STOP
C-F08-1,2026-07-15,2026-07-15 15:01:00,1,0.00488503,29.2125,31.50,30.63,30.20,TIME
C-F08-1,2026-07-16,2026-07-16 11:30:00,-1,-0.00548186,40.0875,-40.09,-40.96,-41.39,STOP
C-F08-1,2026-07-16,2026-07-16 13:21:00,1,0.00584488,31.6312,-10.75,-11.62,-12.05,TIME
C-F08-1,2026-07-16,2026-07-16 13:37:00,1,0.00815288,26.0062,-26.01,-26.88,-27.31,STOP
C-F08-1,2026-07-17,2026-07-17 10:32:00,1,0.00803339,55.5375,-55.54,-56.41,-56.84,STOP
C-F08-1,2026-07-17,2026-07-17 10:49:00,1,0.00535259,56.3625,-56.36,-57.23,-57.67,STOP
C-F08-1,2026-07-17,2026-07-17 11:05:00,-1,-0.005193,53.6813,-53.68,-54.55,-54.99,STOP
C-F08-1,2026-07-17,2026-07-17 11:21:00,-1,-0.0103209,44.8688,-44.87,-45.74,-46.17,STOP
C-F08-1,2026-07-17,2026-07-17 11:37:00,-1,-0.0101656,46.6125,-46.61,-47.48,-47.92,STOP
C-F08-1,2026-07-17,2026-07-17 12:11:00,1,0.00544762,44.7750,-44.78,-45.65,-46.08,STOP
C-F08-1,2026-07-17,2026-07-17 13:29:00,1,0.00498415,29.4750,-29.47,-30.34,-30.78,STOP
C-F08-1,2026-07-17,2026-07-17 14:08:00,1,0.00537393,30.9188,-30.92,-31.79,-32.22,STOP
C-F08-1,2026-07-17,2026-07-17 14:25:00,-1,-0.00717141,29.1562,-29.16,-30.03,-30.46,STOP
C-F08-1,2026-07-17,2026-07-17 14:41:00,-1,-0.0130033,30.7500,-30.75,-31.62,-32.05,STOP
C-F08-1,2026-07-17,2026-07-17 14:57:00,-1,-0.00626984,30.4125,67.50,66.63,66.19,TIME
C-F08-1,2026-07-17,2026-07-17 15:14:00,-1,-0.00502164,27.3375,14.50,13.63,13.20,TIME
C-F08-1,2026-07-17,2026-07-17 15:45:00,1,0.00524277,39.6750,22.75,21.88,21.45,TIME
C-F08-1,2026-07-20,2026-07-20 10:32:00,1,0.0049975,48.2625,-48.26,-49.13,-49.57,STOP
C-F08-1,2026-07-20,2026-07-20 10:48:00,1,0.00533232,45.6375,-45.64,-46.51,-46.94,STOP
C-F08-1,2026-07-20,2026-07-20 12:11:00,1,0.00560213,27.8438,-2.75,-3.62,-4.05,TIME
C-F08-1,2026-07-20,2026-07-20 12:27:00,1,0.00600813,20.4937,-20.49,-21.36,-21.80,STOP
C-F08-1,2026-07-20,2026-07-20 13:07:00,1,0.00469816,31.0687,-31.07,-31.94,-32.37,STOP
C-F08-1,2026-07-20,2026-07-20 13:23:00,1,0.00671199,24.1500,-12.50,-13.37,-13.80,TIME
C-F08-1,2026-07-20,2026-07-20 13:41:00,1,0.00583848,24.6562,-24.66,-25.53,-25.96,STOP
C-F08-1,2026-07-20,2026-07-20 15:37:00,-1,-0.00522052,33.5250,-33.53,-34.40,-34.83,STOP
C-F08-1,2026-07-21,2026-07-21 11:46:00,1,0.00455797,21.9937,-2.25,-3.12,-3.55,TIME
C-F08-1,2026-07-21,2026-07-21 13:26:00,1,0.00479357,14.0063,17.50,16.63,16.20,TIME
C-F08-1,2026-07-22,2026-07-22 11:21:00,1,0.00482718,23.1375,-18.25,-19.12,-19.55,TIME
C-F08-1,2026-07-22,2026-07-22 11:37:00,1,0.00476566,21.3937,-21.39,-22.26,-22.70,STOP
C-F08-1,2026-07-22,2026-07-22 11:53:00,1,0.00741055,22.2563,-22.26,-23.13,-23.56,STOP
C-F08-1,2026-07-22,2026-07-22 12:09:00,1,0.0080897,18.4875,-10.75,-11.62,-12.05,TIME
C-F08-1,2026-07-22,2026-07-22 12:25:00,1,0.00789453,14.9250,3.50,2.63,2.20,TIME
C-F08-1,2026-07-22,2026-07-22 12:47:00,1,0.00473213,15.4125,39.50,38.63,38.20,TIME
C-F08-1,2026-07-22,2026-07-22 13:42:00,1,0.00484738,17.2500,-17.25,-18.12,-18.55,STOP
C-F08-1,2026-07-22,2026-07-22 14:54:00,-1,-0.00605896,16.1437,-16.14,-17.01,-17.45,STOP
C-F08-1,2026-07-22,2026-07-22 15:10:00,-1,-0.00635479,16.9500,3.00,2.13,1.70,TIME
C-F08-1,2026-07-22,2026-07-22 15:32:00,-1,-0.00621718,18.3375,21.75,20.88,20.45,TIME
C-F08-1,2026-07-23,2026-07-23 11:11:00,-1,-0.00478359,36.0187,-36.02,-36.89,-37.32,STOP
C-F08-1,2026-07-23,2026-07-23 11:27:00,-1,-0.00608853,41.0812,-41.08,-41.95,-42.39,STOP
C-F08-1,2026-07-23,2026-07-23 11:43:00,-1,-0.00899142,42.3187,-42.32,-43.19,-43.62,STOP
C-F08-1,2026-07-23,2026-07-23 11:59:00,-1,-0.00890403,36.1312,-36.13,-37.00,-37.44,STOP
C-F08-1,2026-07-23,2026-07-23 12:19:00,1,0.00455422,31.2188,59.25,58.38,57.95,TIME
C-F08-1,2026-07-23,2026-07-23 12:35:00,1,0.0103378,27.6937,-27.69,-28.56,-29.00,STOP
C-F08-1,2026-07-23,2026-07-23 12:51:00,1,0.00686682,29.5125,-22.25,-23.12,-23.55,TIME
C-F08-1,2026-07-23,2026-07-23 14:24:00,-1,-0.00526691,24.0000,-24.00,-24.87,-25.30,STOP
C-F08-1,2026-07-23,2026-07-23 14:42:00,-1,-0.00468454,24.0187,37.00,36.13,35.70,TIME
C-F08-1,2026-07-23,2026-07-23 14:58:00,-1,-0.0074214,22.0125,-22.01,-22.88,-23.32,STOP
C-F08-1,2026-07-23,2026-07-23 15:14:00,-1,-0.00749085,21.0187,-21.02,-21.89,-22.32,STOP
C-F08-1,2026-07-23,2026-07-23 15:30:00,-1,-0.00589621,22.4438,-22.44,-23.31,-23.75,STOP
C-F08-1,2026-07-24,2026-07-24 10:32:00,1,0.00746585,59.4375,-59.44,-60.31,-60.74,STOP
C-F08-1,2026-07-24,2026-07-24 10:48:00,1,0.00859332,48.4313,139.75,138.88,138.44,TIME
C-F08-1,2026-07-24,2026-07-24 11:50:00,1,0.00468001,40.8375,67.00,66.13,65.69,TIME
C-F08-1,2026-07-24,2026-07-24 12:06:00,1,0.0107129,33.1500,-33.15,-34.02,-34.46,STOP
C-F08-1,2026-07-24,2026-07-24 12:22:00,1,0.0137764,28.6875,-28.69,-29.56,-29.99,STOP
C-F08-1,2026-07-24,2026-07-24 12:38:00,1,0.00999206,27.5812,-27.58,-28.45,-28.89,STOP
C-F08-1,2026-07-24,2026-07-24 13:49:00,1,0.00461655,24.4125,-0.75,-1.62,-2.05,TIME
C-F08-1,2026-07-24,2026-07-24 14:28:00,-1,-0.00494804,22.9312,86.00,85.13,84.69,TIME
C-F08-1,2026-07-24,2026-07-24 15:15:00,-1,-0.00578997,31.7250,-21.00,-21.87,-22.30,TIME
C-F08-1,2026-07-27,2026-07-27 10:33:00,-1,-0.00508323,58.3875,51.75,50.88,50.45,TIME
C-F08-1,2026-07-27,2026-07-27 10:49:00,-1,-0.00973407,64.5000,-64.50,-65.37,-65.81,STOP
C-F08-1,2026-07-27,2026-07-27 11:32:00,1,0.00490746,49.8000,-49.80,-50.67,-51.10,STOP
C-F08-1,2026-07-27,2026-07-27 11:48:00,1,0.00774343,41.7750,45.50,44.63,44.20,TIME
C-F08-1,2026-07-27,2026-07-27 12:11:00,1,0.00475542,37.4250,-37.42,-38.29,-38.73,STOP
C-F08-1,2026-07-27,2026-07-27 12:50:00,-1,-0.00600981,38.8875,114.75,113.88,113.44,TIME
C-F08-1,2026-07-27,2026-07-27 13:06:00,-1,-0.00708165,34.0125,-34.01,-34.88,-35.32,STOP
C-F08-1,2026-07-27,2026-07-27 13:22:00,-1,-0.00984211,32.5312,-32.53,-33.40,-33.84,STOP
C-F08-1,2026-07-27,2026-07-27 13:38:00,-1,-0.0105803,29.5875,3.50,2.63,2.20,TIME
C-F08-1,2026-07-27,2026-07-27 14:09:00,1,0.00549742,29.5875,-29.59,-30.46,-30.89,STOP
C-F08-1,2026-07-27,2026-07-27 14:25:00,1,0.0087948,26.8875,-26.89,-27.76,-28.19,STOP
C-F08-1,2026-07-27,2026-07-27 14:41:00,1,0.0107123,25.5187,118.75,117.88,117.44,TIME
C-F08-1,2026-07-27,2026-07-27 15:16:00,-1,-0.00700747,29.8125,-29.81,-30.68,-31.12,STOP
C-F08-1,2026-07-27,2026-07-27 15:32:00,-1,-0.00972006,23.9250,69.25,68.38,67.94,TIME
C-F08-1,2026-07-28,2026-07-28 10:32:00,-1,-0.00551453,65.7000,-65.70,-66.57,-67.01,STOP
C-F08-1,2026-07-28,2026-07-28 10:48:00,-1,-0.00504608,55.9875,-55.99,-56.86,-57.29,STOP
C-F08-1,2026-07-28,2026-07-28 11:04:00,-1,-0.00515947,46.7250,-46.72,-47.59,-48.03,STOP
C-F08-1,2026-07-28,2026-07-28 12:24:00,-1,-0.00511018,28.3875,29.50,28.63,28.20,TIME
C-F08-1,2026-07-28,2026-07-28 12:44:00,-1,-0.0056221,29.0438,-29.04,-29.91,-30.35,STOP
C-F08-1,2026-07-28,2026-07-28 13:07:00,-1,-0.00511889,29.4188,-10.25,-11.12,-11.55,TIME
C-F08-1,2026-07-28,2026-07-28 13:48:00,-1,-0.00541463,25.4250,-25.42,-26.29,-26.73,STOP
C-F08-1,2026-07-28,2026-07-28 14:04:00,-1,-0.00728738,30.4688,43.00,42.13,41.70,TIME
C-F08-1,2026-07-28,2026-07-28 14:20:00,-1,-0.00961162,27.4500,-27.45,-28.32,-28.76,STOP
C-F08-1,2026-07-28,2026-07-28 14:36:00,-1,-0.00871695,24.8812,-24.88,-25.75,-26.19,STOP
C-F08-1,2026-07-28,2026-07-28 14:52:00,-1,-0.00823556,24.9000,-24.90,-25.77,-26.21,STOP
C-F08-1,2026-07-28,2026-07-28 15:08:00,-1,-0.00684541,24.7125,16.00,15.13,14.70,TIME
C-F08-1,2026-07-28,2026-07-28 15:24:00,-1,-0.00530579,25.2938,58.75,57.88,57.45,TIME
C-F08-1,2026-07-28,2026-07-28 15:40:00,-1,-0.00704529,24.2812,-2.75,-3.62,-4.05,TIME
C-F08-1,2026-07-29,2026-07-29 10:33:00,-1,-0.00607569,54.1125,53.50,52.63,52.20,TIME
C-F08-1,2026-07-29,2026-07-29 10:49:00,-1,-0.00594047,48.1125,-48.11,-48.98,-49.42,STOP
C-F08-1,2026-07-29,2026-07-29 11:05:00,-1,-0.00562274,48.1687,23.25,22.38,21.95,TIME
C-F08-1,2026-07-29,2026-07-29 11:26:00,-1,-0.00515587,48.9375,67.00,66.13,65.69,TIME
C-F08-1,2026-07-29,2026-07-29 11:42:00,-1,-0.00743338,41.6437,60.00,59.13,58.70,TIME
C-F08-1,2026-07-29,2026-07-29 12:13:00,-1,-0.00507211,36.6000,-36.60,-37.47,-37.90,STOP
C-F08-1,2026-07-29,2026-07-29 13:31:00,1,0.00524929,36.0750,29.00,28.13,27.70,TIME
C-F08-1,2026-07-29,2026-07-29 13:48:00,1,0.00614333,34.3312,201.50,200.63,200.19,TIME
C-F08-1,2026-07-29,2026-07-29 14:04:00,1,0.00765546,43.9875,-43.99,-44.86,-45.29,STOP
C-F08-1,2026-07-29,2026-07-29 14:20:00,1,0.0119297,71.8875,-10.75,-11.62,-12.05,TIME
C-F08-1,2026-07-29,2026-07-29 14:36:00,1,0.0125513,55.7625,288.25,287.38,286.94,TIME
C-F08-1,2026-07-29,2026-07-29 14:52:00,1,0.0167848,74.8313,-74.83,-75.70,-76.14,STOP
C-F08-1,2026-07-29,2026-07-29 15:08:00,1,0.00973786,61.4625,-61.46,-62.33,-62.77,STOP
C-F08-1,2026-07-29,2026-07-29 15:37:00,-1,-0.00673948,71.5312,142.75,141.88,141.44,TIME
C-F08-1,2026-07-30,2026-07-30 10:32:00,1,0.0068883,45.1500,-45.15,-46.02,-46.46,STOP
C-F08-1,2026-07-30,2026-07-30 11:46:00,-1,-0.00558421,46.1063,11.00,10.13,9.70,TIME
C-F08-1,2026-07-30,2026-07-30 12:32:00,1,0.00592655,25.6875,-25.69,-26.56,-26.99,STOP
C-F08-1,2026-07-30,2026-07-30 12:48:00,1,0.00602343,28.4813,73.75,72.88,72.44,TIME
C-F08-1,2026-07-30,2026-07-30 13:06:00,1,0.00639203,30.1312,35.25,34.38,33.95,TIME
C-F08-1,2026-07-30,2026-07-30 14:43:00,1,0.00588287,19.8375,13.75,12.88,12.45,TIME
C-F08-1,2026-07-30,2026-07-30 15:19:00,1,0.00543335,23.4188,-23.42,-24.29,-24.72,STOP
C-F08-1,2026-07-31,2026-07-31 10:58:00,1,0.00547922,55.6875,-55.69,-56.56,-56.99,STOP
C-F08-1,2026-07-31,2026-07-31 11:14:00,1,0.0139191,56.6062,-56.61,-57.48,-57.91,STOP
C-F08-1,2026-07-31,2026-07-31 11:32:00,1,0.00541019,56.7937,51.00,50.13,49.70,TIME
C-F08-1,2026-07-31,2026-07-31 11:53:00,1,0.00598254,50.9062,13.75,12.88,12.45,TIME
C-F08-1,2026-07-31,2026-07-31 12:18:00,1,0.00675467,38.3250,94.50,93.63,93.19,TIME
C-F08-1,2026-07-31,2026-07-31 12:34:00,1,0.00651971,35.6625,-35.66,-36.53,-36.97,STOP
C-F08-1,2026-07-31,2026-07-31 12:59:00,1,0.00672974,30.4875,18.50,17.63,17.20,TIME
C-F08-1,2026-07-31,2026-07-31 13:31:00,1,0.00544055,24.4875,-6.00,-6.87,-7.30,TIME
C-F08-1,2026-07-31,2026-07-31 13:48:00,1,0.00545895,25.2375,-25.24,-26.11,-26.54,STOP
C-F08-1,2026-07-31,2026-07-31 14:08:00,1,0.00576735,26.8312,-26.83,-27.70,-28.14,STOP
C-F08-1,2026-07-31,2026-07-31 15:22:00,1,0.00652885,23.2125,-23.21,-24.08,-24.52,STOP
C-F08-1,2026-08-03,2026-08-03 10:32:00,1,0.00797644,38.1000,32.75,31.88,31.45,TIME
C-F08-1,2026-08-03,2026-08-03 10:48:00,1,0.00804846,30.8250,67.00,66.13,65.69,TIME
C-F08-1,2026-08-03,2026-08-03 11:04:00,1,0.00759157,26.5687,-26.57,-27.44,-27.87,STOP
C-F08-1,2026-08-03,2026-08-03 11:20:00,1,0.0062188,24.7500,-24.75,-25.62,-26.05,STOP
C-F08-1,2026-08-03,2026-08-03 11:37:00,1,0.00614104,30.6000,-30.60,-31.47,-31.90,STOP
C-F08-1,2026-08-03,2026-08-03 11:53:00,1,0.00629058,23.5875,27.75,26.88,26.45,TIME
C-F08-1,2026-08-03,2026-08-03 14:04:00,1,0.00651398,11.6812,13.50,12.63,12.20,TIME
C-F08-1,2026-08-04,2026-08-04 15:00:00,1,0.0063795,18.1313,47.25,46.38,45.95,TIME
C-F08-1,2026-08-04,2026-08-04 15:38:00,1,0.00596507,18.1875,-18.19,-19.06,-19.49,STOP
C-F08-1,2026-08-05,2026-08-05 10:37:00,1,0.00583119,54.4313,-54.43,-55.30,-55.74,STOP
C-F08-1,2026-08-05,2026-08-05 11:50:00,1,0.00682268,32.1000,-32.10,-32.97,-33.40,STOP
C-F08-1,2026-08-05,2026-08-05 12:06:00,1,0.0123074,35.4938,-35.49,-36.36,-36.80,STOP
C-F08-1,2026-08-05,2026-08-05 12:22:00,1,0.00633468,35.1562,7.50,6.63,6.20,TIME
C-F08-1,2026-08-05,2026-08-05 13:28:00,1,0.00601991,26.5687,-26.57,-27.44,-27.87,STOP
C-F08-1,2026-08-05,2026-08-05 13:45:00,1,0.00698975,22.9875,-22.99,-23.86,-24.29,STOP
C-F08-1,2026-08-05,2026-08-05 14:01:00,1,0.00633641,21.3937,5.75,4.88,4.45,TIME
C-F08-1,2026-08-05,2026-08-05 14:39:00,1,0.00563868,18.7500,-4.00,-4.87,-5.30,TIME
C-F08-1,2026-08-05,2026-08-05 14:55:00,1,0.00621872,18.4688,-18.47,-19.34,-19.77,STOP
C-F08-1,2026-08-05,2026-08-05 15:15:00,1,0.00603485,18.9562,-2.25,-3.12,-3.55,TIME
C-F08-1,2026-08-06,2026-08-06 10:33:00,1,0.00568971,41.8312,-41.83,-42.70,-43.14,STOP
C-F08-1,2026-08-06,2026-08-06 10:49:00,1,0.00675969,48.2812,67.00,66.13,65.69,TIME
C-F08-1,2026-08-06,2026-08-06 11:11:00,1,0.005851,42.3187,-42.32,-43.19,-43.62,STOP
C-F08-1,2026-08-06,2026-08-06 11:27:00,1,0.00580336,36.9938,-36.99,-37.86,-38.30,STOP
C-F08-1,2026-08-06,2026-08-06 11:43:00,1,0.00565304,36.4313,-36.43,-37.30,-37.74,STOP
C-F08-1,2026-08-06,2026-08-06 11:59:00,1,0.00608818,41.4562,-41.46,-42.33,-42.76,STOP
C-F08-1,2026-08-06,2026-08-06 12:15:00,1,0.00709113,35.1000,-35.10,-35.97,-36.40,STOP
C-F08-1,2026-08-06,2026-08-06 12:32:00,1,0.00651668,33.8625,-6.00,-6.87,-7.30,TIME
C-F08-1,2026-08-06,2026-08-06 13:47:00,1,0.00561367,23.2687,19.00,18.13,17.70,TIME
C-F08-1,2026-08-06,2026-08-06 14:03:00,1,0.00731268,23.0812,49.75,48.88,48.45,TIME
C-F08-1,2026-08-06,2026-08-06 14:19:00,1,0.00940898,25.4250,-6.00,-6.87,-7.30,TIME
C-F08-1,2026-08-06,2026-08-06 14:35:00,1,0.00666171,24.2438,-24.24,-25.11,-25.55,STOP
C-F08-1,2026-08-06,2026-08-06 14:51:00,1,0.00958574,18.0750,49.75,48.88,48.45,TIME
C-F08-1,2026-08-06,2026-08-06 15:07:00,1,0.0111426,18.3563,-18.36,-19.23,-19.66,STOP
C-F08-1,2026-08-06,2026-08-06 15:23:00,1,0.0133863,18.9000,-18.90,-19.77,-20.21,STOP
C-F08-1,2026-08-06,2026-08-06 15:39:00,1,0.0129056,24.4313,-24.43,-25.30,-25.74,STOP
C-F08-1,2026-08-07,2026-08-07 15:16:00,1,0.00575285,20.2687,10.75,9.88,9.45,TIME
C-F08-1,2026-08-10,2026-08-10 10:32:00,1,0.00607826,32.2500,19.00,18.13,17.70,TIME
C-F08-1,2026-08-10,2026-08-10 10:48:00,1,0.00674224,29.3438,-29.34,-30.21,-30.65,STOP
C-F08-1,2026-08-10,2026-08-10 11:04:00,1,0.00678797,30.9000,-30.90,-31.77,-32.21,STOP
C-F08-1,2026-08-10,2026-08-10 11:20:00,1,0.00731884,31.5563,-31.56,-32.43,-32.86,STOP
C-F08-1,2026-08-10,2026-08-10 13:43:00,1,0.00667206,12.2062,-12.21,-13.08,-13.51,STOP
C-F08-1,2026-08-11,2026-08-11 12:23:00,1,0.00725078,16.7437,-16.74,-17.61,-18.05,STOP
C-F08-1,2026-08-11,2026-08-11 12:49:00,1,0.00567719,15.6000,-15.60,-16.47,-16.90,STOP
C-F08-1,2026-08-12,2026-08-12 11:28:00,1,0.00538434,22.7062,-22.71,-23.58,-24.01,STOP
C-F08-1,2026-08-12,2026-08-12 11:44:00,1,0.00591945,24.0750,-3.25,-4.12,-4.55,TIME
C-F08-1,2026-08-12,2026-08-12 12:00:00,1,0.00632723,18.8625,41.00,40.13,39.70,TIME
C-F08-1,2026-08-12,2026-08-12 12:16:00,1,0.00589562,16.2375,0.00,-0.87,-1.30,TIME
C-F08-1,2026-08-12,2026-08-12 13:51:00,1,0.00542957,9.6375,-9.64,-10.51,-10.94,STOP
C-F08-1,2026-08-12,2026-08-12 14:11:00,1,0.00634809,10.6500,9.25,8.38,7.95,TIME
C-F08-1,2026-08-12,2026-08-12 14:34:00,1,0.00619828,11.0813,2.00,1.13,0.70,TIME
C-F08-1,2026-08-13,2026-08-13 10:42:00,1,0.00604406,19.1250,-19.12,-20.00,-20.43,STOP
C-F08-1,2026-08-13,2026-08-13 13:41:00,1,0.00545911,10.2375,-10.24,-11.11,-11.54,STOP
C-F08-1,2026-08-14,2026-08-14 11:06:00,1,0.00649133,22.1812,-22.18,-23.05,-23.49,STOP
C-F08-1,2026-08-14,2026-08-14 13:27:00,1,0.00556343,14.6250,4.00,3.13,2.70,TIME
C-F08-1,2026-08-14,2026-08-14 15:05:00,1,0.00630677,9.9750,-9.97,-10.84,-11.28,STOP
C-F08-1,2026-08-14,2026-08-14 15:21:00,1,0.00712527,11.3062,13.25,12.38,11.95,TIME
C-F08-1,2026-08-14,2026-08-14 15:37:00,1,0.00681424,10.3125,19.00,18.13,17.70,TIME
C-F08-1,2026-08-17,2026-08-17 14:07:00,1,0.00560403,14.5312,3.50,2.63,2.20,TIME
C-F08-2,2025-08-21,2025-08-21 11:14:00,1,0.00306895,21.9750,71.50,70.63,70.19,TIME
C-F08-2,2025-08-21,2025-08-21 11:46:00,1,0.002726,20.1750,-20.17,-21.04,-21.48,STOP
C-F08-2,2025-08-21,2025-08-21 12:34:00,-1,-0.0026893,19.1250,-19.12,-20.00,-20.43,STOP
C-F08-2,2025-08-21,2025-08-21 13:19:00,1,0.00273195,20.6625,-20.66,-21.53,-21.97,STOP
C-F08-2,2025-08-21,2025-08-21 14:33:00,1,0.00303774,14.4375,40.00,39.13,38.70,TIME
C-F08-2,2025-08-21,2025-08-21 15:04:00,1,0.00334656,15.8062,-7.00,-7.87,-8.30,TIME
C-F08-2,2025-08-22,2025-08-22 10:32:00,1,0.00611791,50.4750,48.50,47.63,47.20,TIME
C-F08-2,2025-08-22,2025-08-22 11:07:00,1,0.00303178,26.1188,-26.12,-26.99,-27.42,STOP
C-F08-2,2025-08-22,2025-08-22 12:22:00,1,0.00285465,19.8000,-19.80,-20.67,-21.10,STOP
C-F08-2,2025-08-22,2025-08-22 12:53:00,1,0.00401193,14.3062,-14.31,-15.18,-15.61,STOP
C-F08-2,2025-08-22,2025-08-22 13:27:00,1,0.00319986,15.0562,12.00,11.13,10.70,TIME
C-F08-2,2025-08-22,2025-08-22 13:58:00,1,0.0035299,9.9563,-9.96,-10.83,-11.26,STOP
C-F08-2,2025-08-22,2025-08-22 14:37:00,-1,-0.00297726,11.0625,20.25,19.38,18.95,TIME
C-F08-2,2025-08-22,2025-08-22 15:08:00,-1,-0.0027269,10.3500,28.00,27.13,26.70,TIME
C-F08-2,2025-08-25,2025-08-25 10:32:00,1,0.00333857,21.7687,39.25,38.38,37.95,TIME
C-F08-2,2025-08-25,2025-08-25 11:03:00,1,0.00312931,17.4375,34.75,33.88,33.45,TIME
C-F08-2,2025-08-25,2025-08-25 11:35:00,1,0.00355842,10.8375,-10.84,-11.71,-12.14,STOP
C-F08-2,2025-08-25,2025-08-25 12:06:00,1,0.002934,12.0000,-12.00,-12.87,-13.30,STOP
C-F08-2,2025-08-25,2025-08-25 12:55:00,1,0.00318859,9.3375,-9.34,-10.21,-10.64,STOP
C-F08-2,2025-08-25,2025-08-25 13:26:00,1,0.00327195,10.1438,-10.14,-11.01,-11.45,STOP
C-F08-2,2025-08-25,2025-08-25 14:23:00,-1,-0.00364696,8.7188,9.50,8.63,8.20,TIME
C-F08-2,2025-08-26,2025-08-26 10:32:00,-1,-0.00456894,19.3875,22.25,21.38,20.95,TIME
C-F08-2,2025-08-26,2025-08-26 13:09:00,-1,-0.00344958,9.4875,-9.49,-10.36,-10.79,STOP
C-F08-2,2025-08-26,2025-08-26 15:00:00,1,0.00304404,7.3687,-7.37,-8.24,-8.67,STOP
C-F08-2,2025-08-27,2025-08-27 10:56:00,1,0.00293638,13.0125,-13.01,-13.88,-14.32,STOP
C-F08-2,2025-08-27,2025-08-27 12:57:00,1,0.00320387,12.6375,-12.64,-13.51,-13.94,STOP
C-F08-2,2025-08-27,2025-08-27 13:28:00,1,0.00466106,8.6625,16.50,15.63,15.20,TIME
C-F08-2,2025-08-27,2025-08-27 14:21:00,1,0.00308607,8.9438,-8.94,-9.81,-10.25,STOP
C-F08-2,2025-08-27,2025-08-27 15:15:00,1,0.00308112,12.8062,-12.81,-13.68,-14.11,STOP
C-F08-2,2025-08-28,2025-08-28 10:32:00,1,0.00391258,26.7375,78.75,77.88,77.44,TIME
C-F08-2,2025-08-28,2025-08-28 11:05:00,1,0.00302327,17.1375,-17.14,-18.01,-18.44,STOP
C-F08-2,2025-08-28,2025-08-28 12:17:00,1,0.00375441,12.2250,-12.22,-13.09,-13.53,STOP
C-F08-2,2025-08-28,2025-08-28 13:30:00,1,0.00320267,9.1125,6.50,5.63,5.20,TIME
C-F08-2,2025-08-28,2025-08-28 14:01:00,1,0.00357791,7.3313,9.75,8.88,8.45,TIME
C-F08-2,2025-08-29,2025-08-29 10:32:00,1,0.00586404,32.2687,-32.27,-33.14,-33.57,STOP
C-F08-2,2025-08-29,2025-08-29 11:03:00,1,0.00588746,27.7500,20.50,19.63,19.20,TIME
C-F08-2,2025-08-29,2025-08-29 11:34:00,1,0.00443128,17.8312,-17.83,-18.70,-19.14,STOP
C-F08-2,2025-08-29,2025-08-29 12:05:00,1,0.00284744,16.4438,-16.44,-17.31,-17.75,STOP
C-F08-2,2025-08-29,2025-08-29 12:54:00,1,0.00315747,10.6875,-10.69,-11.56,-11.99,STOP
C-F08-2,2025-08-29,2025-08-29 13:25:00,1,0.00294163,17.6625,43.00,42.13,41.70,TIME
C-F08-2,2025-08-29,2025-08-29 13:56:00,1,0.00393292,13.2375,-13.24,-14.11,-14.54,STOP
C-F08-2,2025-08-29,2025-08-29 14:32:00,1,0.00422443,12.6375,-12.64,-13.51,-13.94,STOP
C-F08-2,2025-08-29,2025-08-29 15:03:00,1,0.0032863,10.4625,5.25,4.38,3.95,TIME
C-F08-2,2025-09-01,2025-09-01 10:32:00,1,0.00773466,5.8500,1.50,0.63,0.20,TIME
C-F08-2,2025-09-01,2025-09-01 11:03:00,1,0.00807183,4.5750,-4.58,-5.45,-5.88,STOP
C-F08-2,2025-09-01,2025-09-01 11:34:00,1,0.00312341,4.9500,-4.95,-5.82,-6.26,STOP
C-F08-2,2025-09-01,2025-09-01 12:16:00,-1,-0.00404839,4.1062,-4.11,-4.98,-5.41,STOP
C-F08-2,2025-09-02,2025-09-02 10:43:00,1,0.00341173,31.5187,-31.52,-32.39,-32.82,STOP
C-F08-2,2025-09-02,2025-09-02 11:17:00,-1,-0.00358428,21.5812,57.75,56.88,56.45,TIME
C-F08-2,2025-09-02,2025-09-02 11:48:00,-1,-0.00742759,18.6750,-15.00,-15.87,-16.30,TIME
C-F08-2,2025-09-02,2025-09-02 12:19:00,-1,-0.00523385,17.8500,-17.85,-18.72,-19.15,STOP
C-F08-2,2025-09-02,2025-09-02 13:02:00,1,0.00330047,15.6562,-15.66,-16.53,-16.96,STOP
C-F08-2,2025-09-02,2025-09-02 13:33:00,1,0.00317255,15.2250,36.50,35.63,35.20,TIME
C-F08-2,2025-09-02,2025-09-02 14:04:00,1,0.00537167,15.6938,-15.69,-16.56,-17.00,STOP
C-F08-2,2025-09-02,2025-09-02 14:38:00,-1,-0.00403042,13.5750,-13.58,-14.45,-14.88,STOP
C-F08-2,2025-09-02,2025-09-02 15:09:00,-1,-0.00668713,23.2875,-23.29,-24.16,-24.59,STOP
C-F08-2,2025-09-03,2025-09-03 11:49:00,1,0.00512457,19.4813,-19.48,-20.35,-20.79,STOP
C-F08-2,2025-09-03,2025-09-03 12:38:00,1,0.00403449,16.4438,-16.44,-17.31,-17.75,STOP
C-F08-2,2025-09-03,2025-09-03 13:18:00,1,0.00337363,12.9375,-12.94,-13.81,-14.24,STOP
C-F08-2,2025-09-03,2025-09-03 14:48:00,-1,-0.00334242,16.2750,9.50,8.63,8.20,TIME
C-F08-2,2025-09-04,2025-09-04 12:07:00,1,0.00329613,13.1437,-13.14,-14.01,-14.45,STOP
C-F08-2,2025-09-04,2025-09-04 12:38:00,1,0.00379646,12.5438,29.50,28.63,28.20,TIME
C-F08-2,2025-09-04,2025-09-04 14:16:00,1,0.00334303,8.2125,10.00,9.13,8.70,TIME
C-F08-2,2025-09-05,2025-09-05 10:32:00,1,0.00422314,42.5250,-42.53,-43.40,-43.83,STOP
C-F08-2,2025-09-05,2025-09-05 11:03:00,1,0.00592718,37.3312,95.25,94.38,93.94,TIME
C-F08-2,2025-09-05,2025-09-05 11:35:00,1,0.00320608,27.2250,-27.22,-28.09,-28.53,STOP
C-F08-2,2025-09-05,2025-09-05 12:06:00,1,0.0074579,28.4062,-4.50,-5.37,-5.80,TIME
C-F08-2,2025-09-05,2025-09-05 12:37:00,1,0.0049874,23.5312,3.50,2.63,2.20,TIME
C-F08-2,2025-09-05,2025-09-05 13:08:00,1,0.00636204,23.8312,8.75,7.88,7.45,TIME
C-F08-2,2025-09-05,2025-09-05 13:39:00,1,0.0132106,18.2250,-18.22,-19.09,-19.53,STOP
C-F08-2,2025-09-05,2025-09-05 14:28:00,1,0.00353955,14.5875,10.75,9.88,9.45,TIME
C-F08-2,2025-09-05,2025-09-05 14:59:00,1,0.0064155,12.2812,36.50,35.63,35.20,TIME
C-F08-2,2025-09-08,2025-09-08 11:59:00,1,0.0036527,13.8375,-13.84,-14.71,-15.14,STOP
C-F08-2,2025-09-09,2025-09-09 13:22:00,1,0.00332093,10.5188,-10.52,-11.39,-11.82,STOP
C-F08-2,2025-09-09,2025-09-09 14:15:00,1,0.00337494,9.2063,-9.21,-10.08,-10.51,STOP
C-F08-2,2025-09-09,2025-09-09 14:54:00,1,0.00349561,7.8750,-7.88,-8.74,-9.18,STOP
C-F08-2,2025-09-10,2025-09-10 10:33:00,1,0.00331602,18.7500,-18.75,-19.62,-20.05,STOP
C-F08-2,2025-09-10,2025-09-10 11:27:00,1,0.00360431,15.9562,38.50,37.63,37.20,TIME
C-F08-2,2025-09-10,2025-09-10 13:56:00,1,0.00456927,12.7125,-12.71,-13.58,-14.02,STOP
C-F08-2,2025-09-10,2025-09-10 14:28:00,1,0.00353825,13.8188,-13.82,-14.69,-15.12,STOP
C-F08-2,2025-09-11,2025-09-11 12:21:00,1,0.00324806,9.3562,-9.36,-10.23,-10.66,STOP
C-F08-2,2025-09-12,2025-09-12 12:11:00,1,0.00324976,9.2250,7.00,6.13,5.70,TIME
C-F08-2,2025-09-12,2025-09-12 13:28:00,-1,-0.00316849,6.8813,-6.88,-7.75,-8.19,STOP
C-F08-2,2025-09-12,2025-09-12 14:43:00,-1,-0.00314668,6.7875,-6.79,-7.66,-8.09,STOP
C-F08-2,2025-09-15,2025-09-15 10:32:00,1,0.00726729,13.7812,-13.78,-14.65,-15.09,STOP
C-F08-2,2025-09-15,2025-09-15 11:12:00,-1,-0.00519341,9.5437,-9.54,-10.41,-10.85,STOP
C-F08-2,2025-09-15,2025-09-15 11:43:00,-1,-0.00404623,9.0750,-9.08,-9.95,-10.38,STOP
C-F08-2,2025-09-15,2025-09-15 12:20:00,1,0.00398244,8.7750,-8.78,-9.65,-10.08,STOP
C-F08-2,2025-09-15,2025-09-15 12:59:00,1,0.005125,8.1938,-8.19,-9.06,-9.50,STOP
C-F08-2,2025-09-15,2025-09-15 13:30:00,1,0.00555597,9.4500,32.75,31.88,31.45,TIME
C-F08-2,2025-09-15,2025-09-15 14:01:00,1,0.004958,6.6187,-6.62,-7.49,-7.92,STOP
C-F08-2,2025-09-15,2025-09-15 14:36:00,1,0.00339826,8.0063,-8.01,-8.88,-9.31,STOP
C-F08-2,2025-09-15,2025-09-15 15:07:00,1,0.00412539,8.1562,8.75,7.88,7.45,TIME
C-F08-2,2025-09-16,2025-09-16 11:11:00,1,0.00327468,11.6062,-11.61,-12.48,-12.91,STOP
C-F08-2,2025-09-16,2025-09-16 12:59:00,1,0.0034438,8.1000,-8.10,-8.97,-9.40,STOP
C-F08-2,2025-09-16,2025-09-16 13:42:00,1,0.0033481,7.0312,-7.03,-7.90,-8.34,STOP
C-F08-2,2025-09-16,2025-09-16 14:53:00,-1,-0.00336891,5.9812,-5.98,-6.85,-7.29,STOP
C-F08-2,2025-09-16,2025-09-16 15:28:00,1,0.00340952,6.2063,-6.21,-7.08,-7.51,STOP
C-F08-2,2025-09-17,2025-09-17 11:04:00,-1,-0.00360253,13.4813,-13.48,-14.35,-14.79,STOP
C-F08-2,2025-09-17,2025-09-17 11:38:00,-1,-0.003702,10.2750,12.75,11.88,11.45,TIME
C-F08-2,2025-09-17,2025-09-17 12:40:00,1,0.00354557,10.0875,-10.09,-10.96,-11.39,STOP
C-F08-2,2025-09-17,2025-09-17 13:21:00,1,0.00314397,7.5562,-7.56,-8.43,-8.86,STOP
C-F08-2,2025-09-17,2025-09-17 13:53:00,-1,-0.00390141,9.9187,-9.92,-10.79,-11.22,STOP
C-F08-2,2025-09-17,2025-09-17 14:24:00,-1,-0.013244,54.5250,137.25,136.38,135.94,TIME
C-F08-2,2025-09-17,2025-09-17 14:55:00,-1,-0.00902343,65.0813,-65.08,-65.95,-66.39,STOP
C-F08-2,2025-09-18,2025-09-18 11:30:00,-1,-0.00329317,15.5063,-15.51,-16.38,-16.81,STOP
C-F08-2,2025-09-18,2025-09-18 12:01:00,-1,-0.00348814,16.3312,-16.33,-17.20,-17.64,STOP
C-F08-2,2025-09-18,2025-09-18 13:38:00,-1,-0.00346587,12.5438,-12.54,-13.41,-13.85,STOP
C-F08-2,2025-09-18,2025-09-18 14:12:00,-1,-0.0032941,12.4500,-3.00,-3.87,-4.30,TIME
C-F08-2,2025-09-18,2025-09-18 14:59:00,1,0.00319084,10.9875,-10.99,-11.86,-12.29,STOP
C-F08-2,2025-09-19,2025-09-19 13:15:00,-1,-0.00350186,7.2750,-7.28,-8.15,-8.58,STOP
C-F08-2,2025-09-22,2025-09-22 12:22:00,1,0.00322431,14.2313,29.75,28.88,28.45,TIME
C-F08-2,2025-09-22,2025-09-22 13:06:00,1,0.00369671,9.3000,-9.30,-10.17,-10.60,STOP
C-F08-2,2025-09-22,2025-09-22 13:41:00,1,0.0041603,8.1187,5.25,4.38,3.95,TIME
C-F08-2,2025-09-22,2025-09-22 15:19:00,1,0.00391346,7.0500,-7.05,-7.92,-8.35,STOP
C-F08-2,2025-09-23,2025-09-23 11:12:00,1,0.00329802,12.9562,-11.75,-12.62,-13.05,TIME
C-F08-2,2025-09-23,2025-09-23 11:45:00,1,0.00342465,11.3813,-11.38,-12.25,-12.69,STOP
C-F08-2,2025-09-23,2025-09-23 12:16:00,1,0.00603329,10.1625,-10.16,-11.03,-11.47,STOP
C-F08-2,2025-09-23,2025-09-23 13:22:00,1,0.00367386,11.8500,-11.85,-12.72,-13.15,STOP
C-F08-2,2025-09-23,2025-09-23 13:53:00,1,0.00347033,28.5187,-28.52,-29.39,-29.82,STOP
C-F08-2,2025-09-23,2025-09-23 15:13:00,1,0.00320057,14.1750,-14.17,-15.04,-15.48,STOP
C-F08-2,2025-09-24,2025-09-24 12:12:00,-1,-0.00322953,22.8750,-22.88,-23.75,-24.18,STOP
C-F08-2,2025-09-24,2025-09-24 15:18:00,1,0.00373118,10.5750,-10.58,-11.45,-11.88,STOP
C-F08-2,2025-09-25,2025-09-25 10:35:00,1,0.00297213,23.7188,-17.25,-18.12,-18.55,TIME
C-F08-2,2025-09-25,2025-09-25 11:47:00,1,0.00293672,21.6375,-21.64,-22.51,-22.94,STOP
C-F08-2,2025-09-25,2025-09-25 12:24:00,1,0.00322396,19.6313,-19.63,-20.50,-20.94,STOP
C-F08-2,2025-09-25,2025-09-25 12:55:00,1,0.00337677,17.6437,-17.64,-18.51,-18.95,STOP
C-F08-2,2025-09-25,2025-09-25 13:51:00,-1,-0.00300057,19.1437,-19.14,-20.01,-20.45,STOP
C-F08-2,2025-09-25,2025-09-25 15:01:00,1,0.00316389,20.4375,-20.44,-21.31,-21.74,STOP
C-F08-2,2025-09-26,2025-09-26 10:45:00,1,0.00305134,31.6312,-31.63,-32.50,-32.94,STOP
C-F08-2,2025-09-26,2025-09-26 11:51:00,1,0.00286537,20.7938,-20.79,-21.66,-22.10,STOP
C-F08-2,2025-09-26,2025-09-26 12:22:00,1,0.00364038,19.7062,36.25,35.38,34.95,TIME
C-F08-2,2025-09-26,2025-09-26 12:53:00,1,0.00506554,16.7437,17.75,16.88,16.45,TIME
C-F08-2,2025-09-26,2025-09-26 13:24:00,1,0.00749964,12.2437,-8.25,-9.12,-9.55,TIME
C-F08-2,2025-09-26,2025-09-26 13:55:00,1,0.00618823,11.1000,-11.10,-11.97,-12.40,STOP
C-F08-2,2025-09-26,2025-09-26 14:34:00,-1,-0.0029022,12.0000,-12.00,-12.87,-13.30,STOP
C-F08-2,2025-09-26,2025-09-26 15:05:00,1,0.00333228,12.0562,-12.06,-12.93,-13.36,STOP
C-F08-2,2025-09-29,2025-09-29 11:12:00,1,0.00346642,13.7437,-13.74,-14.61,-15.05,STOP
C-F08-2,2025-09-29,2025-09-29 11:43:00,1,0.00306472,19.5187,-19.52,-20.39,-20.82,STOP
C-F08-2,2025-09-29,2025-09-29 12:15:00,1,0.00293987,15.4688,-15.47,-16.34,-16.77,STOP
C-F08-2,2025-09-29,2025-09-29 13:06:00,1,0.00328796,13.3500,11.50,10.63,10.20,TIME
C-F08-2,2025-09-29,2025-09-29 13:43:00,1,0.00351769,11.3250,-11.33,-12.20,-12.63,STOP
C-F08-2,2025-09-30,2025-09-30 10:32:00,1,0.00339583,25.0312,-25.03,-25.90,-26.34,STOP
C-F08-2,2025-09-30,2025-09-30 11:08:00,-1,-0.00321811,21.2062,58.00,57.13,56.70,TIME
C-F08-2,2025-09-30,2025-09-30 12:16:00,1,0.0027217,17.6063,19.75,18.88,18.45,TIME
C-F08-2,2025-09-30,2025-09-30 13:03:00,1,0.00309797,13.6313,-13.63,-14.50,-14.94,STOP
C-F08-2,2025-09-30,2025-09-30 13:54:00,1,0.00304761,13.9500,-13.95,-14.82,-15.26,STOP
C-F08-2,2025-09-30,2025-09-30 14:37:00,1,0.0027022,13.3875,12.75,11.88,11.45,TIME
C-F08-2,2025-09-30,2025-09-30 15:08:00,1,0.00384043,12.3188,-12.32,-13.19,-13.62,STOP
C-F08-2,2025-10-01,2025-10-01 11:05:00,-1,-0.00367547,15.9000,2.50,1.63,1.20,TIME
C-F08-2,2025-10-01,2025-10-01 11:41:00,-1,-0.00312297,11.9812,-11.98,-12.85,-13.29,STOP
C-F08-2,2025-10-01,2025-10-01 12:46:00,1,0.0030777,9.0000,35.00,34.13,33.70,TIME
C-F08-2,2025-10-01,2025-10-01 13:21:00,-1,-0.00288829,10.2375,-10.24,-11.11,-11.54,STOP
C-F08-2,2025-10-01,2025-10-01 14:20:00,1,0.00276962,12.7500,5.25,4.38,3.95,TIME
C-F08-2,2025-10-01,2025-10-01 14:53:00,1,0.00327977,7.4625,-7.46,-8.33,-8.77,STOP
C-F08-2,2025-10-02,2025-10-02 10:39:00,1,0.00311617,23.5125,-23.51,-24.38,-24.82,STOP
C-F08-2,2025-10-02,2025-10-02 11:29:00,1,0.00286278,17.4188,-17.42,-18.29,-18.72,STOP
C-F08-2,2025-10-02,2025-10-02 12:54:00,1,0.0029821,13.9500,12.25,11.38,10.95,TIME
C-F08-2,2025-10-02,2025-10-02 13:25:00,1,0.00308082,9.7312,8.00,7.13,6.70,TIME
C-F08-2,2025-10-02,2025-10-02 14:26:00,1,0.0029045,8.2312,-8.23,-9.10,-9.54,STOP
C-F08-2,2025-10-02,2025-10-02 14:57:00,1,0.00377345,7.9688,10.50,9.63,9.20,TIME
C-F08-2,2025-10-02,2025-10-02 15:28:00,1,0.00519429,7.3687,-7.37,-8.24,-8.67,STOP
C-F08-2,2025-10-03,2025-10-03 13:10:00,1,0.0041686,21.3375,-21.34,-22.21,-22.64,STOP
C-F08-2,2025-10-03,2025-10-03 13:50:00,-1,-0.00296862,22.5187,-7.50,-8.37,-8.80,TIME
C-F08-2,2025-10-03,2025-10-03 14:21:00,-1,-0.0032634,24.0750,-24.08,-24.95,-25.38,STOP
C-F08-2,2025-10-03,2025-10-03 15:07:00,1,0.00403013,16.5375,-16.54,-17.41,-17.84,STOP
C-F08-2,2025-10-06,2025-10-06 10:43:00,1,0.00360444,18.9750,40.00,39.13,38.70,TIME
C-F08-2,2025-10-06,2025-10-06 11:17:00,1,0.00376286,12.8813,-12.88,-13.75,-14.19,STOP
C-F08-2,2025-10-06,2025-10-06 13:05:00,1,0.00311431,8.4000,-8.40,-9.27,-9.71,STOP
C-F08-2,2025-10-06,2025-10-06 13:46:00,1,0.00286085,10.6125,14.25,13.38,12.95,TIME
C-F08-2,2025-10-06,2025-10-06 14:19:00,1,0.00353443,8.9062,13.50,12.63,12.20,TIME
C-F08-2,2025-10-06,2025-10-06 14:51:00,-1,-0.00402169,8.6438,-8.64,-9.51,-9.95,STOP
C-F08-2,2025-10-06,2025-10-06 15:22:00,-1,-0.00681607,7.7812,29.50,28.63,28.20,TIME
C-F08-2,2025-10-07,2025-10-07 10:32:00,1,0.00311483,13.9500,-13.95,-14.82,-15.26,STOP
C-F08-2,2025-10-07,2025-10-07 11:18:00,1,0.00305625,33.5250,-33.53,-34.40,-34.83,STOP
C-F08-2,2025-10-07,2025-10-07 11:49:00,1,0.00325361,29.9625,21.00,20.13,19.70,TIME
C-F08-2,2025-10-07,2025-10-07 12:20:00,1,0.00517866,23.3062,38.00,37.13,36.70,TIME
C-F08-2,2025-10-07,2025-10-07 12:51:00,1,0.00648286,19.7250,-19.72,-20.59,-21.03,STOP
C-F08-2,2025-10-07,2025-10-07 13:22:00,1,0.0050324,19.1063,-19.11,-19.98,-20.41,STOP
C-F08-2,2025-10-07,2025-10-07 13:53:00,1,0.00463308,15.6187,-15.62,-16.49,-16.92,STOP
C-F08-2,2025-10-07,2025-10-07 14:24:00,1,0.00389551,17.3438,0.75,-0.12,-0.55,TIME
C-F08-2,2025-10-07,2025-10-07 14:55:00,1,0.00432537,11.2125,-8.50,-9.37,-9.80,TIME
C-F08-2,2025-10-07,2025-10-07 15:26:00,1,0.00300071,11.3062,19.75,18.88,18.45,TIME
C-F08-2,2025-10-08,2025-10-08 11:52:00,-1,-0.00373267,10.1062,-10.11,-10.98,-11.41,STOP
C-F08-2,2025-10-08,2025-10-08 12:25:00,-1,-0.00334044,8.7188,25.25,24.38,23.95,TIME
C-F08-2,2025-10-08,2025-10-08 12:56:00,-1,-0.00339302,7.2937,-7.29,-8.16,-8.60,STOP
C-F08-2,2025-10-08,2025-10-08 13:51:00,-1,-0.0034029,8.8313,-8.83,-9.70,-10.14,STOP
C-F08-2,2025-10-08,2025-10-08 14:23:00,-1,-0.00448671,11.0250,13.00,12.13,11.70,TIME
C-F08-2,2025-10-08,2025-10-08 14:56:00,-1,-0.00351663,9.3750,-9.38,-10.24,-10.68,STOP
C-F08-2,2025-10-09,2025-10-09 12:17:00,1,0.00345862,11.5500,-11.55,-12.42,-12.85,STOP
C-F08-2,2025-10-09,2025-10-09 13:07:00,1,0.00303314,19.4438,-19.44,-20.31,-20.75,STOP
C-F08-2,2025-10-09,2025-10-09 13:38:00,1,0.00675951,21.2437,8.00,7.13,6.70,TIME
C-F08-2,2025-10-09,2025-10-09 14:09:00,1,0.00327801,14.8687,26.25,25.38,24.95,TIME
C-F08-2,2025-10-09,2025-10-09 15:19:00,1,0.00310254,11.0625,26.75,25.88,25.45,TIME
C-F08-2,2025-10-10,2025-10-10 11:02:00,-1,-0.00529394,42.7313,351.75,350.88,350.44,TIME
C-F08-2,2025-10-10,2025-10-10 11:35:00,-1,-0.00480167,80.9062,-80.91,-81.78,-82.21,STOP
C-F08-2,2025-10-10,2025-10-10 12:18:00,-1,-0.00314819,58.4625,-58.46,-59.33,-59.77,STOP
C-F08-2,2025-10-10,2025-10-10 12:52:00,1,0.00331481,38.7000,-38.70,-39.57,-40.01,STOP
C-F08-2,2025-10-10,2025-10-10 13:24:00,-1,-0.00356342,39.4500,-39.45,-40.32,-40.76,STOP
C-F08-2,2025-10-10,2025-10-10 13:55:00,-1,-0.00628258,32.2500,-32.25,-33.12,-33.55,STOP
C-F08-2,2025-10-10,2025-10-10 14:26:00,-1,-0.00495576,36.1688,132.00,131.13,130.69,TIME
C-F08-2,2025-10-10,2025-10-10 14:58:00,-1,-0.00343309,27.9188,-27.92,-28.79,-29.22,STOP
C-F08-2,2025-10-10,2025-10-10 15:29:00,-1,-0.0107624,24.8438,125.00,124.13,123.69,TIME
C-F08-2,2025-10-13,2025-10-13 10:42:00,1,0.0041263,36.9750,-36.97,-37.84,-38.28,STOP
C-F08-2,2025-10-13,2025-10-13 11:20:00,1,0.00331481,26.3438,4.50,3.63,3.20,TIME
C-F08-2,2025-10-13,2025-10-13 11:51:00,1,0.00623387,20.9813,34.00,33.13,32.70,TIME
C-F08-2,2025-10-13,2025-10-13 12:25:00,1,0.00459349,18.8625,23.75,22.88,22.45,TIME
C-F08-2,2025-10-13,2025-10-13 13:02:00,-1,-0.003203,17.3062,39.75,38.88,38.45,TIME
C-F08-2,2025-10-13,2025-10-13 13:33:00,-1,-0.00428869,18.9000,-18.90,-19.77,-20.21,STOP
C-F08-2,2025-10-14,2025-10-14 10:32:00,1,0.00428259,31.3312,9.75,8.88,8.45,TIME
C-F08-2,2025-10-14,2025-10-14 12:06:00,1,0.00472978,21.3000,-21.30,-22.17,-22.60,STOP
C-F08-2,2025-10-14,2025-10-14 12:40:00,1,0.00371243,23.2500,-23.25,-24.12,-24.55,STOP
C-F08-2,2025-10-14,2025-10-14 13:23:00,1,0.00380306,21.4125,-21.41,-22.28,-22.72,STOP
C-F08-2,2025-10-14,2025-10-14 13:58:00,1,0.003493,17.8687,-17.87,-18.74,-19.17,STOP
C-F08-2,2025-10-14,2025-10-14 15:18:00,-1,-0.00336246,13.5938,-13.59,-14.46,-14.90,STOP
C-F08-2,2025-10-15,2025-10-15 11:10:00,-1,-0.0041812,21.3000,96.50,95.63,95.19,TIME
C-F08-2,2025-10-15,2025-10-15 12:08:00,1,0.00395697,33.5250,-2.00,-2.87,-3.30,TIME
C-F08-2,2025-10-15,2025-10-15 12:39:00,1,0.00691964,25.9500,-25.95,-26.82,-27.26,STOP
C-F08-2,2025-10-15,2025-10-15 13:39:00,1,0.00422081,39.4125,53.50,52.63,52.20,TIME
C-F08-2,2025-10-15,2025-10-15 14:10:00,1,0.0061307,28.2562,34.50,33.63,33.20,TIME
C-F08-2,2025-10-15,2025-10-15 14:41:00,1,0.00880966,19.6313,-2.75,-3.62,-4.05,TIME
C-F08-2,2025-10-15,2025-10-15 15:12:00,1,0.00537164,15.3563,-15.36,-16.23,-16.66,STOP
C-F08-2,2025-10-16,2025-10-16 12:22:00,1,0.00362564,36.2812,-36.28,-37.15,-37.59,STOP
C-F08-2,2025-10-16,2025-10-16 12:53:00,1,0.00543002,62.4750,65.75,64.88,64.44,TIME
C-F08-2,2025-10-16,2025-10-16 13:24:00,1,0.00588635,48.6750,-36.75,-37.62,-38.05,TIME
C-F08-2,2025-10-16,2025-10-16 14:04:00,-1,-0.00369197,29.8875,172.75,171.88,171.44,TIME
C-F08-2,2025-10-16,2025-10-16 14:35:00,-1,-0.00555732,42.8438,-42.84,-43.71,-44.15,STOP
C-F08-2,2025-10-16,2025-10-16 15:06:00,1,0.00487268,33.0938,-33.09,-33.96,-34.40,STOP
C-F08-2,2025-10-17,2025-10-17 11:34:00,-1,-0.00409223,38.9437,-38.94,-39.81,-40.25,STOP
C-F08-2,2025-10-17,2025-10-17 12:09:00,1,0.00390953,30.8812,29.00,28.13,27.70,TIME
C-F08-2,2025-10-17,2025-10-17 12:40:00,1,0.00428253,29.6813,-29.68,-30.55,-30.99,STOP
C-F08-2,2025-10-17,2025-10-17 13:19:00,-1,-0.00373554,29.6437,-29.64,-30.51,-30.95,STOP
C-F08-2,2025-10-17,2025-10-17 13:50:00,-1,-0.00598213,27.0750,-27.08,-27.95,-28.38,STOP
C-F08-2,2025-10-17,2025-10-17 14:26:00,1,0.00422686,21.2437,-21.24,-22.11,-22.55,STOP
C-F08-2,2025-10-20,2025-10-20 11:52:00,-1,-0.00419691,14.1187,33.75,32.88,32.45,TIME
C-F08-2,2025-10-20,2025-10-20 12:23:00,-1,-0.00430748,15.5063,-1.75,-2.62,-3.05,TIME
C-F08-2,2025-10-20,2025-10-20 12:58:00,-1,-0.00452938,10.4250,-10.42,-11.29,-11.73,STOP
C-F08-2,2025-10-20,2025-10-20 13:29:00,-1,-0.00665305,9.1313,-9.13,-10.00,-10.44,STOP
C-F08-2,2025-10-20,2025-10-20 14:00:00,-1,-0.00453765,7.2375,-7.24,-8.11,-8.54,STOP
C-F08-2,2025-10-20,2025-10-20 15:19:00,1,0.00404611,8.7000,-8.70,-9.57,-10.01,STOP
C-F08-2,2025-10-21,2025-10-21 12:50:00,1,0.00381207,9.1687,-9.17,-10.04,-10.47,STOP
C-F08-2,2025-10-21,2025-10-21 14:23:00,1,0.00403234,10.8000,9.50,8.63,8.20,TIME
C-F08-2,2025-10-21,2025-10-21 14:54:00,1,0.00466233,8.9625,-8.96,-9.83,-10.27,STOP
C-F08-2,2025-10-21,2025-10-21 15:25:00,1,0.00393037,7.5938,-7.59,-8.46,-8.90,STOP
C-F08-2,2025-10-22,2025-10-22 10:55:00,1,0.00382311,37.0875,-37.09,-37.96,-38.39,STOP
C-F08-2,2025-10-22,2025-10-22 12:35:00,1,0.00498572,45.7125,16.00,15.13,14.70,TIME
C-F08-2,2025-10-22,2025-10-22 13:06:00,1,0.0123996,38.8500,-38.85,-39.72,-40.15,STOP
C-F08-2,2025-10-22,2025-10-22 13:45:00,-1,-0.0043765,30.8438,-30.84,-31.71,-32.15,STOP
C-F08-2,2025-10-22,2025-10-22 14:30:00,1,0.0038154,31.2188,35.50,34.63,34.20,TIME
C-F08-2,2025-10-22,2025-10-22 15:03:00,1,0.00492202,25.7438,-25.74,-26.61,-27.05,STOP
C-F08-2,2025-10-23,2025-10-23 12:37:00,1,0.00436715,14.4562,25.50,24.63,24.20,TIME
C-F08-2,2025-10-24,2025-10-24 11:00:00,1,0.00562807,20.8125,64.50,63.63,63.20,TIME
C-F08-2,2025-10-24,2025-10-24 13:13:00,-1,-0.00402736,9.0938,-9.09,-9.96,-10.40,STOP
C-F08-2,2025-10-24,2025-10-24 13:44:00,-1,-0.00667419,7.9688,-7.97,-8.84,-9.27,STOP
C-F08-2,2025-10-24,2025-10-24 14:53:00,1,0.00451025,8.4187,23.75,22.88,22.45,TIME
C-F08-2,2025-10-27,2025-10-27 13:29:00,1,0.00413549,7.6500,23.25,22.38,21.95,TIME
C-F08-2,2025-10-28,2025-10-28 12:36:00,-1,-0.00519518,21.1313,-21.13,-22.00,-22.44,STOP
C-F08-2,2025-10-28,2025-10-28 13:31:00,1,0.00575561,13.6313,25.25,24.38,23.95,TIME
C-F08-2,2025-10-29,2025-10-29 10:57:00,1,0.0044406,18.0562,-18.06,-18.93,-19.36,STOP
C-F08-2,2025-10-29,2025-10-29 11:28:00,1,0.0067656,14.2313,-14.23,-15.10,-15.54,STOP
C-F08-2,2025-10-29,2025-10-29 11:59:00,1,0.00740591,15.9750,-15.97,-16.84,-17.28,STOP
C-F08-2,2025-10-29,2025-10-29 12:30:00,1,0.00489894,14.4188,8.75,7.88,7.45,TIME
C-F08-2,2025-10-29,2025-10-29 13:17:00,1,0.00396199,8.5125,-8.51,-9.38,-9.82,STOP
C-F08-2,2025-10-29,2025-10-29 13:48:00,1,0.0058661,10.3687,-10.37,-11.24,-11.67,STOP
C-F08-2,2025-10-29,2025-10-29 14:28:00,-1,-0.00445187,23.5875,-23.59,-24.46,-24.89,STOP
C-F08-2,2025-10-29,2025-10-29 15:02:00,1,0.00461235,69.9750,-69.97,-70.84,-71.28,STOP
C-F08-2,2025-10-30,2025-10-30 11:28:00,1,0.00434129,23.0250,-23.03,-23.90,-24.33,STOP
C-F08-2,2025-10-30,2025-10-30 12:41:00,1,0.00469762,19.4062,-19.41,-20.28,-20.71,STOP
C-F08-2,2025-10-30,2025-10-30 14:33:00,1,0.00435167,20.0438,-20.04,-20.91,-21.35,STOP
C-F08-2,2025-10-30,2025-10-30 15:04:00,1,0.00532753,18.7687,-18.77,-19.64,-20.07,STOP
C-F08-2,2025-10-31,2025-10-31 10:32:00,1,0.00661331,26.7750,51.50,50.63,50.20,TIME
C-F08-2,2025-10-31,2025-10-31 11:49:00,-1,-0.00422205,28.4813,110.00,109.13,108.69,TIME
C-F08-2,2025-10-31,2025-10-31 12:21:00,-1,-0.00441819,28.2000,-28.20,-29.07,-29.51,STOP
C-F08-2,2025-10-31,2025-10-31 12:57:00,-1,-0.00424453,27.0938,52.50,51.63,51.20,TIME
C-F08-2,2025-10-31,2025-10-31 13:47:00,-1,-0.00440615,26.9813,-26.98,-27.85,-28.29,STOP
C-F08-2,2025-10-31,2025-10-31 14:18:00,-1,-0.00483601,19.1437,-19.14,-20.01,-20.45,STOP
C-F08-2,2025-10-31,2025-10-31 14:58:00,1,0.00415958,16.2563,90.00,89.13,88.69,TIME
C-F08-2,2025-11-03,2025-11-03 13:01:00,1,0.00415601,11.5125,-11.51,-12.38,-12.82,STOP
C-F08-2,2025-11-03,2025-11-03 13:32:00,1,0.00445731,11.5875,-11.59,-12.46,-12.89,STOP
C-F08-2,2025-11-03,2025-11-03 14:03:00,1,0.00422223,13.2563,-13.26,-14.13,-14.56,STOP
C-F08-2,2025-11-03,2025-11-03 14:34:00,1,0.00652892,15.7500,-15.75,-16.62,-17.05,STOP
C-F08-2,2025-11-03,2025-11-03 15:15:00,1,0.00453429,13.0500,-13.05,-13.92,-14.35,STOP
C-F08-2,2025-11-04,2025-11-04 10:32:00,1,0.00411203,25.1250,-25.12,-26.00,-26.43,STOP
C-F08-2,2025-11-04,2025-11-04 12:33:00,1,0.00443025,26.2687,-26.27,-27.14,-27.57,STOP
C-F08-2,2025-11-04,2025-11-04 13:28:00,-1,-0.00450596,23.0625,-23.06,-23.93,-24.37,STOP
C-F08-2,2025-11-04,2025-11-04 14:29:00,-1,-0.00593565,23.1375,59.75,58.88,58.45,TIME
C-F08-2,2025-11-05,2025-11-05 11:11:00,1,0.00424283,31.5375,-31.54,-32.41,-32.84,STOP
C-F08-2,2025-11-05,2025-11-05 11:42:00,1,0.00508899,22.1437,7.25,6.38,5.95,TIME
C-F08-2,2025-11-05,2025-11-05 12:17:00,1,0.00455891,17.1562,54.50,53.63,53.20,TIME
C-F08-2,2025-11-05,2025-11-05 12:48:00,1,0.00697849,13.2188,-13.22,-14.09,-14.52,STOP
C-F08-2,2025-11-05,2025-11-05 13:30:00,1,0.00392945,10.5750,44.25,43.38,42.95,TIME
C-F08-2,2025-11-05,2025-11-05 14:04:00,1,0.00414146,10.6125,-10.61,-11.48,-11.92,STOP
C-F08-2,2025-11-05,2025-11-05 14:35:00,1,0.00454173,11.4563,-2.25,-3.12,-3.55,TIME
C-F08-2,2025-11-05,2025-11-05 15:06:00,1,0.00409459,10.0125,-10.01,-10.88,-11.32,STOP
C-F08-2,2025-11-06,2025-11-06 11:46:00,1,0.00421356,38.0812,-38.08,-38.95,-39.39,STOP
C-F08-2,2025-11-06,2025-11-06 12:17:00,1,0.00603253,38.2875,-38.29,-39.16,-39.59,STOP
C-F08-2,2025-11-06,2025-11-06 14:17:00,1,0.00394724,27.6562,-27.66,-28.53,-28.96,STOP
C-F08-2,2025-11-06,2025-11-06 14:49:00,1,0.00397766,22.3500,-22.35,-23.22,-23.65,STOP
C-F08-2,2025-11-06,2025-11-06 15:21:00,1,0.00393679,24.2438,-24.24,-25.11,-25.55,STOP
C-F08-2,2025-11-07,2025-11-07 10:37:00,-1,-0.00442539,49.1813,80.25,79.38,78.94,TIME
C-F08-2,2025-11-07,2025-11-07 11:11:00,-1,-0.00452425,31.1625,-31.16,-32.03,-32.47,STOP
C-F08-2,2025-11-07,2025-11-07 13:02:00,1,0.00400701,31.3688,-31.37,-32.24,-32.67,STOP
C-F08-2,2025-11-07,2025-11-07 13:33:00,1,0.00883393,23.0063,-23.01,-23.88,-24.31,STOP
C-F08-2,2025-11-07,2025-11-07 14:04:00,1,0.00813565,27.6937,66.00,65.13,64.69,TIME
C-F08-2,2025-11-07,2025-11-07 14:35:00,1,0.00501799,25.2938,111.00,110.13,109.69,TIME
C-F08-2,2025-11-07,2025-11-07 15:06:00,1,0.0111491,34.1063,-34.11,-34.98,-35.41,STOP
C-F08-2,2025-11-10,2025-11-10 10:32:00,1,0.00450861,24.2062,-24.21,-25.08,-25.51,STOP
C-F08-2,2025-11-10,2025-11-10 12:25:00,1,0.00401771,22.2188,81.75,80.88,80.44,TIME
C-F08-2,2025-11-10,2025-11-10 12:56:00,1,0.0099098,16.7812,19.50,18.63,18.20,TIME
C-F08-2,2025-11-10,2025-11-10 13:27:00,1,0.00795013,11.3438,-11.34,-12.21,-12.65,STOP
C-F08-2,2025-11-11,2025-11-11 14:39:00,1,0.00408634,14.0625,-14.06,-14.93,-15.37,STOP
C-F08-2,2025-11-11,2025-11-11 15:22:00,1,0.00446747,11.8313,-11.83,-12.70,-13.14,STOP
C-F08-2,2025-11-12,2025-11-12 13:40:00,1,0.00595483,17.8687,-17.87,-18.74,-19.17,STOP
C-F08-2,2025-11-12,2025-11-12 14:11:00,1,0.00528336,16.4250,-16.42,-17.29,-17.73,STOP
C-F08-2,2025-11-12,2025-11-12 14:42:00,1,0.00626949,18.6562,-18.66,-19.53,-19.96,STOP
C-F08-2,2025-11-13,2025-11-13 10:32:00,-1,-0.00614798,38.2687,114.25,113.38,112.94,TIME
C-F08-2,2025-11-13,2025-11-13 11:08:00,-1,-0.0042304,33.7875,-33.79,-34.66,-35.09,STOP
C-F08-2,2025-11-13,2025-11-13 12:43:00,1,0.00450777,31.8375,-31.84,-32.71,-33.14,STOP
C-F08-2,2025-11-13,2025-11-13 13:14:00,1,0.00672628,30.8250,-30.83,-31.70,-32.13,STOP
C-F08-2,2025-11-13,2025-11-13 13:56:00,-1,-0.00405247,33.9188,-33.92,-34.79,-35.22,STOP
C-F08-2,2025-11-13,2025-11-13 14:27:00,-1,-0.0064897,30.2438,89.00,88.13,87.69,TIME
C-F08-2,2025-11-14,2025-11-14 10:32:00,1,0.00763649,57.1125,135.25,134.38,133.94,TIME
C-F08-2,2025-11-14,2025-11-14 11:03:00,1,0.0103556,36.5250,-36.53,-37.40,-37.83,STOP
C-F08-2,2025-11-14,2025-11-14 11:34:00,1,0.0129974,32.9250,-32.92,-33.79,-34.23,STOP
C-F08-2,2025-11-14,2025-11-14 12:05:00,1,0.00661022,26.7562,2.00,1.13,0.70,TIME
C-F08-2,2025-11-14,2025-11-14 12:36:00,1,0.00682047,27.1125,-27.11,-27.98,-28.42,STOP
C-F08-2,2025-11-14,2025-11-14 13:07:00,1,0.00509503,35.1188,40.25,39.38,38.95,TIME
C-F08-2,2025-11-14,2025-11-14 13:52:00,-1,-0.00581067,30.2812,-30.28,-31.15,-31.59,STOP
C-F08-2,2025-11-14,2025-11-14 14:35:00,1,0.00455328,26.9625,34.75,33.88,33.45,TIME
C-F08-2,2025-11-14,2025-11-14 15:12:00,1,0.00439005,25.3312,-25.33,-26.20,-26.64,STOP
C-F08-2,2025-11-17,2025-11-17 11:46:00,1,0.00437264,32.5125,23.50,22.63,22.20,TIME
C-F08-2,2025-11-17,2025-11-17 12:17:00,1,0.0121628,24.0563,-24.06,-24.93,-25.36,STOP
C-F08-2,2025-11-17,2025-11-17 13:02:00,-1,-0.00484246,29.1937,19.75,18.88,18.45,TIME
C-F08-2,2025-11-17,2025-11-17 13:33:00,-1,-0.00599423,25.5187,-25.52,-26.39,-26.82,STOP
C-F08-2,2025-11-17,2025-11-17 14:29:00,-1,-0.00515216,27.7313,-27.73,-28.60,-29.04,STOP
C-F08-2,2025-11-17,2025-11-17 15:00:00,-1,-0.00988829,29.5125,-29.51,-30.38,-30.82,STOP
C-F08-2,2025-11-18,2025-11-18 10:32:00,-1,-0.00582866,68.1937,101.25,100.38,99.94,TIME
C-F08-2,2025-11-18,2025-11-18 11:03:00,-1,-0.00717009,58.6125,-58.61,-59.48,-59.92,STOP
C-F08-2,2025-11-18,2025-11-18 12:35:00,1,0.00480971,46.1813,245.25,244.38,243.94,TIME
C-F08-2,2025-11-18,2025-11-18 14:14:00,1,0.00577155,38.8125,-38.81,-39.68,-40.12,STOP
C-F08-2,2025-11-18,2025-11-18 14:45:00,1,0.00872182,34.0125,-34.01,-34.88,-35.32,STOP
C-F08-2,2025-11-18,2025-11-18 15:16:00,1,0.00560488,34.2938,-34.29,-35.16,-35.60,STOP
C-F08-2,2025-11-19,2025-11-19 10:32:00,1,0.00858504,39.7125,-39.71,-40.58,-41.02,STOP
C-F08-2,2025-11-19,2025-11-19 12:00:00,1,0.00479797,37.6688,-37.67,-38.54,-38.97,STOP
C-F08-2,2025-11-19,2025-11-19 12:32:00,1,0.00481464,37.1625,-37.16,-38.03,-38.47,STOP
C-F08-2,2025-11-19,2025-11-19 13:03:00,1,0.00694231,43.7625,-43.76,-44.63,-45.07,STOP
C-F08-2,2025-11-19,2025-11-19 13:34:00,1,0.00633557,34.8750,46.75,45.88,45.45,TIME
C-F08-2,2025-11-19,2025-11-19 14:05:00,1,0.00809593,33.4500,-33.45,-34.32,-34.76,STOP
C-F08-2,2025-11-19,2025-11-19 14:36:00,1,0.00622216,30.8063,76.75,75.88,75.44,TIME
C-F08-2,2025-11-19,2025-11-19 15:11:00,1,0.00517059,32.6813,114.00,113.13,112.69,TIME
C-F08-2,2025-11-20,2025-11-20 12:03:00,1,0.00575277,88.2375,-88.24,-89.11,-89.54,STOP
C-F08-2,2025-11-20,2025-11-20 12:34:00,1,0.00857454,86.4938,-86.49,-87.36,-87.80,STOP
C-F08-2,2025-11-20,2025-11-20 13:05:00,1,0.01333,69.0375,-23.75,-24.62,-25.05,TIME
C-F08-2,2025-11-20,2025-11-20 13:36:00,1,0.0143041,66.4313,-66.43,-67.30,-67.74,STOP
C-F08-2,2025-11-20,2025-11-20 14:23:00,-1,-0.00570774,56.7000,-56.70,-57.57,-58.01,STOP
C-F08-2,2025-11-20,2025-11-20 15:00:00,1,0.00540444,50.3250,-50.33,-51.20,-51.63,STOP
C-F08-2,2025-11-21,2025-11-21 10:47:00,-1,-0.00606912,69.7500,-25.00,-25.87,-26.30,TIME
C-F08-2,2025-11-21,2025-11-21 11:18:00,-1,-0.0077895,56.3250,-56.33,-57.20,-57.63,STOP
C-F08-2,2025-11-21,2025-11-21 11:51:00,-1,-0.00612163,45.6000,-45.60,-46.47,-46.90,STOP
C-F08-2,2025-11-21,2025-11-21 12:32:00,1,0.00676388,37.4250,-37.42,-38.29,-38.73,STOP
C-F08-2,2025-11-21,2025-11-21 14:17:00,1,0.00551327,39.5438,-29.75,-30.62,-31.05,TIME
C-F08-2,2025-11-21,2025-11-21 15:02:00,1,0.00635494,38.3625,-38.36,-39.23,-39.67,STOP
C-F08-2,2025-11-24,2025-11-24 11:38:00,1,0.00593964,20.1187,-20.12,-20.99,-21.42,STOP
C-F08-2,2025-11-24,2025-11-24 12:09:00,1,0.00846267,21.3000,-21.30,-22.17,-22.60,STOP
C-F08-2,2025-11-24,2025-11-24 15:09:00,1,0.00589099,17.9625,-17.96,-18.83,-19.27,STOP
C-F08-2,2025-11-25,2025-11-25 10:39:00,1,0.00557984,49.7250,11.50,10.63,10.20,TIME
C-F08-2,2025-11-25,2025-11-25 13:47:00,1,0.00556882,14.3062,-14.31,-15.18,-15.61,STOP
C-F08-2,2025-11-25,2025-11-25 14:18:00,1,0.00683012,15.1875,-15.19,-16.06,-16.49,STOP
C-F08-2,2025-11-25,2025-11-25 15:08:00,1,0.00606487,15.0000,41.25,40.38,39.95,TIME
C-F08-2,2025-11-26,2025-11-26 11:47:00,1,0.00591514,14.2875,-14.29,-15.16,-15.59,STOP
C-F08-2,2025-11-26,2025-11-26 13:28:00,1,0.0057598,26.2687,-26.27,-27.14,-27.57,STOP
C-F08-2,2025-11-26,2025-11-26 14:59:00,1,0.00611826,13.9688,23.75,22.88,22.45,TIME
C-F08-2,2025-11-26,2025-11-26 15:30:00,1,0.00712862,11.1375,-11.14,-12.01,-12.44,STOP
C-F08-2,2025-11-27,2025-11-27 10:32:00,1,0.0103136,5.4750,-5.47,-6.34,-6.78,STOP
C-F08-2,2025-11-27,2025-11-27 11:07:00,1,0.00757746,4.5000,-4.50,-5.37,-5.80,STOP
C-F08-2,2025-11-27,2025-11-27 11:38:00,1,0.00737264,4.5000,-4.50,-5.37,-5.80,STOP
C-F08-2,2025-11-27,2025-11-27 12:41:00,-1,-0.0064218,2.4375,-2.44,-3.31,-3.74,STOP
C-F08-2,2025-11-28,2025-11-28 11:06:00,1,0.00582824,15.5063,-15.51,-16.38,-16.81,STOP
C-F08-2,2025-11-28,2025-11-28 12:38:00,-1,-0.00617054,15.2062,-15.21,-16.08,-16.51,STOP
C-F08-2,2025-12-01,2025-12-01 11:53:00,1,0.00669641,18.6938,-18.69,-19.56,-20.00,STOP
C-F08-2,2025-12-01,2025-12-01 14:24:00,-1,-0.00598193,14.6812,38.00,37.13,36.70,TIME
C-F08-2,2025-12-02,2025-12-02 11:03:00,1,0.0057406,20.3438,-20.34,-21.21,-21.65,STOP
C-F08-2,2025-12-02,2025-12-02 11:51:00,1,0.00708731,33.3563,98.75,97.88,97.44,TIME
C-F08-2,2025-12-02,2025-12-02 12:25:00,1,0.00615521,20.4188,-20.42,-21.29,-21.72,STOP
C-F08-2,2025-12-02,2025-12-02 13:30:00,1,0.00563675,19.8937,-19.89,-20.76,-21.20,STOP
C-F08-2,2025-12-02,2025-12-02 14:26:00,1,0.00596029,16.0875,53.50,52.63,52.20,TIME
C-F08-2,2025-12-03,2025-12-03 10:53:00,1,0.00582317,31.9500,-31.95,-32.82,-33.26,STOP
C-F08-2,2025-12-04,2025-12-04 10:35:00,1,0.00622789,31.0312,-31.03,-31.90,-32.34,STOP
C-F08-2,2025-12-04,2025-12-04 11:38:00,1,0.00589341,19.5938,-19.59,-20.46,-20.90,STOP
C-F08-2,2025-12-04,2025-12-04 12:09:00,1,0.00567815,17.2313,-17.23,-18.10,-18.54,STOP
C-F08-2,2025-12-04,2025-12-04 14:32:00,1,0.0062077,25.8937,53.00,52.13,51.70,TIME
C-F08-2,2025-12-04,2025-12-04 15:03:00,1,0.0104914,16.5562,-16.56,-17.43,-17.86,STOP
C-F08-2,2025-12-05,2025-12-05 13:27:00,1,0.0057137,14.2313,6.00,5.13,4.70,TIME
C-F08-2,2025-12-05,2025-12-05 14:40:00,1,0.00609367,13.1625,-13.16,-14.03,-14.47,STOP
C-F08-2,2025-12-05,2025-12-05 15:12:00,1,0.00557418,11.1750,1.00,0.13,-0.30,TIME
C-F08-2,2025-12-08,2025-12-08 12:04:00,1,0.00572428,16.8375,11.50,10.63,10.20,TIME
C-F08-2,2025-12-08,2025-12-08 12:35:00,1,0.00740792,15.7500,34.75,33.88,33.45,TIME
C-F08-2,2025-12-08,2025-12-08 13:59:00,1,0.00601758,18.2062,-18.21,-19.08,-19.51,STOP
C-F08-2,2025-12-09,2025-12-09 15:06:00,1,0.00646021,9.1125,-9.11,-9.98,-10.42,STOP
C-F08-2,2025-12-10,2025-12-10 14:02:00,1,0.011216,25.0312,-25.03,-25.90,-26.34,STOP
C-F08-2,2025-12-10,2025-12-10 14:33:00,1,0.00804488,35.6437,-35.64,-36.51,-36.95,STOP
C-F08-2,2025-12-10,2025-12-10 15:16:00,-1,-0.00569717,32.1188,19.50,18.63,18.20,TIME
C-F08-2,2025-12-11,2025-12-11 11:02:00,1,0.0054757,32.4750,-32.47,-33.34,-33.78,STOP
C-F08-2,2025-12-11,2025-12-11 12:26:00,1,0.00672915,20.0063,-3.00,-3.87,-4.30,TIME
C-F08-2,2025-12-11,2025-12-11 12:57:00,1,0.00826924,16.6688,-16.67,-17.54,-17.97,STOP
C-F08-2,2025-12-11,2025-12-11 14:45:00,-1,-0.00563092,11.4937,-11.49,-12.36,-12.80,STOP
C-F08-2,2025-12-12,2025-12-12 12:44:00,1,0.00489254,29.6437,67.00,66.13,65.69,TIME
C-F08-2,2025-12-12,2025-12-12 13:15:00,1,0.00490483,25.1625,-25.16,-26.03,-26.47,STOP
C-F08-2,2025-12-12,2025-12-12 14:23:00,-1,-0.00690244,20.8125,-20.81,-21.68,-22.12,STOP
C-F08-2,2025-12-12,2025-12-12 14:54:00,-1,-0.00757365,17.7000,-17.70,-18.57,-19.01,STOP
C-F08-2,2025-12-15,2025-12-15 10:32:00,-1,-0.0086844,42.5062,-42.51,-43.38,-43.81,STOP
C-F08-2,2025-12-15,2025-12-15 11:03:00,1,0.0091513,35.3063,76.50,75.63,75.19,TIME
C-F08-2,2025-12-15,2025-12-15 11:34:00,1,0.00975534,28.7812,-28.78,-29.65,-30.09,STOP
C-F08-2,2025-12-15,2025-12-15 12:17:00,-1,-0.0046105,26.1750,-26.17,-27.04,-27.48,STOP
C-F08-2,2025-12-15,2025-12-15 12:50:00,1,0.00475841,23.1187,-23.12,-23.99,-24.42,STOP
C-F08-2,2025-12-15,2025-12-15 13:21:00,-1,-0.0117875,21.6750,3.25,2.38,1.95,TIME
C-F08-2,2025-12-15,2025-12-15 13:52:00,-1,-0.00582104,22.3875,-22.39,-23.26,-23.69,STOP
C-F08-2,2025-12-15,2025-12-15 14:23:00,1,0.00592274,18.6375,-18.64,-19.51,-19.94,STOP
C-F08-2,2025-12-15,2025-12-15 14:54:00,1,0.00821466,17.8500,-17.85,-18.72,-19.15,STOP
C-F08-2,2025-12-15,2025-12-15 15:25:00,-1,-0.00933245,15.8813,-15.88,-16.75,-17.19,STOP
C-F08-2,2025-12-16,2025-12-16 13:02:00,-1,-0.00565,23.6250,-23.62,-24.50,-24.93,STOP
C-F08-2,2025-12-16,2025-12-16 13:47:00,1,0.00498716,25.3688,-25.37,-26.24,-26.67,STOP
C-F08-2,2025-12-16,2025-12-16 14:27:00,1,0.00647163,23.7563,63.50,62.63,62.20,TIME
C-F08-2,2025-12-16,2025-12-16 15:02:00,1,0.00625724,20.3625,50.75,49.88,49.45,TIME
C-F08-2,2025-12-17,2025-12-17 11:13:00,-1,-0.0050175,44.4375,45.75,44.88,44.45,TIME
C-F08-2,2025-12-17,2025-12-17 12:13:00,1,0.0046049,36.7125,-36.71,-37.58,-38.02,STOP
C-F08-2,2025-12-17,2025-12-17 12:44:00,1,0.00474184,29.0812,-29.08,-29.95,-30.39,STOP
C-F08-2,2025-12-17,2025-12-17 13:29:00,1,0.00458422,21.4875,-21.49,-22.36,-22.79,STOP
C-F08-2,2025-12-17,2025-12-17 14:00:00,1,0.0120925,26.5687,-13.75,-14.62,-15.05,TIME
C-F08-2,2025-12-17,2025-12-17 14:31:00,1,0.0146563,20.3625,34.00,33.13,32.70,TIME
C-F08-2,2025-12-17,2025-12-17 15:02:00,1,0.0106714,18.2625,-18.26,-19.13,-19.57,STOP
C-F08-2,2025-12-18,2025-12-18 11:19:00,1,0.00491078,21.3750,-21.38,-22.25,-22.68,STOP
C-F08-2,2025-12-18,2025-12-18 11:55:00,-1,-0.00484147,17.6250,196.00,195.13,194.69,TIME
C-F08-2,2025-12-18,2025-12-18 12:27:00,-1,-0.00500856,40.2562,-40.26,-41.13,-41.56,STOP
C-F08-2,2025-12-18,2025-12-18 13:12:00,1,0.00505191,25.0125,37.00,36.13,35.70,TIME
C-F08-2,2025-12-18,2025-12-18 13:49:00,-1,-0.00502161,18.3750,74.50,73.63,73.19,TIME
C-F08-2,2025-12-18,2025-12-18 14:21:00,-1,-0.00503776,28.3125,7.50,6.63,6.20,TIME
C-F08-2,2025-12-19,2025-12-19 13:52:00,1,0.00602244,11.1750,21.75,20.88,20.45,TIME
C-F08-2,2025-12-19,2025-12-19 14:33:00,1,0.00492515,8.1938,6.50,5.63,5.20,TIME
C-F08-2,2025-12-19,2025-12-19 15:04:00,1,0.00659567,9.1875,-9.19,-10.06,-10.49,STOP
C-F08-2,2025-12-22,2025-12-22 14:21:00,1,0.00457564,7.8750,8.50,7.63,7.20,TIME
C-F08-2,2025-12-23,2025-12-23 11:03:00,1,0.0045357,13.2375,-13.24,-14.11,-14.54,STOP
C-F08-2,2025-12-23,2025-12-23 11:36:00,1,0.00442074,9.6000,30.50,29.63,29.20,TIME
C-F08-2,2025-12-23,2025-12-23 12:48:00,1,0.00442705,7.6687,-7.67,-8.54,-8.97,STOP
C-F08-2,2025-12-24,2025-12-24 11:39:00,1,0.00461186,7.8375,-4.00,-4.87,-5.30,TIME
C-F08-2,2025-12-24,2025-12-24 12:43:00,-1,-0.00524924,7.7625,-7.76,-8.63,-9.07,STOP
C-F08-2,2025-12-26,2025-12-26 11:53:00,1,0.00451301,8.4937,-8.49,-9.36,-9.80,STOP
C-F08-2,2025-12-26,2025-12-26 13:41:00,1,0.00454973,8.1562,20.50,19.63,19.20,TIME
C-F08-2,2025-12-26,2025-12-26 14:12:00,1,0.00665098,6.1875,-6.19,-7.06,-7.49,STOP
C-F08-2,2025-12-26,2025-12-26 15:01:00,1,0.00423951,6.4875,-6.49,-7.36,-7.79,STOP
C-F08-2,2025-12-29,2025-12-29 13:09:00,1,0.0041615,8.8875,-8.89,-9.76,-10.19,STOP
C-F08-2,2025-12-29,2025-12-29 13:40:00,1,0.00424791,8.9625,-8.96,-9.83,-10.27,STOP
C-F08-2,2025-12-29,2025-12-29 14:52:00,1,0.00430642,9.8625,3.25,2.38,1.95,TIME
C-F08-2,2025-12-30,2025-12-30 12:22:00,-1,-0.00515502,9.3562,-9.36,-10.23,-10.66,STOP
C-F08-2,2025-12-30,2025-12-30 15:14:00,-1,-0.00522276,8.0250,-8.03,-8.90,-9.33,STOP
C-F08-2,2025-12-31,2025-12-31 10:32:00,-1,-0.00404488,19.7625,33.75,32.88,32.45,TIME
C-F08-2,2025-12-31,2025-12-31 13:13:00,1,0.00402472,8.9438,26.00,25.13,24.70,TIME
C-F08-2,2025-12-31,2025-12-31 14:05:00,-1,-0.00469191,9.5813,74.25,73.38,72.94,TIME
C-F08-2,2025-12-31,2025-12-31 14:36:00,-1,-0.00700911,13.1625,-13.16,-14.03,-14.47,STOP
C-F08-2,2025-12-31,2025-12-31 15:08:00,-1,-0.00412865,13.2188,2.75,1.88,1.45,TIME
C-F08-2,2026-01-02,2026-01-02 10:32:00,-1,-0.00479036,45.8063,-45.81,-46.68,-47.11,STOP
C-F08-2,2026-01-02,2026-01-02 11:04:00,-1,-0.00432057,43.2188,-43.22,-44.09,-44.52,STOP
C-F08-2,2026-01-02,2026-01-02 12:10:00,1,0.00434924,28.8563,33.00,32.13,31.70,TIME
C-F08-2,2026-01-02,2026-01-02 12:41:00,1,0.00950113,20.7000,-20.70,-21.57,-22.01,STOP
C-F08-2,2026-01-02,2026-01-02 13:12:00,1,0.00630365,21.5438,-21.54,-22.41,-22.85,STOP
C-F08-2,2026-01-02,2026-01-02 14:07:00,1,0.00474945,27.5438,88.25,87.38,86.94,TIME
C-F08-2,2026-01-02,2026-01-02 14:38:00,1,0.00701788,21.4125,-21.41,-22.28,-22.72,STOP
C-F08-2,2026-01-02,2026-01-02 15:09:00,1,0.00476311,19.3687,16.00,15.13,14.70,TIME
C-F08-2,2026-01-05,2026-01-05 14:21:00,1,0.00447354,9.5250,-9.53,-10.40,-10.83,STOP
C-F08-2,2026-01-06,2026-01-06 15:03:00,1,0.00431271,5.9625,-5.96,-6.83,-7.27,STOP
C-F08-2,2026-01-07,2026-01-07 14:21:00,1,0.00391314,17.6812,-17.68,-18.55,-18.99,STOP
C-F08-2,2026-01-07,2026-01-07 15:02:00,1,0.00394987,9.0188,-9.02,-9.89,-10.32,STOP
C-F08-2,2026-01-08,2026-01-08 14:13:00,1,0.00394565,14.7938,-14.79,-15.66,-16.10,STOP
C-F08-2,2026-01-09,2026-01-09 10:33:00,-1,-0.00384329,35.1562,37.50,36.63,36.20,TIME
C-F08-2,2026-01-09,2026-01-09 11:49:00,1,0.00361077,17.2313,26.50,25.63,25.20,TIME
C-F08-2,2026-01-09,2026-01-09 13:11:00,-1,-0.0034543,13.2375,-13.24,-14.11,-14.54,STOP
C-F08-2,2026-01-09,2026-01-09 14:10:00,1,0.00358998,8.4187,10.25,9.38,8.95,TIME
C-F08-2,2026-01-12,2026-01-12 13:53:00,-1,-0.00331561,7.3875,-7.39,-8.26,-8.69,STOP
C-F08-2,2026-01-12,2026-01-12 15:24:00,-1,-0.00331452,7.6875,-7.69,-8.56,-8.99,STOP
C-F08-2,2026-01-13,2026-01-13 11:13:00,1,0.00317755,24.9938,-24.99,-25.86,-26.30,STOP
C-F08-2,2026-01-13,2026-01-13 11:44:00,1,0.00402889,21.5438,29.25,28.38,27.95,TIME
C-F08-2,2026-01-13,2026-01-13 12:15:00,1,0.00659607,12.6187,-12.62,-13.49,-13.92,STOP
C-F08-2,2026-01-13,2026-01-13 12:58:00,-1,-0.00341358,20.1562,-20.16,-21.03,-21.46,STOP
C-F08-2,2026-01-13,2026-01-13 13:29:00,-1,-0.00291301,18.4500,-18.45,-19.32,-19.76,STOP
C-F08-2,2026-01-13,2026-01-13 14:19:00,-1,-0.00283209,19.4062,-19.41,-20.28,-20.71,STOP
C-F08-2,2026-01-13,2026-01-13 15:10:00,1,0.00290948,15.0562,-15.06,-15.93,-16.36,STOP
C-F08-2,2026-01-14,2026-01-14 10:36:00,-1,-0.00325303,36.9938,-36.99,-37.86,-38.30,STOP
C-F08-2,2026-01-14,2026-01-14 11:14:00,-1,-0.00364636,24.4875,-24.49,-25.36,-25.79,STOP
C-F08-2,2026-01-14,2026-01-14 12:24:00,-1,-0.00394353,22.6125,-22.61,-23.48,-23.92,STOP
C-F08-2,2026-01-14,2026-01-14 13:22:00,1,0.00392902,19.5000,-19.50,-20.37,-20.80,STOP
C-F08-2,2026-01-14,2026-01-14 13:53:00,1,0.00431676,23.1187,10.50,9.63,9.20,TIME
C-F08-2,2026-01-14,2026-01-14 14:31:00,1,0.00309073,17.5688,-17.57,-18.44,-18.87,STOP
C-F08-2,2026-01-14,2026-01-14 15:02:00,1,0.00369874,18.2437,109.25,108.38,107.94,TIME
C-F08-2,2026-01-15,2026-01-15 10:36:00,-1,-0.00298568,33.1312,-8.00,-8.87,-9.30,TIME
C-F08-2,2026-01-15,2026-01-15 11:46:00,1,0.0029955,17.7188,-7.50,-8.37,-8.80,TIME
C-F08-2,2026-01-15,2026-01-15 12:40:00,-1,-0.00301337,16.6875,-16.69,-17.56,-17.99,STOP
C-F08-2,2026-01-15,2026-01-15 14:35:00,-1,-0.00299906,22.0500,-22.05,-22.92,-23.35,STOP
C-F08-2,2026-01-15,2026-01-15 15:09:00,-1,-0.00304116,20.7000,47.50,46.63,46.20,TIME
C-F08-2,2026-01-16,2026-01-16 11:55:00,1,0.00330727,15.5250,-15.53,-16.40,-16.83,STOP
C-F08-2,2026-01-16,2026-01-16 14:00:00,1,0.00325117,9.8250,-9.83,-10.70,-11.13,STOP
C-F08-2,2026-01-16,2026-01-16 15:29:00,1,0.00304016,11.5125,-11.51,-12.38,-12.82,STOP
C-F08-2,2026-01-19,2026-01-19 10:32:00,1,0.00333269,15.5063,-15.51,-16.38,-16.81,STOP
C-F08-2,2026-01-19,2026-01-19 11:03:00,1,0.00399292,13.5375,10.00,9.13,8.70,TIME
C-F08-2,2026-01-19,2026-01-19 11:41:00,1,0.00347582,14.2875,18.75,17.88,17.45,TIME
C-F08-2,2026-01-19,2026-01-19 12:24:00,1,0.00357895,9.4312,-2.25,-3.12,-3.55,TIME
C-F08-2,2026-01-19,2026-01-19 12:55:00,1,0.00641473,9.2250,-5.50,-6.37,-6.80,TIME
C-F08-2,2026-01-20,2026-01-20 10:32:00,1,0.00339765,38.0812,-38.08,-38.95,-39.39,STOP
C-F08-2,2026-01-20,2026-01-20 11:03:00,1,0.00404648,29.3812,-29.38,-30.25,-30.69,STOP
C-F08-2,2026-01-20,2026-01-20 11:34:00,1,0.00299159,30.8438,-30.84,-31.71,-32.15,STOP
C-F08-2,2026-01-20,2026-01-20 13:07:00,-1,-0.00337042,20.4375,58.75,57.88,57.45,TIME
C-F08-2,2026-01-20,2026-01-20 13:41:00,-1,-0.00370258,18.8438,14.75,13.88,13.45,TIME
C-F08-2,2026-01-20,2026-01-20 14:12:00,-1,-0.00451334,20.6625,33.25,32.38,31.95,TIME
C-F08-2,2026-01-20,2026-01-20 15:08:00,-1,-0.00356193,17.9250,-17.92,-18.79,-19.23,STOP
C-F08-2,2026-01-21,2026-01-21 10:41:00,1,0.0031178,29.4938,20.75,19.88,19.45,TIME
C-F08-2,2026-01-21,2026-01-21 11:13:00,1,0.00336252,20.4750,-20.47,-21.34,-21.78,STOP
C-F08-2,2026-01-21,2026-01-21 11:47:00,-1,-0.00305635,32.5875,143.00,142.13,141.69,TIME
C-F08-2,2026-01-21,2026-01-21 12:18:00,-1,-0.00883361,32.1562,-32.16,-33.03,-33.46,STOP
C-F08-2,2026-01-21,2026-01-21 12:53:00,1,0.00331642,30.9562,-30.96,-31.83,-32.26,STOP
C-F08-2,2026-01-21,2026-01-21 13:24:00,1,0.00542029,29.7188,80.75,79.88,79.44,TIME
C-F08-2,2026-01-21,2026-01-21 14:13:00,-1,-0.00298171,24.6000,-24.60,-25.47,-25.90,STOP
C-F08-2,2026-01-21,2026-01-21 14:44:00,1,0.00368152,53.9812,43.75,42.88,42.45,TIME
C-F08-2,2026-01-21,2026-01-21 15:15:00,1,0.00508871,30.6188,-30.62,-31.49,-31.92,STOP
C-F08-2,2026-01-22,2026-01-22 11:00:00,1,0.00324202,20.7000,65.75,64.88,64.44,TIME
C-F08-2,2026-01-22,2026-01-22 11:31:00,1,0.00361576,17.6250,-3.75,-4.62,-5.05,TIME
C-F08-2,2026-01-22,2026-01-22 12:06:00,1,0.00326556,16.2563,-16.26,-17.13,-17.56,STOP
C-F08-2,2026-01-22,2026-01-22 12:42:00,1,0.00434325,16.1437,-16.14,-17.01,-17.45,STOP
C-F08-2,2026-01-22,2026-01-22 13:13:00,1,0.00310514,13.6125,-13.61,-14.48,-14.92,STOP
C-F08-2,2026-01-22,2026-01-22 13:49:00,1,0.00361824,11.7937,-11.79,-12.66,-13.10,STOP
C-F08-2,2026-01-22,2026-01-22 15:03:00,-1,-0.00388812,16.2750,-16.28,-17.15,-17.58,STOP
C-F08-2,2026-01-23,2026-01-23 10:40:00,1,0.00324245,23.4375,42.25,41.38,40.95,TIME
C-F08-2,2026-01-23,2026-01-23 11:13:00,1,0.00326213,15.6750,-15.67,-16.54,-16.98,STOP
C-F08-2,2026-01-23,2026-01-23 13:59:00,1,0.0032077,16.4250,35.50,34.63,34.20,TIME
C-F08-2,2026-01-27,2026-01-27 11:33:00,1,0.00285481,9.8438,-9.84,-10.71,-11.15,STOP
C-F08-2,2026-01-27,2026-01-27 12:04:00,1,0.00355299,11.3438,-11.34,-12.21,-12.65,STOP
C-F08-2,2026-01-27,2026-01-27 13:37:00,-1,-0.00320173,9.5437,-9.54,-10.41,-10.85,STOP
C-F08-2,2026-01-27,2026-01-27 14:38:00,1,0.00296332,7.4812,-7.48,-8.35,-8.79,STOP
C-F08-2,2026-01-27,2026-01-27 15:09:00,1,0.00388947,6.6000,4.25,3.38,2.95,TIME
C-F08-2,2026-01-28,2026-01-28 10:47:00,1,0.00311827,20.0438,-20.04,-20.91,-21.35,STOP
C-F08-2,2026-01-28,2026-01-28 11:49:00,-1,-0.00290342,17.8312,-17.83,-18.70,-19.14,STOP
C-F08-2,2026-01-28,2026-01-28 12:56:00,1,0.00345052,13.4250,-13.42,-14.29,-14.73,STOP
C-F08-2,2026-01-28,2026-01-28 13:27:00,1,0.00452467,10.2563,18.75,17.88,17.45,TIME
C-F08-2,2026-01-28,2026-01-28 13:59:00,1,0.00330493,11.6812,-11.68,-12.55,-12.99,STOP
C-F08-2,2026-01-28,2026-01-28 14:32:00,1,0.00408,24.4688,-24.47,-25.34,-25.77,STOP
C-F08-2,2026-01-28,2026-01-28 15:25:00,-1,-0.00303035,16.5000,18.00,17.13,16.70,TIME
C-F08-2,2026-01-29,2026-01-29 10:49:00,-1,-0.00294749,40.9125,-40.91,-41.78,-42.22,STOP
C-F08-2,2026-01-29,2026-01-29 11:37:00,1,0.00382787,38.6063,64.00,63.13,62.70,TIME
C-F08-2,2026-01-29,2026-01-29 12:08:00,1,0.0129077,28.1813,126.50,125.63,125.19,TIME
C-F08-2,2026-01-29,2026-01-29 12:39:00,1,0.00898326,23.4562,-23.46,-24.33,-24.76,STOP
C-F08-2,2026-01-29,2026-01-29 13:10:00,1,0.0057758,31.1063,44.25,43.38,42.95,TIME
C-F08-2,2026-01-29,2026-01-29 14:01:00,1,0.00305168,20.7750,41.50,40.63,40.20,TIME
C-F08-2,2026-01-30,2026-01-30 10:37:00,1,0.00337846,44.0625,-44.06,-44.93,-45.37,STOP
C-F08-2,2026-01-30,2026-01-30 11:35:00,-1,-0.00340119,35.8688,-35.87,-36.74,-37.17,STOP
C-F08-2,2026-01-30,2026-01-30 12:34:00,1,0.00325765,30.0938,-30.09,-30.96,-31.40,STOP
C-F08-2,2026-01-30,2026-01-30 13:08:00,-1,-0.00311479,31.9688,62.50,61.63,61.20,TIME
C-F08-2,2026-01-30,2026-01-30 13:53:00,1,0.00377338,30.8625,-30.86,-31.73,-32.17,STOP
C-F08-2,2026-01-30,2026-01-30 14:24:00,1,0.0109337,28.8750,-28.88,-29.75,-30.18,STOP
C-F08-2,2026-01-30,2026-01-30 15:01:00,-1,-0.00376501,29.2500,61.75,60.88,60.45,TIME
C-F08-2,2026-02-02,2026-02-02 10:32:00,1,0.00687016,26.7000,-26.70,-27.57,-28.01,STOP
C-F08-2,2026-02-02,2026-02-02 11:18:00,-1,-0.00332592,24.1688,-24.17,-25.04,-25.47,STOP
C-F08-2,2026-02-02,2026-02-02 12:25:00,1,0.00337088,13.6688,13.75,12.88,12.45,TIME
C-F08-2,2026-02-02,2026-02-02 15:07:00,1,0.00333292,24.5062,-24.51,-25.38,-25.81,STOP
C-F08-2,2026-02-03,2026-02-03 12:25:00,1,0.00328606,35.5312,-35.53,-36.40,-36.84,STOP
C-F08-2,2026-02-03,2026-02-03 13:26:00,-1,-0.0037833,28.1625,68.75,67.88,67.44,TIME
C-F08-2,2026-02-03,2026-02-03 13:57:00,-1,-0.00352402,23.0625,-23.06,-23.93,-24.37,STOP
C-F08-2,2026-02-03,2026-02-03 14:28:00,1,0.00376922,32.1937,-32.19,-33.06,-33.50,STOP
C-F08-2,2026-02-03,2026-02-03 14:59:00,1,0.00485261,30.1312,-30.13,-31.00,-31.44,STOP
C-F08-2,2026-02-04,2026-02-04 10:32:00,-1,-0.00480598,65.5875,85.25,84.38,83.94,TIME
C-F08-2,2026-02-04,2026-02-04 11:03:00,-1,-0.00559496,49.7250,18.25,17.38,16.95,TIME
C-F08-2,2026-02-04,2026-02-04 11:55:00,-1,-0.00320438,33.8812,-33.88,-34.75,-35.19,STOP
C-F08-2,2026-02-04,2026-02-04 12:26:00,-1,-0.00527751,34.4062,129.50,128.63,128.19,TIME
C-F08-2,2026-02-04,2026-02-04 12:57:00,-1,-0.00555842,38.1188,-38.12,-38.99,-39.42,STOP
C-F08-2,2026-02-04,2026-02-04 13:28:00,-1,-0.00631153,34.5563,-8.50,-9.37,-9.80,TIME
C-F08-2,2026-02-04,2026-02-04 14:11:00,-1,-0.00321403,38.2125,-38.21,-39.08,-39.52,STOP
C-F08-2,2026-02-04,2026-02-04 14:46:00,1,0.00405618,29.7938,22.00,21.13,20.70,TIME
C-F08-2,2026-02-04,2026-02-04 15:22:00,1,0.00356708,28.4250,15.50,14.63,14.20,TIME
C-F08-2,2026-02-05,2026-02-05 10:33:00,-1,-0.00736293,63.3375,-63.34,-64.21,-64.64,STOP
C-F08-2,2026-02-05,2026-02-05 11:04:00,-1,-0.00708742,56.2688,-56.27,-57.14,-57.57,STOP
C-F08-2,2026-02-05,2026-02-05 12:05:00,1,0.00368235,43.3312,-43.33,-44.20,-44.64,STOP
C-F08-2,2026-02-05,2026-02-05 12:51:00,-1,-0.00437607,43.9688,50.75,49.88,49.45,TIME
C-F08-2,2026-02-05,2026-02-05 13:23:00,-1,-0.00422779,33.1875,-33.19,-34.06,-34.49,STOP
C-F08-2,2026-02-05,2026-02-05 13:54:00,-1,-0.0113642,27.1125,-27.11,-27.98,-28.42,STOP
C-F08-2,2026-02-05,2026-02-05 14:35:00,-1,-0.00677288,29.5875,-29.59,-30.46,-30.89,STOP
C-F08-2,2026-02-05,2026-02-05 15:06:00,-1,-0.0035626,26.2125,-26.21,-27.08,-27.52,STOP
C-F08-2,2026-02-06,2026-02-06 10:38:00,1,0.00373891,59.0062,-59.01,-59.88,-60.31,STOP
C-F08-2,2026-02-06,2026-02-06 11:13:00,1,0.00421825,38.2875,51.25,50.38,49.95,TIME
C-F08-2,2026-02-06,2026-02-06 11:51:00,1,0.00492626,23.6250,-23.62,-24.50,-24.93,STOP
C-F08-2,2026-02-06,2026-02-06 12:22:00,1,0.00491175,22.3687,37.25,36.38,35.95,TIME
C-F08-2,2026-02-06,2026-02-06 12:53:00,1,0.00359729,21.3563,1.00,0.13,-0.30,TIME
C-F08-2,2026-02-06,2026-02-06 13:24:00,1,0.00401112,16.6688,-16.67,-17.54,-17.97,STOP
C-F08-2,2026-02-06,2026-02-06 13:55:00,1,0.0040414,13.9875,-13.99,-14.86,-15.29,STOP
C-F08-2,2026-02-09,2026-02-09 10:32:00,1,0.00501592,29.8688,96.25,95.38,94.94,TIME
C-F08-2,2026-02-09,2026-02-09 11:03:00,1,0.00849206,21.9937,45.75,44.88,44.45,TIME
C-F08-2,2026-02-09,2026-02-09 11:34:00,1,0.00756339,16.0688,-16.07,-16.94,-17.37,STOP
C-F08-2,2026-02-09,2026-02-09 13:15:00,1,0.00382552,15.6375,-15.64,-16.51,-16.94,STOP
C-F08-2,2026-02-09,2026-02-09 13:46:00,1,0.00565595,18.5625,14.50,13.63,13.20,TIME
C-F08-2,2026-02-09,2026-02-09 14:19:00,1,0.00395241,13.1812,11.75,10.88,10.45,TIME
C-F08-2,2026-02-10,2026-02-10 11:07:00,1,0.00436576,27.7687,-27.77,-28.64,-29.07,STOP
C-F08-2,2026-02-10,2026-02-10 11:38:00,1,0.00451629,27.5062,-27.51,-28.38,-28.81,STOP
C-F08-2,2026-02-10,2026-02-10 13:17:00,1,0.00447905,14.5500,-14.55,-15.42,-15.85,STOP
C-F08-2,2026-02-10,2026-02-10 13:49:00,1,0.00496355,21.3563,2.75,1.88,1.45,TIME
C-F08-2,2026-02-10,2026-02-10 15:15:00,1,0.00464266,15.6187,-15.62,-16.49,-16.92,STOP
C-F08-2,2026-02-11,2026-02-11 10:53:00,1,0.00393582,42.9188,60.50,59.63,59.20,TIME
C-F08-2,2026-02-11,2026-02-11 11:24:00,1,0.00652655,32.4188,-32.42,-33.29,-33.72,STOP
C-F08-2,2026-02-11,2026-02-11 11:55:00,1,0.00432328,30.9375,-30.94,-31.81,-32.24,STOP
C-F08-2,2026-02-11,2026-02-11 13:57:00,1,0.00435792,22.9875,-22.99,-23.86,-24.29,STOP
C-F08-2,2026-02-11,2026-02-11 14:28:00,1,0.0104918,19.8000,-19.80,-20.67,-21.10,STOP
C-F08-2,2026-02-11,2026-02-11 14:59:00,1,0.00881225,23.0812,-23.08,-23.95,-24.39,STOP
C-F08-2,2026-02-11,2026-02-11 15:30:00,1,0.00437919,13.4813,-13.48,-14.35,-14.79,STOP
C-F08-2,2026-02-12,2026-02-12 11:19:00,-1,-0.00399013,35.8875,73.50,72.63,72.19,TIME
C-F08-2,2026-02-12,2026-02-12 12:25:00,1,0.00504536,40.0687,-40.07,-40.94,-41.37,STOP
C-F08-2,2026-02-12,2026-02-12 13:42:00,1,0.00406535,32.1188,7.25,6.38,5.95,TIME
C-F08-2,2026-02-12,2026-02-12 14:16:00,1,0.00403795,28.6688,47.50,46.63,46.20,TIME
C-F08-2,2026-02-12,2026-02-12 14:52:00,-1,-0.00516788,23.3250,108.00,107.13,106.69,TIME
C-F08-2,2026-02-12,2026-02-12 15:24:00,-1,-0.00434955,22.6500,86.25,85.38,84.94,TIME
C-F08-2,2026-02-13,2026-02-13 10:51:00,1,0.00412941,49.6500,77.25,76.38,75.94,TIME
C-F08-2,2026-02-13,2026-02-13 11:53:00,1,0.00431445,35.9437,52.50,51.63,51.20,TIME
C-F08-2,2026-02-13,2026-02-13 12:24:00,1,0.00592033,25.7625,3.25,2.38,1.95,TIME
C-F08-2,2026-02-13,2026-02-13 13:07:00,1,0.00416681,26.7938,74.50,73.63,73.19,TIME
C-F08-2,2026-02-13,2026-02-13 13:38:00,1,0.00597213,27.0375,-27.04,-27.91,-28.34,STOP
C-F08-2,2026-02-13,2026-02-13 14:13:00,1,0.00441147,24.7313,-24.73,-25.60,-26.04,STOP
C-F08-2,2026-02-16,2026-02-16 10:32:00,1,0.00481598,18.9937,-18.99,-19.86,-20.30,STOP
C-F08-2,2026-02-16,2026-02-16 11:30:00,1,0.00416678,16.7625,-16.76,-17.63,-18.07,STOP
C-F08-2,2026-02-16,2026-02-16 12:01:00,1,0.00603894,15.6187,15.25,14.38,13.95,TIME
C-F08-2,2026-02-16,2026-02-16 12:32:00,1,0.00631111,10.8938,-10.89,-11.76,-12.20,STOP
C-F08-2,2026-02-17,2026-02-17 10:32:00,-1,-0.00489353,56.3625,-56.36,-57.23,-57.67,STOP
C-F08-2,2026-02-17,2026-02-17 11:09:00,-1,-0.00445152,45.8250,-45.83,-46.70,-47.13,STOP
C-F08-2,2026-02-17,2026-02-17 11:42:00,1,0.0042938,38.9250,-30.00,-30.87,-31.30,TIME
C-F08-2,2026-02-17,2026-02-17 12:16:00,-1,-0.00441306,33.9562,-33.96,-34.83,-35.26,STOP
C-F08-2,2026-02-17,2026-02-17 12:47:00,-1,-0.00602397,36.6750,-36.67,-37.54,-37.98,STOP
C-F08-2,2026-02-17,2026-02-17 13:18:00,-1,-0.00666516,34.8563,-34.86,-35.73,-36.16,STOP
C-F08-2,2026-02-18,2026-02-18 10:33:00,1,0.00498753,26.1000,51.25,50.38,49.95,TIME
C-F08-2,2026-02-19,2026-02-19 11:04:00,1,0.00443812,31.1250,-31.12,-32.00,-32.43,STOP
C-F08-2,2026-02-19,2026-02-19 14:18:00,1,0.00421363,19.4062,-19.41,-20.28,-20.71,STOP
C-F08-2,2026-02-20,2026-02-20 11:50:00,1,0.00430931,32.2875,-32.29,-33.16,-33.59,STOP
C-F08-2,2026-02-20,2026-02-20 12:55:00,1,0.00423538,40.5750,-40.58,-41.45,-41.88,STOP
C-F08-2,2026-02-20,2026-02-20 13:26:00,1,0.00723985,36.0938,-36.09,-36.96,-37.40,STOP
C-F08-2,2026-02-20,2026-02-20 13:57:00,1,0.00720741,44.7188,-44.72,-45.59,-46.02,STOP
C-F08-2,2026-02-20,2026-02-20 14:48:00,-1,-0.00468694,19.6875,-19.69,-20.56,-20.99,STOP
C-F08-2,2026-02-20,2026-02-20 15:20:00,-1,-0.00495011,18.0375,-18.04,-18.91,-19.34,STOP
C-F08-2,2026-02-23,2026-02-23 10:39:00,-1,-0.00463023,35.1562,171.25,170.38,169.94,TIME
C-F08-2,2026-02-23,2026-02-23 11:10:00,-1,-0.00636561,32.0062,-32.01,-32.88,-33.31,STOP
C-F08-2,2026-02-23,2026-02-23 12:03:00,1,0.00437255,27.2250,-27.22,-28.09,-28.53,STOP
C-F08-2,2026-02-23,2026-02-23 13:22:00,1,0.00463139,16.2938,-16.29,-17.16,-17.60,STOP
C-F08-2,2026-02-23,2026-02-23 13:53:00,1,0.00559722,16.5375,-16.54,-17.41,-17.84,STOP
C-F08-2,2026-02-23,2026-02-23 14:29:00,-1,-0.00492116,16.3312,29.00,28.13,27.70,TIME
C-F08-2,2026-02-23,2026-02-23 15:00:00,-1,-0.00440886,18.7500,-16.00,-16.87,-17.30,TIME
C-F08-2,2026-02-24,2026-02-24 14:55:00,-1,-0.00465771,13.1812,24.00,23.13,22.70,TIME
C-F08-2,2026-02-25,2026-02-25 12:16:00,1,0.00437831,11.0813,-11.08,-11.95,-12.39,STOP
C-F08-2,2026-02-25,2026-02-25 14:21:00,1,0.00446658,8.1562,-8.16,-9.03,-9.46,STOP
C-F08-2,2026-02-25,2026-02-25 15:29:00,1,0.00431689,7.0875,-7.09,-7.96,-8.39,STOP
C-F08-2,2026-02-26,2026-02-26 10:32:00,-1,-0.00485677,56.5687,-56.57,-57.44,-57.87,STOP
C-F08-2,2026-02-26,2026-02-26 11:06:00,1,0.00506063,39.4875,41.00,40.13,39.70,TIME
C-F08-2,2026-02-26,2026-02-26 11:37:00,1,0.0096292,23.9813,-23.98,-24.85,-25.29,STOP
C-F08-2,2026-02-26,2026-02-26 12:26:00,-1,-0.00435334,20.7563,-20.76,-21.63,-22.06,STOP
C-F08-2,2026-02-26,2026-02-26 14:05:00,1,0.00432428,21.4500,42.00,41.13,40.70,TIME
C-F08-2,2026-02-26,2026-02-26 14:36:00,1,0.00614243,17.7000,-17.70,-18.57,-19.01,STOP
C-F08-2,2026-02-27,2026-02-27 11:35:00,1,0.00494844,29.0625,-29.06,-29.93,-30.37,STOP
C-F08-2,2026-02-27,2026-02-27 15:29:00,1,0.00489421,19.8375,-19.84,-20.71,-21.14,STOP
C-F08-2,2026-03-02,2026-03-02 10:32:00,1,0.00785082,41.2313,25.00,24.13,23.70,TIME
C-F08-2,2026-03-02,2026-03-02 11:41:00,1,0.00417795,31.8375,62.75,61.88,61.45,TIME
C-F08-2,2026-03-02,2026-03-02 12:15:00,1,0.00425661,22.4438,17.00,16.13,15.70,TIME
C-F08-2,2026-03-02,2026-03-02 13:52:00,1,0.00423999,18.6562,-18.66,-19.53,-19.96,STOP
C-F08-2,2026-03-02,2026-03-02 14:25:00,1,0.004179,21.2812,16.00,15.13,14.70,TIME
C-F08-2,2026-03-02,2026-03-02 14:56:00,1,0.00432951,13.1063,-13.11,-13.98,-14.41,STOP
C-F08-2,2026-03-02,2026-03-02 15:27:00,-1,-0.00696862,43.4813,-43.48,-44.35,-44.79,STOP
C-F08-2,2026-03-03,2026-03-03 10:47:00,-1,-0.0041559,48.3000,-48.30,-49.17,-49.60,STOP
C-F08-2,2026-03-03,2026-03-03 11:19:00,-1,-0.00404397,40.8563,-40.86,-41.73,-42.16,STOP
C-F08-2,2026-03-03,2026-03-03 11:50:00,1,0.00646249,44.2687,-44.27,-45.14,-45.57,STOP
C-F08-2,2026-03-03,2026-03-03 12:21:00,1,0.00669409,38.5125,-38.51,-39.38,-39.82,STOP
C-F08-2,2026-03-03,2026-03-03 12:52:00,1,0.0105281,32.4375,-32.44,-33.31,-33.74,STOP
C-F08-2,2026-03-03,2026-03-03 13:26:00,1,0.00450114,31.2375,42.25,41.38,40.95,TIME
C-F08-2,2026-03-03,2026-03-03 13:57:00,1,0.00703008,29.3250,-29.33,-30.20,-30.63,STOP
C-F08-2,2026-03-03,2026-03-03 14:29:00,1,0.00418949,29.6437,-29.64,-30.51,-30.95,STOP
C-F08-2,2026-03-03,2026-03-03 15:03:00,1,0.00741258,36.3563,-36.36,-37.23,-37.66,STOP
C-F08-2,2026-03-04,2026-03-04 10:37:00,1,0.00446652,30.8625,-30.86,-31.73,-32.17,STOP
C-F08-2,2026-03-04,2026-03-04 11:32:00,-1,-0.00460844,30.3937,-30.39,-31.26,-31.70,STOP
C-F08-2,2026-03-04,2026-03-04 12:14:00,1,0.00486834,17.2687,-17.27,-18.14,-18.57,STOP
C-F08-2,2026-03-04,2026-03-04 12:45:00,1,0.00680033,22.5562,17.50,16.63,16.20,TIME
C-F08-2,2026-03-04,2026-03-04 13:37:00,-1,-0.00430911,18.8813,-4.50,-5.37,-5.80,TIME
C-F08-2,2026-03-04,2026-03-04 14:37:00,1,0.00438911,11.9812,-11.98,-12.85,-13.29,STOP
C-F08-2,2026-03-04,2026-03-04 15:12:00,1,0.00528699,13.1063,-13.11,-13.98,-14.41,STOP
C-F08-2,2026-03-05,2026-03-05 12:09:00,-1,-0.00571318,30.0938,143.25,142.38,141.94,TIME
C-F08-2,2026-03-05,2026-03-05 12:40:00,-1,-0.00620925,40.2375,20.25,19.38,18.95,TIME
C-F08-2,2026-03-05,2026-03-05 13:12:00,-1,-0.00426385,36.5438,31.75,30.88,30.45,TIME
C-F08-2,2026-03-05,2026-03-05 13:44:00,1,0.00449351,33.3187,-33.32,-34.19,-34.62,STOP
C-F08-2,2026-03-05,2026-03-05 14:43:00,-1,-0.00582101,28.6688,-28.67,-29.54,-29.97,STOP
C-F08-2,2026-03-05,2026-03-05 15:14:00,-1,-0.00891592,39.2062,-39.21,-40.08,-40.51,STOP
C-F08-2,2026-03-06,2026-03-06 10:34:00,1,0.00446721,39.8438,-39.84,-40.71,-41.15,STOP
C-F08-2,2026-03-06,2026-03-06 11:05:00,1,0.00720304,38.0062,-38.01,-38.88,-39.31,STOP
C-F08-2,2026-03-06,2026-03-06 11:39:00,1,0.00421034,41.1375,-16.25,-17.12,-17.55,TIME
C-F08-2,2026-03-06,2026-03-06 12:12:00,-1,-0.00476808,38.5875,84.25,83.38,82.94,TIME
C-F08-2,2026-03-06,2026-03-06 12:43:00,-1,-0.00504852,30.9562,-30.96,-31.83,-32.26,STOP
C-F08-2,2026-03-06,2026-03-06 13:26:00,1,0.00466893,33.5812,-33.58,-34.45,-34.89,STOP
C-F08-2,2026-03-06,2026-03-06 14:26:00,-1,-0.004659,29.5500,-29.55,-30.42,-30.85,STOP
C-F08-2,2026-03-06,2026-03-06 14:57:00,1,0.00813464,27.3937,-27.39,-28.26,-28.70,STOP
C-F08-2,2026-03-06,2026-03-06 15:28:00,-1,-0.00513253,33.8625,-33.86,-34.73,-35.17,STOP
C-F08-2,2026-03-09,2026-03-09 10:32:00,-1,-0.0105107,55.1813,-55.18,-56.05,-56.49,STOP
C-F08-2,2026-03-09,2026-03-09 11:03:00,-1,-0.0057823,38.7938,-38.79,-39.66,-40.10,STOP
C-F08-2,2026-03-09,2026-03-09 11:34:00,1,0.00567406,25.3875,-25.39,-26.26,-26.69,STOP
C-F08-2,2026-03-09,2026-03-09 12:22:00,-1,-0.00488891,24.3375,-24.34,-25.21,-25.64,STOP
C-F08-2,2026-03-09,2026-03-09 12:53:00,-1,-0.00764003,21.5438,110.50,109.63,109.19,TIME
C-F08-2,2026-03-09,2026-03-09 13:24:00,-1,-0.00622134,22.3312,15.75,14.88,14.45,TIME
C-F08-2,2026-03-09,2026-03-09 13:55:00,-1,-0.00804949,23.0250,-23.03,-23.90,-24.33,STOP
C-F08-2,2026-03-09,2026-03-09 15:07:00,-1,-0.00467738,18.7875,-18.79,-19.66,-20.09,STOP
C-F08-2,2026-03-10,2026-03-10 11:08:00,1,0.00438033,22.5562,-22.56,-23.43,-23.86,STOP
C-F08-2,2026-03-10,2026-03-10 12:35:00,-1,-0.00503442,25.1250,-25.12,-26.00,-26.43,STOP
C-F08-2,2026-03-10,2026-03-10 13:06:00,-1,-0.00817712,22.6125,-22.61,-23.48,-23.92,STOP
C-F08-2,2026-03-10,2026-03-10 13:37:00,-1,-0.00555927,22.7062,-22.71,-23.58,-24.01,STOP
C-F08-2,2026-03-10,2026-03-10 14:28:00,1,0.00569326,53.6625,-53.66,-54.53,-54.97,STOP
C-F08-2,2026-03-10,2026-03-10 15:24:00,1,0.00706268,31.2375,-31.24,-32.11,-32.54,STOP
C-F08-2,2026-03-11,2026-03-11 12:05:00,-1,-0.0043735,27.0938,-27.09,-27.96,-28.40,STOP
C-F08-2,2026-03-11,2026-03-11 12:46:00,1,0.00459182,24.0375,15.75,14.88,14.45,TIME
C-F08-2,2026-03-11,2026-03-11 13:40:00,-1,-0.00459347,28.4437,-28.44,-29.31,-29.75,STOP
C-F08-2,2026-03-11,2026-03-11 14:21:00,-1,-0.00445807,22.3312,-22.33,-23.20,-23.64,STOP
C-F08-2,2026-03-11,2026-03-11 14:54:00,-1,-0.00440003,17.7563,-17.76,-18.63,-19.06,STOP
C-F08-2,2026-03-12,2026-03-12 12:25:00,1,0.00485529,36.2062,-36.21,-37.08,-37.51,STOP
C-F08-2,2026-03-12,2026-03-12 13:06:00,1,0.00473189,31.0500,-31.05,-31.92,-32.35,STOP
C-F08-2,2026-03-12,2026-03-12 13:37:00,1,0.00538804,27.1500,-27.15,-28.02,-28.46,STOP
C-F08-2,2026-03-12,2026-03-12 14:08:00,-1,-0.00650191,25.0500,-25.05,-25.92,-26.35,STOP
C-F08-2,2026-03-12,2026-03-12 14:41:00,-1,-0.00423599,21.1125,23.00,22.13,21.70,TIME
C-F08-2,2026-03-12,2026-03-12 15:12:00,-1,-0.00602106,24.2250,-24.22,-25.09,-25.53,STOP
C-F08-2,2026-03-13,2026-03-13 11:17:00,1,0.00427815,35.3250,-35.33,-36.20,-36.63,STOP
C-F08-2,2026-03-13,2026-03-13 12:32:00,1,0.00468199,31.0687,-31.07,-31.94,-32.37,STOP
C-F08-2,2026-03-13,2026-03-13 13:03:00,1,0.00995721,30.6750,33.75,32.88,32.45,TIME
C-F08-2,2026-03-13,2026-03-13 13:34:00,1,0.00823068,26.8688,-26.87,-27.74,-28.17,STOP
C-F08-2,2026-03-13,2026-03-13 14:05:00,1,0.00873985,23.0812,47.50,46.63,46.20,TIME
C-F08-2,2026-03-13,2026-03-13 14:36:00,1,0.00431723,22.7250,-15.75,-16.62,-17.05,TIME
C-F08-2,2026-03-13,2026-03-13 15:07:00,1,0.00485999,18.6562,-18.66,-19.53,-19.96,STOP
C-F08-2,2026-03-16,2026-03-16 10:37:00,1,0.00465225,28.2375,-28.24,-29.11,-29.54,STOP
C-F08-2,2026-03-16,2026-03-16 11:31:00,1,0.00498652,21.4688,-21.47,-22.34,-22.77,STOP
C-F08-2,2026-03-16,2026-03-16 12:02:00,1,0.0108222,22.2750,-22.28,-23.15,-23.58,STOP
C-F08-2,2026-03-16,2026-03-16 12:33:00,1,0.00886311,26.4000,63.25,62.38,61.95,TIME
C-F08-2,2026-03-16,2026-03-16 13:04:00,1,0.015565,23.4562,-23.46,-24.33,-24.76,STOP
C-F08-2,2026-03-16,2026-03-16 13:35:00,1,0.0160491,16.8188,-16.82,-17.69,-18.12,STOP
C-F08-2,2026-03-16,2026-03-16 14:06:00,1,0.00928274,18.0750,14.75,13.88,13.45,TIME
C-F08-2,2026-03-16,2026-03-16 14:37:00,1,0.00653453,14.2500,-14.25,-15.12,-15.55,STOP
C-F08-2,2026-03-16,2026-03-16 15:10:00,1,0.00464416,12.2812,-12.28,-13.15,-13.59,STOP
C-F08-2,2026-03-17,2026-03-17 13:22:00,1,0.00503466,16.9875,-1.50,-2.37,-2.80,TIME
C-F08-2,2026-03-17,2026-03-17 13:53:00,1,0.00584143,14.6437,16.00,15.13,14.70,TIME
C-F08-2,2026-03-18,2026-03-18 10:48:00,-1,-0.00474831,25.6875,-25.69,-26.56,-26.99,STOP
C-F08-2,2026-03-18,2026-03-18 11:21:00,-1,-0.00464144,26.5500,-26.55,-27.42,-27.85,STOP
C-F08-2,2026-03-18,2026-03-18 12:01:00,1,0.00588889,24.8625,-24.86,-25.73,-26.17,STOP
C-F08-2,2026-03-18,2026-03-18 12:33:00,1,0.00564746,17.6063,-17.61,-18.48,-18.91,STOP
C-F08-2,2026-03-18,2026-03-18 13:40:00,1,0.00497148,15.9562,-15.96,-16.83,-17.26,STOP
C-F08-2,2026-03-18,2026-03-18 14:17:00,-1,-0.0060941,28.3312,-28.33,-29.20,-29.64,STOP
C-F08-2,2026-03-18,2026-03-18 14:48:00,-1,-0.00669154,33.1875,62.50,61.63,61.20,TIME
C-F08-2,2026-03-18,2026-03-18 15:19:00,-1,-0.00852445,24.6562,69.00,68.13,67.69,TIME
C-F08-2,2026-03-19,2026-03-19 10:32:00,1,0.00764583,42.0563,60.75,59.88,59.45,TIME
C-F08-2,2026-03-19,2026-03-19 13:06:00,1,0.00516174,22.0688,-22.07,-22.94,-23.37,STOP
C-F08-2,2026-03-19,2026-03-19 13:37:00,1,0.00581704,24.3750,10.00,9.13,8.70,TIME
C-F08-2,2026-03-19,2026-03-19 14:13:00,1,0.00470062,21.6375,-21.64,-22.51,-22.94,STOP
C-F08-2,2026-03-19,2026-03-19 15:10:00,1,0.00570585,43.8937,-43.89,-44.76,-45.20,STOP
C-F08-2,2026-03-20,2026-03-20 13:10:00,1,0.00521774,29.0062,-29.01,-29.88,-30.31,STOP
C-F08-2,2026-03-20,2026-03-20 13:41:00,1,0.00850841,21.7500,-21.75,-22.62,-23.05,STOP
C-F08-2,2026-03-20,2026-03-20 14:41:00,-1,-0.00516862,26.7750,16.75,15.88,15.45,TIME
C-F08-2,2026-03-20,2026-03-20 15:12:00,-1,-0.00796134,19.8563,71.00,70.13,69.69,TIME
C-F08-2,2026-03-23,2026-03-23 12:03:00,-1,-0.00528605,42.1875,-42.19,-43.06,-43.49,STOP
C-F08-2,2026-03-23,2026-03-23 12:34:00,-1,-0.00832225,40.3500,-40.35,-41.22,-41.65,STOP
C-F08-2,2026-03-23,2026-03-23 13:05:00,-1,-0.00708232,35.4375,-35.44,-36.31,-36.74,STOP
C-F08-2,2026-03-23,2026-03-23 13:36:00,-1,-0.00658094,33.7500,-33.75,-34.62,-35.05,STOP
C-F08-2,2026-03-23,2026-03-23 14:22:00,1,0.00502146,29.4562,58.00,57.13,56.70,TIME
C-F08-2,2026-03-23,2026-03-23 14:53:00,1,0.0075805,27.4313,-27.43,-28.30,-28.74,STOP
C-F08-2,2026-03-23,2026-03-23 15:24:00,1,0.00823369,18.6938,-10.25,-11.12,-11.55,TIME
C-F08-2,2026-03-24,2026-03-24 11:29:00,1,0.00532568,32.9813,-32.98,-33.85,-34.29,STOP
C-F08-2,2026-03-24,2026-03-24 12:00:00,1,0.00585586,26.7375,-26.74,-27.61,-28.04,STOP
C-F08-2,2026-03-24,2026-03-24 12:47:00,1,0.00602267,26.7938,-26.79,-27.66,-28.10,STOP
C-F08-2,2026-03-24,2026-03-24 13:51:00,-1,-0.0058923,25.3875,-25.39,-26.26,-26.69,STOP
C-F08-2,2026-03-24,2026-03-24 14:57:00,-1,-0.00615121,28.6312,-28.63,-29.50,-29.94,STOP
C-F08-2,2026-03-25,2026-03-25 12:46:00,1,0.00552824,25.7250,-25.72,-26.59,-27.03,STOP
C-F08-2,2026-03-25,2026-03-25 13:17:00,1,0.00722517,25.4813,53.75,52.88,52.45,TIME
C-F08-2,2026-03-25,2026-03-25 13:54:00,-1,-0.00597533,25.0687,-25.07,-25.94,-26.37,STOP
C-F08-2,2026-03-25,2026-03-25 14:25:00,-1,-0.00783551,18.1125,51.25,50.38,49.95,TIME
C-F08-2,2026-03-25,2026-03-25 14:58:00,-1,-0.00612976,20.0812,-20.08,-20.95,-21.39,STOP
C-F08-2,2026-03-26,2026-03-26 12:02:00,-1,-0.00605566,25.1437,88.00,87.13,86.69,TIME
C-F08-2,2026-03-26,2026-03-26 14:20:00,-1,-0.00544975,20.0063,3.00,2.13,1.70,TIME
C-F08-2,2026-03-26,2026-03-26 15:02:00,-1,-0.0056576,16.7437,36.25,35.38,34.95,TIME
C-F08-2,2026-03-27,2026-03-27 12:24:00,-1,-0.00511342,19.7812,21.00,20.13,19.70,TIME
C-F08-2,2026-03-27,2026-03-27 12:55:00,-1,-0.00532025,22.1437,-22.14,-23.01,-23.45,STOP
C-F08-2,2026-03-27,2026-03-27 13:26:00,-1,-0.00512785,28.1437,56.00,55.13,54.70,TIME
C-F08-2,2026-03-27,2026-03-27 13:57:00,-1,-0.00552214,15.6000,11.25,10.38,9.95,TIME
C-F08-2,2026-03-30,2026-03-30 12:36:00,-1,-0.0056438,19.9875,-19.99,-20.86,-21.29,STOP
C-F08-2,2026-03-30,2026-03-30 13:13:00,-1,-0.00528803,21.6187,53.75,52.88,52.45,TIME
C-F08-2,2026-03-30,2026-03-30 14:11:00,-1,-0.0055662,18.6938,-18.69,-19.56,-20.00,STOP
C-F08-2,2026-03-30,2026-03-30 14:42:00,-1,-0.00560454,18.0750,108.00,107.13,106.69,TIME
C-F08-2,2026-03-30,2026-03-30 15:13:00,-1,-0.00987361,20.3625,-20.36,-21.23,-21.67,STOP
C-F08-2,2026-03-31,2026-03-31 12:44:00,1,0.0062443,45.8250,-45.83,-46.70,-47.13,STOP
C-F08-2,2026-03-31,2026-03-31 13:33:00,-1,-0.00531669,37.6312,-37.63,-38.50,-38.94,STOP
C-F08-2,2026-03-31,2026-03-31 14:04:00,1,0.00725555,30.1125,15.75,14.88,14.45,TIME
C-F08-2,2026-03-31,2026-03-31 15:05:00,-1,-0.00529651,18.8062,-18.81,-19.68,-20.11,STOP
C-F08-2,2026-04-01,2026-04-01 14:39:00,-1,-0.00631143,25.0875,-25.09,-25.96,-26.39,STOP
C-F08-2,2026-04-02,2026-04-02 10:33:00,1,0.00534005,37.8937,159.75,158.88,158.44,TIME
C-F08-2,2026-04-02,2026-04-02 11:34:00,1,0.00571081,39.3000,-39.30,-40.17,-40.60,STOP
C-F08-2,2026-04-02,2026-04-02 13:35:00,1,0.00519425,17.8125,-17.81,-18.68,-19.12,STOP
C-F08-2,2026-04-06,2026-04-06 11:04:00,1,0.0049943,29.5125,-29.51,-30.38,-30.82,STOP
C-F08-2,2026-04-06,2026-04-06 11:35:00,1,0.00600768,25.1813,38.75,37.88,37.45,TIME
C-F08-2,2026-04-06,2026-04-06 12:07:00,1,0.00510938,18.3937,-18.39,-19.26,-19.70,STOP
C-F08-2,2026-04-06,2026-04-06 12:56:00,1,0.00575188,15.2625,-15.26,-16.13,-16.57,STOP
C-F08-2,2026-04-06,2026-04-06 13:27:00,1,0.00718403,33.3937,-20.75,-21.62,-22.05,TIME
C-F08-2,2026-04-06,2026-04-06 14:14:00,1,0.00565175,21.3937,24.00,23.13,22.70,TIME
C-F08-2,2026-04-06,2026-04-06 14:58:00,1,0.00541704,12.3563,-12.36,-13.23,-13.66,STOP
C-F08-2,2026-04-07,2026-04-07 11:01:00,-1,-0.00485614,32.7000,-32.70,-33.57,-34.01,STOP
C-F08-2,2026-04-07,2026-04-07 11:32:00,-1,-0.0054916,35.8125,-35.81,-36.68,-37.12,STOP
C-F08-2,2026-04-07,2026-04-07 12:40:00,-1,-0.00540001,27.3375,-27.34,-28.21,-28.64,STOP
C-F08-2,2026-04-07,2026-04-07 13:13:00,-1,-0.00508047,22.2000,-22.20,-23.07,-23.51,STOP
C-F08-2,2026-04-07,2026-04-07 13:47:00,-1,-0.00509366,26.9625,-26.96,-27.83,-28.27,STOP
C-F08-2,2026-04-07,2026-04-07 14:57:00,-1,-0.00514008,22.4625,-22.46,-23.33,-23.77,STOP
C-F08-2,2026-04-08,2026-04-08 11:58:00,1,0.00478751,15.3000,-15.30,-16.17,-16.60,STOP
C-F08-2,2026-04-08,2026-04-08 12:29:00,1,0.00503322,17.8312,64.00,63.13,62.70,TIME
C-F08-2,2026-04-08,2026-04-08 14:45:00,1,0.00486845,20.4188,-20.42,-21.29,-21.72,STOP
C-F08-2,2026-04-08,2026-04-08 15:22:00,-1,-0.00563792,19.2188,-19.22,-20.09,-20.52,STOP
C-F08-2,2026-04-09,2026-04-09 11:56:00,1,0.0048815,27.6375,39.50,38.63,38.20,TIME
C-F08-2,2026-04-09,2026-04-09 15:24:00,1,0.00535194,12.7875,58.00,57.13,56.70,TIME
C-F08-2,2026-04-13,2026-04-13 10:32:00,1,0.00446287,25.8375,25.50,24.63,24.20,TIME
C-F08-2,2026-04-13,2026-04-13 13:37:00,1,0.00451877,11.9250,-11.92,-12.79,-13.23,STOP
C-F08-2,2026-04-14,2026-04-14 12:28:00,1,0.00428444,11.0625,-11.06,-11.93,-12.37,STOP
C-F08-2,2026-04-14,2026-04-14 13:18:00,1,0.00444894,10.7063,29.25,28.38,27.95,TIME
C-F08-2,2026-04-14,2026-04-14 15:30:00,1,0.00410628,10.5750,-10.58,-11.45,-11.88,STOP
C-F08-2,2026-04-15,2026-04-15 10:56:00,1,0.00401595,19.1250,-19.12,-20.00,-20.43,STOP
C-F08-2,2026-04-15,2026-04-15 11:27:00,1,0.00416463,15.9000,-15.90,-16.77,-17.21,STOP
C-F08-2,2026-04-15,2026-04-15 13:57:00,1,0.00409737,12.7125,-12.71,-13.58,-14.02,STOP
C-F08-2,2026-04-15,2026-04-15 15:00:00,1,0.00438379,12.1313,-12.13,-13.00,-13.44,STOP
C-F08-2,2026-04-16,2026-04-16 12:30:00,1,0.00407073,13.3125,-13.31,-14.18,-14.62,STOP
C-F08-2,2026-04-16,2026-04-16 15:26:00,1,0.00420886,14.6625,31.25,30.38,29.95,TIME
C-F08-2,2026-04-17,2026-04-17 10:32:00,1,0.00671294,28.2750,73.25,72.38,71.94,TIME
C-F08-2,2026-04-17,2026-04-17 11:03:00,1,0.00578003,25.2375,33.75,32.88,32.45,TIME
C-F08-2,2026-04-17,2026-04-17 11:41:00,1,0.00429708,21.9937,-21.99,-22.86,-23.30,STOP
C-F08-2,2026-04-17,2026-04-17 12:33:00,1,0.00426651,16.3312,-16.33,-17.20,-17.64,STOP
C-F08-2,2026-04-17,2026-04-17 13:38:00,1,0.00381883,33.6562,29.50,28.63,28.20,TIME
C-F08-2,2026-04-17,2026-04-17 14:09:00,1,0.00776877,17.7188,-17.72,-18.59,-19.02,STOP
C-F08-2,2026-04-17,2026-04-17 14:41:00,1,0.00422473,19.5375,-19.54,-20.41,-20.84,STOP
C-F08-2,2026-04-17,2026-04-17 15:21:00,1,0.00394254,15.7313,29.25,28.38,27.95,TIME
C-F08-2,2026-04-20,2026-04-20 10:56:00,1,0.00376173,33.0000,-33.00,-33.87,-34.30,STOP
C-F08-2,2026-04-20,2026-04-20 14:43:00,1,0.00371699,15.0750,11.25,10.38,9.95,TIME
C-F08-2,2026-04-20,2026-04-20 15:28:00,1,0.00452674,9.4312,-9.43,-10.30,-10.74,STOP
C-F08-2,2026-04-21,2026-04-21 11:18:00,1,0.00380991,36.1688,-36.17,-37.04,-37.47,STOP
C-F08-2,2026-04-21,2026-04-21 12:04:00,1,0.00366959,23.8125,-23.81,-24.68,-25.12,STOP
C-F08-2,2026-04-21,2026-04-21 13:08:00,1,0.00371804,21.1313,-21.13,-22.00,-22.44,STOP
C-F08-2,2026-04-21,2026-04-21 13:39:00,1,0.00451884,21.5438,54.00,53.13,52.70,TIME
C-F08-2,2026-04-21,2026-04-21 14:58:00,-1,-0.00398655,21.3937,-21.39,-22.26,-22.70,STOP
C-F08-2,2026-04-21,2026-04-21 15:29:00,1,0.00376716,24.4313,-24.43,-25.30,-25.74,STOP
C-F08-2,2026-04-22,2026-04-22 13:37:00,1,0.00357291,13.7437,-13.74,-14.61,-15.05,STOP
C-F08-2,2026-04-22,2026-04-22 14:11:00,1,0.00343849,10.6687,-10.67,-11.54,-11.97,STOP
C-F08-2,2026-04-22,2026-04-22 15:16:00,1,0.00388374,18.0375,23.50,22.63,22.20,TIME
C-F08-2,2026-04-23,2026-04-23 10:32:00,1,0.00361085,27.8625,78.75,77.88,77.44,TIME
C-F08-2,2026-04-23,2026-04-23 12:58:00,1,0.00328424,14.9625,-14.96,-15.83,-16.27,STOP
C-F08-2,2026-04-23,2026-04-23 13:29:00,-1,-0.00459032,44.9625,-44.96,-45.83,-46.27,STOP
C-F08-2,2026-04-23,2026-04-23 14:02:00,-1,-0.00322672,68.7000,-68.70,-69.57,-70.01,STOP
C-F08-2,2026-04-23,2026-04-23 14:47:00,1,0.00673381,22.6688,-22.67,-23.54,-23.97,STOP
C-F08-2,2026-04-24,2026-04-24 10:32:00,1,0.00423008,35.7562,104.00,103.13,102.69,TIME
C-F08-2,2026-04-24,2026-04-24 12:46:00,1,0.00452859,18.1125,16.25,15.38,14.95,TIME
C-F08-2,2026-04-24,2026-04-24 13:33:00,1,0.00335108,14.3438,62.50,61.63,61.20,TIME
C-F08-2,2026-04-24,2026-04-24 14:51:00,-1,-0.00378258,13.8000,-13.80,-14.67,-15.10,STOP
C-F08-2,2026-04-27,2026-04-27 10:32:00,1,0.00488807,26.2500,32.00,31.13,30.70,TIME
C-F08-2,2026-04-27,2026-04-27 12:45:00,1,0.00317853,12.2250,-12.22,-13.09,-13.53,STOP
C-F08-2,2026-04-27,2026-04-27 14:48:00,1,0.00355251,11.2688,-11.27,-12.14,-12.57,STOP
C-F08-2,2026-04-28,2026-04-28 10:32:00,1,0.00596338,28.7250,-28.72,-29.59,-30.03,STOP
C-F08-2,2026-04-28,2026-04-28 12:39:00,1,0.00307727,18.9188,-18.92,-19.79,-20.22,STOP
C-F08-2,2026-04-28,2026-04-28 14:04:00,1,0.00318927,12.3750,-12.38,-13.24,-13.68,STOP
C-F08-2,2026-04-29,2026-04-29 10:43:00,-1,-0.0030853,23.5312,-23.53,-24.40,-24.84,STOP
C-F08-2,2026-04-29,2026-04-29 11:14:00,-1,-0.00391563,19.1063,-19.11,-19.98,-20.41,STOP
C-F08-2,2026-04-29,2026-04-29 12:14:00,1,0.00301529,27.1125,-27.11,-27.98,-28.42,STOP
C-F08-2,2026-04-29,2026-04-29 13:06:00,1,0.00362218,18.7875,28.50,27.63,27.20,TIME
C-F08-2,2026-04-29,2026-04-29 13:50:00,-1,-0.00355501,15.7687,-15.77,-16.64,-17.07,STOP
C-F08-2,2026-04-29,2026-04-29 14:21:00,-1,-0.00562469,28.9688,-28.97,-29.84,-30.27,STOP
C-F08-2,2026-04-29,2026-04-29 15:10:00,1,0.00374124,22.7437,4.00,3.13,2.70,TIME
C-F08-2,2026-04-30,2026-04-30 11:21:00,1,0.00292624,30.3187,-30.32,-31.19,-31.62,STOP
C-F08-2,2026-04-30,2026-04-30 11:52:00,1,0.00364023,27.5250,36.50,35.63,35.20,TIME
C-F08-2,2026-04-30,2026-04-30 12:40:00,1,0.00318438,16.8188,-16.82,-17.69,-18.12,STOP
C-F08-2,2026-04-30,2026-04-30 13:11:00,1,0.00474872,21.8813,67.75,66.88,66.44,TIME
C-F08-2,2026-04-30,2026-04-30 13:42:00,1,0.00568226,19.3500,65.25,64.38,63.95,TIME
C-F08-2,2026-04-30,2026-04-30 14:13:00,1,0.00728641,17.3250,21.50,20.63,20.20,TIME
C-F08-2,2026-04-30,2026-04-30 14:44:00,1,0.00436162,14.5875,-14.59,-15.46,-15.89,STOP
C-F08-2,2026-05-01,2026-05-01 10:32:00,1,0.00351491,25.9125,-25.91,-26.78,-27.22,STOP
C-F08-2,2026-05-01,2026-05-01 11:34:00,1,0.00328461,20.4937,-20.49,-21.36,-21.80,STOP
C-F08-2,2026-05-01,2026-05-01 12:05:00,1,0.00458218,24.3563,-24.36,-25.23,-25.66,STOP
C-F08-2,2026-05-01,2026-05-01 12:55:00,-1,-0.00352485,22.8375,-22.84,-23.71,-24.14,STOP
C-F08-2,2026-05-01,2026-05-01 13:26:00,-1,-0.0037774,12.7687,-12.77,-13.64,-14.07,STOP
C-F08-2,2026-05-01,2026-05-01 13:57:00,1,0.00487178,12.8250,-12.83,-13.70,-14.13,STOP
C-F08-2,2026-05-01,2026-05-01 14:37:00,-1,-0.00323057,16.1812,-6.50,-7.37,-7.80,TIME
C-F08-2,2026-05-01,2026-05-01 15:08:00,-1,-0.00437777,15.8438,-15.84,-16.71,-17.15,STOP
C-F08-2,2026-05-04,2026-05-04 11:23:00,-1,-0.00307161,33.2062,-33.21,-34.08,-34.51,STOP
C-F08-2,2026-05-04,2026-05-04 12:40:00,1,0.00312019,30.8812,27.75,26.88,26.45,TIME
C-F08-2,2026-05-04,2026-05-04 13:11:00,1,0.00632808,24.5250,28.00,27.13,26.70,TIME
C-F08-2,2026-05-04,2026-05-04 13:42:00,1,0.00634656,17.8500,27.00,26.13,25.70,TIME
C-F08-2,2026-05-04,2026-05-04 14:13:00,1,0.00581426,13.1625,-13.16,-14.03,-14.47,STOP
C-F08-2,2026-05-04,2026-05-04 14:44:00,1,0.00427673,17.5312,-17.53,-18.40,-18.84,STOP
C-F08-2,2026-05-05,2026-05-05 11:39:00,1,0.00321685,15.6938,9.75,8.88,8.45,TIME
C-F08-2,2026-05-05,2026-05-05 12:10:00,1,0.00508864,12.1125,-12.11,-12.98,-13.42,STOP
C-F08-2,2026-05-05,2026-05-05 13:16:00,1,0.00322808,11.1562,25.75,24.88,24.45,TIME
C-F08-2,2026-05-05,2026-05-05 15:23:00,1,0.00314028,11.4187,-11.42,-12.29,-12.72,STOP
C-F08-2,2026-05-06,2026-05-06 10:33:00,1,0.00309414,39.0938,113.00,112.13,111.69,TIME
C-F08-2,2026-05-06,2026-05-06 11:30:00,1,0.0056904,17.3625,-17.36,-18.23,-18.67,STOP
C-F08-2,2026-05-06,2026-05-06 12:02:00,1,0.00328601,20.8875,18.00,17.13,16.70,TIME
C-F08-2,2026-05-06,2026-05-06 12:44:00,1,0.00311412,12.9562,-12.96,-13.83,-14.26,STOP
C-F08-2,2026-05-06,2026-05-06 13:15:00,1,0.00333662,18.3937,27.75,26.88,26.45,TIME
C-F08-2,2026-05-07,2026-05-07 12:00:00,1,0.00337601,25.5750,-25.58,-26.45,-26.88,STOP
C-F08-2,2026-05-07,2026-05-07 12:38:00,1,0.00316209,30.0938,-30.09,-30.96,-31.40,STOP
C-F08-2,2026-05-07,2026-05-07 13:28:00,-1,-0.00314985,37.3875,-37.39,-38.26,-38.69,STOP
C-F08-2,2026-05-07,2026-05-07 14:28:00,1,0.00406125,27.1500,-27.15,-28.02,-28.46,STOP
C-F08-2,2026-05-08,2026-05-08 10:32:00,1,0.0038551,28.3125,87.75,86.88,86.44,TIME
C-F08-2,2026-05-08,2026-05-08 14:48:00,1,0.00346452,12.1125,-12.11,-12.98,-13.42,STOP
C-F08-2,2026-05-08,2026-05-08 15:19:00,1,0.00569287,16.0500,-16.05,-16.92,-17.35,STOP
C-F08-2,2026-05-11,2026-05-11 10:33:00,1,0.00323939,33.2062,121.25,120.38,119.94,TIME
C-F08-2,2026-05-11,2026-05-11 11:04:00,1,0.00702139,22.9500,-22.95,-23.82,-24.26,STOP
C-F08-2,2026-05-11,2026-05-11 11:35:00,1,0.00500614,19.9875,50.50,49.63,49.20,TIME
C-F08-2,2026-05-11,2026-05-11 12:07:00,1,0.00320304,16.9688,-16.97,-17.84,-18.27,STOP
C-F08-2,2026-05-11,2026-05-11 12:50:00,1,0.00383714,23.1375,-23.14,-24.01,-24.44,STOP
C-F08-2,2026-05-11,2026-05-11 13:21:00,1,0.00725267,20.2500,70.75,69.88,69.44,TIME
C-F08-2,2026-05-11,2026-05-11 13:53:00,1,0.00336054,12.5063,-12.51,-13.38,-13.81,STOP
C-F08-2,2026-05-11,2026-05-11 14:24:00,1,0.00434494,12.5625,-12.56,-13.43,-13.87,STOP
C-F08-2,2026-05-12,2026-05-12 11:04:00,-1,-0.00292166,35.6250,-35.62,-36.49,-36.93,STOP
C-F08-2,2026-05-12,2026-05-12 11:35:00,-1,-0.00695436,40.0125,-40.01,-40.88,-41.32,STOP
C-F08-2,2026-05-12,2026-05-12 12:06:00,-1,-0.00484719,32.0625,75.25,74.38,73.94,TIME
C-F08-2,2026-05-12,2026-05-12 12:42:00,-1,-0.00311231,29.1750,-14.00,-14.87,-15.30,TIME
C-F08-2,2026-05-12,2026-05-12 13:13:00,-1,-0.00300901,29.3625,-29.36,-30.23,-30.67,STOP
C-F08-2,2026-05-12,2026-05-12 13:44:00,1,0.00301146,27.1875,29.25,28.38,27.95,TIME
C-F08-2,2026-05-12,2026-05-12 14:15:00,1,0.00284638,24.8250,59.75,58.88,58.45,TIME
C-F08-2,2026-05-12,2026-05-12 14:49:00,1,0.00295252,21.8062,88.50,87.63,87.19,TIME
C-F08-2,2026-05-12,2026-05-12 15:20:00,1,0.00373212,22.1812,-22.18,-23.05,-23.49,STOP
C-F08-2,2026-05-13,2026-05-13 10:41:00,1,0.0037472,36.4688,92.50,91.63,91.19,TIME
C-F08-2,2026-05-13,2026-05-13 11:12:00,1,0.00625867,22.1812,-22.18,-23.05,-23.49,STOP
C-F08-2,2026-05-13,2026-05-13 11:58:00,1,0.00321211,21.5250,-21.53,-22.40,-22.83,STOP
C-F08-2,2026-05-13,2026-05-13 12:33:00,1,0.00302683,22.6125,41.00,40.13,39.70,TIME
C-F08-2,2026-05-13,2026-05-13 13:56:00,1,0.00372865,11.5312,-11.53,-12.40,-12.84,STOP
C-F08-2,2026-05-13,2026-05-13 14:27:00,1,0.00377745,17.6250,-17.62,-18.50,-18.93,STOP
C-F08-2,2026-05-14,2026-05-14 10:32:00,1,0.0055198,34.5187,51.25,50.38,49.95,TIME
C-F08-2,2026-05-14,2026-05-14 11:11:00,1,0.00308923,25.4813,24.00,23.13,22.70,TIME
C-F08-2,2026-05-14,2026-05-14 11:53:00,1,0.00309762,19.1625,35.50,34.63,34.20,TIME
C-F08-2,2026-05-14,2026-05-14 13:40:00,1,0.00367848,31.7812,-31.78,-32.65,-33.09,STOP
C-F08-2,2026-05-14,2026-05-14 14:11:00,1,0.00326884,26.1937,23.00,22.13,21.70,TIME
C-F08-2,2026-05-14,2026-05-14 14:48:00,1,0.0034277,19.6500,40.50,39.63,39.20,TIME
C-F08-2,2026-05-14,2026-05-14 15:19:00,1,0.00560657,16.5562,-16.56,-17.43,-17.86,STOP
C-F08-2,2026-05-15,2026-05-15 10:44:00,1,0.00342113,48.4875,-48.49,-49.36,-49.79,STOP
C-F08-2,2026-05-15,2026-05-15 11:19:00,1,0.00311357,44.5687,-44.57,-45.44,-45.87,STOP
C-F08-2,2026-05-15,2026-05-15 12:07:00,1,0.00324012,38.8688,40.50,39.63,39.20,TIME
C-F08-2,2026-05-15,2026-05-15 12:38:00,1,0.00415612,25.9875,-25.99,-26.86,-27.29,STOP
C-F08-2,2026-05-15,2026-05-15 13:27:00,-1,-0.00324803,22.1063,-22.11,-22.98,-23.41,STOP
C-F08-2,2026-05-15,2026-05-15 14:31:00,-1,-0.00334341,28.6875,-4.75,-5.62,-6.05,TIME
C-F08-2,2026-05-18,2026-05-18 10:37:00,-1,-0.00342879,59.5125,-59.51,-60.38,-60.82,STOP
C-F08-2,2026-05-18,2026-05-18 11:22:00,-1,-0.00431029,51.6750,-51.67,-52.54,-52.98,STOP
C-F08-2,2026-05-18,2026-05-18 11:53:00,-1,-0.00516443,40.3875,-40.39,-41.26,-41.69,STOP
C-F08-2,2026-05-18,2026-05-18 12:24:00,-1,-0.00525262,32.4750,41.00,40.13,39.70,TIME
C-F08-2,2026-05-18,2026-05-18 13:24:00,1,0.00356307,31.8187,-31.82,-32.69,-33.12,STOP
C-F08-2,2026-05-18,2026-05-18 14:06:00,-1,-0.00350204,30.1125,67.25,66.38,65.94,TIME
C-F08-2,2026-05-18,2026-05-18 14:37:00,-1,-0.00854554,32.1937,-32.19,-33.06,-33.50,STOP
C-F08-2,2026-05-18,2026-05-18 15:09:00,-1,-0.00370363,62.2125,-52.75,-53.62,-54.05,TIME
C-F08-2,2026-05-19,2026-05-19 10:32:00,-1,-0.00589611,59.3438,-59.34,-60.21,-60.65,STOP
C-F08-2,2026-05-19,2026-05-19 11:03:00,-1,-0.00752093,47.5875,-47.59,-48.46,-48.89,STOP
C-F08-2,2026-05-19,2026-05-19 12:02:00,1,0.00394108,37.2188,-37.22,-38.09,-38.52,STOP
C-F08-2,2026-05-19,2026-05-19 12:34:00,1,0.00358757,33.5625,88.75,87.88,87.44,TIME
C-F08-2,2026-05-19,2026-05-19 13:05:00,1,0.00582923,25.0875,38.75,37.88,37.45,TIME
C-F08-2,2026-05-19,2026-05-19 13:36:00,1,0.00478426,27.6750,-27.67,-28.54,-28.98,STOP
C-F08-2,2026-05-19,2026-05-19 14:28:00,1,0.00363014,25.6875,-25.69,-26.56,-26.99,STOP
C-F08-2,2026-05-19,2026-05-19 15:28:00,-1,-0.00392677,31.7062,-31.71,-32.58,-33.01,STOP
C-F08-2,2026-05-20,2026-05-20 10:51:00,1,0.00365183,45.9188,124.75,123.88,123.44,TIME
C-F08-2,2026-05-20,2026-05-20 12:17:00,-1,-0.00393972,26.8312,5.50,4.63,4.20,TIME
C-F08-2,2026-05-20,2026-05-20 13:46:00,1,0.00360186,22.7625,-22.76,-23.63,-24.07,STOP
C-F08-2,2026-05-20,2026-05-20 14:17:00,1,0.0105822,21.2062,-21.21,-22.08,-22.51,STOP
C-F08-2,2026-05-20,2026-05-20 14:48:00,1,0.00791906,19.1063,-19.11,-19.98,-20.41,STOP
C-F08-2,2026-05-20,2026-05-20 15:19:00,1,0.00530582,16.5375,21.00,20.13,19.70,TIME
C-F08-2,2026-05-21,2026-05-21 10:32:00,1,0.00414033,58.9313,3.00,2.13,1.70,TIME
C-F08-2,2026-05-21,2026-05-21 11:03:00,1,0.0046907,44.3250,-44.33,-45.20,-45.63,STOP
C-F08-2,2026-05-21,2026-05-21 12:08:00,1,0.00556916,27.7313,-27.73,-28.60,-29.04,STOP
C-F08-2,2026-05-21,2026-05-21 13:49:00,1,0.00371084,29.0062,-29.01,-29.88,-30.31,STOP
C-F08-2,2026-05-21,2026-05-21 14:20:00,1,0.00481361,31.5187,-31.52,-32.39,-32.82,STOP
C-F08-2,2026-05-21,2026-05-21 15:05:00,1,0.00502636,46.9875,37.50,36.63,36.20,TIME
C-F08-2,2026-05-22,2026-05-22 10:47:00,1,0.00384492,27.6750,66.25,65.38,64.94,TIME
C-F08-2,2026-05-22,2026-05-22 11:18:00,1,0.00481814,18.1500,-18.15,-19.02,-19.46,STOP
C-F08-2,2026-05-22,2026-05-22 11:49:00,1,0.00616647,16.5000,-16.50,-17.37,-17.80,STOP
C-F08-2,2026-05-22,2026-05-22 12:20:00,1,0.0103418,20.1000,-20.10,-20.97,-21.40,STOP
C-F08-2,2026-05-22,2026-05-22 14:09:00,1,0.00378158,21.9562,-21.96,-22.83,-23.26,STOP
C-F08-2,2026-05-22,2026-05-22 14:40:00,1,0.00386651,16.8750,-16.88,-17.75,-18.18,STOP
C-F08-2,2026-05-25,2026-05-25 10:44:00,-1,-0.00414166,11.1562,-11.16,-12.03,-12.46,STOP
C-F08-2,2026-05-25,2026-05-25 11:34:00,-1,-0.0040428,15.2812,10.50,9.63,9.20,TIME
C-F08-2,2026-05-25,2026-05-25 12:05:00,-1,-0.00490815,8.5688,-8.57,-9.44,-9.87,STOP
C-F08-2,2026-05-25,2026-05-25 12:51:00,1,0.00562934,7.3500,15.25,14.38,13.95,TIME
C-F08-2,2026-05-26,2026-05-26 10:36:00,1,0.00400191,23.8875,-23.89,-24.76,-25.19,STOP
C-F08-2,2026-05-26,2026-05-26 12:13:00,1,0.0043803,26.8125,38.50,37.63,37.20,TIME
C-F08-2,2026-05-26,2026-05-26 12:44:00,1,0.00705195,16.0125,-16.01,-16.88,-17.32,STOP
C-F08-2,2026-05-26,2026-05-26 13:15:00,1,0.00746905,16.8188,-16.82,-17.69,-18.12,STOP
C-F08-2,2026-05-26,2026-05-26 14:41:00,1,0.00427895,14.2313,-14.23,-15.10,-15.54,STOP
C-F08-2,2026-05-26,2026-05-26 15:25:00,1,0.0041845,13.3500,-13.35,-14.22,-14.65,STOP
C-F08-2,2026-05-27,2026-05-27 10:40:00,1,0.00387684,50.4375,-50.44,-51.31,-51.74,STOP
C-F08-2,2026-05-27,2026-05-27 12:22:00,1,0.00417074,27.2812,48.50,47.63,47.20,TIME
C-F08-2,2026-05-27,2026-05-27 12:53:00,1,0.00931075,20.3625,-20.36,-21.23,-21.67,STOP
C-F08-2,2026-05-27,2026-05-27 14:12:00,1,0.00424508,18.9000,44.50,43.63,43.20,TIME
C-F08-2,2026-05-27,2026-05-27 14:43:00,1,0.00524508,15.5438,-15.54,-16.41,-16.85,STOP
C-F08-2,2026-05-27,2026-05-27 15:14:00,1,0.00814996,17.6625,-17.66,-18.53,-18.97,STOP
C-F08-2,2026-05-28,2026-05-28 11:01:00,1,0.00389063,31.2000,75.00,74.13,73.69,TIME
C-F08-2,2026-05-28,2026-05-28 11:32:00,1,0.0088292,19.3312,-5.50,-6.37,-6.80,TIME
C-F08-2,2026-05-28,2026-05-28 12:03:00,1,0.00603721,16.8188,40.25,39.38,38.95,TIME
C-F08-2,2026-05-29,2026-05-29 11:40:00,1,0.00403747,28.4437,-28.44,-29.31,-29.75,STOP
C-F08-2,2026-05-29,2026-05-29 12:11:00,1,0.00455051,21.9188,-21.92,-22.79,-23.22,STOP
C-F08-2,2026-05-29,2026-05-29 14:00:00,-1,-0.00428983,17.5125,-17.51,-18.38,-18.82,STOP
C-F08-2,2026-06-01,2026-06-01 14:56:00,-1,-0.00426611,12.5063,-12.51,-13.38,-13.81,STOP
C-F08-2,2026-06-02,2026-06-02 11:07:00,1,0.0044698,20.7563,63.75,62.88,62.45,TIME
C-F08-2,2026-06-02,2026-06-02 11:38:00,1,0.00524814,16.4625,-16.46,-17.33,-17.77,STOP
C-F08-2,2026-06-03,2026-06-03 10:38:00,1,0.00465445,38.5875,12.00,11.13,10.70,TIME
C-F08-2,2026-06-03,2026-06-03 14:06:00,1,0.00416071,15.8250,-15.83,-16.70,-17.13,STOP
C-F08-2,2026-06-03,2026-06-03 14:37:00,1,0.0056001,19.0688,-19.07,-19.94,-20.37,STOP
C-F08-2,2026-06-03,2026-06-03 15:08:00,1,0.00435231,19.2750,-19.28,-20.15,-20.58,STOP
C-F08-2,2026-06-04,2026-06-04 10:32:00,-1,-0.00460007,39.8438,-39.84,-40.71,-41.15,STOP
C-F08-2,2026-06-04,2026-06-04 11:20:00,1,0.00410927,24.5625,-24.56,-25.43,-25.87,STOP
C-F08-2,2026-06-04,2026-06-04 12:03:00,1,0.00480027,27.5625,16.75,15.88,15.45,TIME
C-F08-2,2026-06-04,2026-06-04 12:34:00,1,0.00517203,20.6250,34.50,33.63,33.20,TIME
C-F08-2,2026-06-04,2026-06-04 13:05:00,1,0.00819673,16.1812,61.50,60.63,60.20,TIME
C-F08-2,2026-06-04,2026-06-04 13:36:00,1,0.00553905,15.6187,-15.62,-16.49,-16.92,STOP
C-F08-2,2026-06-04,2026-06-04 14:09:00,1,0.00437116,13.2938,-13.29,-14.16,-14.60,STOP
C-F08-2,2026-06-05,2026-06-05 11:25:00,-1,-0.00509745,37.6312,53.00,52.13,51.70,TIME
C-F08-2,2026-06-05,2026-06-05 11:56:00,-1,-0.00664061,35.7938,100.75,99.88,99.44,TIME
C-F08-2,2026-06-05,2026-06-05 12:27:00,-1,-0.00732631,33.7500,113.25,112.38,111.94,TIME
C-F08-2,2026-06-05,2026-06-05 12:58:00,-1,-0.00688718,47.2313,35.00,34.13,33.70,TIME
C-F08-2,2026-06-05,2026-06-05 14:11:00,1,0.00426676,31.0312,-31.03,-31.90,-32.34,STOP
C-F08-2,2026-06-05,2026-06-05 14:42:00,-1,-0.0142923,36.2812,90.75,89.88,89.44,TIME
C-F08-2,2026-06-05,2026-06-05 15:13:00,-1,-0.00797611,55.2937,-55.29,-56.16,-56.60,STOP
C-F08-2,2026-06-08,2026-06-08 10:58:00,1,0.00612887,42.6937,22.75,21.88,21.45,TIME
C-F08-2,2026-06-08,2026-06-08 11:29:00,1,0.00681451,30.2062,-30.21,-31.08,-31.51,STOP
C-F08-2,2026-06-08,2026-06-08 15:13:00,-1,-0.0051111,27.7313,-27.73,-28.60,-29.04,STOP
C-F08-2,2026-06-09,2026-06-09 10:50:00,-1,-0.00476369,79.6875,-79.69,-80.56,-80.99,STOP
C-F08-2,2026-06-09,2026-06-09 11:32:00,-1,-0.00664759,67.4062,-67.41,-68.28,-68.71,STOP
C-F08-2,2026-06-09,2026-06-09 12:03:00,-1,-0.0110196,75.3375,257.50,256.63,256.19,TIME
C-F08-2,2026-06-09,2026-06-09 12:34:00,-1,-0.0137674,83.5687,-4.50,-5.37,-5.80,TIME
C-F08-2,2026-06-09,2026-06-09 13:05:00,-1,-0.0189545,94.1438,-94.14,-95.01,-95.45,STOP
C-F08-2,2026-06-09,2026-06-09 13:36:00,-1,-0.00606092,63.5437,-63.54,-64.41,-64.85,STOP
C-F08-2,2026-06-09,2026-06-09 14:07:00,1,0.00873075,65.2312,152.25,151.38,150.94,TIME
C-F08-2,2026-06-09,2026-06-09 14:38:00,1,0.00711173,66.6562,-66.66,-67.53,-67.96,STOP
C-F08-2,2026-06-09,2026-06-09 15:09:00,1,0.00584226,53.1000,-53.10,-53.97,-54.40,STOP
C-F08-2,2026-06-10,2026-06-10 10:32:00,1,0.00625856,79.9313,-79.93,-80.80,-81.24,STOP
C-F08-2,2026-06-10,2026-06-10 11:22:00,-1,-0.00566475,81.0188,-81.02,-81.89,-82.32,STOP
C-F08-2,2026-06-10,2026-06-10 12:26:00,-1,-0.00541853,57.8625,-57.86,-58.73,-59.17,STOP
C-F08-2,2026-06-10,2026-06-10 12:57:00,-1,-0.00715038,57.5625,-57.56,-58.43,-58.87,STOP
C-F08-2,2026-06-10,2026-06-10 13:39:00,-1,-0.00608234,42.6188,-42.62,-43.49,-43.92,STOP
C-F08-2,2026-06-10,2026-06-10 14:10:00,1,0.00736341,56.1375,-56.14,-57.01,-57.44,STOP
C-F08-2,2026-06-10,2026-06-10 14:57:00,-1,-0.00546792,41.3250,-41.33,-42.20,-42.63,STOP
C-F08-2,2026-06-11,2026-06-11 12:23:00,1,0.0059263,48.2063,-48.21,-49.08,-49.51,STOP
C-F08-2,2026-06-11,2026-06-11 13:31:00,1,0.00824386,72.0938,127.50,126.63,126.19,TIME
C-F08-2,2026-06-11,2026-06-11 14:19:00,-1,-0.00640966,61.4625,-18.50,-19.37,-19.80,TIME
C-F08-2,2026-06-11,2026-06-11 15:04:00,1,0.00644824,38.4000,-38.40,-39.27,-39.71,STOP
C-F08-2,2026-06-12,2026-06-12 10:32:00,1,0.0731953,65.0250,-65.03,-65.90,-66.33,STOP
C-F08-2,2026-06-12,2026-06-12 11:03:00,1,0.0133436,85.6500,67.75,66.88,66.44,TIME
C-F08-2,2026-06-12,2026-06-12 11:34:00,-1,-0.105814,40.8375,-40.84,-41.71,-42.14,STOP
C-F08-2,2026-06-12,2026-06-12 12:05:00,-1,-0.0799719,71.1937,-71.19,-72.06,-72.50,STOP
C-F08-2,2026-06-12,2026-06-12 12:36:00,-1,-0.0106427,51.0375,-51.04,-51.91,-52.34,STOP
C-F08-2,2026-06-12,2026-06-12 13:07:00,1,0.066016,36.6562,-36.66,-37.53,-37.96,STOP
C-F08-2,2026-06-12,2026-06-12 13:38:00,1,0.0218157,30.8438,-30.84,-31.71,-32.15,STOP
C-F08-2,2026-06-12,2026-06-12 14:09:00,-1,-0.134159,29.7938,-29.79,-30.66,-31.10,STOP
C-F08-2,2026-06-12,2026-06-12 14:40:00,-1,-0.0850799,27.4875,-27.49,-28.36,-28.79,STOP
C-F08-2,2026-06-12,2026-06-12 15:11:00,-1,-0.00880153,30.1312,71.00,70.13,69.69,TIME
C-F08-2,2026-06-15,2026-06-15 13:53:00,1,0.00636327,15.8438,-15.84,-16.71,-17.15,STOP
C-F08-2,2026-06-15,2026-06-15 14:25:00,1,0.00677472,18.4688,-18.47,-19.34,-19.77,STOP
C-F08-2,2026-06-15,2026-06-15 15:21:00,-1,-0.00623806,17.6437,-17.64,-18.51,-18.95,STOP
C-F08-2,2026-06-16,2026-06-16 11:42:00,-1,-0.0056852,41.4375,-41.44,-42.31,-42.74,STOP
C-F08-2,2026-06-16,2026-06-16 13:22:00,-1,-0.00585627,27.6562,-21.25,-22.12,-22.55,TIME
C-F08-2,2026-06-17,2026-06-17 12:00:00,1,0.00587599,24.0375,-24.04,-24.91,-25.34,STOP
C-F08-2,2026-06-17,2026-06-17 12:31:00,1,0.00724622,20.6063,-20.61,-21.48,-21.91,STOP
C-F08-2,2026-06-17,2026-06-17 13:02:00,1,0.00755284,21.3000,-21.30,-22.17,-22.60,STOP
C-F08-2,2026-06-17,2026-06-17 14:02:00,-1,-0.016705,37.3125,-37.31,-38.18,-38.62,STOP
C-F08-2,2026-06-17,2026-06-17 14:33:00,-1,-0.0133043,62.4187,-62.42,-63.29,-63.72,STOP
C-F08-2,2026-06-17,2026-06-17 15:04:00,-1,-0.0117324,82.3500,218.25,217.38,216.94,TIME
C-F08-2,2026-06-18,2026-06-18 11:53:00,1,0.0069055,46.6312,108.25,107.38,106.94,TIME
C-F08-2,2026-06-18,2026-06-18 12:29:00,1,0.00614686,27.6188,-1.50,-2.37,-2.80,TIME
C-F08-2,2026-06-18,2026-06-18 14:07:00,1,0.00678324,20.3625,-20.36,-21.23,-21.67,STOP
C-F08-2,2026-06-19,2026-06-19 12:35:00,1,0.00574621,8.9625,-34.75,-35.62,-36.05,DAYLAST
C-F08-2,2026-06-23,2026-06-23 10:33:00,1,0.00564148,54.3000,-54.30,-55.17,-55.60,STOP
C-F08-2,2026-06-23,2026-06-23 11:04:00,-1,-0.00574067,58.3500,88.00,87.13,86.69,TIME
C-F08-2,2026-06-23,2026-06-23 11:35:00,-1,-0.00833166,35.3438,-35.34,-36.21,-36.65,STOP
C-F08-2,2026-06-23,2026-06-23 14:06:00,-1,-0.0058981,29.6250,37.50,36.63,36.20,TIME
C-F08-2,2026-06-23,2026-06-23 14:37:00,-1,-0.00597761,23.0438,-23.04,-23.91,-24.35,STOP
C-F08-2,2026-06-24,2026-06-24 10:42:00,1,0.00572162,59.8125,30.75,29.88,29.45,TIME
C-F08-2,2026-06-24,2026-06-24 12:17:00,1,0.00626743,39.6188,-39.62,-40.49,-40.92,STOP
C-F08-2,2026-06-24,2026-06-24 13:23:00,-1,-0.00590942,47.2687,32.50,31.63,31.20,TIME
C-F08-2,2026-06-24,2026-06-24 14:27:00,1,0.00663964,41.3812,-41.38,-42.25,-42.69,STOP
C-F08-2,2026-06-25,2026-06-25 11:20:00,1,0.010809,75.8438,139.00,138.13,137.69,TIME
C-F08-2,2026-06-25,2026-06-25 11:51:00,1,0.0130128,55.8562,141.25,140.38,139.94,TIME
C-F08-2,2026-06-25,2026-06-25 12:22:00,1,0.0186748,49.8938,-49.89,-50.76,-51.20,STOP
C-F08-2,2026-06-25,2026-06-25 12:53:00,1,0.0109173,50.8500,36.25,35.38,34.95,TIME
C-F08-2,2026-06-25,2026-06-25 13:24:00,1,0.00778355,46.6125,-6.25,-7.12,-7.55,TIME
C-F08-2,2026-06-25,2026-06-25 13:55:00,1,0.0124516,39.9188,-39.92,-40.79,-41.22,STOP
C-F08-2,2026-06-25,2026-06-25 14:26:00,1,0.00846991,48.3375,-48.34,-49.21,-49.64,STOP
C-F08-2,2026-06-25,2026-06-25 15:12:00,-1,-0.0065505,43.2000,57.75,56.88,56.45,TIME
C-F08-2,2026-06-26,2026-06-26 11:21:00,1,0.00687757,55.6500,121.25,120.38,119.94,TIME
C-F08-2,2026-06-26,2026-06-26 12:20:00,-1,-0.00647354,42.4875,-42.49,-43.36,-43.79,STOP
C-F08-2,2026-06-26,2026-06-26 12:51:00,1,0.0081407,38.1562,-6.50,-7.37,-7.80,TIME
C-F08-2,2026-06-26,2026-06-26 13:29:00,-1,-0.00678894,36.3187,-36.32,-37.19,-37.62,STOP
C-F08-2,2026-06-26,2026-06-26 14:01:00,-1,-0.0075555,30.6375,-30.64,-31.51,-31.94,STOP
C-F08-2,2026-06-26,2026-06-26 14:32:00,-1,-0.00780127,30.6937,-30.69,-31.56,-32.00,STOP
C-F08-2,2026-06-29,2026-06-29 10:33:00,1,0.00720725,81.0000,-81.00,-81.87,-82.31,STOP
C-F08-2,2026-06-29,2026-06-29 11:04:00,1,0.0142961,62.8875,50.00,49.13,48.70,TIME
C-F08-2,2026-06-29,2026-06-29 11:41:00,1,0.00715834,42.1688,66.50,65.63,65.19,TIME
C-F08-2,2026-06-29,2026-06-29 12:21:00,1,0.00706993,25.3125,-25.31,-26.18,-26.62,STOP
C-F08-2,2026-06-29,2026-06-29 14:35:00,1,0.00682126,17.9062,-7.50,-8.37,-8.80,TIME
C-F08-2,2026-06-30,2026-06-30 10:40:00,1,0.00653743,35.1562,-35.16,-36.03,-36.46,STOP
C-F08-2,2026-06-30,2026-06-30 15:20:00,-1,-0.00684328,13.5562,21.50,20.63,20.20,TIME
C-F08-2,2026-07-01,2026-07-01 10:34:00,1,0.00754254,41.4000,-41.40,-42.27,-42.71,STOP
C-F08-2,2026-07-01,2026-07-01 14:18:00,1,0.00643269,20.7188,-13.00,-13.87,-14.30,TIME
C-F08-2,2026-07-02,2026-07-02 11:09:00,-1,-0.00724985,70.8375,-70.84,-71.71,-72.14,STOP
C-F08-2,2026-07-02,2026-07-02 11:50:00,-1,-0.00624727,50.2875,118.00,117.13,116.69,TIME
C-F08-2,2026-07-02,2026-07-02 12:27:00,-1,-0.00694047,45.1500,109.50,108.63,108.19,TIME
C-F08-2,2026-07-02,2026-07-02 12:58:00,-1,-0.0103356,46.7062,15.50,14.63,14.20,TIME
C-F08-2,2026-07-02,2026-07-02 14:07:00,-1,-0.00651954,35.7375,-35.74,-36.61,-37.04,STOP
C-F08-2,2026-07-02,2026-07-02 15:09:00,-1,-0.00625521,44.0625,-44.06,-44.93,-45.37,STOP
C-F08-2,2026-07-03,2026-07-03 11:15:00,-1,-0.00673345,10.2188,-10.22,-11.09,-11.52,STOP
C-F08-2,2026-07-03,2026-07-03 12:52:00,-1,-0.00637986,10.5562,1.75,0.88,0.45,DAYLAST
C-F08-2,2026-07-06,2026-07-06 13:10:00,1,0.00824257,23.4188,-23.42,-24.29,-24.72,STOP
C-F08-2,2026-07-07,2026-07-07 10:32:00,-1,-0.00557705,48.6937,11.75,10.88,10.45,TIME
C-F08-2,2026-07-07,2026-07-07 11:07:00,-1,-0.00627144,41.6813,-41.68,-42.55,-42.99,STOP
C-F08-2,2026-07-07,2026-07-07 14:21:00,1,0.00511999,21.3937,-21.39,-22.26,-22.70,STOP
C-F08-2,2026-07-07,2026-07-07 15:02:00,-1,-0.00517871,32.2687,-32.27,-33.14,-33.57,STOP
C-F08-2,2026-07-08,2026-07-08 12:24:00,1,0.00531326,36.9938,84.25,83.38,82.94,TIME
C-F08-2,2026-07-08,2026-07-08 12:55:00,1,0.00575185,41.7375,43.00,42.13,41.70,TIME
C-F08-2,2026-07-08,2026-07-08 14:31:00,1,0.00516347,27.2062,33.50,32.63,32.20,TIME
C-F08-2,2026-07-08,2026-07-08 15:02:00,1,0.00640336,25.7438,-25.74,-26.61,-27.05,STOP
C-F08-2,2026-07-09,2026-07-09 11:59:00,1,0.00779955,18.9562,14.50,13.63,13.20,TIME
C-F08-2,2026-07-09,2026-07-09 12:30:00,1,0.00519341,17.7188,-17.72,-18.59,-19.02,STOP
C-F08-2,2026-07-09,2026-07-09 14:00:00,1,0.00551924,13.1437,-13.14,-14.01,-14.45,STOP
C-F08-2,2026-07-09,2026-07-09 15:00:00,-1,-0.00587551,13.4438,-13.44,-14.31,-14.75,STOP
C-F08-2,2026-07-10,2026-07-10 10:59:00,1,0.00515988,45.7125,-45.71,-46.58,-47.02,STOP
C-F08-2,2026-07-10,2026-07-10 11:33:00,1,0.00959372,33.6562,-33.66,-34.53,-34.96,STOP
C-F08-2,2026-07-10,2026-07-10 12:43:00,1,0.00552299,17.7188,-17.72,-18.59,-19.02,STOP
C-F08-2,2026-07-10,2026-07-10 15:01:00,-1,-0.00562123,11.3625,-11.36,-12.23,-12.67,STOP
C-F08-2,2026-07-13,2026-07-13 10:33:00,1,0.0050462,62.8313,-62.83,-63.70,-64.14,STOP
C-F08-2,2026-07-13,2026-07-13 11:04:00,1,0.0096641,39.1125,-39.11,-39.98,-40.42,STOP
C-F08-2,2026-07-13,2026-07-13 11:35:00,1,0.00603367,28.6500,-28.65,-29.52,-29.96,STOP
C-F08-2,2026-07-13,2026-07-13 12:06:00,1,0.0058808,29.3063,-29.31,-30.18,-30.61,STOP
C-F08-2,2026-07-13,2026-07-13 12:37:00,1,0.00474965,28.8937,50.50,49.63,49.20,TIME
C-F08-2,2026-07-13,2026-07-13 13:08:00,1,0.00602117,32.9062,-32.91,-33.78,-34.21,STOP
C-F08-2,2026-07-13,2026-07-13 13:40:00,1,0.00767056,23.7375,-23.74,-24.61,-25.04,STOP
C-F08-2,2026-07-13,2026-07-13 15:25:00,1,0.00609436,21.8813,-21.88,-22.75,-23.19,STOP
C-F08-2,2026-07-14,2026-07-14 11:07:00,-1,-0.00486346,43.3875,-43.39,-44.26,-44.69,STOP
C-F08-2,2026-07-14,2026-07-14 12:57:00,1,0.0063817,22.2750,36.25,35.38,34.95,TIME
C-F08-2,2026-07-14,2026-07-14 13:28:00,1,0.0139693,17.1375,-17.14,-18.01,-18.44,STOP
C-F08-2,2026-07-14,2026-07-14 13:59:00,1,0.00628311,15.8062,-15.81,-16.68,-17.11,STOP
C-F08-2,2026-07-15,2026-07-15 11:28:00,1,0.00658444,41.1562,-16.25,-17.12,-17.55,TIME
C-F08-2,2026-07-15,2026-07-15 11:59:00,1,0.00851723,30.3375,-30.34,-31.21,-31.64,STOP
C-F08-2,2026-07-15,2026-07-15 13:40:00,1,0.00509639,21.3000,91.75,90.88,90.44,TIME
C-F08-2,2026-07-15,2026-07-15 14:11:00,1,0.0127837,21.1875,-21.19,-22.06,-22.49,STOP
C-F08-2,2026-07-15,2026-07-15 14:42:00,1,0.0114806,17.6812,-17.68,-18.55,-18.99,STOP
C-F08-2,2026-07-16,2026-07-16 11:30:00,-1,-0.00548186,40.0875,-40.09,-40.96,-41.39,STOP
C-F08-2,2026-07-16,2026-07-16 13:21:00,1,0.00584488,31.6312,-31.63,-32.50,-32.94,STOP
C-F08-2,2026-07-17,2026-07-17 10:32:00,1,0.00803339,55.5375,-55.54,-56.41,-56.84,STOP
C-F08-2,2026-07-17,2026-07-17 11:05:00,-1,-0.005193,53.6813,-53.68,-54.55,-54.99,STOP
C-F08-2,2026-07-17,2026-07-17 11:36:00,-1,-0.0107976,46.1813,-46.18,-47.05,-47.49,STOP
C-F08-2,2026-07-17,2026-07-17 12:11:00,1,0.00544762,44.7750,-44.78,-45.65,-46.08,STOP
C-F08-2,2026-07-17,2026-07-17 13:29:00,1,0.00498415,29.4750,-29.47,-30.34,-30.78,STOP
C-F08-2,2026-07-17,2026-07-17 14:08:00,1,0.00537393,30.9188,-30.92,-31.79,-32.22,STOP
C-F08-2,2026-07-17,2026-07-17 14:39:00,-1,-0.0127346,31.1625,-31.16,-32.03,-32.47,STOP
C-F08-2,2026-07-17,2026-07-17 15:14:00,-1,-0.00502164,27.3375,-27.34,-28.21,-28.64,STOP
C-F08-2,2026-07-20,2026-07-20 10:32:00,1,0.0049975,48.2625,-48.26,-49.13,-49.57,STOP
C-F08-2,2026-07-20,2026-07-20 12:11:00,1,0.00560213,27.8438,-27.84,-28.71,-29.15,STOP
C-F08-2,2026-07-20,2026-07-20 13:07:00,1,0.00469816,31.0687,-31.07,-31.94,-32.37,STOP
C-F08-2,2026-07-20,2026-07-20 13:41:00,1,0.00583848,24.6562,-24.66,-25.53,-25.96,STOP
C-F08-2,2026-07-21,2026-07-21 11:46:00,1,0.00455797,21.9937,41.25,40.38,39.95,TIME
C-F08-2,2026-07-21,2026-07-21 13:26:00,1,0.00479357,14.0063,15.00,14.13,13.70,TIME
C-F08-2,2026-07-22,2026-07-22 11:21:00,1,0.00482718,23.1375,-23.14,-24.01,-24.44,STOP
C-F08-2,2026-07-22,2026-07-22 11:52:00,1,0.00588252,21.7125,14.25,13.38,12.95,TIME
C-F08-2,2026-07-22,2026-07-22 12:23:00,1,0.00899624,15.1313,-15.13,-16.00,-16.44,STOP
C-F08-2,2026-07-22,2026-07-22 12:54:00,1,0.00479267,15.3375,11.25,10.38,9.95,TIME
C-F08-2,2026-07-22,2026-07-22 13:42:00,1,0.00484738,17.2500,-17.25,-18.12,-18.55,STOP
C-F08-2,2026-07-22,2026-07-22 14:54:00,-1,-0.00605896,16.1437,-16.14,-17.01,-17.45,STOP
C-F08-2,2026-07-23,2026-07-23 11:11:00,-1,-0.00478359,36.0187,-36.02,-36.89,-37.32,STOP
C-F08-2,2026-07-23,2026-07-23 11:42:00,-1,-0.0107155,43.8000,-43.80,-44.67,-45.10,STOP
C-F08-2,2026-07-23,2026-07-23 12:19:00,1,0.00455422,31.2188,17.50,16.63,16.20,TIME
C-F08-2,2026-07-23,2026-07-23 12:50:00,1,0.00717874,29.4188,-29.42,-30.29,-30.72,STOP
C-F08-2,2026-07-23,2026-07-23 14:24:00,-1,-0.00526691,24.0000,-24.00,-24.87,-25.30,STOP
C-F08-2,2026-07-23,2026-07-23 14:55:00,-1,-0.00914409,21.8438,-2.25,-3.12,-3.55,TIME
C-F08-2,2026-07-23,2026-07-23 15:30:00,-1,-0.00589621,22.4438,-22.44,-23.31,-23.75,STOP
C-F08-2,2026-07-24,2026-07-24 10:32:00,1,0.00746585,59.4375,-59.44,-60.31,-60.74,STOP
C-F08-2,2026-07-24,2026-07-24 11:03:00,1,0.00458049,52.9500,-52.95,-53.82,-54.26,STOP
C-F08-2,2026-07-24,2026-07-24 11:50:00,1,0.00468001,40.8375,52.25,51.38,50.95,TIME
C-F08-2,2026-07-24,2026-07-24 12:21:00,1,0.0139166,29.0062,-29.01,-29.88,-30.31,STOP
C-F08-2,2026-07-24,2026-07-24 13:49:00,1,0.00461655,24.4125,-24.41,-25.28,-25.72,STOP
C-F08-2,2026-07-24,2026-07-24 14:26:00,-1,-0.00459588,22.0688,79.75,78.88,78.44,TIME
C-F08-2,2026-07-24,2026-07-24 15:15:00,-1,-0.00578997,31.7250,-31.72,-32.59,-33.03,STOP
C-F08-2,2026-07-27,2026-07-27 10:33:00,-1,-0.00508323,58.3875,-58.39,-59.26,-59.69,STOP
C-F08-2,2026-07-27,2026-07-27 11:32:00,1,0.00490746,49.8000,-49.80,-50.67,-51.10,STOP
C-F08-2,2026-07-27,2026-07-27 12:11:00,1,0.00475542,37.4250,-37.42,-38.29,-38.73,STOP
C-F08-2,2026-07-27,2026-07-27 12:50:00,-1,-0.00600981,38.8875,137.25,136.38,135.94,TIME
C-F08-2,2026-07-27,2026-07-27 13:21:00,-1,-0.0105933,31.5938,-31.59,-32.46,-32.90,STOP
C-F08-2,2026-07-27,2026-07-27 13:52:00,-1,-0.00523027,32.8312,-32.83,-33.70,-34.14,STOP
C-F08-2,2026-07-27,2026-07-27 14:23:00,1,0.00974888,26.7938,-26.79,-27.66,-28.10,STOP
C-F08-2,2026-07-27,2026-07-27 15:16:00,-1,-0.00700747,29.8125,-29.81,-30.68,-31.12,STOP
C-F08-2,2026-07-28,2026-07-28 10:32:00,-1,-0.00551453,65.7000,-65.70,-66.57,-67.01,STOP
C-F08-2,2026-07-28,2026-07-28 11:03:00,-1,-0.00642878,45.9375,-45.94,-46.81,-47.24,STOP
C-F08-2,2026-07-28,2026-07-28 12:24:00,-1,-0.00511018,28.3875,-28.39,-29.26,-29.69,STOP
C-F08-2,2026-07-28,2026-07-28 13:07:00,-1,-0.00511889,29.4188,-6.25,-7.12,-7.55,TIME
C-F08-2,2026-07-28,2026-07-28 13:48:00,-1,-0.00541463,25.4250,-25.42,-26.29,-26.73,STOP
C-F08-2,2026-07-28,2026-07-28 14:19:00,-1,-0.0094359,28.1063,-28.11,-28.98,-29.41,STOP
C-F08-2,2026-07-28,2026-07-28 14:50:00,-1,-0.0116685,25.0312,-25.03,-25.90,-26.34,STOP
C-F08-2,2026-07-28,2026-07-28 15:21:00,-1,-0.00775567,25.4250,-25.42,-26.29,-26.73,STOP
C-F08-2,2026-07-29,2026-07-29 10:33:00,-1,-0.00607569,54.1125,-11.75,-12.62,-13.05,TIME
C-F08-2,2026-07-29,2026-07-29 11:05:00,-1,-0.00562274,48.1687,59.50,58.63,58.20,TIME
C-F08-2,2026-07-29,2026-07-29 11:41:00,-1,-0.00862694,42.3000,73.25,72.38,71.94,TIME
C-F08-2,2026-07-29,2026-07-29 12:13:00,-1,-0.00507211,36.6000,-36.60,-37.47,-37.90,STOP
C-F08-2,2026-07-29,2026-07-29 13:28:00,1,0.00503398,35.0438,-35.04,-35.91,-36.35,STOP
C-F08-2,2026-07-29,2026-07-29 13:59:00,1,0.00696642,26.9625,51.00,50.13,49.70,TIME
C-F08-2,2026-07-29,2026-07-29 14:30:00,1,0.00864639,52.3688,306.00,305.13,304.69,TIME
C-F08-2,2026-07-29,2026-07-29 15:01:00,1,0.0161544,58.5563,-58.56,-59.43,-59.86,STOP
C-F08-2,2026-07-30,2026-07-30 10:32:00,1,0.0068883,45.1500,-45.15,-46.02,-46.46,STOP
C-F08-2,2026-07-30,2026-07-30 11:46:00,-1,-0.00558421,46.1063,-46.11,-46.98,-47.41,STOP
C-F08-2,2026-07-30,2026-07-30 12:32:00,1,0.00592655,25.6875,-25.69,-26.56,-26.99,STOP
C-F08-2,2026-07-30,2026-07-30 13:06:00,1,0.00639203,30.1312,-4.25,-5.12,-5.55,TIME
C-F08-2,2026-07-30,2026-07-30 14:43:00,1,0.00588287,19.8375,118.75,117.88,117.44,TIME
C-F08-2,2026-07-30,2026-07-30 15:19:00,1,0.00543335,23.4188,-23.42,-24.29,-24.72,STOP
C-F08-2,2026-07-31,2026-07-31 10:58:00,1,0.00547922,55.6875,-55.69,-56.56,-56.99,STOP
C-F08-2,2026-07-31,2026-07-31 11:32:00,1,0.00541019,56.7937,139.00,138.13,137.69,TIME
C-F08-2,2026-07-31,2026-07-31 12:18:00,1,0.00675467,38.3250,63.75,62.88,62.45,TIME
C-F08-2,2026-07-31,2026-07-31 12:59:00,1,0.00672974,30.4875,70.50,69.63,69.19,TIME
C-F08-2,2026-07-31,2026-07-31 13:31:00,1,0.00544055,24.4875,-24.49,-25.36,-25.79,STOP
C-F08-2,2026-07-31,2026-07-31 14:08:00,1,0.00576735,26.8312,-26.83,-27.70,-28.14,STOP
C-F08-2,2026-07-31,2026-07-31 15:22:00,1,0.00652885,23.2125,-23.21,-24.08,-24.52,STOP
C-F08-2,2026-08-03,2026-08-03 10:32:00,1,0.00797644,38.1000,122.75,121.88,121.44,TIME
C-F08-2,2026-08-03,2026-08-03 11:03:00,1,0.00657009,27.1500,-27.15,-28.02,-28.46,STOP
C-F08-2,2026-08-03,2026-08-03 11:35:00,1,0.00563145,30.6375,33.50,32.63,32.20,TIME
C-F08-2,2026-08-03,2026-08-03 14:04:00,1,0.00651398,11.6812,-11.68,-12.55,-12.99,STOP
C-F08-2,2026-08-04,2026-08-04 15:00:00,1,0.0063795,18.1313,10.75,9.88,9.45,TIME
C-F08-2,2026-08-05,2026-08-05 10:37:00,1,0.00583119,54.4313,-54.43,-55.30,-55.74,STOP
C-F08-2,2026-08-05,2026-08-05 11:50:00,1,0.00682268,32.1000,-32.10,-32.97,-33.40,STOP
C-F08-2,2026-08-05,2026-08-05 12:21:00,1,0.00682606,33.4500,51.75,50.88,50.45,TIME
C-F08-2,2026-08-05,2026-08-05 13:28:00,1,0.00601991,26.5687,-26.57,-27.44,-27.87,STOP
C-F08-2,2026-08-05,2026-08-05 13:59:00,1,0.00892756,21.5063,10.00,9.13,8.70,TIME
C-F08-2,2026-08-05,2026-08-05 14:39:00,1,0.00563868,18.7500,-18.75,-19.62,-20.05,STOP
C-F08-2,2026-08-05,2026-08-05 15:15:00,1,0.00603485,18.9562,-18.96,-19.83,-20.26,STOP
C-F08-2,2026-08-06,2026-08-06 10:33:00,1,0.00568971,41.8312,-41.83,-42.70,-43.14,STOP
C-F08-2,2026-08-06,2026-08-06 11:04:00,1,0.00608107,45.9188,-45.92,-46.79,-47.22,STOP
C-F08-2,2026-08-06,2026-08-06 11:36:00,1,0.00591103,39.1875,-39.19,-40.06,-40.49,STOP
C-F08-2,2026-08-06,2026-08-06 12:07:00,1,0.0094055,42.6750,-42.67,-43.54,-43.98,STOP
C-F08-2,2026-08-06,2026-08-06 13:47:00,1,0.00561367,23.2687,28.50,27.63,27.20,TIME
C-F08-2,2026-08-06,2026-08-06 14:18:00,1,0.00834854,25.2188,-25.22,-26.09,-26.52,STOP
C-F08-2,2026-08-06,2026-08-06 14:49:00,1,0.00978349,17.7563,-17.76,-18.63,-19.06,STOP
C-F08-2,2026-08-06,2026-08-06 15:20:00,1,0.0102588,19.7437,-19.74,-20.61,-21.05,STOP
C-F08-2,2026-08-07,2026-08-07 15:16:00,1,0.00575285,20.2687,-20.27,-21.14,-21.57,STOP
C-F08-2,2026-08-10,2026-08-10 10:32:00,1,0.00607826,32.2500,-32.25,-33.12,-33.55,STOP
C-F08-2,2026-08-10,2026-08-10 11:03:00,1,0.006882,30.6375,-30.64,-31.51,-31.94,STOP
C-F08-2,2026-08-10,2026-08-10 13:43:00,1,0.00667206,12.2062,-12.21,-13.08,-13.51,STOP
C-F08-2,2026-08-11,2026-08-11 12:23:00,1,0.00725078,16.7437,-16.74,-17.61,-18.05,STOP
C-F08-2,2026-08-12,2026-08-12 11:28:00,1,0.00538434,22.7062,-22.71,-23.58,-24.01,STOP
C-F08-2,2026-08-12,2026-08-12 11:59:00,1,0.00596107,18.9562,39.75,38.88,38.45,TIME
C-F08-2,2026-08-12,2026-08-12 13:51:00,1,0.00542957,9.6375,-9.64,-10.51,-10.94,STOP
C-F08-2,2026-08-12,2026-08-12 14:34:00,1,0.00619828,11.0813,-11.08,-11.95,-12.39,STOP
C-F08-2,2026-08-13,2026-08-13 10:42:00,1,0.00604406,19.1250,-19.12,-20.00,-20.43,STOP
C-F08-2,2026-08-13,2026-08-13 13:41:00,1,0.00545911,10.2375,-10.24,-11.11,-11.54,STOP
C-F08-2,2026-08-14,2026-08-14 11:06:00,1,0.00649133,22.1812,-22.18,-23.05,-23.49,STOP
C-F08-2,2026-08-14,2026-08-14 13:27:00,1,0.00556343,14.6250,10.00,9.13,8.70,TIME
C-F08-2,2026-08-14,2026-08-14 14:39:00,1,0.00543318,10.1250,6.00,5.13,4.70,TIME
C-F08-2,2026-08-14,2026-08-14 15:10:00,1,0.00716252,10.3687,-10.37,-11.24,-11.67,STOP
C-F08-2,2026-08-17,2026-08-17 14:05:00,1,0.0052624,13.8750,-13.88,-14.74,-15.18,STOP
