cand,day,entry_et,dir,signal,extra
C-F12-1,2025-08-19,2025-08-19 09:31:00,-1,-0.0103759,twin=-1 div=0
C-F12-1,2025-08-20,2025-08-20 09:31:00,-1,-0.0123879,twin=-1 div=0
C-F12-1,2025-08-21,2025-08-21 09:31:00,-1,-0.0135437,twin=-1 div=0
C-F12-1,2025-08-22,2025-08-22 09:31:00,-1,-0.00548386,twin=1 div=1
C-F12-1,2025-08-25,2025-08-25 09:31:00,-1,-0.00946533,twin=-1 div=0
C-F12-1,2025-08-26,2025-08-26 09:31:00,-1,-0.0122548,twin=-1 div=0
C-F12-1,2025-08-27,2025-08-27 09:31:00,-1,-0.00736199,twin=-1 div=0
C-F12-1,2025-08-28,2025-08-28 09:31:00,1,0.00238578,twin=1 div=0
C-F12-1,2025-08-29,2025-08-29 09:31:00,-1,-0.0153698,twin=-1 div=0
C-F12-1,2025-09-01,2025-09-01 09:31:00,-1,-0.0125357,twin=-1 div=0
C-F12-1,2025-09-02,2025-09-02 09:31:00,-1,-0.0288723,twin=-1 div=0
C-F12-1,2025-09-03,2025-09-03 09:31:00,1,0.00248343,twin=1 div=0
C-F12-1,2025-09-04,2025-09-04 09:31:00,1,0.00281232,twin=1 div=0
C-F12-1,2025-09-05,2025-09-05 09:31:00,1,0.0178306,twin=1 div=0
C-F12-1,2025-09-08,2025-09-08 09:31:00,1,0.0103661,twin=1 div=0
C-F12-1,2025-09-09,2025-09-09 09:31:00,1,7.07114e-05,twin=1 div=0
C-F12-1,2025-09-10,2025-09-10 09:31:00,1,0.0125026,twin=1 div=0
C-F12-1,2025-09-11,2025-09-11 09:31:00,1,0.0112835,twin=1 div=0
C-F12-1,2025-09-12,2025-09-12 09:31:00,1,0.0122238,twin=1 div=0
C-F12-1,2025-09-15,2025-09-15 09:31:00,-1,-0.0039439,twin=1 div=1
C-F12-1,2025-09-16,2025-09-16 09:31:00,-1,-0.0049395,twin=1 div=1
C-F12-1,2025-09-17,2025-09-17 09:31:00,-1,-0.0234426,twin=-1 div=0
C-F12-1,2025-09-18,2025-09-18 09:31:00,1,0.0139417,twin=1 div=0
C-F12-1,2025-09-19,2025-09-19 09:31:00,-1,-0.000117401,twin=1 div=1
C-F12-1,2025-09-22,2025-09-22 09:31:00,-1,-0.0223265,twin=-1 div=0
C-F12-1,2025-09-23,2025-09-23 09:31:00,-1,-0.00136064,twin=1 div=1
C-F12-1,2025-09-24,2025-09-24 09:31:00,1,0.00412345,twin=1 div=0
C-F12-1,2025-09-25,2025-09-25 09:31:00,-1,-0.0254261,twin=-1 div=0
C-F12-1,2025-09-26,2025-09-26 09:31:00,-1,-0.00403073,twin=1 div=1
C-F12-1,2025-09-29,2025-09-29 09:31:00,1,0.0229411,twin=1 div=0
C-F12-1,2025-09-30,2025-09-30 09:31:00,1,0.0104705,twin=1 div=0
C-F12-1,2025-10-01,2025-10-01 09:31:00,-1,-0.00723588,twin=-1 div=0
C-F12-1,2025-10-02,2025-10-02 09:31:00,1,0.0280234,twin=1 div=0
C-F12-1,2025-10-03,2025-10-03 09:31:00,1,0.00128336,twin=1 div=0
C-F12-1,2025-10-06,2025-10-06 09:31:00,1,0.0244824,twin=1 div=0
C-F12-1,2025-10-07,2025-10-07 09:31:00,1,0.0117364,twin=1 div=0
C-F12-1,2025-10-08,2025-10-08 09:31:00,-1,-0.00773942,twin=1 div=1
C-F12-1,2025-10-09,2025-10-09 09:31:00,1,0.000254514,twin=-1 div=1
C-F12-1,2025-10-10,2025-10-10 09:31:00,-1,-0.00875484,twin=1 div=1
C-F12-1,2025-10-13,2025-10-13 09:31:00,1,0.00835507,twin=1 div=0
C-F12-1,2025-10-14,2025-10-14 09:31:00,-1,-0.00964988,twin=-1 div=0
C-F12-1,2025-10-15,2025-10-15 09:31:00,1,0.0197241,twin=1 div=0
C-F12-1,2025-10-16,2025-10-16 09:31:00,1,0.000871625,twin=1 div=0
C-F12-1,2025-10-17,2025-10-17 09:31:00,-1,-0.00511573,twin=-1 div=0
C-F12-1,2025-10-20,2025-10-20 09:31:00,1,0.00628742,twin=1 div=0
C-F12-1,2025-10-21,2025-10-21 09:31:00,1,0.00337779,twin=-1 div=1
C-F12-1,2025-10-22,2025-10-22 09:31:00,-1,-0.0113468,twin=-1 div=0
C-F12-1,2025-10-23,2025-10-23 09:31:00,-1,-0.00433308,twin=-1 div=0
C-F12-1,2025-10-24,2025-10-24 09:31:00,1,0.0201337,twin=1 div=0
C-F12-1,2025-10-27,2025-10-27 09:31:00,1,0.0148657,twin=1 div=0
C-F12-1,2025-10-28,2025-10-28 09:31:00,1,0.00406896,twin=1 div=0
C-F12-1,2025-10-29,2025-10-29 09:31:00,1,0.0171548,twin=1 div=0
C-F12-1,2025-10-30,2025-10-30 09:31:00,-1,-0.0128933,twin=-1 div=0
C-F12-1,2025-10-31,2025-10-31 09:31:00,1,0.00538092,twin=1 div=0
C-F12-1,2025-11-03,2025-11-03 09:31:00,1,0.0200293,twin=1 div=0
C-F12-1,2025-11-04,2025-11-04 09:31:00,-1,-0.0202385,twin=-1 div=0
C-F12-1,2025-11-05,2025-11-05 09:31:00,1,0.00345431,twin=1 div=0
C-F12-1,2025-11-06,2025-11-06 09:31:00,-1,-0.00148237,twin=1 div=1
C-F12-1,2025-11-07,2025-11-07 09:31:00,-1,-0.0114818,twin=-1 div=0
C-F12-1,2025-11-10,2025-11-10 09:31:00,1,0.000598032,twin=1 div=0
C-F12-1,2025-11-11,2025-11-11 09:31:00,-1,-0.0125547,twin=-1 div=0
C-F12-1,2025-11-12,2025-11-12 09:31:00,1,0.0165687,twin=1 div=0
C-F12-1,2025-11-13,2025-11-13 09:31:00,-1,-0.0119275,twin=-1 div=0
C-F12-1,2025-11-14,2025-11-14 09:31:00,-1,-0.014751,twin=-1 div=0
C-F12-1,2025-11-17,2025-11-17 09:31:00,-1,-0.00398796,twin=-1 div=0
C-F12-1,2025-11-18,2025-11-18 09:31:00,-1,-0.00567646,twin=-1 div=0
C-F12-1,2025-11-19,2025-11-19 09:31:00,1,1.12577e-05,twin=1 div=0
C-F12-1,2025-11-20,2025-11-20 09:31:00,1,0.00133152,twin=1 div=0
C-F12-1,2025-11-21,2025-11-21 09:31:00,-1,-0.00902118,twin=1 div=1
C-F12-1,2025-11-24,2025-11-24 09:31:00,-1,-0.00603659,twin=1 div=1
C-F12-1,2025-11-25,2025-11-25 09:31:00,-1,-0.00850149,twin=-1 div=0
C-F12-1,2025-11-26,2025-11-26 09:31:00,1,0.00465525,twin=1 div=0
C-F12-1,2025-11-27,2025-11-27 09:31:00,1,0.00237195,twin=-1 div=1
C-F12-1,2025-12-01,2025-12-01 09:31:00,-1,-0.0147839,twin=-1 div=0
C-F12-1,2025-12-02,2025-12-02 09:31:00,1,0.0107128,twin=1 div=0
C-F12-1,2025-12-03,2025-12-03 09:31:00,1,0.000407829,twin=1 div=0
C-F12-1,2025-12-04,2025-12-04 09:31:00,-1,-0.00348699,twin=-1 div=0
C-F12-1,2025-12-05,2025-12-05 09:31:00,-1,-0.00492617,twin=-1 div=0
C-F12-1,2025-12-08,2025-12-08 09:31:00,1,0.0160775,twin=1 div=0
C-F12-1,2025-12-09,2025-12-09 09:31:00,-1,-0.022405,twin=-1 div=0
C-F12-1,2025-12-10,2025-12-10 09:31:00,-1,-0.000977263,twin=-1 div=0
C-F12-1,2025-12-11,2025-12-11 09:31:00,-1,-0.01482,twin=-1 div=0
C-F12-1,2025-12-12,2025-12-12 09:31:00,-1,-0.00222414,twin=-1 div=0
C-F12-1,2025-12-15,2025-12-15 09:31:00,1,0.0115954,twin=1 div=0
C-F12-1,2025-12-16,2025-12-16 09:31:00,-1,-0.00979331,twin=-1 div=0
C-F12-1,2025-12-17,2025-12-17 09:31:00,1,0.00263954,twin=1 div=0
C-F12-1,2025-12-18,2025-12-18 09:31:00,1,0.0108599,twin=1 div=0
C-F12-1,2025-12-19,2025-12-19 09:31:00,-1,-0.00138541,twin=1 div=1
C-F12-1,2025-12-22,2025-12-22 09:31:00,1,0.0298077,twin=1 div=0
C-F12-1,2025-12-23,2025-12-23 09:31:00,-1,-0.0193772,twin=-1 div=0
C-F12-1,2025-12-24,2025-12-24 09:31:00,-1,-0.000827102,twin=1 div=1
C-F12-1,2025-12-26,2025-12-26 09:31:00,-1,-0.0104017,twin=1 div=1
C-F12-1,2025-12-29,2025-12-29 09:31:00,-1,-0.0310387,twin=-1 div=0
C-F12-1,2025-12-30,2025-12-30 09:31:00,1,0.000402028,twin=-1 div=1
C-F12-1,2025-12-31,2025-12-31 09:31:00,-1,-0.00728136,twin=1 div=1
C-F12-1,2026-01-02,2026-01-02 09:31:00,1,0.0228674,twin=1 div=0
C-F12-1,2026-01-05,2026-01-05 09:31:00,1,0.0080494,twin=1 div=0
C-F12-1,2026-01-06,2026-01-06 09:31:00,1,0.0104013,twin=1 div=0
C-F12-1,2026-01-07,2026-01-07 09:31:00,-1,-0.00271098,twin=-1 div=0
C-F12-1,2026-01-08,2026-01-08 09:31:00,-1,-0.0177968,twin=-1 div=0
C-F12-1,2026-01-09,2026-01-09 09:31:00,1,0.00876672,twin=1 div=0
C-F12-1,2026-01-12,2026-01-12 09:31:00,-1,-0.0190026,twin=-1 div=0
C-F12-1,2026-01-13,2026-01-13 09:31:00,1,0.00137846,twin=1 div=0
C-F12-1,2026-01-14,2026-01-14 09:31:00,-1,-0.0196539,twin=-1 div=0
C-F12-1,2026-01-15,2026-01-15 09:31:00,1,0.0197865,twin=1 div=0
C-F12-1,2026-01-16,2026-01-16 09:31:00,1,0.0033218,twin=1 div=0
C-F12-1,2026-01-19,2026-01-19 09:31:00,-1,-0.0136693,twin=-1 div=0
C-F12-1,2026-01-20,2026-01-20 09:31:00,-1,-0.0167286,twin=-1 div=0
C-F12-1,2026-01-21,2026-01-21 09:31:00,-1,-0.00748827,twin=-1 div=0
C-F12-1,2026-01-22,2026-01-22 09:31:00,1,0.01335,twin=1 div=0
C-F12-1,2026-01-23,2026-01-23 09:31:00,-1,-0.0111465,twin=-1 div=0
C-F12-1,2026-01-26,2026-01-26 09:31:00,1,0.00486077,twin=1 div=0
C-F12-1,2026-01-27,2026-01-27 09:31:00,1,0.0225675,twin=1 div=0
C-F12-1,2026-01-28,2026-01-28 09:31:00,1,0.00860301,twin=1 div=0
C-F12-1,2026-01-29,2026-01-29 09:31:00,-1,-0.00783904,twin=-1 div=0
C-F12-1,2026-01-30,2026-01-30 09:31:00,-1,-0.0100499,twin=-1 div=0
C-F12-1,2026-02-02,2026-02-02 09:31:00,-1,-0.00356075,twin=-1 div=0
C-F12-1,2026-02-03,2026-02-03 09:31:00,1,0.00739692,twin=1 div=0
C-F12-1,2026-02-04,2026-02-04 09:31:00,-1,-0.0106482,twin=-1 div=0
C-F12-1,2026-02-05,2026-02-05 09:31:00,-1,-0.0103815,twin=-1 div=0
C-F12-1,2026-02-06,2026-02-06 09:31:00,-1,-0.00429257,twin=1 div=1
C-F12-1,2026-02-09,2026-02-09 09:31:00,-1,-0.0133221,twin=-1 div=0
C-F12-1,2026-02-10,2026-02-10 09:31:00,-1,-0.0122811,twin=1 div=1
C-F12-1,2026-02-11,2026-02-11 09:31:00,1,0.0042158,twin=1 div=0
C-F12-1,2026-02-12,2026-02-12 09:31:00,1,0.0125389,twin=1 div=0
C-F12-1,2026-02-13,2026-02-13 09:31:00,-1,-0.0118656,twin=-1 div=0
C-F12-1,2026-02-16,2026-02-16 09:31:00,1,0.00102024,twin=1 div=0
C-F12-1,2026-02-17,2026-02-17 09:31:00,-1,-0.0185926,twin=-1 div=0
C-F12-1,2026-02-18,2026-02-18 09:31:00,1,0.00194882,twin=1 div=0
C-F12-1,2026-02-19,2026-02-19 09:31:00,-1,-0.0197521,twin=-1 div=0
C-F12-1,2026-02-20,2026-02-20 09:31:00,-1,-0.0115446,twin=-1 div=0
C-F12-1,2026-02-23,2026-02-23 09:31:00,-1,-0.00490687,twin=-1 div=0
C-F12-1,2026-02-24,2026-02-24 09:31:00,1,0.00585348,twin=1 div=0
C-F12-1,2026-02-25,2026-02-25 09:31:00,1,0.0137573,twin=1 div=0
C-F12-1,2026-02-26,2026-02-26 09:31:00,-1,-0.000216827,twin=-1 div=0
C-F12-1,2026-02-27,2026-02-27 09:31:00,-1,-0.0120662,twin=-1 div=0
C-F12-1,2026-03-02,2026-03-02 09:31:00,-1,-0.00956321,twin=-1 div=0
C-F12-1,2026-03-03,2026-03-03 09:31:00,-1,-0.0121031,twin=-1 div=0
C-F12-1,2026-03-04,2026-03-04 09:31:00,1,0.00698728,twin=1 div=0
C-F12-1,2026-03-05,2026-03-05 09:31:00,-1,-0.00448061,twin=-1 div=0
C-F12-1,2026-03-06,2026-03-06 09:31:00,-1,-0.0111839,twin=-1 div=0
C-F12-1,2026-03-09,2026-03-09 09:31:00,-1,-0.00398068,twin=-1 div=0
C-F12-1,2026-03-10,2026-03-10 09:31:00,1,0.00243316,twin=-1 div=1
C-F12-1,2026-03-11,2026-03-11 09:31:00,1,0.00134867,twin=-1 div=1
C-F12-1,2026-03-12,2026-03-12 09:31:00,-1,-0.0105931,twin=-1 div=0
C-F12-1,2026-03-13,2026-03-13 09:31:00,1,0.00198991,twin=1 div=0
C-F12-1,2026-03-16,2026-03-16 09:31:00,1,0.00318542,twin=1 div=0
C-F12-1,2026-03-17,2026-03-17 09:31:00,1,0.0102656,twin=1 div=0
C-F12-1,2026-03-18,2026-03-18 09:31:00,-1,-0.00361288,twin=-1 div=0
C-F12-1,2026-03-19,2026-03-19 09:31:00,-1,-0.0112427,twin=-1 div=0
C-F12-1,2026-03-20,2026-03-20 09:31:00,-1,-0.00327618,twin=-1 div=0
C-F12-1,2026-03-23,2026-03-23 09:31:00,1,0.00285568,twin=1 div=0
C-F12-1,2026-03-24,2026-03-24 09:31:00,-1,-0.00483533,twin=-1 div=0
C-F12-1,2026-03-25,2026-03-25 09:31:00,-1,-0.00207025,twin=1 div=1
C-F12-1,2026-03-26,2026-03-26 09:31:00,-1,-0.0129491,twin=-1 div=0
C-F12-1,2026-03-27,2026-03-27 09:31:00,-1,-0.0216417,twin=-1 div=0
C-F12-1,2026-03-30,2026-03-30 09:31:00,1,0.00789366,twin=1 div=0
C-F12-1,2026-03-31,2026-03-31 09:31:00,1,0.00954149,twin=1 div=0
C-F12-1,2026-04-01,2026-04-01 09:31:00,1,0.00482448,twin=1 div=0
C-F12-1,2026-04-02,2026-04-02 09:31:00,-1,-0.0188287,twin=-1 div=0
C-F12-1,2026-04-06,2026-04-06 09:31:00,1,0.00933585,twin=1 div=0
C-F12-1,2026-04-07,2026-04-07 09:31:00,-1,-0.00349177,twin=-1 div=0
C-F12-1,2026-04-08,2026-04-08 09:31:00,1,0.00772796,twin=1 div=0
C-F12-1,2026-04-09,2026-04-09 09:31:00,-1,-0.00248777,twin=-1 div=0
C-F12-1,2026-04-10,2026-04-10 09:31:00,1,0.00964146,twin=1 div=0
C-F12-1,2026-04-13,2026-04-13 09:31:00,1,0.000436027,twin=1 div=0
C-F12-1,2026-04-14,2026-04-14 09:31:00,1,0.0148028,twin=1 div=0
C-F12-1,2026-04-15,2026-04-15 09:31:00,-1,-0.00264458,twin=1 div=1
C-F12-1,2026-04-16,2026-04-16 09:31:00,-1,-0.00751156,twin=1 div=1
C-F12-1,2026-04-17,2026-04-17 09:31:00,1,0.0170706,twin=1 div=0
C-F12-1,2026-04-20,2026-04-20 09:31:00,-1,-0.0033373,twin=1 div=1
C-F12-1,2026-04-21,2026-04-21 09:31:00,1,0.00453933,twin=1 div=0
C-F12-1,2026-04-22,2026-04-22 09:31:00,1,0.0106937,twin=1 div=0
C-F12-1,2026-04-23,2026-04-23 09:31:00,-1,-0.0115054,twin=-1 div=0
C-F12-1,2026-04-24,2026-04-24 09:31:00,1,0.0101948,twin=1 div=0
C-F12-1,2026-04-27,2026-04-27 09:31:00,1,0.00667655,twin=1 div=0
C-F12-1,2026-04-28,2026-04-28 09:31:00,-1,-0.0259896,twin=-1 div=0
C-F12-1,2026-04-29,2026-04-29 09:31:00,-1,-0.0068571,twin=1 div=1
C-F12-1,2026-04-30,2026-04-30 09:31:00,1,0.00880646,twin=1 div=0
C-F12-1,2026-05-01,2026-05-01 09:31:00,-1,-0.00140128,twin=-1 div=0
C-F12-1,2026-05-04,2026-05-04 09:31:00,1,0.00121362,twin=-1 div=1
C-F12-1,2026-05-05,2026-05-05 09:31:00,1,0.0198459,twin=1 div=0
C-F12-1,2026-05-06,2026-05-06 09:31:00,1,0.00977559,twin=1 div=0
C-F12-1,2026-05-07,2026-05-07 09:31:00,1,0.00602649,twin=1 div=0
C-F12-1,2026-05-08,2026-05-08 09:31:00,1,0.0165877,twin=1 div=0
C-F12-1,2026-05-11,2026-05-11 09:31:00,-1,-0.00337879,twin=1 div=1
C-F12-1,2026-05-12,2026-05-12 09:31:00,-1,-0.0190696,twin=-1 div=0
C-F12-1,2026-05-13,2026-05-13 09:31:00,-1,-0.00158283,twin=1 div=1
C-F12-1,2026-05-14,2026-05-14 09:31:00,-1,-0.00389869,twin=-1 div=0
C-F12-1,2026-05-15,2026-05-15 09:31:00,-1,-0.0166087,twin=-1 div=0
C-F12-1,2026-05-18,2026-05-18 09:31:00,1,0.000324734,twin=1 div=0
C-F12-1,2026-05-19,2026-05-19 09:31:00,-1,-0.0029183,twin=-1 div=0
C-F12-1,2026-05-20,2026-05-20 09:31:00,1,0.00532435,twin=1 div=0
C-F12-1,2026-05-21,2026-05-21 09:31:00,1,0.0038764,twin=-1 div=1
C-F12-1,2026-05-22,2026-05-22 09:31:00,1,0.00857832,twin=1 div=0
C-F12-1,2026-05-25,2026-05-25 09:31:00,1,0.00250833,twin=1 div=0
C-F12-1,2026-05-26,2026-05-26 09:31:00,1,0.00653888,twin=-1 div=1
C-F12-1,2026-05-27,2026-05-27 09:31:00,1,0.00628475,twin=1 div=0
C-F12-1,2026-05-28,2026-05-28 09:31:00,-1,-0.0163667,twin=-1 div=0
C-F12-1,2026-05-29,2026-05-29 09:31:00,1,0.00355985,twin=1 div=0
C-F12-1,2026-06-01,2026-06-01 09:31:00,1,0.00269385,twin=1 div=0
C-F12-1,2026-06-02,2026-06-02 09:31:00,-1,-0.00648698,twin=-1 div=0
C-F12-1,2026-06-03,2026-06-03 09:31:00,-1,-0.00218292,twin=-1 div=0
C-F12-1,2026-06-04,2026-06-04 09:31:00,-1,-0.00961553,twin=-1 div=0
C-F12-1,2026-06-05,2026-06-05 09:31:00,-1,-0.0143888,twin=-1 div=0
C-F12-1,2026-06-08,2026-06-08 09:31:00,1,0.00979688,twin=1 div=0
C-F12-1,2026-06-09,2026-06-09 09:31:00,1,0.00663737,twin=1 div=0
C-F12-1,2026-06-10,2026-06-10 09:31:00,-1,-0.00550424,twin=-1 div=0
C-F12-1,2026-06-11,2026-06-11 09:31:00,1,0.0103233,twin=1 div=0
C-F12-1,2026-06-12,2026-06-12 09:31:00,-1,-0.0075489,twin=-1 div=0
C-F12-1,2026-06-15,2026-06-15 09:31:00,1,0.00727897,twin=1 div=0
C-F12-1,2026-06-16,2026-06-16 09:31:00,1,0.00950338,twin=-1 div=1
C-F12-1,2026-06-17,2026-06-17 09:31:00,1,0.00961415,twin=1 div=0
C-F12-1,2026-06-18,2026-06-18 09:31:00,1,0.00408535,twin=1 div=0
C-F12-1,2026-06-19,2026-06-19 09:31:00,-1,-0.0134624,twin=-1 div=0
C-F12-1,2026-06-22,2026-06-22 09:31:00,1,0.00714747,twin=1 div=0
C-F12-1,2026-06-23,2026-06-23 09:31:00,-1,-0.0161926,twin=-1 div=0
C-F12-1,2026-06-24,2026-06-24 09:31:00,1,0.000647128,twin=-1 div=1
C-F12-1,2026-06-25,2026-06-25 09:31:00,1,0.00351256,twin=1 div=0
C-F12-1,2026-06-26,2026-06-26 09:31:00,-1,-0.00761608,twin=-1 div=0
C-F12-1,2026-06-29,2026-06-29 09:31:00,1,0.00162411,twin=1 div=0
C-F12-1,2026-06-30,2026-06-30 09:31:00,1,0.00223374,twin=1 div=0
C-F12-1,2026-07-01,2026-07-01 09:31:00,-1,-0.0015193,twin=-1 div=0
C-F12-1,2026-07-02,2026-07-02 09:31:00,-1,-0.00265731,twin=1 div=1
C-F12-1,2026-07-03,2026-07-03 09:31:00,1,0.00030236,twin=1 div=0
C-F12-1,2026-07-06,2026-07-06 09:31:00,-1,-0.00323968,twin=-1 div=0
C-F12-1,2026-07-07,2026-07-07 09:31:00,-1,-0.0086854,twin=-1 div=0
C-F12-1,2026-07-08,2026-07-08 09:31:00,-1,-0.00314984,twin=-1 div=0
C-F12-1,2026-07-09,2026-07-09 09:31:00,1,0.0110147,twin=1 div=0
C-F12-1,2026-07-10,2026-07-10 09:31:00,-1,-0.00559325,twin=-1 div=0
C-F12-1,2026-07-13,2026-07-13 09:31:00,-1,-0.00329466,twin=-1 div=0
C-F12-1,2026-07-14,2026-07-14 09:31:00,1,0.00883222,twin=1 div=0
C-F12-1,2026-07-15,2026-07-15 09:31:00,1,0.0106613,twin=1 div=0
C-F12-1,2026-07-16,2026-07-16 09:31:00,-1,-0.00111618,twin=-1 div=0
C-F12-1,2026-07-17,2026-07-17 09:31:00,-1,-0.00743003,twin=-1 div=0
C-F12-1,2026-07-20,2026-07-20 09:31:00,1,0.0027319,twin=1 div=0
C-F12-1,2026-07-21,2026-07-21 09:31:00,1,0.00666176,twin=1 div=0
C-F12-1,2026-07-22,2026-07-22 09:31:00,-1,-0.0100606,twin=-1 div=0
C-F12-1,2026-07-23,2026-07-23 09:31:00,-1,-0.00439695,twin=-1 div=0
C-F12-1,2026-07-24,2026-07-24 09:31:00,-1,-0.00570292,twin=-1 div=0
C-F12-1,2026-07-27,2026-07-27 09:31:00,1,0.00760546,twin=1 div=0
C-F12-1,2026-07-28,2026-07-28 09:31:00,-1,-0.00791589,twin=-1 div=0
C-F12-1,2026-07-29,2026-07-29 09:31:00,-1,-0.000322621,twin=-1 div=0
C-F12-1,2026-07-30,2026-07-30 09:31:00,1,0.00353105,twin=1 div=0
C-F12-1,2026-07-31,2026-07-31 09:31:00,-1,-0.00192444,twin=1 div=1
C-F12-1,2026-08-03,2026-08-03 09:31:00,-1,-0.00417316,twin=-1 div=0
C-F12-1,2026-08-04,2026-08-04 09:31:00,1,0.00405753,twin=1 div=0
C-F12-1,2026-08-05,2026-08-05 09:31:00,1,0.000457683,twin=1 div=0
C-F12-1,2026-08-06,2026-08-06 09:31:00,-1,-0.00542374,twin=-1 div=0
C-F12-1,2026-08-07,2026-08-07 09:31:00,1,0.00750576,twin=1 div=0
C-F12-1,2026-08-10,2026-08-10 09:31:00,-1,-0.00801287,twin=-1 div=0
C-F12-1,2026-08-11,2026-08-11 09:31:00,1,0.00388129,twin=1 div=0
C-F12-1,2026-08-12,2026-08-12 09:31:00,1,0.0077294,twin=1 div=0
C-F12-1,2026-08-13,2026-08-13 09:31:00,1,0.00377193,twin=1 div=0
C-F12-1,2026-08-14,2026-08-14 09:31:00,1,0.00149299,twin=1 div=0
C-F12-1,2026-08-17,2026-08-17 09:31:00,1,0.00288857,twin=1 div=0
C-F12-1b,2025-08-19,2025-08-19 09:31:00,-1,-0.0103759,twin=-1 div=0
C-F12-1b,2025-08-20,2025-08-20 09:31:00,-1,-0.0123879,twin=-1 div=0
C-F12-1b,2025-08-21,2025-08-21 09:31:00,-1,-0.0135437,twin=-1 div=0
C-F12-1b,2025-08-22,2025-08-22 09:31:00,-1,-0.00548386,twin=1 div=1
C-F12-1b,2025-08-25,2025-08-25 09:31:00,-1,-0.00946533,twin=-1 div=0
C-F12-1b,2025-08-26,2025-08-26 09:31:00,-1,-0.0122548,twin=-1 div=0
C-F12-1b,2025-08-27,2025-08-27 09:31:00,-1,-0.00736199,twin=-1 div=0
C-F12-1b,2025-08-28,2025-08-28 09:31:00,1,0.00238578,twin=1 div=0
C-F12-1b,2025-08-29,2025-08-29 09:31:00,-1,-0.0153698,twin=-1 div=0
C-F12-1b,2025-09-01,2025-09-01 09:31:00,-1,-0.0125357,twin=-1 div=0
C-F12-1b,2025-09-02,2025-09-02 09:31:00,-1,-0.0288723,twin=-1 div=0
C-F12-1b,2025-09-03,2025-09-03 09:31:00,1,0.00248343,twin=1 div=0
C-F12-1b,2025-09-04,2025-09-04 09:31:00,1,0.00281232,twin=1 div=0
C-F12-1b,2025-09-05,2025-09-05 09:31:00,1,0.0178306,twin=1 div=0
C-F12-1b,2025-09-08,2025-09-08 09:31:00,1,0.0103661,twin=1 div=0
C-F12-1b,2025-09-09,2025-09-09 09:31:00,1,7.07114e-05,twin=1 div=0
C-F12-1b,2025-09-10,2025-09-10 09:31:00,1,0.0125026,twin=1 div=0
C-F12-1b,2025-09-11,2025-09-11 09:31:00,1,0.0112835,twin=1 div=0
C-F12-1b,2025-09-12,2025-09-12 09:31:00,1,0.0122238,twin=1 div=0
C-F12-1b,2025-09-15,2025-09-15 09:31:00,-1,-0.0039439,twin=1 div=1
C-F12-1b,2025-09-16,2025-09-16 09:31:00,-1,-0.0049395,twin=1 div=1
C-F12-1b,2025-09-17,2025-09-17 09:31:00,-1,-0.0234426,twin=-1 div=0
C-F12-1b,2025-09-18,2025-09-18 09:31:00,1,0.0139417,twin=1 div=0
C-F12-1b,2025-09-19,2025-09-19 09:31:00,-1,-0.000117401,twin=1 div=1
C-F12-1b,2025-09-22,2025-09-22 09:31:00,-1,-0.0223265,twin=-1 div=0
C-F12-1b,2025-09-23,2025-09-23 09:31:00,-1,-0.00136064,twin=1 div=1
C-F12-1b,2025-09-24,2025-09-24 09:31:00,1,0.00412345,twin=1 div=0
C-F12-1b,2025-09-25,2025-09-25 09:31:00,-1,-0.0254261,twin=-1 div=0
C-F12-1b,2025-09-26,2025-09-26 09:31:00,-1,-0.00403073,twin=1 div=1
C-F12-1b,2025-09-29,2025-09-29 09:31:00,1,0.0229411,twin=1 div=0
C-F12-1b,2025-09-30,2025-09-30 09:31:00,1,0.0104705,twin=1 div=0
C-F12-1b,2025-10-01,2025-10-01 09:31:00,-1,-0.00723588,twin=-1 div=0
C-F12-1b,2025-10-02,2025-10-02 09:31:00,1,0.0280234,twin=1 div=0
C-F12-1b,2025-10-03,2025-10-03 09:31:00,1,0.00128336,twin=1 div=0
C-F12-1b,2025-10-06,2025-10-06 09:31:00,1,0.0244824,twin=1 div=0
C-F12-1b,2025-10-07,2025-10-07 09:31:00,1,0.0117364,twin=1 div=0
C-F12-1b,2025-10-08,2025-10-08 09:31:00,-1,-0.00773942,twin=1 div=1
C-F12-1b,2025-10-09,2025-10-09 09:31:00,1,0.000254514,twin=-1 div=1
C-F12-1b,2025-10-10,2025-10-10 09:31:00,-1,-0.00875484,twin=1 div=1
C-F12-1b,2025-10-13,2025-10-13 09:31:00,1,0.00835507,twin=1 div=0
C-F12-1b,2025-10-14,2025-10-14 09:31:00,-1,-0.00964988,twin=-1 div=0
C-F12-1b,2025-10-15,2025-10-15 09:31:00,1,0.0197241,twin=1 div=0
C-F12-1b,2025-10-16,2025-10-16 09:31:00,1,0.000871625,twin=1 div=0
C-F12-1b,2025-10-17,2025-10-17 09:31:00,-1,-0.00511573,twin=-1 div=0
C-F12-1b,2025-10-20,2025-10-20 09:31:00,1,0.00628742,twin=1 div=0
C-F12-1b,2025-10-21,2025-10-21 09:31:00,1,0.00337779,twin=-1 div=1
C-F12-1b,2025-10-22,2025-10-22 09:31:00,-1,-0.0113468,twin=-1 div=0
C-F12-1b,2025-10-23,2025-10-23 09:31:00,-1,-0.00433308,twin=-1 div=0
C-F12-1b,2025-10-24,2025-10-24 09:31:00,1,0.0201337,twin=1 div=0
C-F12-1b,2025-10-27,2025-10-27 09:31:00,1,0.0148657,twin=1 div=0
C-F12-1b,2025-10-28,2025-10-28 09:31:00,1,0.00406896,twin=1 div=0
C-F12-1b,2025-10-29,2025-10-29 09:31:00,1,0.0171548,twin=1 div=0
C-F12-1b,2025-10-30,2025-10-30 09:31:00,-1,-0.0128933,twin=-1 div=0
C-F12-1b,2025-10-31,2025-10-31 09:31:00,1,0.00538092,twin=1 div=0
C-F12-1b,2025-11-03,2025-11-03 09:31:00,1,0.0200293,twin=1 div=0
C-F12-1b,2025-11-04,2025-11-04 09:31:00,-1,-0.0202385,twin=-1 div=0
C-F12-1b,2025-11-05,2025-11-05 09:31:00,1,0.00345431,twin=1 div=0
C-F12-1b,2025-11-06,2025-11-06 09:31:00,-1,-0.00148237,twin=1 div=1
C-F12-1b,2025-11-07,2025-11-07 09:31:00,-1,-0.0114818,twin=-1 div=0
C-F12-1b,2025-11-10,2025-11-10 09:31:00,1,0.000598032,twin=1 div=0
C-F12-1b,2025-11-11,2025-11-11 09:31:00,-1,-0.0125547,twin=-1 div=0
C-F12-1b,2025-11-12,2025-11-12 09:31:00,1,0.0165687,twin=1 div=0
C-F12-1b,2025-11-13,2025-11-13 09:31:00,-1,-0.0119275,twin=-1 div=0
C-F12-1b,2025-11-14,2025-11-14 09:31:00,-1,-0.014751,twin=-1 div=0
C-F12-1b,2025-11-17,2025-11-17 09:31:00,-1,-0.00398796,twin=-1 div=0
C-F12-1b,2025-11-18,2025-11-18 09:31:00,-1,-0.00567646,twin=-1 div=0
C-F12-1b,2025-11-19,2025-11-19 09:31:00,1,1.12577e-05,twin=1 div=0
C-F12-1b,2025-11-20,2025-11-20 09:31:00,1,0.00133152,twin=1 div=0
C-F12-1b,2025-11-21,2025-11-21 09:31:00,-1,-0.00902118,twin=1 div=1
C-F12-1b,2025-11-24,2025-11-24 09:31:00,-1,-0.00603659,twin=1 div=1
C-F12-1b,2025-11-25,2025-11-25 09:31:00,-1,-0.00850149,twin=-1 div=0
C-F12-1b,2025-11-26,2025-11-26 09:31:00,1,0.00465525,twin=1 div=0
C-F12-1b,2025-11-27,2025-11-27 09:31:00,1,0.00237195,twin=-1 div=1
C-F12-1b,2025-12-01,2025-12-01 09:31:00,-1,-0.0147839,twin=-1 div=0
C-F12-1b,2025-12-02,2025-12-02 09:31:00,1,0.0107128,twin=1 div=0
C-F12-1b,2025-12-03,2025-12-03 09:31:00,1,0.000407829,twin=1 div=0
C-F12-1b,2025-12-04,2025-12-04 09:31:00,-1,-0.00348699,twin=-1 div=0
C-F12-1b,2025-12-05,2025-12-05 09:31:00,-1,-0.00492617,twin=-1 div=0
C-F12-1b,2025-12-08,2025-12-08 09:31:00,1,0.0160775,twin=1 div=0
C-F12-1b,2025-12-09,2025-12-09 09:31:00,-1,-0.022405,twin=-1 div=0
C-F12-1b,2025-12-10,2025-12-10 09:31:00,-1,-0.000977263,twin=-1 div=0
C-F12-1b,2025-12-11,2025-12-11 09:31:00,-1,-0.01482,twin=-1 div=0
C-F12-1b,2025-12-12,2025-12-12 09:31:00,-1,-0.00222414,twin=-1 div=0
C-F12-1b,2025-12-15,2025-12-15 09:31:00,1,0.0115954,twin=1 div=0
C-F12-1b,2025-12-16,2025-12-16 09:31:00,-1,-0.00979331,twin=-1 div=0
C-F12-1b,2025-12-17,2025-12-17 09:31:00,1,0.00263954,twin=1 div=0
C-F12-1b,2025-12-18,2025-12-18 09:31:00,1,0.0108599,twin=1 div=0
C-F12-1b,2025-12-19,2025-12-19 09:31:00,-1,-0.00138541,twin=1 div=1
C-F12-1b,2025-12-22,2025-12-22 09:31:00,1,0.0298077,twin=1 div=0
C-F12-1b,2025-12-23,2025-12-23 09:31:00,-1,-0.0193772,twin=-1 div=0
C-F12-1b,2025-12-24,2025-12-24 09:31:00,-1,-0.000827102,twin=1 div=1
C-F12-1b,2025-12-26,2025-12-26 09:31:00,-1,-0.0104017,twin=1 div=1
C-F12-1b,2025-12-29,2025-12-29 09:31:00,-1,-0.0310387,twin=-1 div=0
C-F12-1b,2025-12-30,2025-12-30 09:31:00,1,0.000402028,twin=-1 div=1
C-F12-1b,2025-12-31,2025-12-31 09:31:00,-1,-0.00728136,twin=1 div=1
C-F12-1b,2026-01-02,2026-01-02 09:31:00,1,0.0228674,twin=1 div=0
C-F12-1b,2026-01-05,2026-01-05 09:31:00,1,0.0080494,twin=1 div=0
C-F12-1b,2026-01-06,2026-01-06 09:31:00,1,0.0104013,twin=1 div=0
C-F12-1b,2026-01-07,2026-01-07 09:31:00,-1,-0.00271098,twin=-1 div=0
C-F12-1b,2026-01-08,2026-01-08 09:31:00,-1,-0.0177968,twin=-1 div=0
C-F12-1b,2026-01-09,2026-01-09 09:31:00,1,0.00876672,twin=1 div=0
C-F12-1b,2026-01-12,2026-01-12 09:31:00,-1,-0.0190026,twin=-1 div=0
C-F12-1b,2026-01-13,2026-01-13 09:31:00,1,0.00137846,twin=1 div=0
C-F12-1b,2026-01-14,2026-01-14 09:31:00,-1,-0.0196539,twin=-1 div=0
C-F12-1b,2026-01-15,2026-01-15 09:31:00,1,0.0197865,twin=1 div=0
C-F12-1b,2026-01-16,2026-01-16 09:31:00,1,0.0033218,twin=1 div=0
C-F12-1b,2026-01-19,2026-01-19 09:31:00,-1,-0.0136693,twin=-1 div=0
C-F12-1b,2026-01-20,2026-01-20 09:31:00,-1,-0.0167286,twin=-1 div=0
C-F12-1b,2026-01-21,2026-01-21 09:31:00,-1,-0.00748827,twin=-1 div=0
C-F12-1b,2026-01-22,2026-01-22 09:31:00,1,0.01335,twin=1 div=0
C-F12-1b,2026-01-23,2026-01-23 09:31:00,-1,-0.0111465,twin=-1 div=0
C-F12-1b,2026-01-26,2026-01-26 09:31:00,1,0.00486077,twin=1 div=0
C-F12-1b,2026-01-27,2026-01-27 09:31:00,1,0.0225675,twin=1 div=0
C-F12-1b,2026-01-28,2026-01-28 09:31:00,1,0.00860301,twin=1 div=0
C-F12-1b,2026-01-29,2026-01-29 09:31:00,-1,-0.00783904,twin=-1 div=0
C-F12-1b,2026-01-30,2026-01-30 09:31:00,-1,-0.0100499,twin=-1 div=0
C-F12-1b,2026-02-02,2026-02-02 09:31:00,-1,-0.00356075,twin=-1 div=0
C-F12-1b,2026-02-03,2026-02-03 09:31:00,1,0.00739692,twin=1 div=0
C-F12-1b,2026-02-04,2026-02-04 09:31:00,-1,-0.0106482,twin=-1 div=0
C-F12-1b,2026-02-05,2026-02-05 09:31:00,-1,-0.0103815,twin=-1 div=0
C-F12-1b,2026-02-06,2026-02-06 09:31:00,-1,-0.00429257,twin=1 div=1
C-F12-1b,2026-02-09,2026-02-09 09:31:00,-1,-0.0133221,twin=-1 div=0
C-F12-1b,2026-02-10,2026-02-10 09:31:00,-1,-0.0122811,twin=1 div=1
C-F12-1b,2026-02-11,2026-02-11 09:31:00,1,0.0042158,twin=1 div=0
C-F12-1b,2026-02-12,2026-02-12 09:31:00,1,0.0125389,twin=1 div=0
C-F12-1b,2026-02-13,2026-02-13 09:31:00,-1,-0.0118656,twin=-1 div=0
C-F12-1b,2026-02-16,2026-02-16 09:31:00,1,0.00102024,twin=1 div=0
C-F12-1b,2026-02-17,2026-02-17 09:31:00,-1,-0.0185926,twin=-1 div=0
C-F12-1b,2026-02-18,2026-02-18 09:31:00,1,0.00194882,twin=1 div=0
C-F12-1b,2026-02-19,2026-02-19 09:31:00,-1,-0.0197521,twin=-1 div=0
C-F12-1b,2026-02-20,2026-02-20 09:31:00,-1,-0.0115446,twin=-1 div=0
C-F12-1b,2026-02-23,2026-02-23 09:31:00,-1,-0.00490687,twin=-1 div=0
C-F12-1b,2026-02-24,2026-02-24 09:31:00,1,0.00585348,twin=1 div=0
C-F12-1b,2026-02-25,2026-02-25 09:31:00,1,0.0137573,twin=1 div=0
C-F12-1b,2026-02-26,2026-02-26 09:31:00,-1,-0.000216827,twin=-1 div=0
C-F12-1b,2026-02-27,2026-02-27 09:31:00,-1,-0.0120662,twin=-1 div=0
C-F12-1b,2026-03-02,2026-03-02 09:31:00,-1,-0.00956321,twin=-1 div=0
C-F12-1b,2026-03-03,2026-03-03 09:31:00,-1,-0.0121031,twin=-1 div=0
C-F12-1b,2026-03-04,2026-03-04 09:31:00,1,0.00698728,twin=1 div=0
C-F12-1b,2026-03-05,2026-03-05 09:31:00,-1,-0.00448061,twin=-1 div=0
C-F12-1b,2026-03-06,2026-03-06 09:31:00,-1,-0.0111839,twin=-1 div=0
C-F12-1b,2026-03-09,2026-03-09 09:31:00,-1,-0.00398068,twin=-1 div=0
C-F12-1b,2026-03-10,2026-03-10 09:31:00,1,0.00243316,twin=-1 div=1
C-F12-1b,2026-03-11,2026-03-11 09:31:00,1,0.00134867,twin=-1 div=1
C-F12-1b,2026-03-12,2026-03-12 09:31:00,-1,-0.0105931,twin=-1 div=0
C-F12-1b,2026-03-13,2026-03-13 09:31:00,1,0.00198991,twin=1 div=0
C-F12-1b,2026-03-16,2026-03-16 09:31:00,1,0.00318542,twin=1 div=0
C-F12-1b,2026-03-17,2026-03-17 09:31:00,1,0.0102656,twin=1 div=0
C-F12-1b,2026-03-18,2026-03-18 09:31:00,-1,-0.00361288,twin=-1 div=0
C-F12-1b,2026-03-19,2026-03-19 09:31:00,-1,-0.0112427,twin=-1 div=0
C-F12-1b,2026-03-20,2026-03-20 09:31:00,-1,-0.00327618,twin=-1 div=0
C-F12-1b,2026-03-23,2026-03-23 09:31:00,1,0.00285568,twin=1 div=0
C-F12-1b,2026-03-24,2026-03-24 09:31:00,-1,-0.00483533,twin=-1 div=0
C-F12-1b,2026-03-25,2026-03-25 09:31:00,-1,-0.00207025,twin=1 div=1
C-F12-1b,2026-03-26,2026-03-26 09:31:00,-1,-0.0129491,twin=-1 div=0
C-F12-1b,2026-03-27,2026-03-27 09:31:00,-1,-0.0216417,twin=-1 div=0
C-F12-1b,2026-03-30,2026-03-30 09:31:00,1,0.00789366,twin=1 div=0
C-F12-1b,2026-03-31,2026-03-31 09:31:00,1,0.00954149,twin=1 div=0
C-F12-1b,2026-04-01,2026-04-01 09:31:00,1,0.00482448,twin=1 div=0
C-F12-1b,2026-04-02,2026-04-02 09:31:00,-1,-0.0188287,twin=-1 div=0
C-F12-1b,2026-04-06,2026-04-06 09:31:00,1,0.00933585,twin=1 div=0
C-F12-1b,2026-04-07,2026-04-07 09:31:00,-1,-0.00349177,twin=-1 div=0
C-F12-1b,2026-04-08,2026-04-08 09:31:00,1,0.00772796,twin=1 div=0
C-F12-1b,2026-04-09,2026-04-09 09:31:00,-1,-0.00248777,twin=-1 div=0
C-F12-1b,2026-04-10,2026-04-10 09:31:00,1,0.00964146,twin=1 div=0
C-F12-1b,2026-04-13,2026-04-13 09:31:00,1,0.000436027,twin=1 div=0
C-F12-1b,2026-04-14,2026-04-14 09:31:00,1,0.0148028,twin=1 div=0
C-F12-1b,2026-04-15,2026-04-15 09:31:00,-1,-0.00264458,twin=1 div=1
C-F12-1b,2026-04-16,2026-04-16 09:31:00,-1,-0.00751156,twin=1 div=1
C-F12-1b,2026-04-17,2026-04-17 09:31:00,1,0.0170706,twin=1 div=0
C-F12-1b,2026-04-20,2026-04-20 09:31:00,-1,-0.0033373,twin=1 div=1
C-F12-1b,2026-04-21,2026-04-21 09:31:00,1,0.00453933,twin=1 div=0
C-F12-1b,2026-04-22,2026-04-22 09:31:00,1,0.0106937,twin=1 div=0
C-F12-1b,2026-04-23,2026-04-23 09:31:00,-1,-0.0115054,twin=-1 div=0
C-F12-1b,2026-04-24,2026-04-24 09:31:00,1,0.0101948,twin=1 div=0
C-F12-1b,2026-04-27,2026-04-27 09:31:00,1,0.00667655,twin=1 div=0
C-F12-1b,2026-04-28,2026-04-28 09:31:00,-1,-0.0259896,twin=-1 div=0
C-F12-1b,2026-04-29,2026-04-29 09:31:00,-1,-0.0068571,twin=1 div=1
C-F12-1b,2026-04-30,2026-04-30 09:31:00,1,0.00880646,twin=1 div=0
C-F12-1b,2026-05-01,2026-05-01 09:31:00,-1,-0.00140128,twin=-1 div=0
C-F12-1b,2026-05-04,2026-05-04 09:31:00,1,0.00121362,twin=-1 div=1
C-F12-1b,2026-05-05,2026-05-05 09:31:00,1,0.0198459,twin=1 div=0
C-F12-1b,2026-05-06,2026-05-06 09:31:00,1,0.00977559,twin=1 div=0
C-F12-1b,2026-05-07,2026-05-07 09:31:00,1,0.00602649,twin=1 div=0
C-F12-1b,2026-05-08,2026-05-08 09:31:00,1,0.0165877,twin=1 div=0
C-F12-1b,2026-05-11,2026-05-11 09:31:00,-1,-0.00337879,twin=1 div=1
C-F12-1b,2026-05-12,2026-05-12 09:31:00,-1,-0.0190696,twin=-1 div=0
C-F12-1b,2026-05-13,2026-05-13 09:31:00,-1,-0.00158283,twin=1 div=1
C-F12-1b,2026-05-14,2026-05-14 09:31:00,-1,-0.00389869,twin=-1 div=0
C-F12-1b,2026-05-15,2026-05-15 09:31:00,-1,-0.0166087,twin=-1 div=0
C-F12-1b,2026-05-18,2026-05-18 09:31:00,1,0.000324734,twin=1 div=0
C-F12-1b,2026-05-19,2026-05-19 09:31:00,-1,-0.0029183,twin=-1 div=0
C-F12-1b,2026-05-20,2026-05-20 09:31:00,1,0.00532435,twin=1 div=0
C-F12-1b,2026-05-21,2026-05-21 09:31:00,1,0.0038764,twin=-1 div=1
C-F12-1b,2026-05-22,2026-05-22 09:31:00,1,0.00857832,twin=1 div=0
C-F12-1b,2026-05-25,2026-05-25 09:31:00,1,0.00250833,twin=1 div=0
C-F12-1b,2026-05-26,2026-05-26 09:31:00,1,0.00653888,twin=-1 div=1
C-F12-1b,2026-05-27,2026-05-27 09:31:00,1,0.00628475,twin=1 div=0
C-F12-1b,2026-05-28,2026-05-28 09:31:00,-1,-0.0163667,twin=-1 div=0
C-F12-1b,2026-05-29,2026-05-29 09:31:00,1,0.00355985,twin=1 div=0
C-F12-1b,2026-06-01,2026-06-01 09:31:00,1,0.00269385,twin=1 div=0
C-F12-1b,2026-06-02,2026-06-02 09:31:00,-1,-0.00648698,twin=-1 div=0
C-F12-1b,2026-06-03,2026-06-03 09:31:00,-1,-0.00218292,twin=-1 div=0
C-F12-1b,2026-06-04,2026-06-04 09:31:00,-1,-0.00961553,twin=-1 div=0
C-F12-1b,2026-06-05,2026-06-05 09:31:00,-1,-0.0143888,twin=-1 div=0
C-F12-1b,2026-06-08,2026-06-08 09:31:00,1,0.00979688,twin=1 div=0
C-F12-1b,2026-06-09,2026-06-09 09:31:00,1,0.00663737,twin=1 div=0
C-F12-1b,2026-06-10,2026-06-10 09:31:00,-1,-0.00550424,twin=-1 div=0
C-F12-1b,2026-06-11,2026-06-11 09:31:00,1,0.0103233,twin=1 div=0
C-F12-1b,2026-06-12,2026-06-12 09:31:00,-1,-0.0075489,twin=-1 div=0
C-F12-1b,2026-06-15,2026-06-15 09:31:00,1,0.00727897,twin=1 div=0
C-F12-1b,2026-06-16,2026-06-16 09:31:00,1,0.00950338,twin=-1 div=1
C-F12-1b,2026-06-17,2026-06-17 09:31:00,1,0.00961415,twin=1 div=0
C-F12-1b,2026-06-18,2026-06-18 09:31:00,1,0.00408535,twin=1 div=0
C-F12-1b,2026-06-19,2026-06-19 09:31:00,-1,-0.0134624,twin=-1 div=0
C-F12-1b,2026-06-22,2026-06-22 09:31:00,1,0.00714747,twin=1 div=0
C-F12-1b,2026-06-23,2026-06-23 09:31:00,-1,-0.0161926,twin=-1 div=0
C-F12-1b,2026-06-24,2026-06-24 09:31:00,1,0.000647128,twin=-1 div=1
C-F12-1b,2026-06-25,2026-06-25 09:31:00,1,0.00351256,twin=1 div=0
C-F12-1b,2026-06-26,2026-06-26 09:31:00,-1,-0.00761608,twin=-1 div=0
C-F12-1b,2026-06-29,2026-06-29 09:31:00,1,0.00162411,twin=1 div=0
C-F12-1b,2026-06-30,2026-06-30 09:31:00,1,0.00223374,twin=1 div=0
C-F12-1b,2026-07-01,2026-07-01 09:31:00,-1,-0.0015193,twin=-1 div=0
C-F12-1b,2026-07-02,2026-07-02 09:31:00,-1,-0.00265731,twin=1 div=1
C-F12-1b,2026-07-03,2026-07-03 09:31:00,1,0.00030236,twin=1 div=0
C-F12-1b,2026-07-06,2026-07-06 09:31:00,-1,-0.00323968,twin=-1 div=0
C-F12-1b,2026-07-07,2026-07-07 09:31:00,-1,-0.0086854,twin=-1 div=0
C-F12-1b,2026-07-08,2026-07-08 09:31:00,-1,-0.00314984,twin=-1 div=0
C-F12-1b,2026-07-09,2026-07-09 09:31:00,1,0.0110147,twin=1 div=0
C-F12-1b,2026-07-10,2026-07-10 09:31:00,-1,-0.00559325,twin=-1 div=0
C-F12-1b,2026-07-13,2026-07-13 09:31:00,-1,-0.00329466,twin=-1 div=0
C-F12-1b,2026-07-14,2026-07-14 09:31:00,1,0.00883222,twin=1 div=0
C-F12-1b,2026-07-15,2026-07-15 09:31:00,1,0.0106613,twin=1 div=0
C-F12-1b,2026-07-16,2026-07-16 09:31:00,-1,-0.00111618,twin=-1 div=0
C-F12-1b,2026-07-17,2026-07-17 09:31:00,-1,-0.00743003,twin=-1 div=0
C-F12-1b,2026-07-20,2026-07-20 09:31:00,1,0.0027319,twin=1 div=0
C-F12-1b,2026-07-21,2026-07-21 09:31:00,1,0.00666176,twin=1 div=0
C-F12-1b,2026-07-22,2026-07-22 09:31:00,-1,-0.0100606,twin=-1 div=0
C-F12-1b,2026-07-23,2026-07-23 09:31:00,-1,-0.00439695,twin=-1 div=0
C-F12-1b,2026-07-24,2026-07-24 09:31:00,-1,-0.00570292,twin=-1 div=0
C-F12-1b,2026-07-27,2026-07-27 09:31:00,1,0.00760546,twin=1 div=0
C-F12-1b,2026-07-28,2026-07-28 09:31:00,-1,-0.00791589,twin=-1 div=0
C-F12-1b,2026-07-29,2026-07-29 09:31:00,-1,-0.000322621,twin=-1 div=0
C-F12-1b,2026-07-30,2026-07-30 09:31:00,1,0.00353105,twin=1 div=0
C-F12-1b,2026-07-31,2026-07-31 09:31:00,-1,-0.00192444,twin=1 div=1
C-F12-1b,2026-08-03,2026-08-03 09:31:00,-1,-0.00417316,twin=-1 div=0
C-F12-1b,2026-08-04,2026-08-04 09:31:00,1,0.00405753,twin=1 div=0
C-F12-1b,2026-08-05,2026-08-05 09:31:00,1,0.000457683,twin=1 div=0
C-F12-1b,2026-08-06,2026-08-06 09:31:00,-1,-0.00542374,twin=-1 div=0
C-F12-1b,2026-08-07,2026-08-07 09:31:00,1,0.00750576,twin=1 div=0
C-F12-1b,2026-08-10,2026-08-10 09:31:00,-1,-0.00801287,twin=-1 div=0
C-F12-1b,2026-08-11,2026-08-11 09:31:00,1,0.00388129,twin=1 div=0
C-F12-1b,2026-08-12,2026-08-12 09:31:00,1,0.0077294,twin=1 div=0
C-F12-1b,2026-08-13,2026-08-13 09:31:00,1,0.00377193,twin=1 div=0
C-F12-1b,2026-08-14,2026-08-14 09:31:00,1,0.00149299,twin=1 div=0
C-F12-1b,2026-08-17,2026-08-17 09:31:00,1,0.00288857,twin=1 div=0
C-F12-2,2025-08-19,2025-08-19 09:31:00,-1,-0.012059,twin=-1 div=0
C-F12-2,2025-08-20,2025-08-20 09:31:00,-1,-0.00409535,twin=1 div=1
C-F12-2,2025-08-21,2025-08-21 09:31:00,-1,-0.0289831,twin=-1 div=0
C-F12-2,2025-08-22,2025-08-22 09:31:00,1,0.00522105,twin=1 div=0
C-F12-2,2025-08-25,2025-08-25 09:31:00,1,0.0153116,twin=1 div=0
C-F12-2,2025-08-26,2025-08-26 09:31:00,-1,-0.00794568,twin=-1 div=0
C-F12-2,2025-08-27,2025-08-27 09:31:00,-1,-0.0539057,twin=-1 div=0
C-F12-2,2025-08-28,2025-08-28 09:31:00,-1,-0.0129823,twin=1 div=1
C-F12-2,2025-08-29,2025-08-29 09:31:00,1,0.00665486,twin=1 div=0
C-F12-2,2025-09-01,2025-09-01 09:31:00,1,0.0256257,twin=1 div=0
C-F12-2,2025-09-02,2025-09-02 09:31:00,-1,-0.0435819,twin=-1 div=0
C-F12-2,2025-09-03,2025-09-03 09:31:00,1,0.00790599,twin=1 div=0
C-F12-2,2025-09-04,2025-09-04 09:31:00,1,0.00738177,twin=-1 div=1
C-F12-2,2025-09-05,2025-09-05 09:31:00,1,0.0203744,twin=1 div=0
C-F12-2,2025-09-08,2025-09-08 09:31:00,1,0.0104027,twin=1 div=0
C-F12-2,2025-09-09,2025-09-09 09:31:00,-1,-0.0323019,twin=-1 div=0
C-F12-2,2025-09-10,2025-09-10 09:31:00,1,0.0185791,twin=1 div=0
C-F12-2,2025-09-11,2025-09-11 09:31:00,1,0.00709536,twin=1 div=0
C-F12-2,2025-09-12,2025-09-12 09:31:00,-1,-0.0138058,twin=-1 div=0
C-F12-2,2025-09-15,2025-09-15 09:31:00,1,0.0283202,twin=1 div=0
C-F12-2,2025-09-16,2025-09-16 09:31:00,-1,-0.0203877,twin=-1 div=0
C-F12-2,2025-09-17,2025-09-17 09:31:00,1,0.0295017,twin=1 div=0
C-F12-2,2025-09-18,2025-09-18 09:31:00,-1,-0.028353,twin=-1 div=0
C-F12-2,2025-09-19,2025-09-19 09:31:00,1,0.0351411,twin=1 div=0
C-F12-2,2025-09-22,2025-09-22 09:31:00,1,0.0106264,twin=1 div=0
C-F12-2,2025-09-23,2025-09-23 09:31:00,-1,-0.0154638,twin=-1 div=0
C-F12-2,2025-09-24,2025-09-24 09:31:00,-1,-0.0250502,twin=-1 div=0
C-F12-2,2025-09-25,2025-09-25 09:31:00,-1,-0.0208477,twin=-1 div=0
C-F12-2,2025-09-26,2025-09-26 09:31:00,-1,-0.00611501,twin=1 div=1
C-F12-2,2025-09-29,2025-09-29 09:31:00,-1,-0.0213785,twin=-1 div=0
C-F12-2,2025-09-30,2025-09-30 09:31:00,1,0.0304743,twin=1 div=0
C-F12-2,2025-10-01,2025-10-01 09:31:00,-1,-0.0273011,twin=-1 div=0
C-F12-2,2025-10-02,2025-10-02 09:31:00,1,0.00691769,twin=1 div=0
C-F12-2,2025-10-03,2025-10-03 09:31:00,-1,-0.00309631,twin=-1 div=0
C-F12-2,2025-10-06,2025-10-06 09:31:00,-1,-0.00089375,twin=1 div=1
C-F12-2,2025-10-07,2025-10-07 09:31:00,1,0.0123326,twin=1 div=0
C-F12-2,2025-10-08,2025-10-08 09:31:00,-1,-0.00334862,twin=-1 div=0
C-F12-2,2025-10-09,2025-10-09 09:31:00,1,0.0135103,twin=1 div=0
C-F12-2,2025-10-10,2025-10-10 09:31:00,-1,-0.018413,twin=-1 div=0
C-F12-2,2025-10-13,2025-10-13 09:31:00,1,0.00142252,twin=1 div=0
C-F12-2,2025-10-14,2025-10-14 09:31:00,-1,-0.0147599,twin=-1 div=0
C-F12-2,2025-10-15,2025-10-15 09:31:00,1,0.0100403,twin=1 div=0
C-F12-2,2025-10-16,2025-10-16 09:31:00,-1,-0.0157985,twin=-1 div=0
C-F12-2,2025-10-17,2025-10-17 09:31:00,-1,-0.000468253,twin=1 div=1
C-F12-2,2025-10-20,2025-10-20 09:31:00,1,0.00961681,twin=1 div=0
C-F12-2,2025-10-21,2025-10-21 09:31:00,-1,-0.0058548,twin=-1 div=0
C-F12-2,2025-10-22,2025-10-22 09:31:00,1,0.0291005,twin=1 div=0
C-F12-2,2025-10-23,2025-10-23 09:31:00,1,0.0202658,twin=1 div=0
C-F12-2,2025-10-24,2025-10-24 09:31:00,1,0.0164734,twin=1 div=0
C-F12-2,2025-10-27,2025-10-27 09:31:00,-1,-0.00879056,twin=1 div=1
C-F12-2,2025-10-28,2025-10-28 09:31:00,1,0.0494305,twin=1 div=0
C-F12-2,2025-10-29,2025-10-29 09:31:00,1,0.000678835,twin=-1 div=1
C-F12-2,2025-10-30,2025-10-30 09:31:00,-1,-0.0384078,twin=-1 div=0
C-F12-2,2025-10-31,2025-10-31 09:31:00,-1,-0.00184246,twin=-1 div=0
C-F12-2,2025-11-03,2025-11-03 09:31:00,1,0.0295803,twin=1 div=0
C-F12-2,2025-11-04,2025-11-04 09:31:00,1,0.00501263,twin=-1 div=1
C-F12-2,2025-11-05,2025-11-05 09:31:00,-1,-0.00986968,twin=1 div=1
C-F12-2,2025-11-06,2025-11-06 09:31:00,-1,-0.0499955,twin=-1 div=0
C-F12-2,2025-11-07,2025-11-07 09:31:00,-1,-0.000390004,twin=1 div=1
C-F12-2,2025-11-10,2025-11-10 09:31:00,-1,-0.0128811,twin=-1 div=0
C-F12-2,2025-11-11,2025-11-11 09:31:00,-1,-0.00234762,twin=1 div=1
C-F12-2,2025-11-12,2025-11-12 09:31:00,-1,-0.0209303,twin=-1 div=0
C-F12-2,2025-11-13,2025-11-13 09:31:00,-1,-0.0442939,twin=-1 div=0
C-F12-2,2025-11-14,2025-11-14 09:31:00,1,0.00164817,twin=1 div=0
C-F12-2,2025-11-17,2025-11-17 09:31:00,-1,-0.0326096,twin=-1 div=0
C-F12-2,2025-11-18,2025-11-18 09:31:00,1,0.00904875,twin=1 div=0
C-F12-2,2025-11-19,2025-11-19 09:31:00,-1,-0.0191491,twin=-1 div=0
C-F12-2,2025-11-20,2025-11-20 09:31:00,1,0.0167157,twin=1 div=0
C-F12-2,2025-11-21,2025-11-21 09:31:00,-1,-0.00812429,twin=1 div=1
C-F12-2,2025-11-24,2025-11-24 09:31:00,-1,-0.0188999,twin=1 div=1
C-F12-2,2025-11-25,2025-11-25 09:31:00,-1,-0.0297553,twin=-1 div=0
C-F12-2,2025-11-26,2025-11-26 09:31:00,1,0.0233787,twin=1 div=0
C-F12-2,2025-11-27,2025-11-27 09:31:00,-1,-0.0294153,twin=1 div=1
C-F12-2,2025-12-01,2025-12-01 09:31:00,1,0.020242,twin=1 div=0
C-F12-2,2025-12-02,2025-12-02 09:31:00,1,0.00109651,twin=1 div=0
C-F12-2,2025-12-03,2025-12-03 09:31:00,-1,-0.024225,twin=-1 div=0
C-F12-2,2025-12-04,2025-12-04 09:31:00,1,0.0269618,twin=1 div=0
C-F12-2,2025-12-05,2025-12-05 09:31:00,-1,-0.0193818,twin=-1 div=0
C-F12-2,2025-12-08,2025-12-08 09:31:00,1,0.00428237,twin=-1 div=1
C-F12-2,2025-12-09,2025-12-09 09:31:00,-1,-0.0428424,twin=-1 div=0
C-F12-2,2025-12-10,2025-12-10 09:31:00,-1,-0.00909504,twin=1 div=1
C-F12-2,2025-12-11,2025-12-11 09:31:00,-1,-0.0232797,twin=-1 div=0
C-F12-2,2025-12-12,2025-12-12 09:31:00,1,0.0124653,twin=1 div=0
C-F12-2,2025-12-15,2025-12-15 09:31:00,1,0.0266135,twin=1 div=0
C-F12-2,2025-12-16,2025-12-16 09:31:00,-1,-0.0171029,twin=-1 div=0
C-F12-2,2025-12-17,2025-12-17 09:31:00,-1,-0.00764982,twin=-1 div=0
C-F12-2,2025-12-18,2025-12-18 09:31:00,1,0.0231729,twin=1 div=0
C-F12-2,2025-12-19,2025-12-19 09:31:00,1,0.0176397,twin=1 div=0
C-F12-2,2025-12-22,2025-12-22 09:31:00,1,0.0546182,twin=1 div=0
C-F12-2,2025-12-23,2025-12-23 09:31:00,-1,-0.0203678,twin=-1 div=0
C-F12-2,2025-12-24,2025-12-24 09:31:00,-1,-0.0180672,twin=-1 div=0
C-F12-2,2025-12-26,2025-12-26 09:31:00,1,0.00948154,twin=1 div=0
C-F12-2,2025-12-29,2025-12-29 09:31:00,-1,-0.046282,twin=-1 div=0
C-F12-2,2025-12-30,2025-12-30 09:31:00,-1,-0.0358438,twin=-1 div=0
C-F12-2,2025-12-31,2025-12-31 09:31:00,1,0.0218732,twin=1 div=0
C-F12-2,2026-01-02,2026-01-02 09:31:00,-1,-0.0165155,twin=-1 div=0
C-F12-2,2026-01-05,2026-01-05 09:31:00,1,0.0153525,twin=1 div=0
C-F12-2,2026-01-06,2026-01-06 09:31:00,1,0.00538664,twin=-1 div=1
C-F12-2,2026-01-07,2026-01-07 09:31:00,1,0.0179204,twin=1 div=0
C-F12-2,2026-01-08,2026-01-08 09:31:00,-1,-0.0150169,twin=1 div=1
C-F12-2,2026-01-09,2026-01-09 09:31:00,-1,-0.0163766,twin=-1 div=0
C-F12-2,2026-01-12,2026-01-12 09:31:00,-1,-0.0447316,twin=-1 div=0
C-F12-2,2026-01-13,2026-01-13 09:31:00,1,0.00337998,twin=1 div=0
C-F12-2,2026-01-14,2026-01-14 09:31:00,-1,-0.00917578,twin=-1 div=0
C-F12-2,2026-01-15,2026-01-15 09:31:00,1,0.0345815,twin=1 div=0
C-F12-2,2026-01-16,2026-01-16 09:31:00,1,0.0313736,twin=1 div=0
C-F12-2,2026-01-19,2026-01-19 09:31:00,-1,-0.0287542,twin=-1 div=0
C-F12-2,2026-01-20,2026-01-20 09:31:00,-1,-0.0135056,twin=-1 div=0
C-F12-2,2026-01-21,2026-01-21 09:31:00,1,0.0154226,twin=1 div=0
C-F12-2,2026-01-22,2026-01-22 09:31:00,1,0.0119522,twin=1 div=0
C-F12-2,2026-01-23,2026-01-23 09:31:00,-1,-0.0205414,twin=-1 div=0
C-F12-2,2026-01-26,2026-01-26 09:31:00,1,0.0216626,twin=1 div=0
C-F12-2,2026-01-27,2026-01-27 09:31:00,1,0.00223297,twin=-1 div=1
C-F12-2,2026-01-28,2026-01-28 09:31:00,-1,-0.0254149,twin=-1 div=0
C-F12-2,2026-01-29,2026-01-29 09:31:00,-1,-0.0196122,twin=-1 div=0
C-F12-2,2026-01-30,2026-01-30 09:31:00,1,0.00259881,twin=-1 div=1
C-F12-2,2026-02-02,2026-02-02 09:31:00,1,0.00769785,twin=1 div=0
C-F12-2,2026-02-03,2026-02-03 09:31:00,-1,-0.0154579,twin=-1 div=0
C-F12-2,2026-02-04,2026-02-04 09:31:00,-1,-0.0150096,twin=-1 div=0
C-F12-2,2026-02-05,2026-02-05 09:31:00,-1,-0.0121875,twin=-1 div=0
C-F12-2,2026-02-06,2026-02-06 09:31:00,-1,-0.0118258,twin=-1 div=0
C-F12-2,2026-02-09,2026-02-09 09:31:00,-1,-0.0200918,twin=-1 div=0
C-F12-2,2026-02-10,2026-02-10 09:31:00,1,0.000486665,twin=1 div=0
C-F12-2,2026-02-11,2026-02-11 09:31:00,1,0.0317374,twin=1 div=0
C-F12-2,2026-02-12,2026-02-12 09:31:00,-1,-0.0147573,twin=-1 div=0
C-F12-2,2026-02-13,2026-02-13 09:31:00,-1,-0.0129946,twin=1 div=1
C-F12-2,2026-02-16,2026-02-16 09:31:00,-1,-0.0665674,twin=-1 div=0
C-F12-2,2026-02-17,2026-02-17 09:31:00,1,0.00392313,twin=1 div=0
C-F12-2,2026-02-18,2026-02-18 09:31:00,-1,-0.0271867,twin=-1 div=0
C-F12-2,2026-02-19,2026-02-19 09:31:00,-1,-0.0225605,twin=-1 div=0
C-F12-2,2026-02-20,2026-02-20 09:31:00,-1,-0.0325743,twin=-1 div=0
C-F12-2,2026-02-23,2026-02-23 09:31:00,1,0.0231689,twin=1 div=0
C-F12-2,2026-02-24,2026-02-24 09:31:00,-1,-0.00255625,twin=1 div=1
C-F12-2,2026-02-25,2026-02-25 09:31:00,1,0.0150696,twin=1 div=0
C-F12-2,2026-02-26,2026-02-26 09:31:00,-1,-0.0207961,twin=-1 div=0
C-F12-2,2026-02-27,2026-02-27 09:31:00,-1,-0.0232291,twin=-1 div=0
C-F12-2,2026-03-02,2026-03-02 09:31:00,-1,-0.0035426,twin=1 div=1
C-F12-2,2026-03-03,2026-03-03 09:31:00,-1,-0.018521,twin=-1 div=0
C-F12-2,2026-03-04,2026-03-04 09:31:00,1,0.0139897,twin=1 div=0
C-F12-2,2026-03-05,2026-03-05 09:31:00,-1,-0.00663899,twin=-1 div=0
C-F12-2,2026-03-06,2026-03-06 09:31:00,-1,-0.00649747,twin=-1 div=0
C-F12-2,2026-03-09,2026-03-09 09:31:00,1,0.00509497,twin=1 div=0
C-F12-2,2026-03-10,2026-03-10 09:31:00,1,0.00669725,twin=1 div=0
C-F12-2,2026-03-11,2026-03-11 09:31:00,1,0.0182039,twin=1 div=0
C-F12-2,2026-03-12,2026-03-12 09:31:00,-1,-0.00687104,twin=-1 div=0
C-F12-2,2026-03-13,2026-03-13 09:31:00,1,0.00490686,twin=-1 div=1
C-F12-2,2026-03-16,2026-03-16 09:31:00,1,0.00570266,twin=1 div=0
C-F12-2,2026-03-17,2026-03-17 09:31:00,1,0.0501255,twin=1 div=0
C-F12-2,2026-03-18,2026-03-18 09:31:00,-1,-0.0133535,twin=-1 div=0
C-F12-2,2026-03-19,2026-03-19 09:31:00,-1,-0.0224168,twin=-1 div=0
C-F12-2,2026-03-20,2026-03-20 09:31:00,1,0.0154112,twin=1 div=0
C-F12-2,2026-03-23,2026-03-23 09:31:00,1,0.010927,twin=1 div=0
C-F12-2,2026-03-24,2026-03-24 09:31:00,-1,-0.0207438,twin=-1 div=0
C-F12-2,2026-03-25,2026-03-25 09:31:00,-1,-0.0167069,twin=-1 div=0
C-F12-2,2026-03-26,2026-03-26 09:31:00,1,0.00409687,twin=1 div=0
C-F12-2,2026-03-27,2026-03-27 09:31:00,-1,-0.0098926,twin=-1 div=0
C-F12-2,2026-03-30,2026-03-30 09:31:00,1,0.0255797,twin=1 div=0
C-F12-2,2026-03-31,2026-03-31 09:31:00,1,0.00788291,twin=1 div=0
C-F12-2,2026-04-01,2026-04-01 09:31:00,-1,-0.0174333,twin=-1 div=0
C-F12-2,2026-04-02,2026-04-02 09:31:00,1,0.018436,twin=1 div=0
C-F12-2,2026-04-06,2026-04-06 09:31:00,-1,-0.0265184,twin=-1 div=0
C-F12-2,2026-04-07,2026-04-07 09:31:00,1,0.00387774,twin=1 div=0
C-F12-2,2026-04-08,2026-04-08 09:31:00,1,0.000808875,twin=-1 div=1
C-F12-2,2026-04-09,2026-04-09 09:31:00,1,0.0290831,twin=1 div=0
C-F12-2,2026-04-10,2026-04-10 09:31:00,1,0.0200555,twin=1 div=0
C-F12-2,2026-04-13,2026-04-13 09:31:00,1,0.0324991,twin=1 div=0
C-F12-2,2026-04-14,2026-04-14 09:31:00,-1,-0.00956369,twin=1 div=1
C-F12-2,2026-04-15,2026-04-15 09:31:00,-1,-0.00568088,twin=1 div=1
C-F12-2,2026-04-16,2026-04-16 09:31:00,-1,-0.0102834,twin=1 div=1
C-F12-2,2026-04-17,2026-04-17 09:31:00,1,0.00560792,twin=1 div=0
C-F12-2,2026-04-20,2026-04-20 09:31:00,1,0.0284927,twin=1 div=0
C-F12-2,2026-04-21,2026-04-21 09:31:00,-1,-0.0228598,twin=-1 div=0
C-F12-2,2026-04-22,2026-04-22 09:31:00,1,0.0313125,twin=1 div=0
C-F12-2,2026-04-23,2026-04-23 09:31:00,-1,-0.00207071,twin=-1 div=0
C-F12-2,2026-04-24,2026-04-24 09:31:00,-1,-0.0148035,twin=-1 div=0
C-F12-2,2026-04-27,2026-04-27 09:31:00,-1,-0.0419147,twin=-1 div=0
C-F12-2,2026-04-28,2026-04-28 09:31:00,1,0.0104394,twin=1 div=0
C-F12-2,2026-04-29,2026-04-29 09:31:00,-1,-0.019846,twin=-1 div=0
C-F12-2,2026-04-30,2026-04-30 09:31:00,1,0.0192068,twin=1 div=0
C-F12-2,2026-05-01,2026-05-01 09:31:00,1,0.0296975,twin=1 div=0
C-F12-2,2026-05-04,2026-05-04 09:31:00,1,0.00826497,twin=1 div=0
C-F12-2,2026-05-05,2026-05-05 09:31:00,1,0.034219,twin=1 div=0
C-F12-2,2026-05-06,2026-05-06 09:31:00,-1,-0.0237697,twin=-1 div=0
C-F12-2,2026-05-07,2026-05-07 09:31:00,-1,-0.00420284,twin=1 div=1
C-F12-2,2026-05-08,2026-05-08 09:31:00,-1,-0.0175064,twin=-1 div=0
C-F12-2,2026-05-11,2026-05-11 09:31:00,-1,-0.02271,twin=-1 div=0
C-F12-2,2026-05-12,2026-05-12 09:31:00,1,0.00852419,twin=1 div=0
C-F12-2,2026-05-13,2026-05-13 09:31:00,-1,-0.0173946,twin=-1 div=0
C-F12-2,2026-05-14,2026-05-14 09:31:00,-1,-0.0120231,twin=-1 div=0
C-F12-2,2026-05-15,2026-05-15 09:31:00,1,0.00743277,twin=1 div=0
C-F12-2,2026-05-18,2026-05-18 09:31:00,1,0.0201348,twin=1 div=0
C-F12-2,2026-05-19,2026-05-19 09:31:00,-1,-0.0222393,twin=-1 div=0
C-F12-2,2026-05-20,2026-05-20 09:31:00,-1,-0.0066071,twin=-1 div=0
C-F12-2,2026-05-21,2026-05-21 09:31:00,-1,-0.010109,twin=-1 div=0
C-F12-2,2026-05-22,2026-05-22 09:31:00,1,0.0180475,twin=1 div=0
C-F12-2,2026-05-25,2026-05-25 09:31:00,-1,-0.0199833,twin=-1 div=0
C-F12-2,2026-05-26,2026-05-26 09:31:00,1,0.0127446,twin=1 div=0
C-F12-2,2026-05-27,2026-05-27 09:31:00,-1,-0.00680489,twin=-1 div=0
C-F12-2,2026-05-28,2026-05-28 09:31:00,1,0.0210214,twin=1 div=0
C-F12-2,2026-05-29,2026-05-29 09:31:00,-1,-0.00995717,twin=1 div=1
C-F12-2,2026-06-01,2026-06-01 09:31:00,-1,-0.0368227,twin=-1 div=0
C-F12-2,2026-06-02,2026-06-02 09:31:00,-1,-0.00903501,twin=1 div=1
C-F12-2,2026-06-03,2026-06-03 09:31:00,-1,-0.0117161,twin=-1 div=0
C-F12-2,2026-06-04,2026-06-04 09:31:00,-1,-0.00502026,twin=1 div=1
C-F12-2,2026-06-05,2026-06-05 09:31:00,-1,-0.0185941,twin=-1 div=0
C-F12-2,2026-06-08,2026-06-08 09:31:00,1,0.00409043,twin=1 div=0
C-F12-2,2026-06-09,2026-06-09 09:31:00,1,0.0109902,twin=1 div=0
C-F12-2,2026-06-10,2026-06-10 09:31:00,1,0.00463417,twin=1 div=0
C-F12-2,2026-06-11,2026-06-11 09:31:00,-1,-0.00740887,twin=-1 div=0
C-F12-2,2026-06-12,2026-06-12 09:31:00,-1,-0.00292036,twin=-1 div=0
C-F12-2,2026-06-15,2026-06-15 09:31:00,1,0.00634602,twin=1 div=0
C-F12-2,2026-06-16,2026-06-16 09:31:00,-1,-0.0167292,twin=-1 div=0
C-F12-2,2026-06-17,2026-06-17 09:31:00,1,0.0186631,twin=1 div=0
C-F12-2,2026-06-18,2026-06-18 09:31:00,1,0.0237886,twin=1 div=0
C-F12-2,2026-06-19,2026-06-19 09:31:00,-1,-0.00615199,twin=1 div=1
C-F12-2,2026-06-22,2026-06-22 09:31:00,1,0.00164585,twin=1 div=0
C-F12-2,2026-06-23,2026-06-23 09:31:00,-1,-0.0225863,twin=-1 div=0
C-F12-2,2026-06-24,2026-06-24 09:31:00,-1,-0.0222081,twin=-1 div=0
C-F12-2,2026-06-25,2026-06-25 09:31:00,1,0.00273186,twin=1 div=0
C-F12-2,2026-06-26,2026-06-26 09:31:00,-1,-0.00474539,twin=-1 div=0
C-F12-2,2026-06-29,2026-06-29 09:31:00,-1,-0.00365915,twin=-1 div=0
C-F12-2,2026-06-30,2026-06-30 09:31:00,-1,-0.0202986,twin=-1 div=0
C-F12-2,2026-07-01,2026-07-01 09:31:00,-1,-0.0134111,twin=-1 div=0
C-F12-2,2026-07-02,2026-07-02 09:31:00,1,0.00749204,twin=1 div=0
C-F12-2,2026-07-03,2026-07-03 09:31:00,1,0.00359919,twin=1 div=0
C-F12-2,2026-07-06,2026-07-06 09:31:00,-1,-0.0178854,twin=-1 div=0
C-F12-2,2026-07-07,2026-07-07 09:31:00,-1,-0.0100693,twin=-1 div=0
C-F12-2,2026-07-08,2026-07-08 09:31:00,1,0.00810796,twin=1 div=0
C-F12-2,2026-07-09,2026-07-09 09:31:00,1,0.0128874,twin=1 div=0
C-F12-2,2026-07-10,2026-07-10 09:31:00,1,0.00618041,twin=-1 div=1
C-F12-2,2026-07-13,2026-07-13 09:31:00,-1,-0.00834771,twin=-1 div=0
C-F12-2,2026-07-14,2026-07-14 09:31:00,1,0.0230026,twin=1 div=0
C-F12-2,2026-07-15,2026-07-15 09:31:00,-1,-0.0034618,twin=1 div=1
C-F12-2,2026-07-16,2026-07-16 09:31:00,1,0.00609589,twin=1 div=0
C-F12-2,2026-07-17,2026-07-17 09:31:00,-1,-0.00951144,twin=-1 div=0
C-F12-2,2026-07-20,2026-07-20 09:31:00,-1,-0.00909738,twin=-1 div=0
C-F12-2,2026-07-21,2026-07-21 09:31:00,1,0.0215631,twin=1 div=0
C-F12-2,2026-07-22,2026-07-22 09:31:00,1,0.00384637,twin=1 div=0
C-F12-2,2026-07-23,2026-07-23 09:31:00,-1,-0.0177135,twin=-1 div=0
C-F12-2,2026-07-24,2026-07-24 09:31:00,-1,-0.0141142,twin=-1 div=0
C-F12-2,2026-07-27,2026-07-27 09:31:00,-1,-0.00803449,twin=-1 div=0
C-F12-2,2026-07-28,2026-07-28 09:31:00,-1,-0.00813024,twin=-1 div=0
C-F12-2,2026-07-29,2026-07-29 09:31:00,-1,-0.0105617,twin=-1 div=0
C-F12-2,2026-07-30,2026-07-30 09:31:00,1,0.00945233,twin=1 div=0
C-F12-2,2026-07-31,2026-07-31 09:31:00,-1,-0.00407764,twin=1 div=1
C-F12-2,2026-08-03,2026-08-03 09:31:00,1,0.0032362,twin=-1 div=1
C-F12-2,2026-08-04,2026-08-04 09:31:00,1,0.0114531,twin=-1 div=1
C-F12-2,2026-08-05,2026-08-05 09:31:00,-1,-0.00180653,twin=1 div=1
C-F12-2,2026-08-06,2026-08-06 09:31:00,-1,-0.0231391,twin=-1 div=0
C-F12-2,2026-08-07,2026-08-07 09:31:00,1,0.00251773,twin=1 div=0
C-F12-2,2026-08-10,2026-08-10 09:31:00,-1,-0.0307667,twin=-1 div=0
C-F12-2,2026-08-11,2026-08-11 09:31:00,-1,-0.0011235,twin=1 div=1
C-F12-2,2026-08-12,2026-08-12 09:31:00,1,0.0139589,twin=1 div=0
C-F12-2,2026-08-13,2026-08-13 09:31:00,1,0.00931274,twin=1 div=0
C-F12-2,2026-08-14,2026-08-14 09:31:00,-1,-0.0196834,twin=-1 div=0
C-F12-2,2026-08-17,2026-08-17 09:31:00,-1,-0.0201056,twin=-1 div=0
C-F08-1,2025-08-21,2025-08-21 11:14:00,1,0.00306895,lb=0.019274 ls=0.016205 thr=0.0027418
C-F08-1,2025-08-21,2025-08-21 11:31:00,1,0.00309593,lb=0.019577 ls=0.016481 thr=0.0027418
C-F08-1,2025-08-21,2025-08-21 11:47:00,1,0.00282637,lb=0.020013 ls=0.017187 thr=0.0027418
C-F08-1,2025-08-21,2025-08-21 12:13:00,-1,-0.00285826,lb=0.018267 ls=0.021125 thr=0.0027418
C-F08-1,2025-08-21,2025-08-21 13:20:00,1,0.00275558,lb=0.021036 ls=0.01828 thr=0.0027418
C-F08-1,2025-08-21,2025-08-21 14:33:00,1,0.00303774,lb=0.020241 ls=0.017203 thr=0.0027418
C-F08-1,2025-08-21,2025-08-21 14:49:00,1,0.00399838,lb=0.023641 ls=0.019642 thr=0.0027418
C-F08-1,2025-08-21,2025-08-21 15:05:00,1,0.00278154,lb=0.023797 ls=0.021015 thr=0.0027418
C-F08-1,2025-08-21,2025-08-21 15:21:00,1,0.00396485,lb=0.022227 ls=0.018262 thr=0.0027418
C-F08-1,2025-08-22,2025-08-22 10:32:00,1,0.00611791,lb=0.027403 ls=0.021285 thr=0.0026718
C-F08-1,2025-08-22,2025-08-22 10:48:00,1,0.00809276,lb=0.028459 ls=0.020367 thr=0.0026718
C-F08-1,2025-08-22,2025-08-22 11:07:00,1,0.00303178,lb=0.024889 ls=0.021857 thr=0.0026718
C-F08-1,2025-08-22,2025-08-22 11:23:00,1,0.00353449,lb=0.024412 ls=0.020878 thr=0.0026718
C-F08-1,2025-08-22,2025-08-22 12:22:00,1,0.00285465,lb=0.017173 ls=0.014318 thr=0.0026718
C-F08-1,2025-08-22,2025-08-22 12:38:00,1,0.00323333,lb=0.018482 ls=0.015249 thr=0.0026718
C-F08-1,2025-08-22,2025-08-22 12:54:00,1,0.00320762,lb=0.020714 ls=0.017506 thr=0.0026718
C-F08-1,2025-08-22,2025-08-22 13:27:00,1,0.00319986,lb=0.017479 ls=0.01428 thr=0.0026718
C-F08-1,2025-08-22,2025-08-22 13:43:00,1,0.00487518,lb=0.019314 ls=0.014439 thr=0.0026718
C-F08-1,2025-08-22,2025-08-22 13:59:00,1,0.00395539,lb=0.01944 ls=0.015484 thr=0.0026718
C-F08-1,2025-08-22,2025-08-22 14:15:00,1,0.00602261,lb=0.023127 ls=0.017105 thr=0.0026718
C-F08-1,2025-08-22,2025-08-22 14:37:00,-1,-0.00297726,lb=0.017861 ls=0.020838 thr=0.0026718
C-F08-1,2025-08-22,2025-08-22 15:08:00,-1,-0.0027269,lb=0.014645 ls=0.017372 thr=0.0026718
C-F08-1,2025-08-22,2025-08-22 15:25:00,-1,-0.00350856,lb=0.014341 ls=0.017849 thr=0.0026718
C-F08-1,2025-08-22,2025-08-22 15:41:00,-1,-0.00617385,lb=0.01079 ls=0.016964 thr=0.0026718
C-F08-1,2025-08-25,2025-08-25 10:32:00,1,0.00333857,lb=0.017578 ls=0.014239 thr=0.0030256
C-F08-1,2025-08-25,2025-08-25 10:48:00,1,0.0039483,lb=0.018749 ls=0.014801 thr=0.0030256
C-F08-1,2025-08-25,2025-08-25 11:04:00,1,0.00334725,lb=0.017197 ls=0.01385 thr=0.0030256
C-F08-1,2025-08-25,2025-08-25 11:20:00,1,0.00363857,lb=0.016388 ls=0.012749 thr=0.0030256
C-F08-1,2025-08-25,2025-08-25 11:36:00,1,0.0036163,lb=0.014331 ls=0.010714 thr=0.0030256
C-F08-1,2025-08-25,2025-08-25 11:52:00,1,0.00516687,lb=0.015143 ls=0.009976 thr=0.0030256
C-F08-1,2025-08-25,2025-08-25 12:08:00,1,0.00305949,lb=0.012606 ls=0.0095461 thr=0.0030256
C-F08-1,2025-08-25,2025-08-25 12:24:00,1,0.00415416,lb=0.014155 ls=0.010001 thr=0.0030256
C-F08-1,2025-08-25,2025-08-25 12:55:00,1,0.00318859,lb=0.01502 ls=0.011831 thr=0.0030256
C-F08-1,2025-08-25,2025-08-25 13:11:00,1,0.0045921,lb=0.016874 ls=0.012282 thr=0.0030256
C-F08-1,2025-08-25,2025-08-25 13:45:00,1,0.00370972,lb=0.020303 ls=0.016593 thr=0.0030256
C-F08-1,2025-08-25,2025-08-25 14:23:00,-1,-0.00364696,lb=0.01269 ls=0.016337 thr=0.0030256
C-F08-1,2025-08-26,2025-08-26 10:32:00,-1,-0.00456894,lb=0.0099005 ls=0.014469 thr=0.0030595
C-F08-1,2025-08-26,2025-08-26 13:09:00,-1,-0.00344958,lb=0.012535 ls=0.015985 thr=0.0030595
C-F08-1,2025-08-26,2025-08-26 15:44:00,-1,-0.00316421,lb=0.013287 ls=0.016451 thr=0.0030595
C-F08-1,2025-08-27,2025-08-27 10:56:00,1,0.00293638,lb=0.012185 ls=0.0092486 thr=0.0028573
C-F08-1,2025-08-27,2025-08-27 12:57:00,1,0.00320387,lb=0.013447 ls=0.010243 thr=0.0028573
C-F08-1,2025-08-27,2025-08-27 13:13:00,1,0.00302368,lb=0.013768 ls=0.010745 thr=0.0028573
C-F08-1,2025-08-27,2025-08-27 13:29:00,1,0.00499878,lb=0.015686 ls=0.010687 thr=0.0028573
C-F08-1,2025-08-27,2025-08-27 13:45:00,1,0.0049402,lb=0.016228 ls=0.011288 thr=0.0028573
C-F08-1,2025-08-27,2025-08-27 14:21:00,1,0.00308607,lb=0.01244 ls=0.0093535 thr=0.0028573
C-F08-1,2025-08-27,2025-08-27 14:40:00,1,0.00304611,lb=0.011867 ls=0.0088209 thr=0.0028573
C-F08-1,2025-08-27,2025-08-27 15:15:00,1,0.00308112,lb=0.01599 ls=0.012909 thr=0.0028573
C-F08-1,2025-08-27,2025-08-27 15:31:00,1,0.00500806,lb=0.019899 ls=0.014891 thr=0.0028573
C-F08-1,2025-08-28,2025-08-28 10:32:00,1,0.00391258,lb=0.022361 ls=0.018449 thr=0.0028825
C-F08-1,2025-08-28,2025-08-28 10:48:00,1,0.00307836,lb=0.020995 ls=0.017917 thr=0.0028825
C-F08-1,2025-08-28,2025-08-28 11:05:00,1,0.00302327,lb=0.018186 ls=0.015162 thr=0.0028825
C-F08-1,2025-08-28,2025-08-28 12:17:00,1,0.00375441,lb=0.017869 ls=0.014115 thr=0.0028825
C-F08-1,2025-08-28,2025-08-28 12:40:00,-1,-0.00315491,lb=0.013963 ls=0.017118 thr=0.0028825
C-F08-1,2025-08-28,2025-08-28 13:30:00,1,0.00320267,lb=0.017032 ls=0.013829 thr=0.0028825
C-F08-1,2025-08-28,2025-08-28 13:46:00,1,0.00321008,lb=0.017286 ls=0.014076 thr=0.0028825
C-F08-1,2025-08-28,2025-08-28 14:03:00,1,0.00339807,lb=0.016177 ls=0.012779 thr=0.0028825
C-F08-1,2025-08-28,2025-08-28 14:20:00,1,0.00311583,lb=0.014669 ls=0.011553 thr=0.0028825
C-F08-1,2025-08-29,2025-08-29 10:32:00,1,0.00586404,lb=0.019757 ls=0.013893 thr=0.0028782
C-F08-1,2025-08-29,2025-08-29 10:48:00,1,0.00727686,lb=0.021561 ls=0.014284 thr=0.0028782
C-F08-1,2025-08-29,2025-08-29 11:04:00,1,0.00536114,lb=0.019403 ls=0.014042 thr=0.0028782
C-F08-1,2025-08-29,2025-08-29 11:20:00,1,0.00459898,lb=0.017598 ls=0.012999 thr=0.0028782
C-F08-1,2025-08-29,2025-08-29 11:36:00,1,0.00445212,lb=0.017276 ls=0.012823 thr=0.0028782
C-F08-1,2025-08-29,2025-08-29 11:52:00,1,0.00315762,lb=0.016379 ls=0.013221 thr=0.0028782
C-F08-1,2025-08-29,2025-08-29 12:08:00,1,0.00301477,lb=0.018244 ls=0.01523 thr=0.0028782
C-F08-1,2025-08-29,2025-08-29 12:54:00,1,0.00315747,lb=0.017009 ls=0.013852 thr=0.0028782
C-F08-1,2025-08-29,2025-08-29 13:17:00,1,0.00303091,lb=0.017808 ls=0.014777 thr=0.0028782
C-F08-1,2025-08-29,2025-08-29 13:39:00,1,0.00322061,lb=0.017149 ls=0.013928 thr=0.0028782
C-F08-1,2025-08-29,2025-08-29 13:55:00,1,0.00357549,lb=0.018202 ls=0.014627 thr=0.0028782
C-F08-1,2025-08-29,2025-08-29 14:11:00,1,0.00462547,lb=0.018064 ls=0.013439 thr=0.0028782
C-F08-1,2025-08-29,2025-08-29 14:32:00,1,0.00422443,lb=0.020997 ls=0.016773 thr=0.0028782
C-F08-1,2025-08-29,2025-08-29 14:54:00,1,0.00301147,lb=0.022416 ls=0.019404 thr=0.0028782
C-F08-1,2025-08-29,2025-08-29 15:20:00,1,0.00291364,lb=0.022625 ls=0.019711 thr=0.0028782
C-F08-1,2025-09-01,2025-09-01 10:32:00,1,0.00773466,lb=0.021589 ls=0.013855 thr=0.0030305
C-F08-1,2025-09-01,2025-09-01 10:48:00,1,0.00540105,lb=0.018477 ls=0.013076 thr=0.0030305
C-F08-1,2025-09-01,2025-09-01 11:04:00,1,0.00763638,lb=0.022064 ls=0.014427 thr=0.0030305
C-F08-1,2025-09-01,2025-09-01 11:20:00,1,0.00551973,lb=0.018647 ls=0.013127 thr=0.0030305
C-F08-1,2025-09-01,2025-09-01 11:39:00,1,0.0032074,lb=0.019103 ls=0.015896 thr=0.0030305
C-F08-1,2025-09-01,2025-09-01 11:55:00,1,0.00396249,lb=0.018435 ls=0.014472 thr=0.0030305
C-F08-1,2025-09-01,2025-09-01 12:16:00,-1,-0.00404839,lb=0.018753 ls=0.022802 thr=0.0030305
C-F08-1,2025-09-02,2025-09-02 10:43:00,1,0.00341173,lb=0.025852 ls=0.022441 thr=0.0031072
C-F08-1,2025-09-02,2025-09-02 11:17:00,-1,-0.00358428,lb=0.017885 ls=0.02147 thr=0.0031072
C-F08-1,2025-09-02,2025-09-02 11:33:00,-1,-0.00558409,lb=0.014658 ls=0.020242 thr=0.0031072
C-F08-1,2025-09-02,2025-09-02 11:49:00,-1,-0.00692665,lb=0.012782 ls=0.019709 thr=0.0031072
C-F08-1,2025-09-02,2025-09-02 12:05:00,-1,-0.00645098,lb=0.014421 ls=0.020872 thr=0.0031072
C-F08-1,2025-09-02,2025-09-02 12:21:00,-1,-0.0045295,lb=0.016436 ls=0.020965 thr=0.0031072
C-F08-1,2025-09-02,2025-09-02 13:02:00,1,0.00330047,lb=0.020789 ls=0.017488 thr=0.0031072
C-F08-1,2025-09-02,2025-09-02 13:18:00,1,0.00495931,lb=0.021397 ls=0.016438 thr=0.0031072
C-F08-1,2025-09-02,2025-09-02 13:34:00,1,0.00362613,lb=0.020374 ls=0.016748 thr=0.0031072
C-F08-1,2025-09-02,2025-09-02 13:50:00,1,0.00811222,lb=0.018986 ls=0.010874 thr=0.0031072
C-F08-1,2025-09-02,2025-09-02 14:06:00,1,0.00387209,lb=0.016841 ls=0.012969 thr=0.0031072
C-F08-1,2025-09-02,2025-09-02 14:22:00,1,0.00352089,lb=0.016744 ls=0.013223 thr=0.0031072
C-F08-1,2025-09-02,2025-09-02 14:38:00,-1,-0.00403042,lb=0.01217 ls=0.0162 thr=0.0031072
C-F08-1,2025-09-02,2025-09-02 14:54:00,-1,-0.00485744,lb=0.020166 ls=0.025024 thr=0.0031072
C-F08-1,2025-09-02,2025-09-02 15:10:00,-1,-0.00560438,lb=0.025175 ls=0.03078 thr=0.0031072
C-F08-1,2025-09-02,2025-09-02 15:26:00,-1,-0.00386819,lb=0.027305 ls=0.031173 thr=0.0031072
C-F08-1,2025-09-03,2025-09-03 11:49:00,1,0.00512457,lb=0.019529 ls=0.014404 thr=0.0033205
C-F08-1,2025-09-03,2025-09-03 12:08:00,1,0.00339163,lb=0.01744 ls=0.014048 thr=0.0033205
C-F08-1,2025-09-03,2025-09-03 12:38:00,1,0.00403449,lb=0.017705 ls=0.01367 thr=0.0033205
C-F08-1,2025-09-03,2025-09-03 12:54:00,1,0.00411823,lb=0.017806 ls=0.013687 thr=0.0033205
C-F08-1,2025-09-03,2025-09-03 13:18:00,1,0.00337363,lb=0.01658 ls=0.013207 thr=0.0033205
C-F08-1,2025-09-03,2025-09-03 14:48:00,-1,-0.00334242,lb=0.020182 ls=0.023524 thr=0.0033205
C-F08-1,2025-09-03,2025-09-03 15:05:00,-1,-0.00342501,lb=0.019383 ls=0.022808 thr=0.0033205
C-F08-1,2025-09-04,2025-09-04 12:07:00,1,0.00329613,lb=0.017102 ls=0.013806 thr=0.0032509
C-F08-1,2025-09-04,2025-09-04 12:23:00,1,0.00584781,lb=0.020958 ls=0.01511 thr=0.0032509
C-F08-1,2025-09-04,2025-09-04 12:42:00,1,0.00425437,lb=0.019005 ls=0.014751 thr=0.0032509
C-F08-1,2025-09-04,2025-09-04 14:16:00,1,0.00334303,lb=0.01283 ls=0.0094867 thr=0.0032509
C-F08-1,2025-09-05,2025-09-05 10:32:00,1,0.00422314,lb=0.02195 ls=0.017727 thr=0.0031724
C-F08-1,2025-09-05,2025-09-05 10:48:00,1,0.0103319,lb=0.028221 ls=0.017889 thr=0.0031724
C-F08-1,2025-09-05,2025-09-05 11:04:00,1,0.00594069,lb=0.024476 ls=0.018535 thr=0.0031724
C-F08-1,2025-09-05,2025-09-05 11:20:00,1,0.00317987,lb=0.024472 ls=0.021292 thr=0.0031724
C-F08-1,2025-09-05,2025-09-05 11:37:00,1,0.00330226,lb=0.025927 ls=0.022624 thr=0.0031724
C-F08-1,2025-09-05,2025-09-05 11:53:00,1,0.00449774,lb=0.023754 ls=0.019256 thr=0.0031724
C-F08-1,2025-09-05,2025-09-05 12:09:00,1,0.00826168,lb=0.026755 ls=0.018494 thr=0.0031724
C-F08-1,2025-09-05,2025-09-05 12:25:00,1,0.00719992,lb=0.025015 ls=0.017815 thr=0.0031724
C-F08-1,2025-09-05,2025-09-05 12:41:00,1,0.0057684,lb=0.026411 ls=0.020643 thr=0.0031724
C-F08-1,2025-09-05,2025-09-05 12:57:00,1,0.00521569,lb=0.030619 ls=0.025403 thr=0.0031724
C-F08-1,2025-09-05,2025-09-05 13:13:00,1,0.0135213,lb=0.040392 ls=0.026871 thr=0.0031724
C-F08-1,2025-09-05,2025-09-05 13:29:00,1,0.0133692,lb=0.041946 ls=0.028576 thr=0.0031724
C-F08-1,2025-09-05,2025-09-05 13:45:00,1,0.018087,lb=0.043264 ls=0.025177 thr=0.0031724
C-F08-1,2025-09-05,2025-09-05 14:01:00,1,0.0102613,lb=0.036815 ls=0.026553 thr=0.0031724
C-F08-1,2025-09-05,2025-09-05 14:28:00,1,0.00353955,lb=0.025492 ls=0.021953 thr=0.0031724
C-F08-1,2025-09-05,2025-09-05 14:46:00,1,0.00372083,lb=0.026816 ls=0.023096 thr=0.0031724
C-F08-1,2025-09-05,2025-09-05 15:02:00,1,0.00892288,lb=0.028619 ls=0.019696 thr=0.0031724
C-F08-1,2025-09-05,2025-09-05 15:18:00,1,0.0032581,lb=0.022039 ls=0.018781 thr=0.0031724
C-F08-1,2025-09-05,2025-09-05 15:36:00,1,0.0034805,lb=0.021476 ls=0.017995 thr=0.0031724
C-F08-1,2025-09-08,2025-09-08 11:59:00,1,0.0036527,lb=0.012804 ls=0.009151 thr=0.0034202
C-F08-1,2025-09-09,2025-09-09 13:22:00,1,0.00332093,lb=0.019218 ls=0.015897 thr=0.0032956
C-F08-1,2025-09-09,2025-09-09 13:43:00,1,0.0033583,lb=0.018323 ls=0.014965 thr=0.0032956
C-F08-1,2025-09-09,2025-09-09 14:15:00,1,0.00337494,lb=0.015288 ls=0.011913 thr=0.0032956
C-F08-1,2025-09-09,2025-09-09 14:54:00,1,0.00349561,lb=0.015337 ls=0.011842 thr=0.0032956
C-F08-1,2025-09-10,2025-09-10 10:33:00,1,0.00331602,lb=0.014626 ls=0.01131 thr=0.0031885
C-F08-1,2025-09-10,2025-09-10 10:51:00,1,0.00362529,lb=0.014396 ls=0.010771 thr=0.0031885
C-F08-1,2025-09-10,2025-09-10 11:24:00,1,0.00320015,lb=0.01523 ls=0.01203 thr=0.0031885
C-F08-1,2025-09-10,2025-09-10 13:56:00,1,0.00456927,lb=0.017016 ls=0.012447 thr=0.0031885
C-F08-1,2025-09-10,2025-09-10 14:12:00,1,0.00634318,lb=0.019025 ls=0.012682 thr=0.0031885
C-F08-1,2025-09-10,2025-09-10 14:28:00,1,0.00353825,lb=0.018904 ls=0.015366 thr=0.0031885
C-F08-1,2025-09-10,2025-09-10 15:44:00,1,0.00321086,lb=0.017031 ls=0.01382 thr=0.0031885
C-F08-1,2025-09-11,2025-09-11 12:21:00,1,0.00324806,lb=0.014566 ls=0.011318 thr=0.0031648
C-F08-1,2025-09-12,2025-09-12 12:11:00,1,0.00324976,lb=0.015607 ls=0.012357 thr=0.0031261
C-F08-1,2025-09-12,2025-09-12 12:30:00,1,0.00352992,lb=0.015971 ls=0.012441 thr=0.0031261
C-F08-1,2025-09-12,2025-09-12 13:28:00,-1,-0.00316849,lb=0.0082908 ls=0.011459 thr=0.0031261
C-F08-1,2025-09-12,2025-09-12 13:52:00,-1,-0.00377169,lb=0.0089368 ls=0.012708 thr=0.0031261
C-F08-1,2025-09-12,2025-09-12 14:43:00,-1,-0.00314668,lb=0.0085416 ls=0.011688 thr=0.0031261
C-F08-1,2025-09-12,2025-09-12 15:01:00,1,0.00347169,lb=0.0095053 ls=0.0060336 thr=0.0031261
C-F08-1,2025-09-15,2025-09-15 10:32:00,1,0.00726729,lb=0.028225 ls=0.020958 thr=0.0030953
C-F08-1,2025-09-15,2025-09-15 10:48:00,1,0.00744621,lb=0.027173 ls=0.019726 thr=0.0030953
C-F08-1,2025-09-15,2025-09-15 11:12:00,-1,-0.00519341,lb=0.021609 ls=0.026802 thr=0.0030953
C-F08-1,2025-09-15,2025-09-15 11:28:00,-1,-0.00341082,lb=0.023022 ls=0.026433 thr=0.0030953
C-F08-1,2025-09-15,2025-09-15 11:44:00,-1,-0.00390842,lb=0.019678 ls=0.023587 thr=0.0030953
C-F08-1,2025-09-15,2025-09-15 12:20:00,1,0.00398244,lb=0.022513 ls=0.01853 thr=0.0030953
C-F08-1,2025-09-15,2025-09-15 12:36:00,1,0.00502026,lb=0.021253 ls=0.016233 thr=0.0030953
C-F08-1,2025-09-15,2025-09-15 12:59:00,1,0.005125,lb=0.023456 ls=0.018331 thr=0.0030953
C-F08-1,2025-09-15,2025-09-15 13:25:00,1,0.00526492,lb=0.022738 ls=0.017473 thr=0.0030953
C-F08-1,2025-09-15,2025-09-15 13:41:00,1,0.0037297,lb=0.023265 ls=0.019535 thr=0.0030953
C-F08-1,2025-09-15,2025-09-15 13:57:00,1,0.00388923,lb=0.024344 ls=0.020455 thr=0.0030953
C-F08-1,2025-09-15,2025-09-15 14:13:00,1,0.00468007,lb=0.02542 ls=0.02074 thr=0.0030953
C-F08-1,2025-09-15,2025-09-15 14:30:00,1,0.00334534,lb=0.028523 ls=0.025178 thr=0.0030953
C-F08-1,2025-09-15,2025-09-15 14:46:00,1,0.00399164,lb=0.027012 ls=0.02302 thr=0.0030953
C-F08-1,2025-09-15,2025-09-15 15:02:00,1,0.00630175,lb=0.026426 ls=0.020124 thr=0.0030953
C-F08-1,2025-09-15,2025-09-15 15:18:00,1,0.00886947,lb=0.029945 ls=0.021076 thr=0.0030953
C-F08-1,2025-09-15,2025-09-15 15:34:00,1,0.00703662,lb=0.025843 ls=0.018806 thr=0.0030953
C-F08-1,2025-09-16,2025-09-16 11:11:00,1,0.00327468,lb=0.014191 ls=0.010917 thr=0.0031646
C-F08-1,2025-09-16,2025-09-16 12:59:00,1,0.0034438,lb=0.015201 ls=0.011757 thr=0.0031646
C-F08-1,2025-09-16,2025-09-16 13:42:00,1,0.0033481,lb=0.01248 ls=0.0091321 thr=0.0031646
C-F08-1,2025-09-16,2025-09-16 14:53:00,-1,-0.00336891,lb=0.013659 ls=0.017028 thr=0.0031646
C-F08-1,2025-09-16,2025-09-16 15:10:00,1,0.00347765,lb=0.010436 ls=0.0069587 thr=0.0031646
C-F08-1,2025-09-16,2025-09-16 15:28:00,1,0.00340952,lb=0.012235 ls=0.0088257 thr=0.0031646
C-F08-1,2025-09-17,2025-09-17 11:04:00,-1,-0.00360253,lb=0.010654 ls=0.014257 thr=0.0031012
C-F08-1,2025-09-17,2025-09-17 11:28:00,-1,-0.00341838,lb=0.011838 ls=0.015257 thr=0.0031012
C-F08-1,2025-09-17,2025-09-17 11:46:00,-1,-0.003104,lb=0.012096 ls=0.0152 thr=0.0031012
C-F08-1,2025-09-17,2025-09-17 12:40:00,1,0.00354557,lb=0.016271 ls=0.012726 thr=0.0031012
C-F08-1,2025-09-17,2025-09-17 13:03:00,1,0.00355964,lb=0.018894 ls=0.015334 thr=0.0031012
C-F08-1,2025-09-17,2025-09-17 13:21:00,1,0.00314397,lb=0.020773 ls=0.017629 thr=0.0031012
C-F08-1,2025-09-17,2025-09-17 13:37:00,1,0.0032105,lb=0.020379 ls=0.017169 thr=0.0031012
C-F08-1,2025-09-17,2025-09-17 13:53:00,-1,-0.00390141,lb=0.018418 ls=0.02232 thr=0.0031012
C-F08-1,2025-09-17,2025-09-17 14:09:00,-1,-0.00680241,lb=0.022428 ls=0.02923 thr=0.0031012
C-F08-1,2025-09-17,2025-09-17 14:25:00,-1,-0.0111349,lb=0.026178 ls=0.037313 thr=0.0031012
C-F08-1,2025-09-17,2025-09-17 14:41:00,-1,-0.0106036,lb=0.032046 ls=0.04265 thr=0.0031012
C-F08-1,2025-09-17,2025-09-17 14:57:00,-1,-0.00839711,lb=0.038713 ls=0.04711 thr=0.0031012
C-F08-1,2025-09-17,2025-09-17 15:15:00,1,0.00410852,lb=0.045695 ls=0.041586 thr=0.0031012
C-F08-1,2025-09-17,2025-09-17 15:33:00,1,0.00313463,lb=0.048469 ls=0.045335 thr=0.0031012
C-F08-1,2025-09-18,2025-09-18 11:30:00,-1,-0.00329317,lb=0.014754 ls=0.018048 thr=0.0031547
C-F08-1,2025-09-18,2025-09-18 11:46:00,-1,-0.00338836,lb=0.014869 ls=0.018257 thr=0.0031547
C-F08-1,2025-09-18,2025-09-18 12:04:00,-1,-0.00321124,lb=0.014574 ls=0.017785 thr=0.0031547
C-F08-1,2025-09-18,2025-09-18 13:38:00,-1,-0.00346587,lb=0.015435 ls=0.018901 thr=0.0031547
C-F08-1,2025-09-18,2025-09-18 13:58:00,-1,-0.00395022,lb=0.017411 ls=0.021361 thr=0.0031547
C-F08-1,2025-09-18,2025-09-18 14:19:00,-1,-0.00364446,lb=0.017854 ls=0.021498 thr=0.0031547
C-F08-1,2025-09-18,2025-09-18 14:59:00,1,0.00319084,lb=0.019594 ls=0.016403 thr=0.0031547
C-F08-1,2025-09-18,2025-09-18 15:19:00,1,0.00391068,lb=0.017082 ls=0.013171 thr=0.0031547
C-F08-1,2025-09-18,2025-09-18 15:38:00,1,0.00331671,lb=0.018566 ls=0.015249 thr=0.0031547
C-F08-1,2025-09-19,2025-09-19 13:15:00,-1,-0.00350186,lb=0.011096 ls=0.014598 thr=0.0032322
C-F08-1,2025-09-22,2025-09-22 12:22:00,1,0.00322431,lb=0.011295 ls=0.0080709 thr=0.00317
C-F08-1,2025-09-22,2025-09-22 13:06:00,1,0.00369671,lb=0.010882 ls=0.0071853 thr=0.00317
C-F08-1,2025-09-22,2025-09-22 13:31:00,1,0.00372238,lb=0.018645 ls=0.014923 thr=0.00317
C-F08-1,2025-09-22,2025-09-22 15:19:00,1,0.00391346,lb=0.014455 ls=0.010541 thr=0.00317
C-F08-1,2025-09-22,2025-09-22 15:35:00,1,0.00360906,lb=0.015873 ls=0.012264 thr=0.00317
C-F08-1,2025-09-23,2025-09-23 11:12:00,1,0.00329802,lb=0.012169 ls=0.0088709 thr=0.0030153
C-F08-1,2025-09-23,2025-09-23 11:45:00,1,0.00342465,lb=0.013236 ls=0.0098109 thr=0.0030153
C-F08-1,2025-09-23,2025-09-23 12:01:00,1,0.00455158,lb=0.01383 ls=0.0092789 thr=0.0030153
C-F08-1,2025-09-23,2025-09-23 12:17:00,1,0.00532174,lb=0.014372 ls=0.0090498 thr=0.0030153
C-F08-1,2025-09-23,2025-09-23 12:33:00,1,0.00425385,lb=0.012552 ls=0.0082981 thr=0.0030153
C-F08-1,2025-09-23,2025-09-23 13:22:00,1,0.00367386,lb=0.014978 ls=0.011304 thr=0.0030153
C-F08-1,2025-09-23,2025-09-23 13:50:00,1,0.00352684,lb=0.015802 ls=0.012275 thr=0.0030153
C-F08-1,2025-09-23,2025-09-23 14:06:00,1,0.0033181,lb=0.017653 ls=0.014335 thr=0.0030153
C-F08-1,2025-09-23,2025-09-23 15:13:00,1,0.00320057,lb=0.020254 ls=0.017053 thr=0.0030153
C-F08-1,2025-09-23,2025-09-23 15:29:00,1,0.0043671,lb=0.021917 ls=0.01755 thr=0.0030153
C-F08-1,2025-09-23,2025-09-23 15:45:00,1,0.00692798,lb=0.022561 ls=0.015633 thr=0.0030153
C-F08-1,2025-09-24,2025-09-24 12:12:00,-1,-0.00322953,lb=0.0087528 ls=0.011982 thr=0.0030972
C-F08-1,2025-09-24,2025-09-24 15:18:00,1,0.00373118,lb=0.020894 ls=0.017163 thr=0.0030972
C-F08-1,2025-09-25,2025-09-25 10:35:00,1,0.00297213,lb=0.015224 ls=0.012252 thr=0.0029245
C-F08-1,2025-09-25,2025-09-25 10:51:00,1,0.00298039,lb=0.016405 ls=0.013425 thr=0.0029245
C-F08-1,2025-09-25,2025-09-25 11:47:00,1,0.00293672,lb=0.018687 ls=0.01575 thr=0.0029245
C-F08-1,2025-09-25,2025-09-25 12:04:00,1,0.00309137,lb=0.018208 ls=0.015117 thr=0.0029245
C-F08-1,2025-09-25,2025-09-25 12:24:00,1,0.00322396,lb=0.018626 ls=0.015402 thr=0.0029245
C-F08-1,2025-09-25,2025-09-25 12:40:00,1,0.00346455,lb=0.020272 ls=0.016808 thr=0.0029245
C-F08-1,2025-09-25,2025-09-25 12:56:00,1,0.0040135,lb=0.022833 ls=0.018819 thr=0.0029245
C-F08-1,2025-09-25,2025-09-25 13:51:00,-1,-0.00300057,lb=0.018283 ls=0.021284 thr=0.0029245
C-F08-1,2025-09-25,2025-09-25 14:07:00,-1,-0.00392406,lb=0.019173 ls=0.023097 thr=0.0029245
C-F08-1,2025-09-25,2025-09-25 15:01:00,1,0.00316389,lb=0.022674 ls=0.01951 thr=0.0029245
C-F08-1,2025-09-25,2025-09-25 15:17:00,1,0.00593373,lb=0.025003 ls=0.019069 thr=0.0029245
C-F08-1,2025-09-25,2025-09-25 15:33:00,1,0.00337126,lb=0.02405 ls=0.020678 thr=0.0029245
C-F08-1,2025-09-26,2025-09-26 10:45:00,1,0.00305134,lb=0.019228 ls=0.016177 thr=0.0028144
C-F08-1,2025-09-26,2025-09-26 11:51:00,1,0.00286537,lb=0.019594 ls=0.016729 thr=0.0028144
C-F08-1,2025-09-26,2025-09-26 12:07:00,1,0.00375698,lb=0.022352 ls=0.018595 thr=0.0028144
C-F08-1,2025-09-26,2025-09-26 12:23:00,1,0.00361568,lb=0.022774 ls=0.019159 thr=0.0028144
C-F08-1,2025-09-26,2025-09-26 12:39:00,1,0.00401495,lb=0.021019 ls=0.017004 thr=0.0028144
C-F08-1,2025-09-26,2025-09-26 12:56:00,1,0.00287089,lb=0.0194 ls=0.016529 thr=0.0028144
C-F08-1,2025-09-26,2025-09-26 13:12:00,1,0.00512305,lb=0.020918 ls=0.015795 thr=0.0028144
C-F08-1,2025-09-26,2025-09-26 13:28:00,1,0.0073094,lb=0.023602 ls=0.016292 thr=0.0028144
C-F08-1,2025-09-26,2025-09-26 13:44:00,1,0.00656448,lb=0.021192 ls=0.014628 thr=0.0028144
C-F08-1,2025-09-26,2025-09-26 14:00:00,1,0.00437027,lb=0.019444 ls=0.015074 thr=0.0028144
C-F08-1,2025-09-26,2025-09-26 14:34:00,-1,-0.0029022,lb=0.015688 ls=0.01859 thr=0.0028144
C-F08-1,2025-09-26,2025-09-26 15:01:00,1,0.00285757,lb=0.017461 ls=0.014603 thr=0.0028144
C-F08-1,2025-09-26,2025-09-26 15:18:00,1,0.00309627,lb=0.016073 ls=0.012977 thr=0.0028144
C-F08-1,2025-09-26,2025-09-26 15:34:00,1,0.00477873,lb=0.017641 ls=0.012862 thr=0.0028144
C-F08-1,2025-09-29,2025-09-29 11:12:00,1,0.00346642,lb=0.013305 ls=0.0098389 thr=0.0029748
C-F08-1,2025-09-29,2025-09-29 11:36:00,1,0.00313049,lb=0.01291 ls=0.0097799 thr=0.0029748
C-F08-1,2025-09-29,2025-09-29 11:56:00,1,0.00297782,lb=0.011642 ls=0.0086643 thr=0.0029748
C-F08-1,2025-09-29,2025-09-29 12:36:00,1,0.00303983,lb=0.012637 ls=0.0095975 thr=0.0029748
C-F08-1,2025-09-29,2025-09-29 13:06:00,1,0.00328796,lb=0.014802 ls=0.011514 thr=0.0029748
C-F08-1,2025-09-29,2025-09-29 13:22:00,1,0.0043677,lb=0.015385 ls=0.011018 thr=0.0029748
C-F08-1,2025-09-29,2025-09-29 13:43:00,1,0.00351769,lb=0.015436 ls=0.011919 thr=0.0029748
C-F08-1,2025-09-29,2025-09-29 14:08:00,-1,-0.0029874,lb=0.011251 ls=0.014238 thr=0.0029748
C-F08-1,2025-09-30,2025-09-30 10:32:00,1,0.00339583,lb=0.014632 ls=0.011236 thr=0.0027229
C-F08-1,2025-09-30,2025-09-30 11:08:00,-1,-0.00321811,lb=0.012179 ls=0.015397 thr=0.0027229
C-F08-1,2025-09-30,2025-09-30 12:19:00,1,0.0027997,lb=0.014336 ls=0.011537 thr=0.0027229
C-F08-1,2025-09-30,2025-09-30 13:03:00,1,0.00309797,lb=0.017697 ls=0.014599 thr=0.0027229
C-F08-1,2025-09-30,2025-09-30 13:54:00,1,0.00304761,lb=0.017578 ls=0.014531 thr=0.0027229
C-F08-1,2025-09-30,2025-09-30 14:45:00,1,0.00303645,lb=0.017178 ls=0.014142 thr=0.0027229
C-F08-1,2025-09-30,2025-09-30 15:02:00,1,0.00362652,lb=0.016077 ls=0.01245 thr=0.0027229
C-F08-1,2025-09-30,2025-09-30 15:44:00,-1,-0.00284175,lb=0.013471 ls=0.016313 thr=0.0027229
C-F08-1,2025-10-01,2025-10-01 11:05:00,-1,-0.00367547,lb=0.01132 ls=0.014996 thr=0.0026714
C-F08-1,2025-10-01,2025-10-01 11:41:00,-1,-0.00312297,lb=0.013363 ls=0.016486 thr=0.0026714
C-F08-1,2025-10-01,2025-10-01 12:46:00,1,0.0030777,lb=0.017346 ls=0.014268 thr=0.0026714
C-F08-1,2025-10-01,2025-10-01 13:06:00,-1,-0.00274268,lb=0.012299 ls=0.015042 thr=0.0026714
C-F08-1,2025-10-01,2025-10-01 13:22:00,-1,-0.00344002,lb=0.011466 ls=0.014906 thr=0.0026714
C-F08-1,2025-10-01,2025-10-01 13:38:00,-1,-0.00337083,lb=0.011103 ls=0.014474 thr=0.0026714
C-F08-1,2025-10-01,2025-10-01 14:20:00,1,0.00276962,lb=0.010828 ls=0.0080588 thr=0.0026714
C-F08-1,2025-10-01,2025-10-01 14:36:00,1,0.00367389,lb=0.011965 ls=0.0082916 thr=0.0026714
C-F08-1,2025-10-01,2025-10-01 14:53:00,1,0.00327977,lb=0.011501 ls=0.0082211 thr=0.0026714
C-F08-1,2025-10-02,2025-10-02 10:39:00,1,0.00311617,lb=0.012986 ls=0.0098696 thr=0.0027226
C-F08-1,2025-10-02,2025-10-02 10:55:00,1,0.00302896,lb=0.015931 ls=0.012902 thr=0.0027226
C-F08-1,2025-10-02,2025-10-02 11:29:00,1,0.00286278,lb=0.017434 ls=0.014572 thr=0.0027226
C-F08-1,2025-10-02,2025-10-02 11:47:00,1,0.00274359,lb=0.015938 ls=0.013194 thr=0.0027226
C-F08-1,2025-10-02,2025-10-02 12:54:00,1,0.0029821,lb=0.019607 ls=0.016625 thr=0.0027226
C-F08-1,2025-10-02,2025-10-02 13:10:00,1,0.00683802,lb=0.025454 ls=0.018616 thr=0.0027226
C-F08-1,2025-10-02,2025-10-02 13:47:00,-1,-0.0029744,lb=0.013471 ls=0.016446 thr=0.0027226
C-F08-1,2025-10-02,2025-10-02 14:26:00,1,0.0029045,lb=0.011668 ls=0.0087636 thr=0.0027226
C-F08-1,2025-10-02,2025-10-02 14:43:00,1,0.00398883,lb=0.014183 ls=0.010194 thr=0.0027226
C-F08-1,2025-10-02,2025-10-02 14:59:00,1,0.00548182,lb=0.016545 ls=0.011063 thr=0.0027226
C-F08-1,2025-10-02,2025-10-02 15:15:00,1,0.00344817,lb=0.017533 ls=0.014085 thr=0.0027226
C-F08-1,2025-10-02,2025-10-02 15:31:00,1,0.00551611,lb=0.019476 ls=0.01396 thr=0.0027226
C-F08-1,2025-10-03,2025-10-03 13:10:00,1,0.0041686,lb=0.019834 ls=0.015666 thr=0.0028206
C-F08-1,2025-10-03,2025-10-03 13:50:00,-1,-0.00296862,lb=0.013968 ls=0.016936 thr=0.0028206
C-F08-1,2025-10-03,2025-10-03 14:06:00,-1,-0.00337799,lb=0.014993 ls=0.018371 thr=0.0028206
C-F08-1,2025-10-03,2025-10-03 14:22:00,-1,-0.00309793,lb=0.015814 ls=0.018912 thr=0.0028206
C-F08-1,2025-10-03,2025-10-03 15:07:00,1,0.00403013,lb=0.016672 ls=0.012642 thr=0.0028206
C-F08-1,2025-10-03,2025-10-03 15:35:00,1,0.00304625,lb=0.016903 ls=0.013856 thr=0.0028206
C-F08-1,2025-10-06,2025-10-06 10:43:00,1,0.00360444,lb=0.019934 ls=0.01633 thr=0.0028958
C-F08-1,2025-10-06,2025-10-06 11:02:00,1,0.00343124,lb=0.017233 ls=0.013802 thr=0.0028958
C-F08-1,2025-10-06,2025-10-06 11:18:00,1,0.0030287,lb=0.014947 ls=0.011918 thr=0.0028958
C-F08-1,2025-10-06,2025-10-06 11:34:00,1,0.00368415,lb=0.014502 ls=0.010818 thr=0.0028958
C-F08-1,2025-10-06,2025-10-06 13:05:00,1,0.00311431,lb=0.015857 ls=0.012742 thr=0.0028958
C-F08-1,2025-10-06,2025-10-06 13:21:00,1,0.00429453,lb=0.017047 ls=0.012753 thr=0.0028958
C-F08-1,2025-10-06,2025-10-06 13:49:00,1,0.00372018,lb=0.014551 ls=0.01083 thr=0.0028958
C-F08-1,2025-10-06,2025-10-06 14:05:00,1,0.00396899,lb=0.013904 ls=0.0099353 thr=0.0028958
C-F08-1,2025-10-06,2025-10-06 14:21:00,1,0.00398373,lb=0.013618 ls=0.0096342 thr=0.0028958
C-F08-1,2025-10-06,2025-10-06 14:37:00,1,0.00320041,lb=0.013183 ls=0.0099825 thr=0.0028958
C-F08-1,2025-10-06,2025-10-06 14:53:00,-1,-0.00359914,lb=0.012846 ls=0.016445 thr=0.0028958
C-F08-1,2025-10-06,2025-10-06 15:09:00,-1,-0.00412847,lb=0.014732 ls=0.01886 thr=0.0028958
C-F08-1,2025-10-06,2025-10-06 15:25:00,-1,-0.00613783,lb=0.01434 ls=0.020478 thr=0.0028958
C-F08-1,2025-10-06,2025-10-06 15:41:00,1,0.00404578,lb=0.020216 ls=0.01617 thr=0.0028958
C-F08-1,2025-10-07,2025-10-07 10:32:00,1,0.00311483,lb=0.01365 ls=0.010535 thr=0.003024
C-F08-1,2025-10-07,2025-10-07 10:59:00,1,0.00306793,lb=0.013966 ls=0.010899 thr=0.003024
C-F08-1,2025-10-07,2025-10-07 11:18:00,1,0.00305625,lb=0.01582 ls=0.012764 thr=0.003024
C-F08-1,2025-10-07,2025-10-07 11:35:00,1,0.00319458,lb=0.016388 ls=0.013194 thr=0.003024
C-F08-1,2025-10-07,2025-10-07 11:54:00,1,0.00411607,lb=0.018926 ls=0.01481 thr=0.003024
C-F08-1,2025-10-07,2025-10-07 12:10:00,1,0.00444811,lb=0.020488 ls=0.01604 thr=0.003024
C-F08-1,2025-10-07,2025-10-07 12:26:00,1,0.00710354,lb=0.025151 ls=0.018047 thr=0.003024
C-F08-1,2025-10-07,2025-10-07 12:42:00,1,0.00557889,lb=0.027271 ls=0.021692 thr=0.003024
C-F08-1,2025-10-07,2025-10-07 12:58:00,1,0.00870538,lb=0.029032 ls=0.020326 thr=0.003024
C-F08-1,2025-10-07,2025-10-07 13:14:00,1,0.00551537,lb=0.029034 ls=0.023519 thr=0.003024
C-F08-1,2025-10-07,2025-10-07 13:30:00,1,0.0058607,lb=0.026277 ls=0.020417 thr=0.003024
C-F08-1,2025-10-07,2025-10-07 13:46:00,1,0.00726255,lb=0.025888 ls=0.018626 thr=0.003024
C-F08-1,2025-10-07,2025-10-07 14:02:00,1,0.0065541,lb=0.026115 ls=0.01956 thr=0.003024
C-F08-1,2025-10-07,2025-10-07 14:18:00,1,0.00577672,lb=0.023797 ls=0.01802 thr=0.003024
C-F08-1,2025-10-07,2025-10-07 14:34:00,1,0.00401752,lb=0.021485 ls=0.017468 thr=0.003024
C-F08-1,2025-10-07,2025-10-07 14:50:00,1,0.0035059,lb=0.022601 ls=0.019095 thr=0.003024
C-F08-1,2025-10-07,2025-10-07 15:20:00,1,0.00306883,lb=0.019997 ls=0.016928 thr=0.003024
C-F08-1,2025-10-07,2025-10-07 15:37:00,1,0.00302492,lb=0.020025 ls=0.017 thr=0.003024
C-F08-1,2025-10-08,2025-10-08 11:52:00,-1,-0.00373267,lb=0.011391 ls=0.015124 thr=0.0031752
C-F08-1,2025-10-08,2025-10-08 12:21:00,-1,-0.00433656,lb=0.0096993 ls=0.014036 thr=0.0031752
C-F08-1,2025-10-08,2025-10-08 12:56:00,-1,-0.00339302,lb=0.010387 ls=0.01378 thr=0.0031752
C-F08-1,2025-10-08,2025-10-08 13:51:00,-1,-0.0034029,lb=0.00972 ls=0.013123 thr=0.0031752
C-F08-1,2025-10-08,2025-10-08 14:16:00,-1,-0.00418659,lb=0.0089558 ls=0.013142 thr=0.0031752
C-F08-1,2025-10-08,2025-10-08 14:32:00,-1,-0.0040042,lb=0.0099701 ls=0.013974 thr=0.0031752
C-F08-1,2025-10-08,2025-10-08 14:48:00,-1,-0.0047851,lb=0.0099701 ls=0.014755 thr=0.0031752
C-F08-1,2025-10-08,2025-10-08 15:14:00,-1,-0.00360551,lb=0.010498 ls=0.014104 thr=0.0031752
C-F08-1,2025-10-08,2025-10-08 15:32:00,1,0.00351077,lb=0.010327 ls=0.0068158 thr=0.0031752
C-F08-1,2025-10-09,2025-10-09 12:17:00,1,0.00345862,lb=0.014902 ls=0.011443 thr=0.0030245
C-F08-1,2025-10-09,2025-10-09 13:07:00,1,0.00303314,lb=0.018271 ls=0.015237 thr=0.0030245
C-F08-1,2025-10-09,2025-10-09 13:23:00,1,0.00326311,lb=0.017142 ls=0.013879 thr=0.0030245
C-F08-1,2025-10-09,2025-10-09 13:39:00,1,0.0068021,lb=0.021593 ls=0.014791 thr=0.0030245
C-F08-1,2025-10-09,2025-10-09 13:55:00,1,0.00505706,lb=0.019901 ls=0.014844 thr=0.0030245
C-F08-1,2025-10-09,2025-10-09 14:11:00,1,0.00426683,lb=0.019016 ls=0.014749 thr=0.0030245
C-F08-1,2025-10-09,2025-10-09 15:19:00,1,0.00310254,lb=0.017798 ls=0.014696 thr=0.0030245
C-F08-1,2025-10-09,2025-10-09 15:37:00,1,0.00329462,lb=0.020193 ls=0.016899 thr=0.0030245
C-F08-1,2025-10-10,2025-10-10 11:02:00,-1,-0.00529394,lb=0.012426 ls=0.01772 thr=0.0030678
C-F08-1,2025-10-10,2025-10-10 11:18:00,-1,-0.00468851,lb=0.020372 ls=0.025061 thr=0.0030678
C-F08-1,2025-10-10,2025-10-10 11:35:00,-1,-0.00480167,lb=0.025801 ls=0.030603 thr=0.0030678
C-F08-1,2025-10-10,2025-10-10 11:51:00,1,0.00620001,lb=0.039071 ls=0.032871 thr=0.0030678
C-F08-1,2025-10-10,2025-10-10 12:18:00,-1,-0.00314819,lb=0.037527 ls=0.040675 thr=0.0030678
C-F08-1,2025-10-10,2025-10-10 12:34:00,1,0.00878654,lb=0.047017 ls=0.03823 thr=0.0030678
C-F08-1,2025-10-10,2025-10-10 12:52:00,1,0.00331481,lb=0.043432 ls=0.040117 thr=0.0030678
C-F08-1,2025-10-10,2025-10-10 13:08:00,1,0.00544252,lb=0.038641 ls=0.033199 thr=0.0030678
C-F08-1,2025-10-10,2025-10-10 13:24:00,-1,-0.00356342,lb=0.029321 ls=0.032884 thr=0.0030678
C-F08-1,2025-10-10,2025-10-10 13:40:00,-1,-0.00734762,lb=0.022396 ls=0.029744 thr=0.0030678
C-F08-1,2025-10-10,2025-10-10 13:56:00,-1,-0.00632733,lb=0.024056 ls=0.030384 thr=0.0030678
C-F08-1,2025-10-10,2025-10-10 14:12:00,-1,-0.00805436,lb=0.029123 ls=0.037177 thr=0.0030678
C-F08-1,2025-10-10,2025-10-10 14:28:00,-1,-0.00507802,lb=0.031393 ls=0.036471 thr=0.0030678
C-F08-1,2025-10-10,2025-10-10 14:44:00,-1,-0.00397853,lb=0.036057 ls=0.040036 thr=0.0030678
C-F08-1,2025-10-10,2025-10-10 15:00:00,-1,-0.00411574,lb=0.030666 ls=0.034781 thr=0.0030678
C-F08-1,2025-10-10,2025-10-10 15:16:00,-1,-0.00505124,lb=0.024625 ls=0.029676 thr=0.0030678
C-F08-1,2025-10-10,2025-10-10 15:32:00,-1,-0.00642562,lb=0.01942 ls=0.025845 thr=0.0030678
C-F08-1,2025-10-13,2025-10-13 10:42:00,1,0.0041263,lb=0.02236 ls=0.018233 thr=0.0031761
C-F08-1,2025-10-13,2025-10-13 11:01:00,1,0.0042899,lb=0.02479 ls=0.0205 thr=0.0031761
C-F08-1,2025-10-13,2025-10-13 11:20:00,1,0.00331481,lb=0.021245 ls=0.017931 thr=0.0031761
C-F08-1,2025-10-13,2025-10-13 11:36:00,1,0.00644454,lb=0.02266 ls=0.016215 thr=0.0031761
C-F08-1,2025-10-13,2025-10-13 11:52:00,1,0.00511056,lb=0.019997 ls=0.014887 thr=0.0031761
C-F08-1,2025-10-13,2025-10-13 12:08:00,1,0.00630392,lb=0.020831 ls=0.014527 thr=0.0031761
C-F08-1,2025-10-13,2025-10-13 12:25:00,1,0.00459349,lb=0.022006 ls=0.017412 thr=0.0031761
C-F08-1,2025-10-13,2025-10-13 13:02:00,-1,-0.003203,lb=0.018678 ls=0.021881 thr=0.0031761
C-F08-1,2025-10-13,2025-10-13 13:19:00,-1,-0.00420265,lb=0.017868 ls=0.02207 thr=0.0031761
C-F08-1,2025-10-13,2025-10-13 13:35:00,-1,-0.00471855,lb=0.018783 ls=0.023501 thr=0.0031761
C-F08-1,2025-10-13,2025-10-13 13:51:00,-1,-0.00524694,lb=0.019205 ls=0.024452 thr=0.0031761
C-F08-1,2025-10-14,2025-10-14 10:32:00,1,0.00428259,lb=0.022935 ls=0.018652 thr=0.0033433
C-F08-1,2025-10-14,2025-10-14 10:48:00,1,0.00447685,lb=0.021906 ls=0.017429 thr=0.0033433
C-F08-1,2025-10-14,2025-10-14 12:06:00,1,0.00472978,lb=0.023425 ls=0.018696 thr=0.0033433
C-F08-1,2025-10-14,2025-10-14 12:22:00,1,0.00334589,lb=0.021506 ls=0.01816 thr=0.0033433
C-F08-1,2025-10-14,2025-10-14 12:40:00,1,0.00371243,lb=0.02019 ls=0.016478 thr=0.0033433
C-F08-1,2025-10-14,2025-10-14 13:23:00,1,0.00380306,lb=0.022471 ls=0.018668 thr=0.0033433
C-F08-1,2025-10-14,2025-10-14 13:58:00,1,0.003493,lb=0.026431 ls=0.022938 thr=0.0033433
C-F08-1,2025-10-14,2025-10-14 14:14:00,1,0.00574271,lb=0.028111 ls=0.022368 thr=0.0033433
C-F08-1,2025-10-14,2025-10-14 15:18:00,-1,-0.00336246,lb=0.022828 ls=0.02619 thr=0.0033433
C-F08-1,2025-10-14,2025-10-14 15:39:00,-1,-0.00506999,lb=0.024903 ls=0.029973 thr=0.0033433
C-F08-1,2025-10-15,2025-10-15 11:10:00,-1,-0.0041812,lb=0.01566 ls=0.019841 thr=0.0033458
C-F08-1,2025-10-15,2025-10-15 12:08:00,1,0.00395697,lb=0.022982 ls=0.019025 thr=0.0033458
C-F08-1,2025-10-15,2025-10-15 12:24:00,1,0.00450733,lb=0.024476 ls=0.019968 thr=0.0033458
C-F08-1,2025-10-15,2025-10-15 12:40:00,1,0.00491583,lb=0.026395 ls=0.021479 thr=0.0033458
C-F08-1,2025-10-15,2025-10-15 12:56:00,1,0.0035446,lb=0.0257 ls=0.022156 thr=0.0033458
C-F08-1,2025-10-15,2025-10-15 13:39:00,1,0.00422081,lb=0.029333 ls=0.025113 thr=0.0033458
C-F08-1,2025-10-15,2025-10-15 13:55:00,1,0.00637996,lb=0.02953 ls=0.02315 thr=0.0033458
C-F08-1,2025-10-15,2025-10-15 14:11:00,1,0.00661012,lb=0.028513 ls=0.021903 thr=0.0033458
C-F08-1,2025-10-15,2025-10-15 14:27:00,1,0.00990859,lb=0.028867 ls=0.018958 thr=0.0033458
C-F08-1,2025-10-15,2025-10-15 14:43:00,1,0.0102828,lb=0.02597 ls=0.015687 thr=0.0033458
C-F08-1,2025-10-15,2025-10-15 15:02:00,1,0.0067853,lb=0.023525 ls=0.01674 thr=0.0033458
C-F08-1,2025-10-15,2025-10-15 15:18:00,1,0.00369335,lb=0.017096 ls=0.013403 thr=0.0033458
C-F08-1,2025-10-15,2025-10-15 15:34:00,1,0.0041843,lb=0.018392 ls=0.014208 thr=0.0033458
C-F08-1,2025-10-16,2025-10-16 12:22:00,1,0.00362564,lb=0.027421 ls=0.023795 thr=0.0035397
C-F08-1,2025-10-16,2025-10-16 12:50:00,1,0.00369048,lb=0.028262 ls=0.024572 thr=0.0035397
C-F08-1,2025-10-16,2025-10-16 13:06:00,1,0.00791087,lb=0.033549 ls=0.025638 thr=0.0035397
C-F08-1,2025-10-16,2025-10-16 13:22:00,1,0.0070478,lb=0.033186 ls=0.026138 thr=0.0035397
C-F08-1,2025-10-16,2025-10-16 13:38:00,1,0.00806957,lb=0.035466 ls=0.027396 thr=0.0035397
C-F08-1,2025-10-16,2025-10-16 14:04:00,-1,-0.00369197,lb=0.0273 ls=0.030992 thr=0.0035397
C-F08-1,2025-10-16,2025-10-16 14:20:00,-1,-0.00850813,lb=0.021464 ls=0.029972 thr=0.0035397
C-F08-1,2025-10-16,2025-10-16 14:36:00,-1,-0.00521749,lb=0.023723 ls=0.028941 thr=0.0035397
C-F08-1,2025-10-16,2025-10-16 15:01:00,1,0.00409706,lb=0.028553 ls=0.024456 thr=0.0035397
C-F08-1,2025-10-16,2025-10-16 15:17:00,1,0.00576125,lb=0.031782 ls=0.026021 thr=0.0035397
C-F08-1,2025-10-17,2025-10-17 11:34:00,-1,-0.00409223,lb=0.030898 ls=0.03499 thr=0.0035574
C-F08-1,2025-10-17,2025-10-17 11:58:00,1,0.00473,lb=0.035106 ls=0.030376 thr=0.0035574
C-F08-1,2025-10-17,2025-10-17 12:14:00,1,0.00363651,lb=0.034654 ls=0.031018 thr=0.0035574
C-F08-1,2025-10-17,2025-10-17 12:30:00,1,0.00757703,lb=0.034123 ls=0.026545 thr=0.0035574
C-F08-1,2025-10-17,2025-10-17 13:19:00,-1,-0.00373554,lb=0.025663 ls=0.029398 thr=0.0035574
C-F08-1,2025-10-17,2025-10-17 13:40:00,-1,-0.00397957,lb=0.030546 ls=0.034525 thr=0.0035574
C-F08-1,2025-10-17,2025-10-17 13:56:00,-1,-0.00388414,lb=0.035238 ls=0.039122 thr=0.0035574
C-F08-1,2025-10-17,2025-10-17 14:26:00,1,0.00422686,lb=0.028334 ls=0.024108 thr=0.0035574
C-F08-1,2025-10-17,2025-10-17 14:42:00,1,0.00478023,lb=0.028073 ls=0.023293 thr=0.0035574
C-F08-1,2025-10-17,2025-10-17 15:32:00,-1,-0.00359463,lb=0.035485 ls=0.03908 thr=0.0035574
C-F08-1,2025-10-20,2025-10-20 11:52:00,-1,-0.00419691,lb=0.010497 ls=0.014694 thr=0.0037593
C-F08-1,2025-10-20,2025-10-20 12:08:00,-1,-0.00416733,lb=0.011603 ls=0.01577 thr=0.0037593
C-F08-1,2025-10-20,2025-10-20 12:24:00,-1,-0.00521913,lb=0.012561 ls=0.01778 thr=0.0037593
C-F08-1,2025-10-20,2025-10-20 12:40:00,-1,-0.00417979,lb=0.015159 ls=0.019339 thr=0.0037593
C-F08-1,2025-10-20,2025-10-20 12:58:00,-1,-0.00452938,lb=0.017108 ls=0.021638 thr=0.0037593
C-F08-1,2025-10-20,2025-10-20 13:14:00,-1,-0.00804629,lb=0.015724 ls=0.02377 thr=0.0037593
C-F08-1,2025-10-20,2025-10-20 13:30:00,-1,-0.00724945,lb=0.013613 ls=0.020863 thr=0.0037593
C-F08-1,2025-10-20,2025-10-20 13:46:00,-1,-0.00620643,lb=0.012362 ls=0.018568 thr=0.0037593
C-F08-1,2025-10-20,2025-10-20 15:19:00,1,0.00404611,lb=0.016413 ls=0.012367 thr=0.0037593
C-F08-1,2025-10-21,2025-10-21 12:50:00,1,0.00381207,lb=0.013756 ls=0.0099444 thr=0.0037393
C-F08-1,2025-10-21,2025-10-21 14:23:00,1,0.00403234,lb=0.020033 ls=0.016001 thr=0.0037393
C-F08-1,2025-10-21,2025-10-21 14:40:00,1,0.00390425,lb=0.015811 ls=0.011907 thr=0.0037393
C-F08-1,2025-10-21,2025-10-21 14:56:00,1,0.00419374,lb=0.014055 ls=0.0098609 thr=0.0037393
C-F08-1,2025-10-21,2025-10-21 15:12:00,1,0.0052876,lb=0.015804 ls=0.010516 thr=0.0037393
C-F08-1,2025-10-21,2025-10-21 15:28:00,1,0.00612296,lb=0.018926 ls=0.012803 thr=0.0037393
C-F08-1,2025-10-21,2025-10-21 15:44:00,1,0.00423349,lb=0.016945 ls=0.012712 thr=0.0037393
C-F08-1,2025-10-22,2025-10-22 10:55:00,1,0.00382311,lb=0.018149 ls=0.014326 thr=0.00371
C-F08-1,2025-10-22,2025-10-22 11:17:00,1,0.00376677,lb=0.019646 ls=0.015879 thr=0.00371
C-F08-1,2025-10-22,2025-10-22 12:35:00,1,0.00498572,lb=0.025915 ls=0.02093 thr=0.00371
C-F08-1,2025-10-22,2025-10-22 12:51:00,1,0.0120098,lb=0.034434 ls=0.022424 thr=0.00371
C-F08-1,2025-10-22,2025-10-22 13:07:00,1,0.0137253,lb=0.036895 ls=0.02317 thr=0.00371
C-F08-1,2025-10-22,2025-10-22 13:23:00,1,0.0076113,lb=0.032316 ls=0.024705 thr=0.00371
C-F08-1,2025-10-22,2025-10-22 13:45:00,-1,-0.0043765,lb=0.021248 ls=0.025625 thr=0.00371
C-F08-1,2025-10-22,2025-10-22 14:01:00,-1,-0.00487853,lb=0.020854 ls=0.025732 thr=0.00371
C-F08-1,2025-10-22,2025-10-22 14:30:00,1,0.0038154,lb=0.027946 ls=0.02413 thr=0.00371
C-F08-1,2025-10-22,2025-10-22 14:46:00,1,0.00666061,lb=0.031603 ls=0.024943 thr=0.00371
C-F08-1,2025-10-22,2025-10-22 15:03:00,1,0.00492202,lb=0.026751 ls=0.021829 thr=0.00371
C-F08-1,2025-10-22,2025-10-22 15:19:00,1,0.0100084,lb=0.028012 ls=0.018003 thr=0.00371
C-F08-1,2025-10-22,2025-10-22 15:35:00,1,0.0113073,lb=0.03076 ls=0.019453 thr=0.00371
C-F08-1,2025-10-23,2025-10-23 12:37:00,1,0.00436715,lb=0.014802 ls=0.010434 thr=0.0039794
C-F08-1,2025-10-24,2025-10-24 11:00:00,1,0.00562807,lb=0.01865 ls=0.013022 thr=0.0039829
C-F08-1,2025-10-24,2025-10-24 13:13:00,-1,-0.00402736,lb=0.010242 ls=0.01427 thr=0.0039829
C-F08-1,2025-10-24,2025-10-24 13:37:00,-1,-0.00453182,lb=0.015596 ls=0.020128 thr=0.0039829
C-F08-1,2025-10-24,2025-10-24 14:53:00,1,0.00451025,lb=0.015749 ls=0.011238 thr=0.0039829
C-F08-1,2025-10-24,2025-10-24 15:09:00,-1,-0.00523649,lb=0.012131 ls=0.017367 thr=0.0039829
C-F08-1,2025-10-24,2025-10-24 15:32:00,-1,-0.00453586,lb=0.010961 ls=0.015496 thr=0.0039829
C-F08-1,2025-10-27,2025-10-27 13:29:00,1,0.00413549,lb=0.015473 ls=0.011338 thr=0.0040872
C-F08-1,2025-10-28,2025-10-28 12:36:00,-1,-0.00519518,lb=0.012085 ls=0.01728 thr=0.0040264
C-F08-1,2025-10-28,2025-10-28 12:52:00,-1,-0.0052226,lb=0.011921 ls=0.017143 thr=0.0040264
C-F08-1,2025-10-28,2025-10-28 13:31:00,1,0.00575561,lb=0.022321 ls=0.016565 thr=0.0040264
C-F08-1,2025-10-28,2025-10-28 13:49:00,1,0.00425162,lb=0.018237 ls=0.013985 thr=0.0040264
C-F08-1,2025-10-29,2025-10-29 10:57:00,1,0.0044406,lb=0.014716 ls=0.010275 thr=0.0039405
C-F08-1,2025-10-29,2025-10-29 11:13:00,1,0.00546329,lb=0.018163 ls=0.0127 thr=0.0039405
C-F08-1,2025-10-29,2025-10-29 11:29:00,1,0.00650216,lb=0.019392 ls=0.01289 thr=0.0039405
C-F08-1,2025-10-29,2025-10-29 11:45:00,1,0.00844359,lb=0.021676 ls=0.013232 thr=0.0039405
C-F08-1,2025-10-29,2025-10-29 12:01:00,1,0.00627201,lb=0.020942 ls=0.01467 thr=0.0039405
C-F08-1,2025-10-29,2025-10-29 12:17:00,1,0.00556201,lb=0.019184 ls=0.013622 thr=0.0039405
C-F08-1,2025-10-29,2025-10-29 12:33:00,1,0.00502458,lb=0.017229 ls=0.012204 thr=0.0039405
C-F08-1,2025-10-29,2025-10-29 13:17:00,1,0.00396199,lb=0.014727 ls=0.010765 thr=0.0039405
C-F08-1,2025-10-29,2025-10-29 13:46:00,1,0.00412469,lb=0.018113 ls=0.013988 thr=0.0039405
C-F08-1,2025-10-29,2025-10-29 14:05:00,-1,-0.00617577,lb=0.015412 ls=0.021587 thr=0.0039405
C-F08-1,2025-10-29,2025-10-29 14:28:00,-1,-0.00445187,lb=0.022024 ls=0.026476 thr=0.0039405
C-F08-1,2025-10-29,2025-10-29 14:44:00,-1,-0.0087104,lb=0.024715 ls=0.033425 thr=0.0039405
C-F08-1,2025-10-29,2025-10-29 15:02:00,1,0.00461235,lb=0.044096 ls=0.039484 thr=0.0039405
C-F08-1,2025-10-29,2025-10-29 15:18:00,1,0.0094862,lb=0.047447 ls=0.03796 thr=0.0039405
C-F08-1,2025-10-29,2025-10-29 15:34:00,1,0.0066082,lb=0.047729 ls=0.041121 thr=0.0039405
C-F08-1,2025-10-30,2025-10-30 11:28:00,1,0.00434129,lb=0.021421 ls=0.01708 thr=0.0041774
C-F08-1,2025-10-30,2025-10-30 12:41:00,1,0.00469762,lb=0.017706 ls=0.013008 thr=0.0041774
C-F08-1,2025-10-30,2025-10-30 12:57:00,1,0.00605584,lb=0.02265 ls=0.016594 thr=0.0041774
C-F08-1,2025-10-30,2025-10-30 14:33:00,1,0.00435167,lb=0.025507 ls=0.021155 thr=0.0041774
C-F08-1,2025-10-30,2025-10-30 14:49:00,1,0.00467205,lb=0.02547 ls=0.020798 thr=0.0041774
C-F08-1,2025-10-30,2025-10-30 15:05:00,1,0.00520729,lb=0.024071 ls=0.018864 thr=0.0041774
C-F08-1,2025-10-30,2025-10-30 15:21:00,1,0.00790781,lb=0.02487 ls=0.016962 thr=0.0041774
C-F08-1,2025-10-30,2025-10-30 15:37:00,1,0.00634832,lb=0.024895 ls=0.018547 thr=0.0041774
C-F08-1,2025-10-31,2025-10-31 10:32:00,1,0.00661331,lb=0.019664 ls=0.013051 thr=0.004027
C-F08-1,2025-10-31,2025-10-31 11:49:00,-1,-0.00422205,lb=0.0097385 ls=0.013961 thr=0.004027
C-F08-1,2025-10-31,2025-10-31 12:11:00,-1,-0.00404467,lb=0.01376 ls=0.017805 thr=0.004027
C-F08-1,2025-10-31,2025-10-31 12:27:00,-1,-0.00465011,lb=0.014979 ls=0.019629 thr=0.004027
C-F08-1,2025-10-31,2025-10-31 12:43:00,-1,-0.00524445,lb=0.019356 ls=0.024601 thr=0.004027
C-F08-1,2025-10-31,2025-10-31 13:03:00,-1,-0.00415694,lb=0.021501 ls=0.025658 thr=0.004027
C-F08-1,2025-10-31,2025-10-31 13:20:00,-1,-0.00426175,lb=0.020347 ls=0.024608 thr=0.004027
C-F08-1,2025-10-31,2025-10-31 13:47:00,-1,-0.00440615,lb=0.017056 ls=0.021462 thr=0.004027
C-F08-1,2025-10-31,2025-10-31 14:07:00,-1,-0.00436754,lb=0.019358 ls=0.023725 thr=0.004027
C-F08-1,2025-10-31,2025-10-31 14:58:00,1,0.00415958,lb=0.02253 ls=0.018371 thr=0.004027
C-F08-1,2025-11-03,2025-11-03 13:04:00,1,0.00428934,lb=0.015784 ls=0.011495 thr=0.0041621
C-F08-1,2025-11-03,2025-11-03 13:20:00,1,0.00423707,lb=0.018011 ls=0.013774 thr=0.0041621
C-F08-1,2025-11-03,2025-11-03 13:52:00,1,0.00610934,lb=0.017773 ls=0.011663 thr=0.0041621
C-F08-1,2025-11-03,2025-11-03 14:08:00,1,0.00657835,lb=0.020828 ls=0.01425 thr=0.0041621
C-F08-1,2025-11-03,2025-11-03 14:28:00,1,0.00440777,lb=0.020481 ls=0.016073 thr=0.0041621
C-F08-1,2025-11-03,2025-11-03 14:44:00,1,0.00506649,lb=0.022531 ls=0.017465 thr=0.0041621
C-F08-1,2025-11-03,2025-11-03 15:15:00,1,0.00453429,lb=0.022531 ls=0.017997 thr=0.0041621
C-F08-1,2025-11-03,2025-11-03 15:38:00,1,0.00475021,lb=0.023776 ls=0.019026 thr=0.0041621
C-F08-1,2025-11-04,2025-11-04 10:32:00,1,0.00411203,lb=0.018684 ls=0.014572 thr=0.0040182
C-F08-1,2025-11-04,2025-11-04 10:48:00,1,0.00533959,lb=0.018572 ls=0.013233 thr=0.0040182
C-F08-1,2025-11-04,2025-11-04 12:33:00,1,0.00443025,lb=0.025902 ls=0.021472 thr=0.0040182
C-F08-1,2025-11-04,2025-11-04 13:28:00,-1,-0.00450596,lb=0.015222 ls=0.019728 thr=0.0040182
C-F08-1,2025-11-04,2025-11-04 13:48:00,-1,-0.0045738,lb=0.01675 ls=0.021324 thr=0.0040182
C-F08-1,2025-11-04,2025-11-04 14:29:00,-1,-0.00593565,lb=0.024847 ls=0.030782 thr=0.0040182
C-F08-1,2025-11-04,2025-11-04 15:39:00,-1,-0.0062734,lb=0.025438 ls=0.031712 thr=0.0040182
C-F08-1,2025-11-05,2025-11-05 11:11:00,1,0.00424283,lb=0.026161 ls=0.021919 thr=0.0039496
C-F08-1,2025-11-05,2025-11-05 11:27:00,1,0.00408537,lb=0.029384 ls=0.025299 thr=0.0039496
C-F08-1,2025-11-05,2025-11-05 12:17:00,1,0.00455891,lb=0.020218 ls=0.01566 thr=0.0039496
C-F08-1,2025-11-05,2025-11-05 12:36:00,1,0.00571983,lb=0.019206 ls=0.013486 thr=0.0039496
C-F08-1,2025-11-05,2025-11-05 12:52:00,1,0.00712113,lb=0.020575 ls=0.013454 thr=0.0039496
C-F08-1,2025-11-05,2025-11-05 13:08:00,1,0.00448606,lb=0.02074 ls=0.016254 thr=0.0039496
C-F08-1,2025-11-05,2025-11-05 13:31:00,1,0.00459091,lb=0.019474 ls=0.014883 thr=0.0039496
C-F08-1,2025-11-05,2025-11-05 14:04:00,1,0.00414146,lb=0.017771 ls=0.013629 thr=0.0039496
C-F08-1,2025-11-05,2025-11-05 14:22:00,1,0.00435929,lb=0.018814 ls=0.014454 thr=0.0039496
C-F08-1,2025-11-05,2025-11-05 14:38:00,1,0.00566109,lb=0.021291 ls=0.01563 thr=0.0039496
C-F08-1,2025-11-05,2025-11-05 14:54:00,1,0.00559232,lb=0.021807 ls=0.016215 thr=0.0039496
C-F08-1,2025-11-05,2025-11-05 15:22:00,1,0.00406815,lb=0.02076 ls=0.016691 thr=0.0039496
C-F08-1,2025-11-05,2025-11-05 15:38:00,1,0.00549468,lb=0.022121 ls=0.016626 thr=0.0039496
C-F08-1,2025-11-06,2025-11-06 11:46:00,1,0.00421356,lb=0.028988 ls=0.024774 thr=0.0040071
C-F08-1,2025-11-06,2025-11-06 12:02:00,1,0.00754248,lb=0.032002 ls=0.02446 thr=0.0040071
C-F08-1,2025-11-06,2025-11-06 12:18:00,1,0.00593613,lb=0.030037 ls=0.024101 thr=0.0040071
C-F08-1,2025-11-06,2025-11-06 12:34:00,1,0.00574691,lb=0.02936 ls=0.023614 thr=0.0040071
C-F08-1,2025-11-06,2025-11-06 14:21:00,1,0.00507114,lb=0.029011 ls=0.02394 thr=0.0040071
C-F08-1,2025-11-06,2025-11-06 14:46:00,1,0.00456545,lb=0.025334 ls=0.020768 thr=0.0040071
C-F08-1,2025-11-06,2025-11-06 15:06:00,1,0.00474924,lb=0.028492 ls=0.023743 thr=0.0040071
C-F08-1,2025-11-06,2025-11-06 15:27:00,1,0.00414036,lb=0.030024 ls=0.025883 thr=0.0040071
C-F08-1,2025-11-07,2025-11-07 10:37:00,-1,-0.00442539,lb=0.018544 ls=0.022969 thr=0.0040468
C-F08-1,2025-11-07,2025-11-07 11:00:00,-1,-0.0045214,lb=0.017698 ls=0.022219 thr=0.0040468
C-F08-1,2025-11-07,2025-11-07 11:16:00,-1,-0.00534002,lb=0.015757 ls=0.021097 thr=0.0040468
C-F08-1,2025-11-07,2025-11-07 11:32:00,-1,-0.00592809,lb=0.013952 ls=0.01988 thr=0.0040468
C-F08-1,2025-11-07,2025-11-07 13:04:00,1,0.00470207,lb=0.024957 ls=0.020255 thr=0.0040468
C-F08-1,2025-11-07,2025-11-07 13:20:00,1,0.00742054,lb=0.02597 ls=0.01855 thr=0.0040468
C-F08-1,2025-11-07,2025-11-07 13:36:00,1,0.0088706,lb=0.026577 ls=0.017707 thr=0.0040468
C-F08-1,2025-11-07,2025-11-07 13:52:00,1,0.0100729,lb=0.027323 ls=0.01725 thr=0.0040468
C-F08-1,2025-11-07,2025-11-07 14:08:00,1,0.00704104,lb=0.026891 ls=0.019849 thr=0.0040468
C-F08-1,2025-11-07,2025-11-07 14:24:00,1,0.00683386,lb=0.026731 ls=0.019897 thr=0.0040468
C-F08-1,2025-11-07,2025-11-07 14:40:00,1,0.00524048,lb=0.02685 ls=0.02161 thr=0.0040468
C-F08-1,2025-11-07,2025-11-07 14:56:00,1,0.0123943,lb=0.025954 ls=0.013559 thr=0.0040468
C-F08-1,2025-11-07,2025-11-07 15:12:00,1,0.012061,lb=0.027328 ls=0.015267 thr=0.0040468
C-F08-1,2025-11-07,2025-11-07 15:28:00,1,0.010008,lb=0.026073 ls=0.016066 thr=0.0040468
C-F08-1,2025-11-07,2025-11-07 15:44:00,1,0.00855045,lb=0.031096 ls=0.022546 thr=0.0040468
C-F08-1,2025-11-10,2025-11-10 10:32:00,1,0.00450861,lb=0.015886 ls=0.011377 thr=0.0041045
C-F08-1,2025-11-10,2025-11-10 10:48:00,1,0.00483443,lb=0.017652 ls=0.012817 thr=0.0041045
C-F08-1,2025-11-10,2025-11-10 12:26:00,1,0.00445604,lb=0.019583 ls=0.015127 thr=0.0041045
C-F08-1,2025-11-10,2025-11-10 12:44:00,1,0.00476018,lb=0.01887 ls=0.014109 thr=0.0041045
C-F08-1,2025-11-10,2025-11-10 13:00:00,1,0.00896737,lb=0.019317 ls=0.01035 thr=0.0041045
C-F08-1,2025-11-10,2025-11-10 13:16:00,1,0.00887368,lb=0.01827 ls=0.0093963 thr=0.0041045
C-F08-1,2025-11-10,2025-11-10 13:32:00,1,0.00858149,lb=0.017648 ls=0.0090669 thr=0.0041045
C-F08-1,2025-11-10,2025-11-10 13:48:00,1,0.00588353,lb=0.015194 ls=0.00931 thr=0.0041045
C-F08-1,2025-11-11,2025-11-11 15:22:00,1,0.00446747,lb=0.026809 ls=0.022341 thr=0.0041572
C-F08-1,2025-11-12,2025-11-12 13:40:00,1,0.00595483,lb=0.02555 ls=0.019595 thr=0.004031
C-F08-1,2025-11-12,2025-11-12 13:56:00,1,0.00696572,lb=0.024941 ls=0.017975 thr=0.004031
C-F08-1,2025-11-12,2025-11-12 14:12:00,1,0.00527357,lb=0.025668 ls=0.020395 thr=0.004031
C-F08-1,2025-11-12,2025-11-12 14:28:00,1,0.00610633,lb=0.025962 ls=0.019855 thr=0.004031
C-F08-1,2025-11-12,2025-11-12 14:44:00,1,0.00612519,lb=0.025087 ls=0.018962 thr=0.004031
C-F08-1,2025-11-13,2025-11-13 10:32:00,-1,-0.00614798,lb=0.01646 ls=0.022608 thr=0.0039949
C-F08-1,2025-11-13,2025-11-13 10:54:00,-1,-0.00405824,lb=0.017675 ls=0.021733 thr=0.0039949
C-F08-1,2025-11-13,2025-11-13 11:10:00,-1,-0.00459728,lb=0.014248 ls=0.018846 thr=0.0039949
C-F08-1,2025-11-13,2025-11-13 11:26:00,-1,-0.00415625,lb=0.015687 ls=0.019843 thr=0.0039949
C-F08-1,2025-11-13,2025-11-13 12:43:00,1,0.00450777,lb=0.03125 ls=0.026742 thr=0.0039949
C-F08-1,2025-11-13,2025-11-13 12:59:00,1,0.00412487,lb=0.02851 ls=0.024386 thr=0.0039949
C-F08-1,2025-11-13,2025-11-13 13:15:00,1,0.00624134,lb=0.030005 ls=0.023764 thr=0.0039949
C-F08-1,2025-11-13,2025-11-13 13:56:00,-1,-0.00405247,lb=0.025869 ls=0.029921 thr=0.0039949
C-F08-1,2025-11-13,2025-11-13 14:12:00,-1,-0.00443741,lb=0.025561 ls=0.029998 thr=0.0039949
C-F08-1,2025-11-13,2025-11-13 14:28:00,-1,-0.00707885,lb=0.025951 ls=0.03303 thr=0.0039949
C-F08-1,2025-11-13,2025-11-13 14:44:00,-1,-0.00648949,lb=0.028596 ls=0.035085 thr=0.0039949
C-F08-1,2025-11-13,2025-11-13 15:31:00,1,0.00436758,lb=0.038036 ls=0.033668 thr=0.0039949
C-F08-1,2025-11-14,2025-11-14 10:32:00,1,0.00763649,lb=0.026963 ls=0.019327 thr=0.0040856
C-F08-1,2025-11-14,2025-11-14 10:48:00,1,0.010498,lb=0.028519 ls=0.018021 thr=0.0040856
C-F08-1,2025-11-14,2025-11-14 11:04:00,1,0.0106039,lb=0.029847 ls=0.019243 thr=0.0040856
C-F08-1,2025-11-14,2025-11-14 11:20:00,1,0.0126069,lb=0.031691 ls=0.019085 thr=0.0040856
C-F08-1,2025-11-14,2025-11-14 11:36:00,1,0.0124138,lb=0.031411 ls=0.018997 thr=0.0040856
C-F08-1,2025-11-14,2025-11-14 11:52:00,1,0.00515452,lb=0.028735 ls=0.023581 thr=0.0040856
C-F08-1,2025-11-14,2025-11-14 12:08:00,1,0.00805045,lb=0.028267 ls=0.020216 thr=0.0040856
C-F08-1,2025-11-14,2025-11-14 12:24:00,1,0.00795675,lb=0.026078 ls=0.018122 thr=0.0040856
C-F08-1,2025-11-14,2025-11-14 12:40:00,1,0.00547686,lb=0.027812 ls=0.022336 thr=0.0040856
C-F08-1,2025-11-14,2025-11-14 12:56:00,1,0.00609354,lb=0.029029 ls=0.022936 thr=0.0040856
C-F08-1,2025-11-14,2025-11-14 13:12:00,1,0.00740418,lb=0.031852 ls=0.024448 thr=0.0040856
C-F08-1,2025-11-14,2025-11-14 13:52:00,-1,-0.00581067,lb=0.027644 ls=0.033454 thr=0.0040856
C-F08-1,2025-11-14,2025-11-14 14:35:00,1,0.00455328,lb=0.035071 ls=0.030517 thr=0.0040856
C-F08-1,2025-11-14,2025-11-14 14:51:00,1,0.00585474,lb=0.0336 ls=0.027745 thr=0.0040856
C-F08-1,2025-11-14,2025-11-14 15:12:00,1,0.00439005,lb=0.030027 ls=0.025637 thr=0.0040856
C-F08-1,2025-11-14,2025-11-14 15:38:00,-1,-0.00505525,lb=0.023165 ls=0.02822 thr=0.0040856
C-F08-1,2025-11-17,2025-11-17 11:46:00,1,0.00437264,lb=0.023083 ls=0.01871 thr=0.00436
C-F08-1,2025-11-17,2025-11-17 12:02:00,1,0.00535016,lb=0.022461 ls=0.017111 thr=0.00436
C-F08-1,2025-11-17,2025-11-17 12:18:00,1,0.0124826,lb=0.023742 ls=0.01126 thr=0.00436
C-F08-1,2025-11-17,2025-11-17 12:34:00,1,0.00914021,lb=0.022335 ls=0.013195 thr=0.00436
C-F08-1,2025-11-17,2025-11-17 13:02:00,-1,-0.00484246,lb=0.017362 ls=0.022205 thr=0.00436
C-F08-1,2025-11-17,2025-11-17 13:18:00,-1,-0.0074589,lb=0.01703 ls=0.024489 thr=0.00436
C-F08-1,2025-11-17,2025-11-17 13:34:00,-1,-0.00609938,lb=0.017591 ls=0.023691 thr=0.00436
C-F08-1,2025-11-17,2025-11-17 14:29:00,-1,-0.00515216,lb=0.017884 ls=0.023036 thr=0.00436
C-F08-1,2025-11-17,2025-11-17 14:45:00,-1,-0.00722972,lb=0.015906 ls=0.023136 thr=0.00436
C-F08-1,2025-11-17,2025-11-17 15:01:00,-1,-0.0108281,lb=0.016601 ls=0.027429 thr=0.00436
C-F08-1,2025-11-17,2025-11-17 15:17:00,-1,-0.00886127,lb=0.018476 ls=0.027338 thr=0.00436
C-F08-1,2025-11-17,2025-11-17 15:35:00,-1,-0.0045143,lb=0.025488 ls=0.030002 thr=0.00436
C-F08-1,2025-11-18,2025-11-18 10:32:00,-1,-0.00582866,lb=0.022136 ls=0.027964 thr=0.0046867
C-F08-1,2025-11-18,2025-11-18 10:48:00,-1,-0.00820829,lb=0.027192 ls=0.035401 thr=0.0046867
C-F08-1,2025-11-18,2025-11-18 11:04:00,-1,-0.00678989,lb=0.031196 ls=0.037986 thr=0.0046867
C-F08-1,2025-11-18,2025-11-18 12:35:00,1,0.00480971,lb=0.041889 ls=0.037079 thr=0.0046867
C-F08-1,2025-11-18,2025-11-18 14:14:00,1,0.00577155,lb=0.050851 ls=0.04508 thr=0.0046867
C-F08-1,2025-11-18,2025-11-18 14:30:00,1,0.00507272,lb=0.050247 ls=0.045174 thr=0.0046867
C-F08-1,2025-11-18,2025-11-18 14:46:00,1,0.00802121,lb=0.050597 ls=0.042576 thr=0.0046867
C-F08-1,2025-11-18,2025-11-18 15:02:00,1,0.0106873,lb=0.056628 ls=0.045941 thr=0.0046867
C-F08-1,2025-11-18,2025-11-18 15:18:00,1,0.00516278,lb=0.054781 ls=0.049619 thr=0.0046867
C-F08-1,2025-11-18,2025-11-18 15:45:00,1,0.00612003,lb=0.049331 ls=0.043211 thr=0.0046867
C-F08-1,2025-11-19,2025-11-19 10:32:00,1,0.00858504,lb=0.028193 ls=0.019608 thr=0.0047314
C-F08-1,2025-11-19,2025-11-19 10:48:00,1,0.0114539,lb=0.030279 ls=0.018825 thr=0.0047314
C-F08-1,2025-11-19,2025-11-19 12:00:00,1,0.00479797,lb=0.028433 ls=0.023635 thr=0.0047314
C-F08-1,2025-11-19,2025-11-19 12:23:00,1,0.00580482,lb=0.032948 ls=0.027143 thr=0.0047314
C-F08-1,2025-11-19,2025-11-19 12:39:00,1,0.00575393,lb=0.033408 ls=0.027654 thr=0.0047314
C-F08-1,2025-11-19,2025-11-19 12:55:00,1,0.00825869,lb=0.0345 ls=0.026241 thr=0.0047314
C-F08-1,2025-11-19,2025-11-19 13:11:00,1,0.00718477,lb=0.033215 ls=0.02603 thr=0.0047314
C-F08-1,2025-11-19,2025-11-19 13:27:00,1,0.0101463,lb=0.037468 ls=0.027322 thr=0.0047314
C-F08-1,2025-11-19,2025-11-19 13:43:00,1,0.00496459,lb=0.037514 ls=0.032549 thr=0.0047314
C-F08-1,2025-11-19,2025-11-19 13:59:00,1,0.0109708,lb=0.041958 ls=0.030987 thr=0.0047314
C-F08-1,2025-11-19,2025-11-19 14:15:00,1,0.00726398,lb=0.042898 ls=0.035634 thr=0.0047314
C-F08-1,2025-11-19,2025-11-19 14:31:00,1,0.00635362,lb=0.041005 ls=0.034651 thr=0.0047314
C-F08-1,2025-11-19,2025-11-19 14:47:00,1,0.0105531,lb=0.043133 ls=0.03258 thr=0.0047314
C-F08-1,2025-11-19,2025-11-19 15:11:00,1,0.00517059,lb=0.037774 ls=0.032603 thr=0.0047314
C-F08-1,2025-11-19,2025-11-19 15:37:00,1,0.00475821,lb=0.031789 ls=0.027031 thr=0.0047314
C-F08-1,2025-11-20,2025-11-20 12:03:00,1,0.00575277,lb=0.035289 ls=0.029536 thr=0.0050838
C-F08-1,2025-11-20,2025-11-20 12:20:00,1,0.00544837,lb=0.041442 ls=0.035994 thr=0.0050838
C-F08-1,2025-11-20,2025-11-20 12:36:00,1,0.00875406,lb=0.050513 ls=0.041759 thr=0.0050838
C-F08-1,2025-11-20,2025-11-20 12:52:00,1,0.0123092,lb=0.055183 ls=0.042874 thr=0.0050838
C-F08-1,2025-11-20,2025-11-20 13:08:00,1,0.0131411,lb=0.0535 ls=0.040359 thr=0.0050838
C-F08-1,2025-11-20,2025-11-20 13:24:00,1,0.0132168,lb=0.049386 ls=0.036169 thr=0.0050838
C-F08-1,2025-11-20,2025-11-20 13:40:00,1,0.0140363,lb=0.053091 ls=0.039054 thr=0.0050838
C-F08-1,2025-11-20,2025-11-20 13:56:00,1,0.007745,lb=0.049225 ls=0.04148 thr=0.0050838
C-F08-1,2025-11-20,2025-11-20 14:23:00,-1,-0.00570774,lb=0.03969 ls=0.045398 thr=0.0050838
C-F08-1,2025-11-20,2025-11-20 14:39:00,-1,-0.00677443,lb=0.038153 ls=0.044927 thr=0.0050838
C-F08-1,2025-11-20,2025-11-20 15:00:00,1,0.00540444,lb=0.05498 ls=0.049576 thr=0.0050838
C-F08-1,2025-11-20,2025-11-20 15:16:00,1,0.00624209,lb=0.061165 ls=0.054923 thr=0.0050838
C-F08-1,2025-11-20,2025-11-20 15:32:00,1,0.00972385,lb=0.057767 ls=0.048043 thr=0.0050838
C-F08-1,2025-11-21,2025-11-21 10:47:00,-1,-0.00606912,lb=0.031937 ls=0.038006 thr=0.0054115
C-F08-1,2025-11-21,2025-11-21 11:03:00,-1,-0.00716276,lb=0.03295 ls=0.040113 thr=0.0054115
C-F08-1,2025-11-21,2025-11-21 11:19:00,-1,-0.00941707,lb=0.034299 ls=0.043716 thr=0.0054115
C-F08-1,2025-11-21,2025-11-21 11:35:00,-1,-0.0080108,lb=0.035335 ls=0.043345 thr=0.0054115
C-F08-1,2025-11-21,2025-11-21 11:51:00,-1,-0.00612163,lb=0.036124 ls=0.042245 thr=0.0054115
C-F08-1,2025-11-21,2025-11-21 12:32:00,1,0.00676388,lb=0.029616 ls=0.022852 thr=0.0054115
C-F08-1,2025-11-21,2025-11-21 12:50:00,1,0.00657158,lb=0.028348 ls=0.021776 thr=0.0054115
C-F08-1,2025-11-21,2025-11-21 14:17:00,1,0.00551327,lb=0.035064 ls=0.029551 thr=0.0054115
C-F08-1,2025-11-21,2025-11-21 14:33:00,1,0.00972259,lb=0.033448 ls=0.023725 thr=0.0054115
C-F08-1,2025-11-21,2025-11-21 15:02:00,1,0.00635494,lb=0.031977 ls=0.025622 thr=0.0054115
C-F08-1,2025-11-21,2025-11-21 15:19:00,-1,-0.00580727,lb=0.022797 ls=0.028605 thr=0.0054115
C-F08-1,2025-11-21,2025-11-21 15:35:00,-1,-0.00920507,lb=0.021353 ls=0.030558 thr=0.0054115
C-F08-1,2025-11-24,2025-11-24 11:38:00,1,0.00593964,lb=0.024602 ls=0.018662 thr=0.0054933
C-F08-1,2025-11-24,2025-11-24 11:55:00,1,0.00571623,lb=0.022288 ls=0.016572 thr=0.0054933
C-F08-1,2025-11-24,2025-11-24 12:11:00,1,0.00713879,lb=0.025596 ls=0.018457 thr=0.0054933
C-F08-1,2025-11-24,2025-11-24 15:09:00,1,0.00589099,lb=0.023116 ls=0.017225 thr=0.0054933
C-F08-1,2025-11-25,2025-11-25 10:39:00,1,0.00557984,lb=0.024483 ls=0.018903 thr=0.0055344
C-F08-1,2025-11-25,2025-11-25 13:47:00,1,0.00556882,lb=0.020478 ls=0.01491 thr=0.0055344
C-F08-1,2025-11-25,2025-11-25 14:03:00,1,0.00686763,lb=0.02041 ls=0.013542 thr=0.0055344
C-F08-1,2025-11-25,2025-11-25 14:19:00,1,0.00630751,lb=0.021016 ls=0.014708 thr=0.0055344
C-F08-1,2025-11-25,2025-11-25 14:35:00,1,0.0056596,lb=0.019734 ls=0.014074 thr=0.0055344
C-F08-1,2025-11-25,2025-11-25 15:08:00,1,0.00606487,lb=0.021322 ls=0.015258 thr=0.0055344
C-F08-1,2025-11-26,2025-11-26 11:47:00,1,0.00591514,lb=0.011927 ls=0.0060115 thr=0.0054522
C-F08-1,2025-11-26,2025-11-26 13:28:00,1,0.0057598,lb=0.018829 ls=0.013069 thr=0.0054522
C-F08-1,2025-11-26,2025-11-26 14:59:00,1,0.00611826,lb=0.026496 ls=0.020377 thr=0.0054522
C-F08-1,2025-11-26,2025-11-26 15:15:00,1,0.00728925,lb=0.024236 ls=0.016947 thr=0.0054522
C-F08-1,2025-11-26,2025-11-26 15:31:00,1,0.00721326,lb=0.025139 ls=0.017925 thr=0.0054522
C-F08-1,2025-11-27,2025-11-27 10:32:00,1,0.0103136,lb=0.026688 ls=0.016375 thr=0.005495
C-F08-1,2025-11-27,2025-11-27 10:48:00,1,0.0135475,lb=0.031377 ls=0.01783 thr=0.005495
C-F08-1,2025-11-27,2025-11-27 11:07:00,1,0.00757746,lb=0.030493 ls=0.022915 thr=0.005495
C-F08-1,2025-11-27,2025-11-27 11:23:00,1,0.00588617,lb=0.030405 ls=0.024519 thr=0.005495
C-F08-1,2025-11-27,2025-11-27 11:39:00,1,0.00792484,lb=0.027778 ls=0.019853 thr=0.005495
C-F08-1,2025-11-27,2025-11-27 11:55:00,1,0.00619955,lb=0.030494 ls=0.024294 thr=0.005495
C-F08-1,2025-11-27,2025-11-27 12:41:00,-1,-0.0064218,lb=0.03021 ls=0.036631 thr=0.005495
C-F08-1,2025-11-27,2025-11-27 12:57:00,-1,-0.00709298,lb=0.026204 ls=0.033297 thr=0.005495
C-F08-1,2025-11-28,2025-11-28 11:06:00,1,0.00582824,lb=0.016782 ls=0.010954 thr=0.0057772
C-F08-1,2025-11-28,2025-11-28 12:38:00,-1,-0.00617054,lb=0.019356 ls=0.025527 thr=0.0057772
C-F08-1,2025-11-28,2025-11-28 13:01:00,1,0.00728558,lb=0.025123 ls=0.017837 thr=0.0057772
C-F08-1,2025-12-01,2025-12-01 11:53:00,1,0.00669641,lb=0.019723 ls=0.013027 thr=0.0059652
C-F08-1,2025-12-01,2025-12-01 14:24:00,-1,-0.00598193,lb=0.0093009 ls=0.015283 thr=0.0059652
C-F08-1,2025-12-02,2025-12-02 11:03:00,1,0.0057406,lb=0.013574 ls=0.0078338 thr=0.0056242
C-F08-1,2025-12-02,2025-12-02 11:51:00,1,0.00708731,lb=0.022881 ls=0.015794 thr=0.0056242
C-F08-1,2025-12-02,2025-12-02 12:07:00,1,0.00604778,lb=0.023441 ls=0.017394 thr=0.0056242
C-F08-1,2025-12-02,2025-12-02 12:25:00,1,0.00615521,lb=0.022881 ls=0.016726 thr=0.0056242
C-F08-1,2025-12-02,2025-12-02 12:45:00,1,0.00630069,lb=0.022437 ls=0.016136 thr=0.0056242
C-F08-1,2025-12-02,2025-12-02 13:30:00,1,0.00563675,lb=0.024535 ls=0.018898 thr=0.0056242
C-F08-1,2025-12-02,2025-12-02 14:26:00,1,0.00596029,lb=0.022243 ls=0.016283 thr=0.0056242
C-F08-1,2025-12-02,2025-12-02 14:46:00,1,0.0059143,lb=0.02197 ls=0.016056 thr=0.0056242
C-F08-1,2025-12-03,2025-12-03 10:34:00,1,0.00551786,lb=0.019802 ls=0.014284 thr=0.0055039
C-F08-1,2025-12-03,2025-12-03 10:53:00,1,0.00582317,lb=0.016041 ls=0.010218 thr=0.0055039
C-F08-1,2025-12-04,2025-12-04 10:35:00,1,0.00622789,lb=0.021734 ls=0.015506 thr=0.0053349
C-F08-1,2025-12-04,2025-12-04 11:38:00,1,0.00589341,lb=0.017898 ls=0.012005 thr=0.0053349
C-F08-1,2025-12-04,2025-12-04 11:55:00,1,0.00612546,lb=0.018968 ls=0.012843 thr=0.0053349
C-F08-1,2025-12-04,2025-12-04 14:32:00,1,0.0062077,lb=0.022684 ls=0.016476 thr=0.0053349
C-F08-1,2025-12-04,2025-12-04 14:48:00,1,0.0113321,lb=0.02918 ls=0.017848 thr=0.0053349
C-F08-1,2025-12-04,2025-12-04 15:04:00,1,0.0108032,lb=0.030789 ls=0.019986 thr=0.0053349
C-F08-1,2025-12-04,2025-12-04 15:20:00,1,0.00985107,lb=0.029448 ls=0.019597 thr=0.0053349
C-F08-1,2025-12-05,2025-12-05 13:27:00,1,0.0057137,lb=0.020326 ls=0.014612 thr=0.0055009
C-F08-1,2025-12-05,2025-12-05 14:40:00,1,0.00609367,lb=0.022896 ls=0.016802 thr=0.0055009
C-F08-1,2025-12-05,2025-12-05 14:56:00,1,0.00725521,lb=0.024109 ls=0.016854 thr=0.0055009
C-F08-1,2025-12-05,2025-12-05 15:12:00,1,0.00557418,lb=0.02612 ls=0.020546 thr=0.0055009
C-F08-1,2025-12-08,2025-12-08 12:04:00,1,0.00572428,lb=0.018568 ls=0.012844 thr=0.005538
C-F08-1,2025-12-08,2025-12-08 12:20:00,1,0.00648463,lb=0.018083 ls=0.011598 thr=0.005538
C-F08-1,2025-12-08,2025-12-08 12:36:00,1,0.00745928,lb=0.017869 ls=0.01041 thr=0.005538
C-F08-1,2025-12-08,2025-12-08 13:59:00,1,0.00601758,lb=0.021169 ls=0.015152 thr=0.005538
C-F08-1,2025-12-08,2025-12-08 15:37:00,1,0.00638262,lb=0.021816 ls=0.015433 thr=0.005538
C-F08-1,2025-12-09,2025-12-09 15:06:00,1,0.00646021,lb=0.020392 ls=0.013932 thr=0.0052641
C-F08-1,2025-12-10,2025-12-10 14:02:00,1,0.011216,lb=0.036866 ls=0.02565 thr=0.0050763
C-F08-1,2025-12-10,2025-12-10 14:18:00,1,0.011173,lb=0.039836 ls=0.028663 thr=0.0050763
C-F08-1,2025-12-10,2025-12-10 14:34:00,1,0.0104539,lb=0.043414 ls=0.03296 thr=0.0050763
C-F08-1,2025-12-10,2025-12-10 15:16:00,-1,-0.00569717,lb=0.02948 ls=0.035177 thr=0.0050763
C-F08-1,2025-12-10,2025-12-10 15:32:00,-1,-0.0084668,lb=0.027166 ls=0.035633 thr=0.0050763
C-F08-1,2025-12-11,2025-12-11 11:02:00,1,0.0054757,lb=0.020241 ls=0.014766 thr=0.0048793
C-F08-1,2025-12-11,2025-12-11 12:26:00,1,0.00672915,lb=0.023733 ls=0.017003 thr=0.0048793
C-F08-1,2025-12-11,2025-12-11 12:42:00,1,0.00683408,lb=0.022771 ls=0.015937 thr=0.0048793
C-F08-1,2025-12-11,2025-12-11 12:58:00,1,0.00899397,lb=0.023016 ls=0.014022 thr=0.0048793
C-F08-1,2025-12-11,2025-12-11 13:14:00,1,0.00537189,lb=0.018847 ls=0.013475 thr=0.0048793
C-F08-1,2025-12-11,2025-12-11 14:45:00,-1,-0.00563092,lb=0.022033 ls=0.027664 thr=0.0048793
C-F08-1,2025-12-12,2025-12-12 12:44:00,1,0.00489254,lb=0.028334 ls=0.023442 thr=0.0048122
C-F08-1,2025-12-12,2025-12-12 13:00:00,1,0.00667793,lb=0.028041 ls=0.021363 thr=0.0048122
C-F08-1,2025-12-12,2025-12-12 13:16:00,1,0.00503571,lb=0.027086 ls=0.022051 thr=0.0048122
C-F08-1,2025-12-12,2025-12-12 13:32:00,1,0.0049688,lb=0.028163 ls=0.023194 thr=0.0048122
C-F08-1,2025-12-12,2025-12-12 14:23:00,-1,-0.00690244,lb=0.017252 ls=0.024154 thr=0.0048122
C-F08-1,2025-12-12,2025-12-12 14:39:00,-1,-0.00899145,lb=0.017451 ls=0.026443 thr=0.0048122
C-F08-1,2025-12-12,2025-12-12 14:55:00,-1,-0.00787571,lb=0.016702 ls=0.024578 thr=0.0048122
C-F08-1,2025-12-12,2025-12-12 15:14:00,-1,-0.00493858,lb=0.0194 ls=0.024338 thr=0.0048122
C-F08-1,2025-12-12,2025-12-12 15:41:00,-1,-0.00684809,lb=0.016335 ls=0.023183 thr=0.0048122
C-F08-1,2025-12-15,2025-12-15 10:32:00,-1,-0.0086844,lb=0.042474 ls=0.051158 thr=0.0044722
C-F08-1,2025-12-15,2025-12-15 11:02:00,1,0.00832647,lb=0.062079 ls=0.053752 thr=0.0044722
C-F08-1,2025-12-15,2025-12-15 11:18:00,1,0.00953225,lb=0.069553 ls=0.060021 thr=0.0044722
C-F08-1,2025-12-15,2025-12-15 11:34:00,1,0.00975534,lb=0.06786 ls=0.058105 thr=0.0044722
C-F08-1,2025-12-15,2025-12-15 12:17:00,-1,-0.0046105,lb=0.040908 ls=0.045518 thr=0.0044722
C-F08-1,2025-12-15,2025-12-15 12:33:00,-1,-0.00513699,lb=0.049357 ls=0.054494 thr=0.0044722
C-F08-1,2025-12-15,2025-12-15 12:50:00,1,0.00475841,lb=0.056239 ls=0.051481 thr=0.0044722
C-F08-1,2025-12-15,2025-12-15 13:06:00,-1,-0.00539883,lb=0.053471 ls=0.05887 thr=0.0044722
C-F08-1,2025-12-15,2025-12-15 13:22:00,-1,-0.00979544,lb=0.044785 ls=0.054581 thr=0.0044722
C-F08-1,2025-12-15,2025-12-15 13:38:00,-1,-0.00823573,lb=0.04561 ls=0.053846 thr=0.0044722
C-F08-1,2025-12-15,2025-12-15 14:08:00,1,0.00478475,lb=0.051213 ls=0.046429 thr=0.0044722
C-F08-1,2025-12-15,2025-12-15 14:24:00,1,0.00962909,lb=0.05415 ls=0.044521 thr=0.0044722
C-F08-1,2025-12-15,2025-12-15 14:40:00,1,0.0109333,lb=0.055018 ls=0.044085 thr=0.0044722
C-F08-1,2025-12-15,2025-12-15 15:00:00,1,0.00590651,lb=0.052626 ls=0.046719 thr=0.0044722
C-F08-1,2025-12-15,2025-12-15 15:18:00,-1,-0.00676694,lb=0.056928 ls=0.063695 thr=0.0044722
C-F08-1,2025-12-15,2025-12-15 15:34:00,-1,-0.0188455,lb=0.051275 ls=0.070121 thr=0.0044722
C-F08-1,2025-12-16,2025-12-16 13:02:00,-1,-0.00565,lb=0.025056 ls=0.030706 thr=0.0045382
C-F08-1,2025-12-16,2025-12-16 13:18:00,-1,-0.00495567,lb=0.025817 ls=0.030773 thr=0.0045382
C-F08-1,2025-12-16,2025-12-16 13:47:00,1,0.00498716,lb=0.034917 ls=0.02993 thr=0.0045382
C-F08-1,2025-12-16,2025-12-16 14:03:00,1,0.00480875,lb=0.034315 ls=0.029506 thr=0.0045382
C-F08-1,2025-12-16,2025-12-16 14:27:00,1,0.00647163,lb=0.031823 ls=0.025351 thr=0.0045382
C-F08-1,2025-12-16,2025-12-16 15:02:00,1,0.00625724,lb=0.030177 ls=0.02392 thr=0.0045382
C-F08-1,2025-12-16,2025-12-16 15:18:00,1,0.0118556,lb=0.032794 ls=0.020938 thr=0.0045382
C-F08-1,2025-12-16,2025-12-16 15:34:00,1,0.00940227,lb=0.031655 ls=0.022253 thr=0.0045382
C-F08-1,2025-12-17,2025-12-17 11:13:00,-1,-0.0050175,lb=0.018321 ls=0.023339 thr=0.0045265
C-F08-1,2025-12-17,2025-12-17 11:30:00,-1,-0.00478547,lb=0.018721 ls=0.023507 thr=0.0045265
C-F08-1,2025-12-17,2025-12-17 12:13:00,1,0.0046049,lb=0.031806 ls=0.027201 thr=0.0045265
C-F08-1,2025-12-17,2025-12-17 12:29:00,1,0.00579943,lb=0.032935 ls=0.027136 thr=0.0045265
C-F08-1,2025-12-17,2025-12-17 12:47:00,1,0.00501259,lb=0.032742 ls=0.02773 thr=0.0045265
C-F08-1,2025-12-17,2025-12-17 13:10:00,1,0.00522602,lb=0.035754 ls=0.030528 thr=0.0045265
C-F08-1,2025-12-17,2025-12-17 13:29:00,1,0.00458422,lb=0.035464 ls=0.03088 thr=0.0045265
C-F08-1,2025-12-17,2025-12-17 13:45:00,1,0.0136309,lb=0.041483 ls=0.027852 thr=0.0045265
C-F08-1,2025-12-17,2025-12-17 14:01:00,1,0.00942397,lb=0.033299 ls=0.023875 thr=0.0045265
C-F08-1,2025-12-17,2025-12-17 14:17:00,1,0.0126504,lb=0.034512 ls=0.021861 thr=0.0045265
C-F08-1,2025-12-17,2025-12-17 14:33:00,1,0.0163721,lb=0.039085 ls=0.022713 thr=0.0045265
C-F08-1,2025-12-17,2025-12-17 14:49:00,1,0.0130032,lb=0.036179 ls=0.023176 thr=0.0045265
C-F08-1,2025-12-17,2025-12-17 15:05:00,1,0.0109681,lb=0.036957 ls=0.025988 thr=0.0045265
C-F08-1,2025-12-17,2025-12-17 15:21:00,1,0.00754415,lb=0.034411 ls=0.026867 thr=0.0045265
C-F08-1,2025-12-18,2025-12-18 11:19:00,1,0.00491078,lb=0.016951 ls=0.01204 thr=0.0047418
C-F08-1,2025-12-18,2025-12-18 11:47:00,-1,-0.0047821,lb=0.015917 ls=0.020699 thr=0.0047418
C-F08-1,2025-12-18,2025-12-18 12:10:00,-1,-0.00550309,lb=0.017974 ls=0.023477 thr=0.0047418
C-F08-1,2025-12-18,2025-12-18 12:27:00,-1,-0.00500856,lb=0.018904 ls=0.023913 thr=0.0047418
C-F08-1,2025-12-18,2025-12-18 13:12:00,1,0.00505191,lb=0.027638 ls=0.022586 thr=0.0047418
C-F08-1,2025-12-18,2025-12-18 13:49:00,-1,-0.00502161,lb=0.023383 ls=0.028405 thr=0.0047418
C-F08-1,2025-12-18,2025-12-18 14:06:00,-1,-0.00583715,lb=0.023422 ls=0.029259 thr=0.0047418
C-F08-1,2025-12-18,2025-12-18 14:24:00,-1,-0.00532681,lb=0.026197 ls=0.031523 thr=0.0047418
C-F08-1,2025-12-18,2025-12-18 15:32:00,1,0.00603294,lb=0.034123 ls=0.02809 thr=0.0047418
C-F08-1,2025-12-19,2025-12-19 13:52:00,1,0.00602244,lb=0.023144 ls=0.017122 thr=0.0046871
C-F08-1,2025-12-19,2025-12-19 14:14:00,1,0.00470017,lb=0.019079 ls=0.014379 thr=0.0046871
C-F08-1,2025-12-19,2025-12-19 14:33:00,1,0.00492515,lb=0.016474 ls=0.011549 thr=0.0046871
C-F08-1,2025-12-19,2025-12-19 14:49:00,1,0.00506046,lb=0.01537 ls=0.010309 thr=0.0046871
C-F08-1,2025-12-19,2025-12-19 15:05:00,1,0.0062296,lb=0.018783 ls=0.012554 thr=0.0046871
C-F08-1,2025-12-22,2025-12-22 14:21:00,1,0.00457564,lb=0.015078 ls=0.010503 thr=0.0045087
C-F08-1,2025-12-22,2025-12-22 14:37:00,1,0.00452624,lb=0.015636 ls=0.01111 thr=0.0045087
C-F08-1,2025-12-23,2025-12-23 11:03:00,1,0.0045357,lb=0.013065 ls=0.0085294 thr=0.0044334
C-F08-1,2025-12-23,2025-12-23 11:19:00,1,0.00637077,lb=0.012028 ls=0.0056576 thr=0.0044334
C-F08-1,2025-12-23,2025-12-23 12:51:00,1,0.00566755,lb=0.01779 ls=0.012123 thr=0.0044334
C-F08-1,2025-12-23,2025-12-23 13:07:00,1,0.00497592,lb=0.017826 ls=0.01285 thr=0.0044334
C-F08-1,2025-12-24,2025-12-24 11:39:00,1,0.00461186,lb=0.011462 ls=0.0068504 thr=0.0043669
C-F08-1,2025-12-24,2025-12-24 12:43:00,-1,-0.00524924,lb=0.013661 ls=0.01891 thr=0.0043669
C-F08-1,2025-12-24,2025-12-24 13:02:00,-1,-0.00530791,lb=0.018177 ls=0.023485 thr=0.0043669
C-F08-1,2025-12-26,2025-12-26 11:53:00,1,0.00451301,lb=0.016478 ls=0.011965 thr=0.0042515
C-F08-1,2025-12-26,2025-12-26 13:41:00,1,0.00454973,lb=0.017164 ls=0.012615 thr=0.0042515
C-F08-1,2025-12-26,2025-12-26 13:57:00,1,0.00554118,lb=0.016768 ls=0.011227 thr=0.0042515
C-F08-1,2025-12-26,2025-12-26 14:13:00,1,0.00667116,lb=0.01955 ls=0.012879 thr=0.0042515
C-F08-1,2025-12-26,2025-12-26 14:29:00,1,0.00605111,lb=0.017805 ls=0.011754 thr=0.0042515
C-F08-1,2025-12-26,2025-12-26 15:18:00,-1,-0.00470962,lb=0.012318 ls=0.017027 thr=0.0042515
C-F08-1,2025-12-29,2025-12-29 13:10:00,1,0.0043891,lb=0.016221 ls=0.011832 thr=0.0041776
C-F08-1,2025-12-29,2025-12-29 13:34:00,1,0.00472223,lb=0.0138 ls=0.009078 thr=0.0041776
C-F08-1,2025-12-29,2025-12-29 14:52:00,1,0.00430642,lb=0.016393 ls=0.012087 thr=0.0041776
C-F08-1,2025-12-29,2025-12-29 15:08:00,1,0.00623212,lb=0.017567 ls=0.011335 thr=0.0041776
C-F08-1,2025-12-30,2025-12-30 12:22:00,-1,-0.00515502,lb=0.005481 ls=0.010636 thr=0.0041491
C-F08-1,2025-12-30,2025-12-30 15:14:00,-1,-0.00522276,lb=0.0061368 ls=0.01136 thr=0.0041491
C-F08-1,2025-12-31,2025-12-31 10:32:00,-1,-0.00404488,lb=0.015711 ls=0.019756 thr=0.0040167
C-F08-1,2025-12-31,2025-12-31 13:13:00,1,0.00402472,lb=0.016613 ls=0.012588 thr=0.0040167
C-F08-1,2025-12-31,2025-12-31 13:29:00,1,0.00514783,lb=0.017699 ls=0.012551 thr=0.0040167
C-F08-1,2025-12-31,2025-12-31 14:05:00,-1,-0.00469191,lb=0.015446 ls=0.020138 thr=0.0040167
C-F08-1,2025-12-31,2025-12-31 14:28:00,-1,-0.00410179,lb=0.013391 ls=0.017493 thr=0.0040167
C-F08-1,2025-12-31,2025-12-31 14:44:00,-1,-0.00407737,lb=0.017599 ls=0.021676 thr=0.0040167
C-F08-1,2025-12-31,2025-12-31 15:01:00,-1,-0.00551949,lb=0.014151 ls=0.01967 thr=0.0040167
C-F08-1,2025-12-31,2025-12-31 15:17:00,-1,-0.0052898,lb=0.016992 ls=0.022282 thr=0.0040167
C-F08-1,2025-12-31,2025-12-31 15:38:00,-1,-0.00414153,lb=0.016638 ls=0.02078 thr=0.0040167
C-F08-1,2026-01-02,2026-01-02 10:32:00,-1,-0.00479036,lb=0.016898 ls=0.021688 thr=0.004108
C-F08-1,2026-01-02,2026-01-02 11:04:00,-1,-0.00432057,lb=0.01787 ls=0.02219 thr=0.004108
C-F08-1,2026-01-02,2026-01-02 11:20:00,-1,-0.00538874,lb=0.019289 ls=0.024678 thr=0.004108
C-F08-1,2026-01-02,2026-01-02 12:10:00,1,0.00434924,lb=0.031615 ls=0.027265 thr=0.004108
C-F08-1,2026-01-02,2026-01-02 12:26:00,1,0.00661892,lb=0.036449 ls=0.02983 thr=0.004108
C-F08-1,2026-01-02,2026-01-02 12:42:00,1,0.00921903,lb=0.034186 ls=0.024967 thr=0.004108
C-F08-1,2026-01-02,2026-01-02 12:58:00,1,0.0094189,lb=0.031518 ls=0.022099 thr=0.004108
C-F08-1,2026-01-02,2026-01-02 14:07:00,1,0.00474945,lb=0.032527 ls=0.027778 thr=0.004108
C-F08-1,2026-01-02,2026-01-02 14:23:00,1,0.00839581,lb=0.03381 ls=0.025414 thr=0.004108
C-F08-1,2026-01-02,2026-01-02 14:39:00,1,0.00786397,lb=0.030401 ls=0.022537 thr=0.004108
C-F08-1,2026-01-02,2026-01-02 14:55:00,1,0.00816685,lb=0.030993 ls=0.022827 thr=0.004108
C-F08-1,2026-01-02,2026-01-02 15:11:00,1,0.00498167,lb=0.028123 ls=0.023141 thr=0.004108
C-F08-1,2026-01-05,2026-01-05 14:21:00,1,0.00447354,lb=0.016006 ls=0.011532 thr=0.004286
C-F08-1,2026-01-05,2026-01-05 14:37:00,1,0.00502794,lb=0.016874 ls=0.011846 thr=0.004286
C-F08-1,2026-01-05,2026-01-05 15:45:00,1,0.00447441,lb=0.01458 ls=0.010105 thr=0.004286
C-F08-1,2026-01-06,2026-01-06 15:03:00,1,0.00431271,lb=0.012072 ls=0.0077595 thr=0.0040711
C-F08-1,2026-01-07,2026-01-07 14:21:00,1,0.00391314,lb=0.01612 ls=0.012207 thr=0.0038954
C-F08-1,2026-01-07,2026-01-07 15:02:00,1,0.00394987,lb=0.016242 ls=0.012292 thr=0.0038954
C-F08-1,2026-01-08,2026-01-08 14:13:00,1,0.00394565,lb=0.020673 ls=0.016727 thr=0.0034633
C-F08-1,2026-01-09,2026-01-09 10:33:00,-1,-0.00384329,lb=0.018221 ls=0.022064 thr=0.0033068
C-F08-1,2026-01-09,2026-01-09 10:49:00,-1,-0.00411051,lb=0.017123 ls=0.021234 thr=0.0033068
C-F08-1,2026-01-09,2026-01-09 11:49:00,1,0.00361077,lb=0.015239 ls=0.011628 thr=0.0033068
C-F08-1,2026-01-09,2026-01-09 12:05:00,1,0.00355455,lb=0.014028 ls=0.010474 thr=0.0033068
C-F08-1,2026-01-09,2026-01-09 13:11:00,-1,-0.0034543,lb=0.014304 ls=0.017758 thr=0.0033068
C-F08-1,2026-01-09,2026-01-09 13:27:00,-1,-0.00429118,lb=0.012284 ls=0.016575 thr=0.0033068
C-F08-1,2026-01-09,2026-01-09 14:10:00,1,0.00358998,lb=0.01326 ls=0.0096701 thr=0.0033068
C-F08-1,2026-01-09,2026-01-09 14:26:00,1,0.00517071,lb=0.013727 ls=0.0085564 thr=0.0033068
C-F08-1,2026-01-12,2026-01-12 13:53:00,-1,-0.00331561,lb=0.0085762 ls=0.011892 thr=0.0029398
C-F08-1,2026-01-12,2026-01-12 15:24:00,-1,-0.00331452,lb=0.0081843 ls=0.011499 thr=0.0029398
C-F08-1,2026-01-13,2026-01-13 11:13:00,1,0.00317755,lb=0.016392 ls=0.013215 thr=0.0027929
C-F08-1,2026-01-13,2026-01-13 11:29:00,1,0.0039103,lb=0.017047 ls=0.013136 thr=0.0027929
C-F08-1,2026-01-13,2026-01-13 11:45:00,1,0.00448374,lb=0.016178 ls=0.011694 thr=0.0027929
C-F08-1,2026-01-13,2026-01-13 12:01:00,1,0.00657643,lb=0.016281 ls=0.0097042 thr=0.0027929
C-F08-1,2026-01-13,2026-01-13 12:17:00,1,0.00586979,lb=0.01532 ls=0.00945 thr=0.0027929
C-F08-1,2026-01-13,2026-01-13 12:58:00,-1,-0.00341358,lb=0.014965 ls=0.018379 thr=0.0027929
C-F08-1,2026-01-13,2026-01-13 13:14:00,-1,-0.00607152,lb=0.015674 ls=0.021746 thr=0.0027929
C-F08-1,2026-01-13,2026-01-13 13:30:00,-1,-0.00319309,lb=0.016642 ls=0.019835 thr=0.0027929
C-F08-1,2026-01-13,2026-01-13 13:46:00,-1,-0.00410561,lb=0.016592 ls=0.020698 thr=0.0027929
C-F08-1,2026-01-13,2026-01-13 14:19:00,-1,-0.00283209,lb=0.015524 ls=0.018356 thr=0.0027929
C-F08-1,2026-01-13,2026-01-13 15:10:00,1,0.00290948,lb=0.017546 ls=0.014636 thr=0.0027929
C-F08-1,2026-01-13,2026-01-13 15:26:00,1,0.0045547,lb=0.017184 ls=0.012629 thr=0.0027929
C-F08-1,2026-01-14,2026-01-14 10:36:00,-1,-0.00325303,lb=0.020871 ls=0.024124 thr=0.002878
C-F08-1,2026-01-14,2026-01-14 10:55:00,-1,-0.00322591,lb=0.018174 ls=0.0214 thr=0.002878
C-F08-1,2026-01-14,2026-01-14 11:14:00,-1,-0.00364636,lb=0.014822 ls=0.018468 thr=0.002878
C-F08-1,2026-01-14,2026-01-14 12:23:00,-1,-0.00288925,lb=0.012263 ls=0.015152 thr=0.002878
C-F08-1,2026-01-14,2026-01-14 13:19:00,1,0.00289176,lb=0.016507 ls=0.013616 thr=0.002878
C-F08-1,2026-01-14,2026-01-14 13:51:00,1,0.00305417,lb=0.017572 ls=0.014518 thr=0.002878
C-F08-1,2026-01-14,2026-01-14 14:07:00,1,0.00305542,lb=0.020513 ls=0.017457 thr=0.002878
C-F08-1,2026-01-14,2026-01-14 14:31:00,1,0.00309073,lb=0.024023 ls=0.020932 thr=0.002878
C-F08-1,2026-01-14,2026-01-14 14:59:00,1,0.00316962,lb=0.022933 ls=0.019764 thr=0.002878
C-F08-1,2026-01-14,2026-01-14 15:15:00,1,0.00671116,lb=0.025724 ls=0.019012 thr=0.002878
C-F08-1,2026-01-14,2026-01-14 15:31:00,1,0.00498257,lb=0.023626 ls=0.018644 thr=0.002878
C-F08-1,2026-01-15,2026-01-15 10:36:00,-1,-0.00298568,lb=0.014903 ls=0.017889 thr=0.0029613
C-F08-1,2026-01-15,2026-01-15 11:46:00,1,0.0029955,lb=0.014748 ls=0.011753 thr=0.0029613
C-F08-1,2026-01-15,2026-01-15 12:40:00,-1,-0.00301337,lb=0.012185 ls=0.015198 thr=0.0029613
C-F08-1,2026-01-15,2026-01-15 12:57:00,-1,-0.00339616,lb=0.010957 ls=0.014353 thr=0.0029613
C-F08-1,2026-01-15,2026-01-15 14:35:00,-1,-0.00299906,lb=0.014169 ls=0.017168 thr=0.0029613
C-F08-1,2026-01-15,2026-01-15 14:53:00,-1,-0.00324046,lb=0.014546 ls=0.017786 thr=0.0029613
C-F08-1,2026-01-15,2026-01-15 15:09:00,-1,-0.00304116,lb=0.01517 ls=0.018211 thr=0.0029613
C-F08-1,2026-01-15,2026-01-15 15:25:00,-1,-0.00300003,lb=0.011656 ls=0.014656 thr=0.0029613
C-F08-1,2026-01-16,2026-01-16 11:55:00,1,0.00330727,lb=0.014635 ls=0.011328 thr=0.0029271
C-F08-1,2026-01-16,2026-01-16 14:00:00,1,0.00325117,lb=0.014902 ls=0.011651 thr=0.0029271
C-F08-1,2026-01-16,2026-01-16 14:21:00,1,0.00318145,lb=0.014095 ls=0.010914 thr=0.0029271
C-F08-1,2026-01-16,2026-01-16 15:29:00,1,0.00304016,lb=0.017555 ls=0.014515 thr=0.0029271
C-F08-1,2026-01-16,2026-01-16 15:45:00,1,0.00353938,lb=0.018529 ls=0.01499 thr=0.0029271
C-F08-1,2026-01-19,2026-01-19 10:32:00,1,0.00333269,lb=0.016977 ls=0.013644 thr=0.0028487
C-F08-1,2026-01-19,2026-01-19 10:48:00,1,0.00470681,lb=0.01668 ls=0.011973 thr=0.0028487
C-F08-1,2026-01-19,2026-01-19 11:04:00,1,0.00296142,lb=0.018047 ls=0.015086 thr=0.0028487
C-F08-1,2026-01-19,2026-01-19 11:20:00,1,0.00599589,lb=0.021355 ls=0.015359 thr=0.0028487
C-F08-1,2026-01-19,2026-01-19 11:41:00,1,0.00347582,lb=0.021277 ls=0.017802 thr=0.0028487
C-F08-1,2026-01-19,2026-01-19 11:57:00,1,0.00499303,lb=0.021331 ls=0.016338 thr=0.0028487
C-F08-1,2026-01-19,2026-01-19 12:24:00,1,0.00357895,lb=0.019368 ls=0.015789 thr=0.0028487
C-F08-1,2026-01-19,2026-01-19 12:40:00,1,0.00547032,lb=0.021622 ls=0.016151 thr=0.0028487
C-F08-1,2026-01-19,2026-01-19 12:56:00,1,0.00667667,lb=0.024419 ls=0.017742 thr=0.0028487
C-F08-1,2026-01-20,2026-01-20 10:32:00,1,0.00339765,lb=0.024283 ls=0.020886 thr=0.0029125
C-F08-1,2026-01-20,2026-01-20 10:48:00,1,0.0048803,lb=0.020679 ls=0.015799 thr=0.0029125
C-F08-1,2026-01-20,2026-01-20 11:04:00,1,0.00352005,lb=0.019902 ls=0.016382 thr=0.0029125
C-F08-1,2026-01-20,2026-01-20 11:20:00,1,0.00327152,lb=0.018127 ls=0.014855 thr=0.0029125
C-F08-1,2026-01-20,2026-01-20 13:07:00,-1,-0.00337042,lb=0.013674 ls=0.017044 thr=0.0029125
C-F08-1,2026-01-20,2026-01-20 13:24:00,-1,-0.00362263,lb=0.013999 ls=0.017622 thr=0.0029125
C-F08-1,2026-01-20,2026-01-20 13:41:00,-1,-0.00370258,lb=0.012502 ls=0.016204 thr=0.0029125
C-F08-1,2026-01-20,2026-01-20 13:57:00,-1,-0.00409014,lb=0.010429 ls=0.014519 thr=0.0029125
C-F08-1,2026-01-20,2026-01-20 14:13:00,-1,-0.00356584,lb=0.009898 ls=0.013464 thr=0.0029125
C-F08-1,2026-01-20,2026-01-20 14:29:00,-1,-0.00303346,lb=0.010123 ls=0.013156 thr=0.0029125
C-F08-1,2026-01-20,2026-01-20 15:08:00,-1,-0.00356193,lb=0.01405 ls=0.017612 thr=0.0029125
C-F08-1,2026-01-20,2026-01-20 15:24:00,-1,-0.00304901,lb=0.014496 ls=0.017545 thr=0.0029125
C-F08-1,2026-01-21,2026-01-21 10:41:00,1,0.0031178,lb=0.018472 ls=0.015354 thr=0.0029779
C-F08-1,2026-01-21,2026-01-21 10:57:00,1,0.0036501,lb=0.018333 ls=0.014682 thr=0.0029779
C-F08-1,2026-01-21,2026-01-21 11:13:00,1,0.00336252,lb=0.018877 ls=0.015515 thr=0.0029779
C-F08-1,2026-01-21,2026-01-21 11:33:00,1,0.00327942,lb=0.021292 ls=0.018013 thr=0.0029779
C-F08-1,2026-01-21,2026-01-21 11:49:00,-1,-0.00310303,lb=0.016397 ls=0.0195 thr=0.0029779
C-F08-1,2026-01-21,2026-01-21 12:05:00,-1,-0.00702054,lb=0.012948 ls=0.019969 thr=0.0029779
C-F08-1,2026-01-21,2026-01-21 12:21:00,-1,-0.00763266,lb=0.010874 ls=0.018507 thr=0.0029779
C-F08-1,2026-01-21,2026-01-21 12:37:00,-1,-0.00426793,lb=0.012284 ls=0.016552 thr=0.0029779
C-F08-1,2026-01-21,2026-01-21 12:53:00,1,0.00331642,lb=0.019062 ls=0.015746 thr=0.0029779
C-F08-1,2026-01-21,2026-01-21 13:14:00,1,0.00353571,lb=0.022903 ls=0.019367 thr=0.0029779
C-F08-1,2026-01-21,2026-01-21 13:30:00,1,0.00364985,lb=0.025329 ls=0.021679 thr=0.0029779
C-F08-1,2026-01-21,2026-01-21 14:13:00,-1,-0.00298171,lb=0.019765 ls=0.022747 thr=0.0029779
C-F08-1,2026-01-21,2026-01-21 14:42:00,1,0.00301514,lb=0.027208 ls=0.024192 thr=0.0029779
C-F08-1,2026-01-21,2026-01-21 14:58:00,1,0.00514893,lb=0.028105 ls=0.022956 thr=0.0029779
C-F08-1,2026-01-21,2026-01-21 15:14:00,1,0.00439653,lb=0.02787 ls=0.023474 thr=0.0029779
C-F08-1,2026-01-21,2026-01-21 15:35:00,-1,-0.00325333,lb=0.016842 ls=0.020095 thr=0.0029779
C-F08-1,2026-01-22,2026-01-22 11:00:00,1,0.00324202,lb=0.017034 ls=0.013792 thr=0.003099
C-F08-1,2026-01-22,2026-01-22 11:16:00,1,0.00385919,lb=0.015447 ls=0.011587 thr=0.003099
C-F08-1,2026-01-22,2026-01-22 11:32:00,1,0.00407946,lb=0.012465 ls=0.0083853 thr=0.003099
C-F08-1,2026-01-22,2026-01-22 11:48:00,1,0.00312577,lb=0.010968 ls=0.0078423 thr=0.003099
C-F08-1,2026-01-22,2026-01-22 12:06:00,1,0.00326556,lb=0.012137 ls=0.0088715 thr=0.003099
C-F08-1,2026-01-22,2026-01-22 12:22:00,1,0.00453803,lb=0.014026 ls=0.0094883 thr=0.003099
C-F08-1,2026-01-22,2026-01-22 12:42:00,1,0.00434325,lb=0.01673 ls=0.012387 thr=0.003099
C-F08-1,2026-01-22,2026-01-22 13:13:00,1,0.00310514,lb=0.015269 ls=0.012164 thr=0.003099
C-F08-1,2026-01-22,2026-01-22 13:49:00,1,0.00361824,lb=0.016555 ls=0.012936 thr=0.003099
C-F08-1,2026-01-22,2026-01-22 15:03:00,-1,-0.00388812,lb=0.010332 ls=0.01422 thr=0.003099
C-F08-1,2026-01-22,2026-01-22 15:33:00,-1,-0.0034176,lb=0.012596 ls=0.016013 thr=0.003099
C-F08-1,2026-01-23,2026-01-23 10:40:00,1,0.00324245,lb=0.012851 ls=0.0096087 thr=0.0032238
C-F08-1,2026-01-23,2026-01-23 10:56:00,1,0.00516341,lb=0.011262 ls=0.0060982 thr=0.0032238
C-F08-1,2026-01-23,2026-01-23 11:13:00,1,0.00326213,lb=0.010772 ls=0.0075098 thr=0.0032238
C-F08-1,2026-01-23,2026-01-23 14:01:00,1,0.00336415,lb=0.016081 ls=0.012717 thr=0.0032238
C-F08-1,2026-01-23,2026-01-23 14:20:00,1,0.00402443,lb=0.016651 ls=0.012627 thr=0.0032238
C-F08-1,2026-01-26,2026-01-26 15:44:00,-1,-0.00342605,lb=0.0051381 ls=0.0085641 thr=0.0030955
C-F08-1,2026-01-27,2026-01-27 11:36:00,1,0.00302994,lb=0.010743 ls=0.0077129 thr=0.0028777
C-F08-1,2026-01-27,2026-01-27 11:54:00,1,0.00360726,lb=0.011112 ls=0.0075046 thr=0.0028777
C-F08-1,2026-01-27,2026-01-27 12:17:00,1,0.00361823,lb=0.011834 ls=0.0082161 thr=0.0028777
C-F08-1,2026-01-27,2026-01-27 13:37:00,-1,-0.00320173,lb=0.011521 ls=0.014723 thr=0.0028777
C-F08-1,2026-01-27,2026-01-27 13:53:00,-1,-0.00410758,lb=0.011619 ls=0.015726 thr=0.0028777
C-F08-1,2026-01-27,2026-01-27 14:38:00,1,0.00296332,lb=0.011162 ls=0.0081992 thr=0.0028777
C-F08-1,2026-01-27,2026-01-27 14:54:00,1,0.00419284,lb=0.012042 ls=0.0078492 thr=0.0028777
C-F08-1,2026-01-27,2026-01-27 15:10:00,1,0.00445123,lb=0.011848 ls=0.0073971 thr=0.0028777
C-F08-1,2026-01-28,2026-01-28 10:47:00,1,0.00311827,lb=0.016379 ls=0.013261 thr=0.0028717
C-F08-1,2026-01-28,2026-01-28 11:49:00,-1,-0.00290342,lb=0.0097926 ls=0.012696 thr=0.0028717
C-F08-1,2026-01-28,2026-01-28 12:56:00,1,0.00345052,lb=0.01521 ls=0.011759 thr=0.0028717
C-F08-1,2026-01-28,2026-01-28 13:12:00,1,0.00400619,lb=0.017788 ls=0.013782 thr=0.0028717
C-F08-1,2026-01-28,2026-01-28 13:28:00,1,0.00501175,lb=0.018556 ls=0.013545 thr=0.0028717
C-F08-1,2026-01-28,2026-01-28 13:44:00,1,0.00668592,lb=0.020564 ls=0.013878 thr=0.0028717
C-F08-1,2026-01-28,2026-01-28 14:02:00,1,0.00336607,lb=0.021381 ls=0.018015 thr=0.0028717
C-F08-1,2026-01-28,2026-01-28 14:25:00,1,0.00348503,lb=0.035707 ls=0.032222 thr=0.0028717
C-F08-1,2026-01-28,2026-01-28 14:41:00,-1,-0.00588882,lb=0.034769 ls=0.040658 thr=0.0028717
C-F08-1,2026-01-28,2026-01-28 14:57:00,-1,-0.00301122,lb=0.033373 ls=0.036384 thr=0.0028717
C-F08-1,2026-01-28,2026-01-28 15:25:00,-1,-0.00303035,lb=0.024271 ls=0.027301 thr=0.0028717
C-F08-1,2026-01-29,2026-01-29 10:49:00,-1,-0.00294749,lb=0.018003 ls=0.02095 thr=0.0029093
C-F08-1,2026-01-29,2026-01-29 11:05:00,-1,-0.00450373,lb=0.01627 ls=0.020774 thr=0.0029093
C-F08-1,2026-01-29,2026-01-29 11:37:00,1,0.00382787,lb=0.022171 ls=0.018343 thr=0.0029093
C-F08-1,2026-01-29,2026-01-29 11:53:00,1,0.00974657,lb=0.026781 ls=0.017034 thr=0.0029093
C-F08-1,2026-01-29,2026-01-29 12:09:00,1,0.013387,lb=0.026915 ls=0.013528 thr=0.0029093
C-F08-1,2026-01-29,2026-01-29 12:25:00,1,0.00926002,lb=0.022491 ls=0.013231 thr=0.0029093
C-F08-1,2026-01-29,2026-01-29 12:41:00,1,0.00828406,lb=0.020861 ls=0.012577 thr=0.0029093
C-F08-1,2026-01-29,2026-01-29 12:57:00,1,0.00411637,lb=0.02111 ls=0.016993 thr=0.0029093
C-F08-1,2026-01-29,2026-01-29 13:13:00,1,0.00687605,lb=0.024597 ls=0.017721 thr=0.0029093
C-F08-1,2026-01-29,2026-01-29 13:30:00,1,0.00367112,lb=0.023767 ls=0.020096 thr=0.0029093
C-F08-1,2026-01-29,2026-01-29 14:01:00,1,0.00305168,lb=0.021962 ls=0.01891 thr=0.0029093
C-F08-1,2026-01-29,2026-01-29 14:31:00,1,0.0029569,lb=0.016968 ls=0.014011 thr=0.0029093
C-F08-1,2026-01-29,2026-01-29 15:32:00,-1,-0.00394708,lb=0.016722 ls=0.020669 thr=0.0029093
C-F08-1,2026-01-30,2026-01-30 10:37:00,1,0.00337846,lb=0.021253 ls=0.017875 thr=0.0030635
C-F08-1,2026-01-30,2026-01-30 11:35:00,-1,-0.00340119,lb=0.019295 ls=0.022696 thr=0.0030635
C-F08-1,2026-01-30,2026-01-30 12:34:00,1,0.00325765,lb=0.024237 ls=0.020979 thr=0.0030635
C-F08-1,2026-01-30,2026-01-30 13:08:00,-1,-0.00311479,lb=0.024638 ls=0.027753 thr=0.0030635
C-F08-1,2026-01-30,2026-01-30 13:24:00,-1,-0.00307677,lb=0.024806 ls=0.027882 thr=0.0030635
C-F08-1,2026-01-30,2026-01-30 13:53:00,1,0.00377338,lb=0.029188 ls=0.025415 thr=0.0030635
C-F08-1,2026-01-30,2026-01-30 14:09:00,1,0.00851363,lb=0.034151 ls=0.025637 thr=0.0030635
C-F08-1,2026-01-30,2026-01-30 14:25:00,1,0.011444,lb=0.034204 ls=0.02276 thr=0.0030635
C-F08-1,2026-01-30,2026-01-30 14:41:00,1,0.0123927,lb=0.037139 ls=0.024746 thr=0.0030635
C-F08-1,2026-01-30,2026-01-30 15:01:00,-1,-0.00376501,lb=0.02436 ls=0.028125 thr=0.0030635
C-F08-1,2026-01-30,2026-01-30 15:17:00,-1,-0.00829036,lb=0.022482 ls=0.030773 thr=0.0030635
C-F08-1,2026-01-30,2026-01-30 15:33:00,-1,-0.0106937,lb=0.016508 ls=0.027202 thr=0.0030635
C-F08-1,2026-02-02,2026-02-02 10:32:00,1,0.00687016,lb=0.021881 ls=0.015011 thr=0.0033036
C-F08-1,2026-02-02,2026-02-02 10:48:00,1,0.00387418,lb=0.018497 ls=0.014623 thr=0.0033036
C-F08-1,2026-02-02,2026-02-02 11:18:00,-1,-0.00332592,lb=0.013386 ls=0.016712 thr=0.0033036
C-F08-1,2026-02-02,2026-02-02 12:25:00,1,0.00337088,lb=0.016839 ls=0.013468 thr=0.0033036
C-F08-1,2026-02-02,2026-02-02 15:07:00,1,0.00333292,lb=0.02028 ls=0.016947 thr=0.0033036
C-F08-1,2026-02-03,2026-02-03 12:25:00,1,0.00328606,lb=0.021547 ls=0.018261 thr=0.0032038
C-F08-1,2026-02-03,2026-02-03 12:41:00,1,0.0042299,lb=0.023798 ls=0.019568 thr=0.0032038
C-F08-1,2026-02-03,2026-02-03 13:26:00,-1,-0.0037833,lb=0.015922 ls=0.019705 thr=0.0032038
C-F08-1,2026-02-03,2026-02-03 13:57:00,-1,-0.00352402,lb=0.018175 ls=0.021699 thr=0.0032038
C-F08-1,2026-02-03,2026-02-03 14:22:00,1,0.00340132,lb=0.022645 ls=0.019244 thr=0.0032038
C-F08-1,2026-02-03,2026-02-03 14:38:00,1,0.0040291,lb=0.026937 ls=0.022908 thr=0.0032038
C-F08-1,2026-02-03,2026-02-03 14:56:00,1,0.00402846,lb=0.025632 ls=0.021603 thr=0.0032038
C-F08-1,2026-02-03,2026-02-03 15:12:00,1,0.00794529,lb=0.029247 ls=0.021302 thr=0.0032038
C-F08-1,2026-02-03,2026-02-03 15:35:00,1,0.00484276,lb=0.028241 ls=0.023398 thr=0.0032038
C-F08-1,2026-02-04,2026-02-04 10:32:00,-1,-0.00480598,lb=0.028612 ls=0.033418 thr=0.0032079
C-F08-1,2026-02-04,2026-02-04 10:48:00,-1,-0.00406425,lb=0.026304 ls=0.030368 thr=0.0032079
C-F08-1,2026-02-04,2026-02-04 11:04:00,-1,-0.00327923,lb=0.027073 ls=0.030352 thr=0.0032079
C-F08-1,2026-02-04,2026-02-04 12:24:00,-1,-0.00402162,lb=0.022278 ls=0.0263 thr=0.0032079
C-F08-1,2026-02-04,2026-02-04 12:40:00,-1,-0.00690887,lb=0.018671 ls=0.02558 thr=0.0032079
C-F08-1,2026-02-04,2026-02-04 12:56:00,-1,-0.00647723,lb=0.02217 ls=0.028648 thr=0.0032079
C-F08-1,2026-02-04,2026-02-04 13:12:00,-1,-0.00772907,lb=0.025746 ls=0.033475 thr=0.0032079
C-F08-1,2026-02-04,2026-02-04 13:28:00,-1,-0.00631153,lb=0.028981 ls=0.035293 thr=0.0032079
C-F08-1,2026-02-04,2026-02-04 14:11:00,-1,-0.00321403,lb=0.033204 ls=0.036418 thr=0.0032079
C-F08-1,2026-02-04,2026-02-04 14:35:00,1,0.00349984,lb=0.035419 ls=0.031919 thr=0.0032079
C-F08-1,2026-02-04,2026-02-04 14:54:00,1,0.00340855,lb=0.031088 ls=0.02768 thr=0.0032079
C-F08-1,2026-02-04,2026-02-04 15:10:00,1,0.00377088,lb=0.032433 ls=0.028662 thr=0.0032079
C-F08-1,2026-02-05,2026-02-05 10:33:00,-1,-0.00736293,lb=0.027092 ls=0.034454 thr=0.0033803
C-F08-1,2026-02-05,2026-02-05 10:49:00,-1,-0.0104008,lb=0.02457 ls=0.03497 thr=0.0033803
C-F08-1,2026-02-05,2026-02-05 11:05:00,-1,-0.00768361,lb=0.02733 ls=0.035014 thr=0.0033803
C-F08-1,2026-02-05,2026-02-05 11:21:00,-1,-0.00698836,lb=0.028239 ls=0.035227 thr=0.0033803
C-F08-1,2026-02-05,2026-02-05 12:05:00,1,0.00368235,lb=0.03032 ls=0.026638 thr=0.0033803
C-F08-1,2026-02-05,2026-02-05 12:51:00,-1,-0.00437607,lb=0.029256 ls=0.033632 thr=0.0033803
C-F08-1,2026-02-05,2026-02-05 13:21:00,-1,-0.00346035,lb=0.03261 ls=0.03607 thr=0.0033803
C-F08-1,2026-02-05,2026-02-05 13:37:00,-1,-0.00702062,lb=0.032464 ls=0.039484 thr=0.0033803
C-F08-1,2026-02-05,2026-02-05 13:53:00,-1,-0.00714649,lb=0.032114 ls=0.039261 thr=0.0033803
C-F08-1,2026-02-05,2026-02-05 14:09:00,-1,-0.0108685,lb=0.032018 ls=0.042886 thr=0.0033803
C-F08-1,2026-02-05,2026-02-05 14:35:00,-1,-0.00677288,lb=0.028392 ls=0.035164 thr=0.0033803
C-F08-1,2026-02-05,2026-02-05 14:58:00,-1,-0.00396355,lb=0.028239 ls=0.032202 thr=0.0033803
C-F08-1,2026-02-05,2026-02-05 15:14:00,-1,-0.00501053,lb=0.025359 ls=0.030369 thr=0.0033803
C-F08-1,2026-02-05,2026-02-05 15:30:00,-1,-0.0125444,lb=0.022204 ls=0.034748 thr=0.0033803
C-F08-1,2026-02-06,2026-02-06 10:38:00,1,0.00373891,lb=0.030891 ls=0.027152 thr=0.0034966
C-F08-1,2026-02-06,2026-02-06 10:54:00,1,0.00354212,lb=0.031204 ls=0.027662 thr=0.0034966
C-F08-1,2026-02-06,2026-02-06 11:13:00,1,0.00421825,lb=0.030122 ls=0.025903 thr=0.0034966
C-F08-1,2026-02-06,2026-02-06 11:51:00,1,0.00492626,lb=0.023328 ls=0.018402 thr=0.0034966
C-F08-1,2026-02-06,2026-02-06 12:08:00,1,0.00396408,lb=0.021447 ls=0.017483 thr=0.0034966
C-F08-1,2026-02-06,2026-02-06 12:24:00,1,0.00592489,lb=0.022531 ls=0.016607 thr=0.0034966
C-F08-1,2026-02-06,2026-02-06 12:40:00,1,0.00414491,lb=0.023248 ls=0.019103 thr=0.0034966
C-F08-1,2026-02-06,2026-02-06 12:56:00,1,0.00350686,lb=0.023589 ls=0.020082 thr=0.0034966
C-F08-1,2026-02-06,2026-02-06 13:12:00,1,0.00461513,lb=0.02609 ls=0.021475 thr=0.0034966
C-F08-1,2026-02-06,2026-02-06 13:30:00,1,0.00434693,lb=0.024294 ls=0.019947 thr=0.0034966
C-F08-1,2026-02-06,2026-02-06 13:46:00,1,0.00511702,lb=0.023196 ls=0.018079 thr=0.0034966
C-F08-1,2026-02-06,2026-02-06 14:09:00,1,0.00419922,lb=0.017871 ls=0.013672 thr=0.0034966
C-F08-1,2026-02-09,2026-02-09 10:32:00,1,0.00501592,lb=0.025397 ls=0.020381 thr=0.0036557
C-F08-1,2026-02-09,2026-02-09 10:48:00,1,0.00409331,lb=0.025184 ls=0.02109 thr=0.0036557
C-F08-1,2026-02-09,2026-02-09 11:04:00,1,0.00727461,lb=0.022785 ls=0.015511 thr=0.0036557
C-F08-1,2026-02-09,2026-02-09 11:20:00,1,0.00962355,lb=0.02477 ls=0.015146 thr=0.0036557
C-F08-1,2026-02-09,2026-02-09 11:36:00,1,0.00870875,lb=0.023374 ls=0.014665 thr=0.0036557
C-F08-1,2026-02-09,2026-02-09 13:15:00,1,0.00382552,lb=0.015492 ls=0.011667 thr=0.0036557
C-F08-1,2026-02-09,2026-02-09 13:31:00,1,0.0051555,lb=0.018765 ls=0.01361 thr=0.0036557
C-F08-1,2026-02-09,2026-02-09 13:47:00,1,0.00483918,lb=0.01967 ls=0.014831 thr=0.0036557
C-F08-1,2026-02-09,2026-02-09 14:03:00,1,0.00460898,lb=0.02224 ls=0.017631 thr=0.0036557
C-F08-1,2026-02-09,2026-02-09 14:19:00,1,0.00395241,lb=0.021939 ls=0.017987 thr=0.0036557
C-F08-1,2026-02-10,2026-02-10 11:07:00,1,0.00436576,lb=0.018888 ls=0.014522 thr=0.0038683
C-F08-1,2026-02-10,2026-02-10 11:23:00,1,0.00424935,lb=0.019343 ls=0.015094 thr=0.0038683
C-F08-1,2026-02-10,2026-02-10 11:40:00,1,0.00446648,lb=0.021289 ls=0.016822 thr=0.0038683
C-F08-1,2026-02-10,2026-02-10 13:17:00,1,0.00447905,lb=0.021643 ls=0.017164 thr=0.0038683
C-F08-1,2026-02-10,2026-02-10 13:36:00,1,0.00453493,lb=0.020013 ls=0.015478 thr=0.0038683
C-F08-1,2026-02-10,2026-02-10 13:52:00,1,0.00425693,lb=0.020177 ls=0.01592 thr=0.0038683
C-F08-1,2026-02-10,2026-02-10 15:15:00,1,0.00464266,lb=0.022815 ls=0.018172 thr=0.0038683
C-F08-1,2026-02-10,2026-02-10 15:42:00,1,0.00405342,lb=0.019861 ls=0.015808 thr=0.0038683
C-F08-1,2026-02-11,2026-02-11 10:53:00,1,0.00393582,lb=0.020761 ls=0.016825 thr=0.0038732
C-F08-1,2026-02-11,2026-02-11 11:09:00,1,0.00516766,lb=0.023115 ls=0.017948 thr=0.0038732
C-F08-1,2026-02-11,2026-02-11 11:25:00,1,0.00648186,lb=0.023784 ls=0.017302 thr=0.0038732
C-F08-1,2026-02-11,2026-02-11 11:41:00,1,0.00539369,lb=0.024123 ls=0.018729 thr=0.0038732
C-F08-1,2026-02-11,2026-02-11 13:57:00,1,0.00435792,lb=0.01903 ls=0.014672 thr=0.0038732
C-F08-1,2026-02-11,2026-02-11 14:13:00,1,0.00709836,lb=0.020761 ls=0.013662 thr=0.0038732
C-F08-1,2026-02-11,2026-02-11 14:29:00,1,0.00982632,lb=0.02622 ls=0.016393 thr=0.0038732
C-F08-1,2026-02-11,2026-02-11 14:45:00,1,0.00925292,lb=0.028489 ls=0.019236 thr=0.0038732
C-F08-1,2026-02-11,2026-02-11 15:01:00,1,0.00775482,lb=0.03066 ls=0.022905 thr=0.0038732
C-F08-1,2026-02-11,2026-02-11 15:17:00,1,0.00618365,lb=0.029663 ls=0.023479 thr=0.0038732
C-F08-1,2026-02-11,2026-02-11 15:33:00,1,0.0039032,lb=0.026633 ls=0.02273 thr=0.0038732
C-F08-1,2026-02-12,2026-02-12 11:19:00,-1,-0.00399013,lb=0.015155 ls=0.019145 thr=0.0039184
C-F08-1,2026-02-12,2026-02-12 11:35:00,-1,-0.00684199,lb=0.013516 ls=0.020358 thr=0.0039184
C-F08-1,2026-02-12,2026-02-12 12:25:00,1,0.00504536,lb=0.032727 ls=0.027681 thr=0.0039184
C-F08-1,2026-02-12,2026-02-12 13:42:00,1,0.00406535,lb=0.027518 ls=0.023452 thr=0.0039184
C-F08-1,2026-02-12,2026-02-12 13:58:00,1,0.0046568,lb=0.027685 ls=0.023028 thr=0.0039184
C-F08-1,2026-02-12,2026-02-12 14:16:00,1,0.00403795,lb=0.030009 ls=0.025971 thr=0.0039184
C-F08-1,2026-02-12,2026-02-12 14:52:00,-1,-0.00516788,lb=0.021945 ls=0.027113 thr=0.0039184
C-F08-1,2026-02-12,2026-02-12 15:24:00,-1,-0.00434955,lb=0.017717 ls=0.022066 thr=0.0039184
C-F08-1,2026-02-12,2026-02-12 15:40:00,-1,-0.00595263,lb=0.013249 ls=0.019201 thr=0.0039184
C-F08-1,2026-02-13,2026-02-13 10:51:00,1,0.00412941,lb=0.033102 ls=0.028973 thr=0.0039639
C-F08-1,2026-02-13,2026-02-13 11:53:00,1,0.00431445,lb=0.027552 ls=0.023237 thr=0.0039639
C-F08-1,2026-02-13,2026-02-13 12:23:00,1,0.00397569,lb=0.026112 ls=0.022136 thr=0.0039639
C-F08-1,2026-02-13,2026-02-13 12:41:00,1,0.00448381,lb=0.023814 ls=0.01933 thr=0.0039639
C-F08-1,2026-02-13,2026-02-13 13:07:00,1,0.00416681,lb=0.025871 ls=0.021704 thr=0.0039639
C-F08-1,2026-02-13,2026-02-13 13:23:00,1,0.0048538,lb=0.027774 ls=0.02292 thr=0.0039639
C-F08-1,2026-02-13,2026-02-13 13:39:00,1,0.00630131,lb=0.028296 ls=0.021994 thr=0.0039639
C-F08-1,2026-02-13,2026-02-13 14:01:00,1,0.00431629,lb=0.029308 ls=0.024992 thr=0.0039639
C-F08-1,2026-02-13,2026-02-13 15:31:00,-1,-0.00489362,lb=0.023576 ls=0.02847 thr=0.0039639
C-F08-1,2026-02-16,2026-02-16 10:32:00,1,0.00481598,lb=0.028751 ls=0.023935 thr=0.0039539
C-F08-1,2026-02-16,2026-02-16 11:30:00,1,0.00416678,lb=0.026496 ls=0.022329 thr=0.0039539
C-F08-1,2026-02-16,2026-02-16 11:46:00,1,0.00552921,lb=0.028892 ls=0.023363 thr=0.0039539
C-F08-1,2026-02-16,2026-02-16 12:02:00,1,0.006363,lb=0.028474 ls=0.022111 thr=0.0039539
C-F08-1,2026-02-16,2026-02-16 12:18:00,1,0.00577671,lb=0.030306 ls=0.02453 thr=0.0039539
C-F08-1,2026-02-16,2026-02-16 12:34:00,1,0.00732741,lb=0.031113 ls=0.023786 thr=0.0039539
C-F08-1,2026-02-16,2026-02-16 12:51:00,1,0.00539976,lb=0.030469 ls=0.02507 thr=0.0039539
C-F08-1,2026-02-17,2026-02-17 10:32:00,-1,-0.00489353,lb=0.023311 ls=0.028205 thr=0.0041838
C-F08-1,2026-02-17,2026-02-17 10:48:00,-1,-0.00509864,lb=0.023447 ls=0.028546 thr=0.0041838
C-F08-1,2026-02-17,2026-02-17 11:09:00,-1,-0.00445152,lb=0.024205 ls=0.028656 thr=0.0041838
C-F08-1,2026-02-17,2026-02-17 11:42:00,1,0.0042938,lb=0.024356 ls=0.020063 thr=0.0041838
C-F08-1,2026-02-17,2026-02-17 11:58:00,1,0.00423794,lb=0.023459 ls=0.019221 thr=0.0041838
C-F08-1,2026-02-17,2026-02-17 12:16:00,-1,-0.00441306,lb=0.020676 ls=0.025089 thr=0.0041838
C-F08-1,2026-02-17,2026-02-17 12:41:00,-1,-0.00446369,lb=0.025808 ls=0.030272 thr=0.0041838
C-F08-1,2026-02-17,2026-02-17 12:57:00,-1,-0.00688307,lb=0.025383 ls=0.032266 thr=0.0041838
C-F08-1,2026-02-17,2026-02-17 13:13:00,-1,-0.00522054,lb=0.028072 ls=0.033293 thr=0.0041838
C-F08-1,2026-02-17,2026-02-17 13:34:00,-1,-0.00421369,lb=0.030522 ls=0.034736 thr=0.0041838
C-F08-1,2026-02-17,2026-02-17 15:31:00,-1,-0.00458326,lb=0.017822 ls=0.022406 thr=0.0041838
C-F08-1,2026-02-18,2026-02-18 10:33:00,1,0.00498753,lb=0.018165 ls=0.013178 thr=0.0042193
C-F08-1,2026-02-18,2026-02-18 10:49:00,1,0.00435253,lb=0.014753 ls=0.010401 thr=0.0042193
C-F08-1,2026-02-19,2026-02-19 11:04:00,1,0.00443812,lb=0.021678 ls=0.01724 thr=0.0042354
C-F08-1,2026-02-19,2026-02-19 14:19:00,1,0.00449872,lb=0.016955 ls=0.012456 thr=0.0042354
C-F08-1,2026-02-19,2026-02-19 15:44:00,1,0.00475126,lb=0.025472 ls=0.020721 thr=0.0042354
C-F08-1,2026-02-20,2026-02-20 11:50:00,1,0.00430931,lb=0.027063 ls=0.022754 thr=0.0042354
C-F08-1,2026-02-20,2026-02-20 12:06:00,1,0.00758343,lb=0.030967 ls=0.023384 thr=0.0042354
C-F08-1,2026-02-20,2026-02-20 13:04:00,1,0.00423584,lb=0.025293 ls=0.021058 thr=0.0042354
C-F08-1,2026-02-20,2026-02-20 13:20:00,1,0.00618727,lb=0.028142 ls=0.021955 thr=0.0042354
C-F08-1,2026-02-20,2026-02-20 13:36:00,1,0.00961304,lb=0.031939 ls=0.022326 thr=0.0042354
C-F08-1,2026-02-20,2026-02-20 13:52:00,1,0.00593575,lb=0.034598 ls=0.028663 thr=0.0042354
C-F08-1,2026-02-20,2026-02-20 14:08:00,1,0.00509246,lb=0.035182 ls=0.030089 thr=0.0042354
C-F08-1,2026-02-20,2026-02-20 14:48:00,-1,-0.00468694,lb=0.020464 ls=0.025151 thr=0.0042354
C-F08-1,2026-02-20,2026-02-20 15:04:00,-1,-0.00972817,lb=0.014152 ls=0.02388 thr=0.0042354
C-F08-1,2026-02-20,2026-02-20 15:20:00,-1,-0.00495011,lb=0.016755 ls=0.021705 thr=0.0042354
C-F08-1,2026-02-20,2026-02-20 15:36:00,-1,-0.00622621,lb=0.017174 ls=0.0234 thr=0.0042354
C-F08-1,2026-02-23,2026-02-23 10:39:00,-1,-0.00463023,lb=0.014649 ls=0.019279 thr=0.0042942
C-F08-1,2026-02-23,2026-02-23 10:56:00,-1,-0.00444559,lb=0.012977 ls=0.017422 thr=0.0042942
C-F08-1,2026-02-23,2026-02-23 11:12:00,-1,-0.00740968,lb=0.0092125 ls=0.016622 thr=0.0042942
C-F08-1,2026-02-23,2026-02-23 12:03:00,1,0.00437255,lb=0.019236 ls=0.014864 thr=0.0042942
C-F08-1,2026-02-23,2026-02-23 12:19:00,1,0.00862475,lb=0.024418 ls=0.015793 thr=0.0042942
C-F08-1,2026-02-23,2026-02-23 13:22:00,1,0.00463139,lb=0.0213 ls=0.016669 thr=0.0042942
C-F08-1,2026-02-23,2026-02-23 13:38:00,1,0.00701221,lb=0.021845 ls=0.014833 thr=0.0042942
C-F08-1,2026-02-23,2026-02-23 13:54:00,1,0.005346,lb=0.016899 ls=0.011553 thr=0.0042942
C-F08-1,2026-02-23,2026-02-23 14:29:00,-1,-0.00492116,lb=0.011234 ls=0.016155 thr=0.0042942
C-F08-1,2026-02-23,2026-02-23 14:45:00,-1,-0.00773281,lb=0.0096691 ls=0.017402 thr=0.0042942
C-F08-1,2026-02-23,2026-02-23 15:10:00,-1,-0.00463784,lb=0.015838 ls=0.020476 thr=0.0042942
C-F08-1,2026-02-23,2026-02-23 15:29:00,-1,-0.00440512,lb=0.017851 ls=0.022256 thr=0.0042942
C-F08-1,2026-02-24,2026-02-24 14:55:00,-1,-0.00465771,lb=0.011886 ls=0.016543 thr=0.0043767
C-F08-1,2026-02-25,2026-02-25 12:16:00,1,0.00437831,lb=0.0097875 ls=0.0054092 thr=0.0042272
C-F08-1,2026-02-25,2026-02-25 12:35:00,1,0.00449567,lb=0.0098957 ls=0.0054 thr=0.0042272
C-F08-1,2026-02-25,2026-02-25 14:21:00,1,0.00446658,lb=0.0059038 ls=0.0014372 thr=0.0042272
C-F08-1,2026-02-25,2026-02-25 15:29:00,1,0.00431689,lb=0.013662 ls=0.0093448 thr=0.0042272
C-F08-1,2026-02-26,2026-02-26 10:32:00,-1,-0.00485677,lb=0.013707 ls=0.018563 thr=0.0042292
C-F08-1,2026-02-26,2026-02-26 11:06:00,1,0.00506063,lb=0.023748 ls=0.018688 thr=0.0042292
C-F08-1,2026-02-26,2026-02-26 11:22:00,1,0.00843584,lb=0.023852 ls=0.015417 thr=0.0042292
C-F08-1,2026-02-26,2026-02-26 11:38:00,1,0.00920584,lb=0.022441 ls=0.013235 thr=0.0042292
C-F08-1,2026-02-26,2026-02-26 12:26:00,-1,-0.00435334,lb=0.014299 ls=0.018652 thr=0.0042292
C-F08-1,2026-02-26,2026-02-26 12:42:00,-1,-0.00614236,lb=0.01451 ls=0.020652 thr=0.0042292
C-F08-1,2026-02-26,2026-02-26 14:05:00,1,0.00432428,lb=0.019366 ls=0.015042 thr=0.0042292
C-F08-1,2026-02-26,2026-02-26 14:21:00,1,0.00561963,lb=0.020878 ls=0.015258 thr=0.0042292
C-F08-1,2026-02-26,2026-02-26 14:37:00,1,0.00659926,lb=0.021331 ls=0.014731 thr=0.0042292
C-F08-1,2026-02-26,2026-02-26 14:53:00,1,0.00583679,lb=0.017983 ls=0.012147 thr=0.0042292
C-F08-1,2026-02-27,2026-02-27 11:35:00,1,0.00494844,lb=0.019592 ls=0.014643 thr=0.0043634
C-F08-1,2026-02-27,2026-02-27 15:29:00,1,0.00489421,lb=0.020175 ls=0.01528 thr=0.0043634
C-F08-1,2026-03-02,2026-03-02 10:32:00,1,0.00785082,lb=0.026911 ls=0.01906 thr=0.0040445
C-F08-1,2026-03-02,2026-03-02 11:41:00,1,0.00417795,lb=0.025546 ls=0.021368 thr=0.0040445
C-F08-1,2026-03-02,2026-03-02 11:57:00,1,0.00499688,lb=0.024938 ls=0.019941 thr=0.0040445
C-F08-1,2026-03-02,2026-03-02 12:15:00,1,0.00425661,lb=0.025345 ls=0.021088 thr=0.0040445
C-F08-1,2026-03-02,2026-03-02 12:31:00,1,0.00489066,lb=0.021311 ls=0.01642 thr=0.0040445
C-F08-1,2026-03-02,2026-03-02 13:52:00,1,0.00423999,lb=0.023441 ls=0.019201 thr=0.0040445
C-F08-1,2026-03-02,2026-03-02 14:10:00,1,0.00410963,lb=0.023904 ls=0.019794 thr=0.0040445
C-F08-1,2026-03-02,2026-03-02 14:26:00,1,0.0042582,lb=0.021783 ls=0.017525 thr=0.0040445
C-F08-1,2026-03-02,2026-03-02 14:46:00,1,0.00411574,lb=0.019868 ls=0.015753 thr=0.0040445
C-F08-1,2026-03-02,2026-03-02 15:02:00,1,0.00455678,lb=0.01719 ls=0.012633 thr=0.0040445
C-F08-1,2026-03-02,2026-03-02 15:19:00,-1,-0.004046,lb=0.016575 ls=0.020621 thr=0.0040445
C-F08-1,2026-03-02,2026-03-02 15:35:00,-1,-0.00512736,lb=0.021566 ls=0.026694 thr=0.0040445
C-F08-1,2026-03-03,2026-03-03 10:47:00,-1,-0.0041559,lb=0.020099 ls=0.024255 thr=0.0040562
C-F08-1,2026-03-03,2026-03-03 11:04:00,-1,-0.00533335,lb=0.018642 ls=0.023975 thr=0.0040562
C-F08-1,2026-03-03,2026-03-03 11:41:00,1,0.00432482,lb=0.026135 ls=0.02181 thr=0.0040562
C-F08-1,2026-03-03,2026-03-03 11:57:00,1,0.00752073,lb=0.026496 ls=0.018975 thr=0.0040562
C-F08-1,2026-03-03,2026-03-03 12:13:00,1,0.00762727,lb=0.02927 ls=0.021643 thr=0.0040562
C-F08-1,2026-03-03,2026-03-03 12:29:00,1,0.00441252,lb=0.030176 ls=0.025763 thr=0.0040562
C-F08-1,2026-03-03,2026-03-03 12:46:00,1,0.00577573,lb=0.038553 ls=0.032778 thr=0.0040562
C-F08-1,2026-03-03,2026-03-03 13:02:00,1,0.00996032,lb=0.045444 ls=0.035484 thr=0.0040562
C-F08-1,2026-03-03,2026-03-03 13:18:00,1,0.00454811,lb=0.044118 ls=0.03957 thr=0.0040562
C-F08-1,2026-03-03,2026-03-03 13:34:00,1,0.00916111,lb=0.042241 ls=0.03308 thr=0.0040562
C-F08-1,2026-03-03,2026-03-03 13:51:00,1,0.00505702,lb=0.03221 ls=0.027153 thr=0.0040562
C-F08-1,2026-03-03,2026-03-03 14:17:00,1,0.00414159,lb=0.028971 ls=0.024829 thr=0.0040562
C-F08-1,2026-03-03,2026-03-03 14:39:00,1,0.00916263,lb=0.03747 ls=0.028308 thr=0.0040562
C-F08-1,2026-03-03,2026-03-03 15:03:00,1,0.00741258,lb=0.03924 ls=0.031828 thr=0.0040562
C-F08-1,2026-03-03,2026-03-03 15:19:00,1,0.00595863,lb=0.037868 ls=0.03191 thr=0.0040562
C-F08-1,2026-03-03,2026-03-03 15:35:00,1,0.00427273,lb=0.039028 ls=0.034755 thr=0.0040562
C-F08-1,2026-03-04,2026-03-04 10:37:00,1,0.00446652,lb=0.019186 ls=0.014719 thr=0.004224
C-F08-1,2026-03-04,2026-03-04 10:56:00,1,0.00456315,lb=0.018697 ls=0.014134 thr=0.004224
C-F08-1,2026-03-04,2026-03-04 11:32:00,-1,-0.00460844,lb=0.017466 ls=0.022074 thr=0.004224
C-F08-1,2026-03-04,2026-03-04 12:14:00,1,0.00486834,lb=0.019231 ls=0.014362 thr=0.004224
C-F08-1,2026-03-04,2026-03-04 12:30:00,1,0.00455705,lb=0.019572 ls=0.015015 thr=0.004224
C-F08-1,2026-03-04,2026-03-04 12:46:00,1,0.00571127,lb=0.026048 ls=0.020337 thr=0.004224
C-F08-1,2026-03-04,2026-03-04 13:02:00,1,0.00438247,lb=0.026298 ls=0.021915 thr=0.004224
C-F08-1,2026-03-04,2026-03-04 13:37:00,-1,-0.00430911,lb=0.021613 ls=0.025922 thr=0.004224
C-F08-1,2026-03-04,2026-03-04 13:58:00,-1,-0.00423942,lb=0.021459 ls=0.025698 thr=0.004224
C-F08-1,2026-03-04,2026-03-04 14:37:00,1,0.00438911,lb=0.022894 ls=0.018505 thr=0.004224
C-F08-1,2026-03-04,2026-03-04 14:54:00,1,0.00499758,lb=0.023591 ls=0.018593 thr=0.004224
C-F08-1,2026-03-04,2026-03-04 15:12:00,1,0.00528699,lb=0.026763 ls=0.021476 thr=0.004224
C-F08-1,2026-03-05,2026-03-05 12:09:00,-1,-0.00571318,lb=0.02493 ls=0.030644 thr=0.0041774
C-F08-1,2026-03-05,2026-03-05 12:35:00,-1,-0.00418671,lb=0.024114 ls=0.028301 thr=0.0041774
C-F08-1,2026-03-05,2026-03-05 12:51:00,-1,-0.00902664,lb=0.019468 ls=0.028495 thr=0.0041774
C-F08-1,2026-03-05,2026-03-05 13:07:00,-1,-0.00750251,lb=0.021416 ls=0.028919 thr=0.0041774
C-F08-1,2026-03-05,2026-03-05 13:27:00,-1,-0.00474485,lb=0.024399 ls=0.029144 thr=0.0041774
C-F08-1,2026-03-05,2026-03-05 13:44:00,1,0.00449351,lb=0.032882 ls=0.028389 thr=0.0041774
C-F08-1,2026-03-05,2026-03-05 14:43:00,-1,-0.00582101,lb=0.032717 ls=0.038538 thr=0.0041774
C-F08-1,2026-03-05,2026-03-05 15:07:00,-1,-0.00552197,lb=0.028318 ls=0.03384 thr=0.0041774
C-F08-1,2026-03-05,2026-03-05 15:31:00,1,0.00421621,lb=0.030654 ls=0.026438 thr=0.0041774
C-F08-1,2026-03-06,2026-03-06 10:34:00,1,0.00446721,lb=0.025285 ls=0.020818 thr=0.0041916
C-F08-1,2026-03-06,2026-03-06 10:50:00,1,0.00607552,lb=0.024479 ls=0.018403 thr=0.0041916
C-F08-1,2026-03-06,2026-03-06 11:06:00,1,0.00753183,lb=0.02472 ls=0.017188 thr=0.0041916
C-F08-1,2026-03-06,2026-03-06 11:26:00,1,0.0046025,lb=0.022928 ls=0.018325 thr=0.0041916
C-F08-1,2026-03-06,2026-03-06 12:12:00,-1,-0.00476808,lb=0.024864 ls=0.029632 thr=0.0041916
C-F08-1,2026-03-06,2026-03-06 12:28:00,-1,-0.00469876,lb=0.028943 ls=0.033641 thr=0.0041916
C-F08-1,2026-03-06,2026-03-06 12:44:00,-1,-0.00435503,lb=0.024656 ls=0.029011 thr=0.0041916
C-F08-1,2026-03-06,2026-03-06 13:00:00,-1,-0.00527695,lb=0.023804 ls=0.029081 thr=0.0041916
C-F08-1,2026-03-06,2026-03-06 13:26:00,1,0.00466893,lb=0.027635 ls=0.022966 thr=0.0041916
C-F08-1,2026-03-06,2026-03-06 14:26:00,-1,-0.004659,lb=0.029021 ls=0.03368 thr=0.0041916
C-F08-1,2026-03-06,2026-03-06 14:42:00,1,0.0085004,lb=0.041631 ls=0.033131 thr=0.0041916
C-F08-1,2026-03-06,2026-03-06 14:58:00,1,0.00775154,lb=0.047054 ls=0.039302 thr=0.0041916
C-F08-1,2026-03-06,2026-03-06 15:14:00,1,0.00527773,lb=0.045978 ls=0.0407 thr=0.0041916
C-F08-1,2026-03-06,2026-03-06 15:30:00,-1,-0.00767212,lb=0.028968 ls=0.036641 thr=0.0041916
C-F08-1,2026-03-09,2026-03-09 10:32:00,-1,-0.0105107,lb=0.030804 ls=0.041315 thr=0.0042083
C-F08-1,2026-03-09,2026-03-09 10:48:00,-1,-0.00986654,lb=0.030485 ls=0.040352 thr=0.0042083
C-F08-1,2026-03-09,2026-03-09 11:04:00,-1,-0.00624112,lb=0.033679 ls=0.03992 thr=0.0042083
C-F08-1,2026-03-09,2026-03-09 11:22:00,1,0.00616574,lb=0.02888 ls=0.022714 thr=0.0042083
C-F08-1,2026-03-09,2026-03-09 11:38:00,1,0.00457268,lb=0.023571 ls=0.018998 thr=0.0042083
C-F08-1,2026-03-09,2026-03-09 11:54:00,1,0.00651329,lb=0.024414 ls=0.017901 thr=0.0042083
C-F08-1,2026-03-09,2026-03-09 12:22:00,-1,-0.00488891,lb=0.024776 ls=0.029665 thr=0.0042083
C-F08-1,2026-03-09,2026-03-09 12:38:00,-1,-0.00858905,lb=0.026446 ls=0.035035 thr=0.0042083
C-F08-1,2026-03-09,2026-03-09 12:54:00,-1,-0.00677803,lb=0.026534 ls=0.033312 thr=0.0042083
C-F08-1,2026-03-09,2026-03-09 13:10:00,-1,-0.00999902,lb=0.026553 ls=0.036552 thr=0.0042083
C-F08-1,2026-03-09,2026-03-09 13:26:00,-1,-0.00563147,lb=0.025692 ls=0.031323 thr=0.0042083
C-F08-1,2026-03-09,2026-03-09 13:42:00,-1,-0.00962674,lb=0.015562 ls=0.025189 thr=0.0042083
C-F08-1,2026-03-09,2026-03-09 13:58:00,-1,-0.008165,lb=0.01349 ls=0.021655 thr=0.0042083
C-F08-1,2026-03-09,2026-03-09 15:07:00,-1,-0.00467738,lb=0.014422 ls=0.0191 thr=0.0042083
C-F08-1,2026-03-09,2026-03-09 15:25:00,1,0.00440603,lb=0.023423 ls=0.019017 thr=0.0042083
C-F08-1,2026-03-09,2026-03-09 15:41:00,1,0.00630949,lb=0.034771 ls=0.028461 thr=0.0042083
C-F08-1,2026-03-10,2026-03-10 11:11:00,1,0.00454541,lb=0.019015 ls=0.01447 thr=0.0044193
C-F08-1,2026-03-10,2026-03-10 12:35:00,-1,-0.00503442,lb=0.020245 ls=0.025279 thr=0.0044193
C-F08-1,2026-03-10,2026-03-10 13:04:00,-1,-0.00506992,lb=0.023321 ls=0.028391 thr=0.0044193
C-F08-1,2026-03-10,2026-03-10 13:20:00,-1,-0.00865084,lb=0.01961 ls=0.028261 thr=0.0044193
C-F08-1,2026-03-10,2026-03-10 13:36:00,-1,-0.00579488,lb=0.018349 ls=0.024144 thr=0.0044193
C-F08-1,2026-03-10,2026-03-10 14:28:00,1,0.00569326,lb=0.032622 ls=0.026929 thr=0.0044193
C-F08-1,2026-03-10,2026-03-10 14:44:00,1,0.00960864,lb=0.039377 ls=0.029769 thr=0.0044193
C-F08-1,2026-03-10,2026-03-10 15:24:00,1,0.00706268,lb=0.043723 ls=0.036661 thr=0.0044193
C-F08-1,2026-03-10,2026-03-10 15:40:00,1,0.00769515,lb=0.040841 ls=0.033146 thr=0.0044193
C-F08-1,2026-03-11,2026-03-11 12:09:00,-1,-0.00460405,lb=0.016659 ls=0.021263 thr=0.0044519
C-F08-1,2026-03-11,2026-03-11 12:26:00,-1,-0.00468466,lb=0.017047 ls=0.021732 thr=0.0044519
C-F08-1,2026-03-11,2026-03-11 12:46:00,1,0.00459182,lb=0.023855 ls=0.019263 thr=0.0044519
C-F08-1,2026-03-11,2026-03-11 13:40:00,-1,-0.00459347,lb=0.023199 ls=0.027792 thr=0.0044519
C-F08-1,2026-03-11,2026-03-11 14:01:00,1,0.00655161,lb=0.035264 ls=0.028713 thr=0.0044519
C-F08-1,2026-03-11,2026-03-11 14:21:00,-1,-0.00445807,lb=0.027159 ls=0.031617 thr=0.0044519
C-F08-1,2026-03-11,2026-03-11 14:51:00,-1,-0.00490777,lb=0.021241 ls=0.026149 thr=0.0044519
C-F08-1,2026-03-12,2026-03-12 12:25:00,1,0.00485529,lb=0.030986 ls=0.026131 thr=0.0042742
C-F08-1,2026-03-12,2026-03-12 13:06:00,1,0.00473189,lb=0.032472 ls=0.02774 thr=0.0042742
C-F08-1,2026-03-12,2026-03-12 13:34:00,1,0.00517914,lb=0.036088 ls=0.030909 thr=0.0042742
C-F08-1,2026-03-12,2026-03-12 14:06:00,-1,-0.00486766,lb=0.034315 ls=0.039182 thr=0.0042742
C-F08-1,2026-03-12,2026-03-12 14:24:00,-1,-0.00485326,lb=0.030771 ls=0.035624 thr=0.0042742
C-F08-1,2026-03-12,2026-03-12 14:46:00,-1,-0.00476794,lb=0.030262 ls=0.035029 thr=0.0042742
C-F08-1,2026-03-12,2026-03-12 15:03:00,-1,-0.00511265,lb=0.027854 ls=0.032967 thr=0.0042742
C-F08-1,2026-03-12,2026-03-12 15:39:00,1,0.00488238,lb=0.035772 ls=0.03089 thr=0.0042742
C-F08-1,2026-03-13,2026-03-13 11:17:00,1,0.00427815,lb=0.022881 ls=0.018603 thr=0.0042159
C-F08-1,2026-03-13,2026-03-13 12:32:00,1,0.00468199,lb=0.029084 ls=0.024402 thr=0.0042159
C-F08-1,2026-03-13,2026-03-13 12:52:00,1,0.00845662,lb=0.037696 ls=0.029239 thr=0.0042159
C-F08-1,2026-03-13,2026-03-13 13:08:00,1,0.00895992,lb=0.038031 ls=0.029071 thr=0.0042159
C-F08-1,2026-03-13,2026-03-13 13:24:00,1,0.00747539,lb=0.039547 ls=0.032071 thr=0.0042159
C-F08-1,2026-03-13,2026-03-13 13:40:00,1,0.0101627,lb=0.040275 ls=0.030112 thr=0.0042159
C-F08-1,2026-03-13,2026-03-13 13:56:00,1,0.0103151,lb=0.038768 ls=0.028453 thr=0.0042159
C-F08-1,2026-03-13,2026-03-13 14:12:00,1,0.0100731,lb=0.034586 ls=0.024513 thr=0.0042159
C-F08-1,2026-03-13,2026-03-13 14:32:00,1,0.00460888,lb=0.025036 ls=0.020427 thr=0.0042159
C-F08-1,2026-03-13,2026-03-13 14:48:00,1,0.00910231,lb=0.025759 ls=0.016657 thr=0.0042159
C-F08-1,2026-03-13,2026-03-13 15:04:00,1,0.00512472,lb=0.024132 ls=0.019008 thr=0.0042159
C-F08-1,2026-03-13,2026-03-13 15:36:00,-1,-0.0042796,lb=0.017492 ls=0.021771 thr=0.0042159
C-F08-1,2026-03-16,2026-03-16 10:37:00,1,0.00465225,lb=0.03554 ls=0.030888 thr=0.0045727
C-F08-1,2026-03-16,2026-03-16 11:31:00,1,0.00498652,lb=0.040925 ls=0.035939 thr=0.0045727
C-F08-1,2026-03-16,2026-03-16 11:47:00,1,0.00779713,lb=0.042172 ls=0.034375 thr=0.0045727
C-F08-1,2026-03-16,2026-03-16 12:03:00,1,0.00732295,lb=0.045989 ls=0.038666 thr=0.0045727
C-F08-1,2026-03-16,2026-03-16 12:19:00,1,0.0156641,lb=0.053382 ls=0.037718 thr=0.0045727
C-F08-1,2026-03-16,2026-03-16 12:35:00,1,0.0107764,lb=0.052349 ls=0.041572 thr=0.0045727
C-F08-1,2026-03-16,2026-03-16 12:51:00,1,0.0175964,lb=0.061985 ls=0.044388 thr=0.0045727
C-F08-1,2026-03-16,2026-03-16 13:07:00,1,0.013146,lb=0.05612 ls=0.042974 thr=0.0045727
C-F08-1,2026-03-16,2026-03-16 13:23:00,1,0.0154607,lb=0.059009 ls=0.043548 thr=0.0045727
C-F08-1,2026-03-16,2026-03-16 13:39:00,1,0.0153677,lb=0.05377 ls=0.038402 thr=0.0045727
C-F08-1,2026-03-16,2026-03-16 13:55:00,1,0.00941467,lb=0.050533 ls=0.041118 thr=0.0045727
C-F08-1,2026-03-16,2026-03-16 14:31:00,1,0.00726928,lb=0.043913 ls=0.036644 thr=0.0045727
C-F08-1,2026-03-16,2026-03-16 14:47:00,1,0.0128059,lb=0.041816 ls=0.02901 thr=0.0045727
C-F08-1,2026-03-16,2026-03-16 15:03:00,1,0.00565916,lb=0.032341 ls=0.026682 thr=0.0045727
C-F08-1,2026-03-16,2026-03-16 15:20:00,-1,-0.00491303,lb=0.032824 ls=0.037737 thr=0.0045727
C-F08-1,2026-03-16,2026-03-16 15:36:00,-1,-0.0100976,lb=0.032609 ls=0.042706 thr=0.0045727
C-F08-1,2026-03-17,2026-03-17 13:22:00,1,0.00503466,lb=0.026863 ls=0.021829 thr=0.0047806
C-F08-1,2026-03-17,2026-03-17 13:49:00,1,0.00528646,lb=0.026719 ls=0.021433 thr=0.0047806
C-F08-1,2026-03-18,2026-03-18 10:48:00,-1,-0.00474831,lb=0.017624 ls=0.022372 thr=0.0046259
C-F08-1,2026-03-18,2026-03-18 11:04:00,-1,-0.00622207,lb=0.015975 ls=0.022197 thr=0.0046259
C-F08-1,2026-03-18,2026-03-18 11:21:00,-1,-0.00464144,lb=0.017628 ls=0.022269 thr=0.0046259
C-F08-1,2026-03-18,2026-03-18 12:01:00,1,0.00588889,lb=0.030119 ls=0.02423 thr=0.0046259
C-F08-1,2026-03-18,2026-03-18 12:17:00,1,0.00464484,lb=0.030935 ls=0.02629 thr=0.0046259
C-F08-1,2026-03-18,2026-03-18 12:33:00,1,0.00564746,lb=0.033203 ls=0.027556 thr=0.0046259
C-F08-1,2026-03-18,2026-03-18 13:40:00,1,0.00497148,lb=0.028021 ls=0.023049 thr=0.0046259
C-F08-1,2026-03-18,2026-03-18 13:58:00,1,0.00470097,lb=0.031548 ls=0.026847 thr=0.0046259
C-F08-1,2026-03-18,2026-03-18 14:17:00,-1,-0.0060941,lb=0.03344 ls=0.039534 thr=0.0046259
C-F08-1,2026-03-18,2026-03-18 14:33:00,-1,-0.0099984,lb=0.030306 ls=0.040304 thr=0.0046259
C-F08-1,2026-03-18,2026-03-18 14:49:00,-1,-0.00757225,lb=0.035042 ls=0.042614 thr=0.0046259
C-F08-1,2026-03-18,2026-03-18 15:05:00,-1,-0.0105118,lb=0.024951 ls=0.035463 thr=0.0046259
C-F08-1,2026-03-18,2026-03-18 15:21:00,-1,-0.00816214,lb=0.025298 ls=0.03346 thr=0.0046259
C-F08-1,2026-03-18,2026-03-18 15:37:00,-1,-0.0103779,lb=0.020403 ls=0.030781 thr=0.0046259
C-F08-1,2026-03-19,2026-03-19 10:32:00,1,0.00764583,lb=0.025992 ls=0.018346 thr=0.0046808
C-F08-1,2026-03-19,2026-03-19 13:06:00,1,0.00516174,lb=0.039255 ls=0.034093 thr=0.0046808
C-F08-1,2026-03-19,2026-03-19 13:22:00,1,0.0082413,lb=0.038268 ls=0.030026 thr=0.0046808
C-F08-1,2026-03-19,2026-03-19 13:38:00,1,0.00612721,lb=0.032964 ls=0.026837 thr=0.0046808
C-F08-1,2026-03-19,2026-03-19 13:58:00,1,0.00498613,lb=0.02985 ls=0.024864 thr=0.0046808
C-F08-1,2026-03-19,2026-03-19 14:14:00,1,0.0055685,lb=0.030259 ls=0.02469 thr=0.0046808
C-F08-1,2026-03-19,2026-03-19 15:10:00,1,0.00570585,lb=0.036083 ls=0.030377 thr=0.0046808
C-F08-1,2026-03-19,2026-03-19 15:30:00,1,0.00504583,lb=0.035714 ls=0.030668 thr=0.0046808
C-F08-1,2026-03-20,2026-03-20 13:10:00,1,0.00521774,lb=0.031154 ls=0.025936 thr=0.0048592
C-F08-1,2026-03-20,2026-03-20 13:33:00,1,0.00558955,lb=0.030972 ls=0.025383 thr=0.0048592
C-F08-1,2026-03-20,2026-03-20 13:49:00,1,0.00616468,lb=0.028975 ls=0.02281 thr=0.0048592
C-F08-1,2026-03-20,2026-03-20 14:05:00,1,0.00542257,lb=0.028919 ls=0.023496 thr=0.0048592
C-F08-1,2026-03-20,2026-03-20 14:41:00,-1,-0.00516862,lb=0.016357 ls=0.021526 thr=0.0048592
C-F08-1,2026-03-20,2026-03-20 14:57:00,-1,-0.00756192,lb=0.016089 ls=0.023651 thr=0.0048592
C-F08-1,2026-03-20,2026-03-20 15:13:00,-1,-0.00634269,lb=0.015368 ls=0.021711 thr=0.0048592
C-F08-1,2026-03-20,2026-03-20 15:29:00,-1,-0.00659195,lb=0.015737 ls=0.022329 thr=0.0048592
C-F08-1,2026-03-23,2026-03-23 12:03:00,-1,-0.00528605,lb=0.022494 ls=0.02778 thr=0.005062
C-F08-1,2026-03-23,2026-03-23 12:19:00,-1,-0.00585749,lb=0.024373 ls=0.030231 thr=0.005062
C-F08-1,2026-03-23,2026-03-23 12:35:00,-1,-0.00857041,lb=0.023571 ls=0.032141 thr=0.005062
C-F08-1,2026-03-23,2026-03-23 12:51:00,-1,-0.00612568,lb=0.028678 ls=0.034804 thr=0.005062
C-F08-1,2026-03-23,2026-03-23 13:07:00,-1,-0.00848182,lb=0.026247 ls=0.034729 thr=0.005062
C-F08-1,2026-03-23,2026-03-23 13:23:00,-1,-0.00703282,lb=0.027903 ls=0.034936 thr=0.005062
C-F08-1,2026-03-23,2026-03-23 13:54:00,-1,-0.00506982,lb=0.028817 ls=0.033887 thr=0.005062
C-F08-1,2026-03-23,2026-03-23 14:23:00,1,0.00517272,lb=0.031907 ls=0.026734 thr=0.005062
C-F08-1,2026-03-23,2026-03-23 14:43:00,1,0.00539711,lb=0.030539 ls=0.025142 thr=0.005062
C-F08-1,2026-03-23,2026-03-23 14:59:00,1,0.00506424,lb=0.030758 ls=0.025694 thr=0.005062
C-F08-1,2026-03-23,2026-03-23 15:15:00,1,0.00975964,lb=0.031528 ls=0.021768 thr=0.005062
C-F08-1,2026-03-23,2026-03-23 15:31:00,1,0.00669245,lb=0.027161 ls=0.020468 thr=0.005062
C-F08-1,2026-03-24,2026-03-24 11:48:00,1,0.00548565,lb=0.029798 ls=0.024313 thr=0.0054019
C-F08-1,2026-03-24,2026-03-24 12:47:00,1,0.00602267,lb=0.028504 ls=0.022482 thr=0.0054019
C-F08-1,2026-03-24,2026-03-24 13:51:00,-1,-0.0058923,lb=0.025967 ls=0.031859 thr=0.0054019
C-F08-1,2026-03-24,2026-03-24 14:57:00,-1,-0.00615121,lb=0.024778 ls=0.03093 thr=0.0054019
C-F08-1,2026-03-24,2026-03-24 15:39:00,-1,-0.00594654,lb=0.016877 ls=0.022823 thr=0.0054019
C-F08-1,2026-03-25,2026-03-25 12:46:00,1,0.00552824,lb=0.020946 ls=0.015418 thr=0.0052869
C-F08-1,2026-03-25,2026-03-25 13:02:00,1,0.00762547,lb=0.024148 ls=0.016523 thr=0.0052869
C-F08-1,2026-03-25,2026-03-25 13:18:00,1,0.00699515,lb=0.025484 ls=0.018488 thr=0.0052869
C-F08-1,2026-03-25,2026-03-25 13:54:00,-1,-0.00597533,lb=0.018677 ls=0.024652 thr=0.0052869
C-F08-1,2026-03-25,2026-03-25 14:10:00,-1,-0.00691288,lb=0.018645 ls=0.025558 thr=0.0052869
C-F08-1,2026-03-25,2026-03-25 14:26:00,-1,-0.00804897,lb=0.02047 ls=0.028519 thr=0.0052869
C-F08-1,2026-03-25,2026-03-25 14:42:00,-1,-0.00765221,lb=0.018449 ls=0.026102 thr=0.0052869
C-F08-1,2026-03-25,2026-03-25 14:58:00,-1,-0.00612976,lb=0.017594 ls=0.023724 thr=0.0052869
C-F08-1,2026-03-26,2026-03-26 12:02:00,-1,-0.00605566,lb=0.015169 ls=0.021224 thr=0.0054582
C-F08-1,2026-03-26,2026-03-26 14:22:00,-1,-0.00552825,lb=0.011312 ls=0.01684 thr=0.0054582
C-F08-1,2026-03-26,2026-03-26 14:39:00,-1,-0.00605718,lb=0.010193 ls=0.01625 thr=0.0054582
C-F08-1,2026-03-26,2026-03-26 15:02:00,-1,-0.0056576,lb=0.015945 ls=0.021603 thr=0.0054582
C-F08-1,2026-03-27,2026-03-27 12:30:00,-1,-0.00579499,lb=0.015139 ls=0.020934 thr=0.0051723
C-F08-1,2026-03-27,2026-03-27 12:46:00,-1,-0.00563786,lb=0.013188 ls=0.018826 thr=0.0051723
C-F08-1,2026-03-27,2026-03-27 13:02:00,-1,-0.00692498,lb=0.014026 ls=0.020951 thr=0.0051723
C-F08-1,2026-03-27,2026-03-27 13:18:00,-1,-0.00588611,lb=0.01429 ls=0.020176 thr=0.0051723
C-F08-1,2026-03-27,2026-03-27 13:51:00,-1,-0.00571006,lb=0.010597 ls=0.016307 thr=0.0051723
C-F08-1,2026-03-27,2026-03-27 14:07:00,-1,-0.0107965,lb=0.0039357 ls=0.014732 thr=0.0051723
C-F08-1,2026-03-30,2026-03-30 12:36:00,-1,-0.0056438,lb=0.015511 ls=0.021155 thr=0.0052285
C-F08-1,2026-03-30,2026-03-30 12:52:00,-1,-0.0075221,lb=0.012964 ls=0.020486 thr=0.0052285
C-F08-1,2026-03-30,2026-03-30 13:13:00,-1,-0.00528803,lb=0.014334 ls=0.019622 thr=0.0052285
C-F08-1,2026-03-30,2026-03-30 13:40:00,-1,-0.00524381,lb=0.013176 ls=0.01842 thr=0.0052285
C-F08-1,2026-03-30,2026-03-30 14:11:00,-1,-0.0055662,lb=0.014892 ls=0.020458 thr=0.0052285
C-F08-1,2026-03-30,2026-03-30 14:27:00,-1,-0.00541284,lb=0.018377 ls=0.02379 thr=0.0052285
C-F08-1,2026-03-30,2026-03-30 14:43:00,-1,-0.00638903,lb=0.017622 ls=0.024011 thr=0.0052285
C-F08-1,2026-03-30,2026-03-30 14:59:00,-1,-0.0088624,lb=0.014101 ls=0.022963 thr=0.0052285
C-F08-1,2026-03-30,2026-03-30 15:15:00,-1,-0.0112972,lb=0.010017 ls=0.021314 thr=0.0052285
C-F08-1,2026-03-30,2026-03-30 15:31:00,-1,-0.00745265,lb=0.011924 ls=0.019376 thr=0.0052285
C-F08-1,2026-03-31,2026-03-31 12:44:00,1,0.0062443,lb=0.025307 ls=0.019063 thr=0.005321
C-F08-1,2026-03-31,2026-03-31 13:34:00,-1,-0.00573605,lb=0.033448 ls=0.039184 thr=0.005321
C-F08-1,2026-03-31,2026-03-31 13:53:00,1,0.00597508,lb=0.040043 ls=0.034068 thr=0.005321
C-F08-1,2026-03-31,2026-03-31 14:09:00,1,0.00718219,lb=0.037366 ls=0.030183 thr=0.005321
C-F08-1,2026-04-01,2026-04-01 14:39:00,-1,-0.00631143,lb=0.0090108 ls=0.015322 thr=0.0051747
C-F08-1,2026-04-02,2026-04-02 10:33:00,1,0.00534005,lb=0.01989 ls=0.01455 thr=0.0047747
C-F08-1,2026-04-02,2026-04-02 11:34:00,1,0.00571081,lb=0.041089 ls=0.035378 thr=0.0047747
C-F08-1,2026-04-02,2026-04-02 13:35:00,1,0.00519425,lb=0.03196 ls=0.026766 thr=0.0047747
C-F08-1,2026-04-02,2026-04-02 14:00:00,1,0.00486199,lb=0.026624 ls=0.021762 thr=0.0047747
C-F08-1,2026-04-06,2026-04-06 11:04:00,1,0.0049943,lb=0.024154 ls=0.019159 thr=0.004944
C-F08-1,2026-04-06,2026-04-06 11:20:00,1,0.00539907,lb=0.025462 ls=0.020063 thr=0.004944
C-F08-1,2026-04-06,2026-04-06 11:36:00,1,0.00643519,lb=0.025245 ls=0.01881 thr=0.004944
C-F08-1,2026-04-06,2026-04-06 12:07:00,1,0.00510938,lb=0.021974 ls=0.016865 thr=0.004944
C-F08-1,2026-04-06,2026-04-06 12:56:00,1,0.00575188,lb=0.020213 ls=0.014462 thr=0.004944
C-F08-1,2026-04-06,2026-04-06 13:22:00,1,0.00561078,lb=0.02374 ls=0.01813 thr=0.004944
C-F08-1,2026-04-06,2026-04-06 13:38:00,1,0.00714026,lb=0.023241 ls=0.016101 thr=0.004944
C-F08-1,2026-04-06,2026-04-06 13:54:00,1,0.00498953,lb=0.022026 ls=0.017037 thr=0.004944
C-F08-1,2026-04-06,2026-04-06 14:14:00,1,0.00565175,lb=0.022323 ls=0.016672 thr=0.004944
C-F08-1,2026-04-06,2026-04-06 14:58:00,1,0.00541704,lb=0.022672 ls=0.017255 thr=0.004944
C-F08-1,2026-04-06,2026-04-06 15:27:00,1,0.00610894,lb=0.018756 ls=0.012647 thr=0.004944
C-F08-1,2026-04-07,2026-04-07 11:01:00,-1,-0.00485614,lb=0.014021 ls=0.018877 thr=0.0048427
C-F08-1,2026-04-07,2026-04-07 11:26:00,-1,-0.00525369,lb=0.014327 ls=0.019581 thr=0.0048427
C-F08-1,2026-04-07,2026-04-07 12:40:00,-1,-0.00540001,lb=0.019117 ls=0.024517 thr=0.0048427
C-F08-1,2026-04-07,2026-04-07 13:03:00,-1,-0.00581638,lb=0.017707 ls=0.023523 thr=0.0048427
C-F08-1,2026-04-07,2026-04-07 13:19:00,-1,-0.00514642,lb=0.020036 ls=0.025182 thr=0.0048427
C-F08-1,2026-04-07,2026-04-07 13:47:00,-1,-0.00509366,lb=0.017723 ls=0.022817 thr=0.0048427
C-F08-1,2026-04-07,2026-04-07 14:57:00,-1,-0.00514008,lb=0.020727 ls=0.025867 thr=0.0048427
C-F08-1,2026-04-07,2026-04-07 15:13:00,-1,-0.00862185,lb=0.018385 ls=0.027007 thr=0.0048427
C-F08-1,2026-04-07,2026-04-07 15:31:00,-1,-0.00510004,lb=0.025895 ls=0.030995 thr=0.0048427
C-F08-1,2026-04-08,2026-04-08 12:18:00,1,0.004826,lb=0.014688 ls=0.0098617 thr=0.004805
C-F08-1,2026-04-08,2026-04-08 12:34:00,1,0.00489562,lb=0.013625 ls=0.0087298 thr=0.004805
C-F08-1,2026-04-08,2026-04-08 14:45:00,1,0.00486845,lb=0.021083 ls=0.016215 thr=0.004805
C-F08-1,2026-04-08,2026-04-08 15:22:00,-1,-0.00563792,lb=0.016975 ls=0.022613 thr=0.004805
C-F08-1,2026-04-08,2026-04-08 15:38:00,-1,-0.00699031,lb=0.0139 ls=0.02089 thr=0.004805
C-F08-1,2026-04-09,2026-04-09 11:56:00,1,0.0048815,lb=0.013394 ls=0.0085122 thr=0.0045138
C-F08-1,2026-04-09,2026-04-09 12:14:00,1,0.00452245,lb=0.016251 ls=0.011728 thr=0.0045138
C-F08-1,2026-04-09,2026-04-09 15:24:00,1,0.00535194,lb=0.01548 ls=0.010128 thr=0.0045138
C-F08-1,2026-04-09,2026-04-09 15:40:00,1,0.00503819,lb=0.014885 ls=0.0098469 thr=0.0045138
C-F08-1,2026-04-13,2026-04-13 10:32:00,1,0.00446287,lb=0.017071 ls=0.012609 thr=0.0042663
C-F08-1,2026-04-13,2026-04-13 10:48:00,1,0.00632647,lb=0.017847 ls=0.011521 thr=0.0042663
C-F08-1,2026-04-13,2026-04-13 13:37:00,1,0.00451877,lb=0.018883 ls=0.014364 thr=0.0042663
C-F08-1,2026-04-13,2026-04-13 13:53:00,1,0.00545393,lb=0.019316 ls=0.013862 thr=0.0042663
C-F08-1,2026-04-14,2026-04-14 12:28:00,1,0.00428444,lb=0.010221 ls=0.0059365 thr=0.0041108
C-F08-1,2026-04-14,2026-04-14 12:44:00,1,0.00518765,lb=0.010827 ls=0.0056397 thr=0.0041108
C-F08-1,2026-04-14,2026-04-14 13:18:00,1,0.00444894,lb=0.011539 ls=0.0070899 thr=0.0041108
C-F08-1,2026-04-15,2026-04-15 11:03:00,1,0.00421495,lb=0.013169 ls=0.0089539 thr=0.0040296
C-F08-1,2026-04-15,2026-04-15 11:19:00,1,0.00460964,lb=0.013505 ls=0.0088957 thr=0.0040296
C-F08-1,2026-04-15,2026-04-15 13:57:00,1,0.00409737,lb=0.015094 ls=0.010996 thr=0.0040296
C-F08-1,2026-04-15,2026-04-15 15:00:00,1,0.00438379,lb=0.013592 ls=0.0092083 thr=0.0040296
C-F08-1,2026-04-15,2026-04-15 15:16:00,1,0.00422311,lb=0.013152 ls=0.0089286 thr=0.0040296
C-F08-1,2026-04-15,2026-04-15 15:32:00,1,0.00579625,lb=0.01372 ls=0.007924 thr=0.0040296
C-F08-1,2026-04-16,2026-04-16 12:30:00,1,0.00407073,lb=0.012572 ls=0.0085014 thr=0.003896
C-F08-1,2026-04-16,2026-04-16 12:46:00,1,0.00492584,lb=0.014998 ls=0.010072 thr=0.003896
C-F08-1,2026-04-16,2026-04-16 15:26:00,1,0.00420886,lb=0.013783 ls=0.0095739 thr=0.003896
C-F08-1,2026-04-17,2026-04-17 10:32:00,1,0.00671294,lb=0.017425 ls=0.010712 thr=0.0037588
C-F08-1,2026-04-17,2026-04-17 10:48:00,1,0.00711003,lb=0.014588 ls=0.0074778 thr=0.0037588
C-F08-1,2026-04-17,2026-04-17 11:04:00,1,0.00584329,lb=0.01461 ls=0.0087668 thr=0.0037588
C-F08-1,2026-04-17,2026-04-17 11:20:00,1,0.00434451,lb=0.014895 ls=0.010551 thr=0.0037588
C-F08-1,2026-04-17,2026-04-17 11:41:00,1,0.00429708,lb=0.017487 ls=0.01319 thr=0.0037588
C-F08-1,2026-04-17,2026-04-17 12:33:00,1,0.00426651,lb=0.018467 ls=0.0142 thr=0.0037588
C-F08-1,2026-04-17,2026-04-17 13:38:00,1,0.00381883,lb=0.019039 ls=0.015221 thr=0.0037588
C-F08-1,2026-04-17,2026-04-17 13:54:00,1,0.00630911,lb=0.02198 ls=0.015671 thr=0.0037588
C-F08-1,2026-04-17,2026-04-17 14:10:00,1,0.00607131,lb=0.021958 ls=0.015887 thr=0.0037588
C-F08-1,2026-04-17,2026-04-17 14:26:00,1,0.00452966,lb=0.01924 ls=0.014711 thr=0.0037588
C-F08-1,2026-04-17,2026-04-17 14:42:00,1,0.00395085,lb=0.016665 ls=0.012714 thr=0.0037588
C-F08-1,2026-04-17,2026-04-17 15:21:00,1,0.00394254,lb=0.014076 ls=0.010134 thr=0.0037588
C-F08-1,2026-04-20,2026-04-20 10:56:00,1,0.00376173,lb=0.012654 ls=0.0088923 thr=0.003748
C-F08-1,2026-04-20,2026-04-20 14:53:00,1,0.00377276,lb=0.013843 ls=0.01007 thr=0.003748
C-F08-1,2026-04-20,2026-04-20 15:28:00,1,0.00452674,lb=0.016118 ls=0.011591 thr=0.003748
C-F08-1,2026-04-21,2026-04-21 11:18:00,1,0.00380991,lb=0.01314 ls=0.00933 thr=0.0035409
C-F08-1,2026-04-21,2026-04-21 11:44:00,1,0.00382724,lb=0.01449 ls=0.010663 thr=0.0035409
C-F08-1,2026-04-21,2026-04-21 12:04:00,1,0.00366959,lb=0.014441 ls=0.010771 thr=0.0035409
C-F08-1,2026-04-21,2026-04-21 13:08:00,1,0.00371804,lb=0.016181 ls=0.012463 thr=0.0035409
C-F08-1,2026-04-21,2026-04-21 13:34:00,1,0.00364932,lb=0.018787 ls=0.015138 thr=0.0035409
C-F08-1,2026-04-21,2026-04-21 13:53:00,1,0.00367595,lb=0.01905 ls=0.015374 thr=0.0035409
C-F08-1,2026-04-21,2026-04-21 14:58:00,-1,-0.00398655,lb=0.013392 ls=0.017379 thr=0.0035409
C-F08-1,2026-04-21,2026-04-21 15:25:00,1,0.00399066,lb=0.019575 ls=0.015585 thr=0.0035409
C-F08-1,2026-04-22,2026-04-22 13:37:00,1,0.00357291,lb=0.012382 ls=0.0088089 thr=0.0034957
C-F08-1,2026-04-22,2026-04-22 15:16:00,1,0.00388374,lb=0.014339 ls=0.010455 thr=0.0034957
C-F08-1,2026-04-22,2026-04-22 15:32:00,1,0.0046011,lb=0.013932 ls=0.009331 thr=0.0034957
C-F08-1,2026-04-23,2026-04-23 10:32:00,1,0.00361085,lb=0.016323 ls=0.012712 thr=0.0032668
C-F08-1,2026-04-23,2026-04-23 12:58:00,1,0.00328424,lb=0.015989 ls=0.012705 thr=0.0032668
C-F08-1,2026-04-23,2026-04-23 13:22:00,-1,-0.00336467,lb=0.01256 ls=0.015925 thr=0.0032668
C-F08-1,2026-04-23,2026-04-23 13:38:00,-1,-0.00358312,lb=0.013055 ls=0.016638 thr=0.0032668
C-F08-1,2026-04-23,2026-04-23 13:54:00,-1,-0.00749146,lb=0.011668 ls=0.019159 thr=0.0032668
C-F08-1,2026-04-23,2026-04-23 14:47:00,1,0.00673381,lb=0.024145 ls=0.017411 thr=0.0032668
C-F08-1,2026-04-23,2026-04-23 15:03:00,-1,-0.0043567,lb=0.019944 ls=0.0243 thr=0.0032668
C-F08-1,2026-04-23,2026-04-23 15:34:00,-1,-0.00332888,lb=0.020648 ls=0.023976 thr=0.0032668
C-F08-1,2026-04-24,2026-04-24 10:32:00,1,0.00423008,lb=0.01967 ls=0.01544 thr=0.0032558
C-F08-1,2026-04-24,2026-04-24 12:46:00,1,0.00452859,lb=0.020429 ls=0.015901 thr=0.0032558
C-F08-1,2026-04-24,2026-04-24 13:33:00,1,0.00335108,lb=0.015035 ls=0.011684 thr=0.0032558
C-F08-1,2026-04-24,2026-04-24 14:51:00,-1,-0.00378258,lb=0.012788 ls=0.01657 thr=0.0032558
C-F08-1,2026-04-24,2026-04-24 15:07:00,-1,-0.00374809,lb=0.01353 ls=0.017279 thr=0.0032558
C-F08-1,2026-04-27,2026-04-27 10:32:00,1,0.00488807,lb=0.016953 ls=0.012065 thr=0.0032204
C-F08-1,2026-04-27,2026-04-27 12:50:00,1,0.00324375,lb=0.011394 ls=0.0081503 thr=0.0032204
C-F08-1,2026-04-27,2026-04-27 14:48:00,1,0.00355251,lb=0.012585 ls=0.0090329 thr=0.0032204
C-F08-1,2026-04-28,2026-04-28 10:32:00,1,0.00596338,lb=0.016954 ls=0.010991 thr=0.0031325
C-F08-1,2026-04-28,2026-04-28 12:44:00,1,0.00323192,lb=0.016207 ls=0.012975 thr=0.0031325
C-F08-1,2026-04-28,2026-04-28 14:04:00,1,0.00318927,lb=0.015899 ls=0.01271 thr=0.0031325
C-F08-1,2026-04-28,2026-04-28 14:21:00,1,0.00315327,lb=0.013184 ls=0.010031 thr=0.0031325
C-F08-1,2026-04-29,2026-04-29 10:43:00,-1,-0.0030853,lb=0.011987 ls=0.015072 thr=0.003063
C-F08-1,2026-04-29,2026-04-29 11:00:00,-1,-0.00366041,lb=0.011825 ls=0.015485 thr=0.003063
C-F08-1,2026-04-29,2026-04-29 11:16:00,-1,-0.0039511,lb=0.0098425 ls=0.013794 thr=0.003063
C-F08-1,2026-04-29,2026-04-29 13:06:00,1,0.00362218,lb=0.022785 ls=0.019163 thr=0.003063
C-F08-1,2026-04-29,2026-04-29 13:25:00,1,0.00347041,lb=0.021466 ls=0.017996 thr=0.003063
C-F08-1,2026-04-29,2026-04-29 13:50:00,-1,-0.00355501,lb=0.020462 ls=0.024017 thr=0.003063
C-F08-1,2026-04-29,2026-04-29 14:06:00,-1,-0.0109907,lb=0.017046 ls=0.028037 thr=0.003063
C-F08-1,2026-04-29,2026-04-29 14:22:00,-1,-0.00464558,lb=0.020468 ls=0.025114 thr=0.003063
C-F08-1,2026-04-29,2026-04-29 14:38:00,-1,-0.00468329,lb=0.020993 ls=0.025676 thr=0.003063
C-F08-1,2026-04-29,2026-04-29 15:10:00,1,0.00374124,lb=0.026353 ls=0.022612 thr=0.003063
C-F08-1,2026-04-29,2026-04-29 15:28:00,1,0.00311916,lb=0.022705 ls=0.019586 thr=0.003063
C-F08-1,2026-04-29,2026-04-29 15:44:00,1,0.00334243,lb=0.023005 ls=0.019663 thr=0.003063
C-F08-1,2026-04-30,2026-04-30 11:24:00,1,0.00324907,lb=0.019427 ls=0.016178 thr=0.0029837
C-F08-1,2026-04-30,2026-04-30 11:40:00,1,0.00662869,lb=0.019759 ls=0.01313 thr=0.0029837
C-F08-1,2026-04-30,2026-04-30 12:40:00,1,0.00318438,lb=0.016882 ls=0.013698 thr=0.0029837
C-F08-1,2026-04-30,2026-04-30 12:56:00,1,0.00367981,lb=0.018939 ls=0.015259 thr=0.0029837
C-F08-1,2026-04-30,2026-04-30 13:13:00,1,0.00319267,lb=0.019641 ls=0.016448 thr=0.0029837
C-F08-1,2026-04-30,2026-04-30 13:29:00,1,0.00548314,lb=0.019664 ls=0.014181 thr=0.0029837
C-F08-1,2026-04-30,2026-04-30 13:45:00,1,0.00519095,lb=0.019458 ls=0.014267 thr=0.0029837
C-F08-1,2026-04-30,2026-04-30 14:01:00,1,0.00644579,lb=0.017662 ls=0.011216 thr=0.0029837
C-F08-1,2026-04-30,2026-04-30 14:17:00,1,0.00697685,lb=0.015414 ls=0.0084368 thr=0.0029837
C-F08-1,2026-04-30,2026-04-30 14:33:00,1,0.00570793,lb=0.013715 ls=0.008007 thr=0.0029837
C-F08-1,2026-04-30,2026-04-30 14:49:00,1,0.00366068,lb=0.012994 ls=0.0093331 thr=0.0029837
C-F08-1,2026-05-01,2026-05-01 10:32:00,1,0.00351491,lb=0.017029 ls=0.013514 thr=0.0029842
C-F08-1,2026-05-01,2026-05-01 11:34:00,1,0.00328461,lb=0.014134 ls=0.010849 thr=0.0029842
C-F08-1,2026-05-01,2026-05-01 11:50:00,1,0.00394764,lb=0.01376 ls=0.0098127 thr=0.0029842
C-F08-1,2026-05-01,2026-05-01 12:06:00,1,0.00436793,lb=0.014802 ls=0.010434 thr=0.0029842
C-F08-1,2026-05-01,2026-05-01 12:55:00,-1,-0.00352485,lb=0.017636 ls=0.021161 thr=0.0029842
C-F08-1,2026-05-01,2026-05-01 13:11:00,-1,-0.00348337,lb=0.018869 ls=0.022352 thr=0.0029842
C-F08-1,2026-05-01,2026-05-01 13:27:00,-1,-0.00385911,lb=0.018787 ls=0.022646 thr=0.0029842
C-F08-1,2026-05-01,2026-05-01 13:43:00,1,0.00512496,lb=0.018281 ls=0.013156 thr=0.0029842
C-F08-1,2026-05-01,2026-05-01 13:59:00,1,0.00464431,lb=0.014263 ls=0.0096188 thr=0.0029842
C-F08-1,2026-05-01,2026-05-01 14:37:00,-1,-0.00323057,lb=0.011999 ls=0.01523 thr=0.0029842
C-F08-1,2026-05-01,2026-05-01 14:53:00,-1,-0.00450129,lb=0.010694 ls=0.015195 thr=0.0029842
C-F08-1,2026-05-01,2026-05-01 15:09:00,-1,-0.00497548,lb=0.013113 ls=0.018088 thr=0.0029842
C-F08-1,2026-05-01,2026-05-01 15:38:00,1,0.00300307,lb=0.015205 ls=0.012202 thr=0.0029842
C-F08-1,2026-05-04,2026-05-04 11:23:00,-1,-0.00307161,lb=0.010166 ls=0.013237 thr=0.0029784
C-F08-1,2026-05-04,2026-05-04 12:40:00,1,0.00312019,lb=0.020944 ls=0.017823 thr=0.0029784
C-F08-1,2026-05-04,2026-05-04 12:56:00,1,0.00728177,lb=0.02387 ls=0.016588 thr=0.0029784
C-F08-1,2026-05-04,2026-05-04 13:12:00,1,0.00608884,lb=0.022295 ls=0.016206 thr=0.0029784
C-F08-1,2026-05-04,2026-05-04 13:28:00,1,0.00508975,lb=0.020005 ls=0.014915 thr=0.0029784
C-F08-1,2026-05-04,2026-05-04 13:44:00,1,0.00452469,lb=0.019243 ls=0.014718 thr=0.0029784
C-F08-1,2026-05-04,2026-05-04 14:00:00,1,0.00406498,lb=0.018421 ls=0.014356 thr=0.0029784
C-F08-1,2026-05-04,2026-05-04 14:16:00,1,0.00489859,lb=0.020205 ls=0.015307 thr=0.0029784
C-F08-1,2026-05-04,2026-05-04 14:32:00,1,0.00560006,lb=0.021803 ls=0.016203 thr=0.0029784
C-F08-1,2026-05-04,2026-05-04 14:48:00,1,0.0030857,lb=0.017977 ls=0.014891 thr=0.0029784
C-F08-1,2026-05-05,2026-05-05 11:39:00,1,0.00321685,lb=0.01334 ls=0.010123 thr=0.0031296
C-F08-1,2026-05-05,2026-05-05 12:00:00,1,0.00333797,lb=0.014043 ls=0.010705 thr=0.0031296
C-F08-1,2026-05-05,2026-05-05 13:16:00,1,0.00322808,lb=0.016905 ls=0.013677 thr=0.0031296
C-F08-1,2026-05-05,2026-05-05 15:23:00,1,0.00314028,lb=0.013317 ls=0.010177 thr=0.0031296
C-F08-1,2026-05-06,2026-05-06 10:33:00,1,0.00309414,lb=0.0225 ls=0.019406 thr=0.0030566
C-F08-1,2026-05-06,2026-05-06 10:49:00,1,0.00333005,lb=0.020585 ls=0.017255 thr=0.0030566
C-F08-1,2026-05-06,2026-05-06 11:30:00,1,0.0056904,lb=0.01517 ls=0.0094797 thr=0.0030566
C-F08-1,2026-05-06,2026-05-06 11:46:00,1,0.00326863,lb=0.013812 ls=0.010543 thr=0.0030566
C-F08-1,2026-05-06,2026-05-06 12:02:00,1,0.00328601,lb=0.013185 ls=0.0098991 thr=0.0030566
C-F08-1,2026-05-06,2026-05-06 12:44:00,1,0.00311412,lb=0.013136 ls=0.010022 thr=0.0030566
C-F08-1,2026-05-06,2026-05-06 13:15:00,1,0.00333662,lb=0.015333 ls=0.011997 thr=0.0030566
C-F08-1,2026-05-07,2026-05-07 12:00:00,1,0.00337601,lb=0.016567 ls=0.013191 thr=0.0030357
C-F08-1,2026-05-07,2026-05-07 12:38:00,1,0.00316209,lb=0.020006 ls=0.016844 thr=0.0030357
C-F08-1,2026-05-07,2026-05-07 13:28:00,-1,-0.00314985,lb=0.018365 ls=0.021515 thr=0.0030357
C-F08-1,2026-05-07,2026-05-07 14:28:00,1,0.00406125,lb=0.02352 ls=0.019458 thr=0.0030357
C-F08-1,2026-05-08,2026-05-08 10:32:00,1,0.0038551,lb=0.017539 ls=0.013684 thr=0.0029534
C-F08-1,2026-05-08,2026-05-08 14:48:00,1,0.00346452,lb=0.018524 ls=0.015059 thr=0.0029534
C-F08-1,2026-05-08,2026-05-08 15:04:00,1,0.00707818,lb=0.021796 ls=0.014717 thr=0.0029534
C-F08-1,2026-05-08,2026-05-08 15:20:00,1,0.00635745,lb=0.017837 ls=0.011479 thr=0.0029534
C-F08-1,2026-05-11,2026-05-11 10:33:00,1,0.00323939,lb=0.01982 ls=0.016581 thr=0.0028581
C-F08-1,2026-05-11,2026-05-11 10:49:00,1,0.00486319,lb=0.019094 ls=0.014231 thr=0.0028581
C-F08-1,2026-05-11,2026-05-11 11:05:00,1,0.00725086,lb=0.019146 ls=0.011895 thr=0.0028581
C-F08-1,2026-05-11,2026-05-11 11:21:00,1,0.00615383,lb=0.018007 ls=0.011854 thr=0.0028581
C-F08-1,2026-05-11,2026-05-11 11:37:00,1,0.00309977,lb=0.013565 ls=0.010465 thr=0.0028581
C-F08-1,2026-05-11,2026-05-11 12:07:00,1,0.00320304,lb=0.01376 ls=0.010557 thr=0.0028581
C-F08-1,2026-05-11,2026-05-11 12:32:00,1,0.0029431,lb=0.013088 ls=0.010145 thr=0.0028581
C-F08-1,2026-05-11,2026-05-11 12:50:00,1,0.00383714,lb=0.017219 ls=0.013382 thr=0.0028581
C-F08-1,2026-05-11,2026-05-11 13:06:00,1,0.00557499,lb=0.020846 ls=0.015271 thr=0.0028581
C-F08-1,2026-05-11,2026-05-11 13:22:00,1,0.00819157,lb=0.025235 ls=0.017044 thr=0.0028581
C-F08-1,2026-05-11,2026-05-11 13:38:00,1,0.00528795,lb=0.02283 ls=0.017542 thr=0.0028581
C-F08-1,2026-05-11,2026-05-11 14:03:00,1,0.00334531,lb=0.017843 ls=0.014498 thr=0.0028581
C-F08-1,2026-05-11,2026-05-11 14:19:00,1,0.00359957,lb=0.017124 ls=0.013524 thr=0.0028581
C-F08-1,2026-05-11,2026-05-11 14:35:00,1,0.00456991,lb=0.016788 ls=0.012218 thr=0.0028581
C-F08-1,2026-05-12,2026-05-12 11:04:00,-1,-0.00292166,lb=0.016108 ls=0.019029 thr=0.002842
C-F08-1,2026-05-12,2026-05-12 11:20:00,-1,-0.00524374,lb=0.015529 ls=0.020772 thr=0.002842
C-F08-1,2026-05-12,2026-05-12 11:36:00,-1,-0.00531359,lb=0.015772 ls=0.021086 thr=0.002842
C-F08-1,2026-05-12,2026-05-12 11:52:00,-1,-0.00429619,lb=0.015466 ls=0.019762 thr=0.002842
C-F08-1,2026-05-12,2026-05-12 12:08:00,-1,-0.00495304,lb=0.01601 ls=0.020963 thr=0.002842
C-F08-1,2026-05-12,2026-05-12 12:24:00,-1,-0.0039763,lb=0.018578 ls=0.022554 thr=0.002842
C-F08-1,2026-05-12,2026-05-12 12:42:00,-1,-0.00311231,lb=0.020088 ls=0.0232 thr=0.002842
C-F08-1,2026-05-12,2026-05-12 12:58:00,-1,-0.00665279,lb=0.0183 ls=0.024953 thr=0.002842
C-F08-1,2026-05-12,2026-05-12 13:44:00,1,0.00301146,lb=0.024613 ls=0.021601 thr=0.002842
C-F08-1,2026-05-12,2026-05-12 14:00:00,1,0.00472019,lb=0.026079 ls=0.021359 thr=0.002842
C-F08-1,2026-05-12,2026-05-12 14:36:00,1,0.00292474,lb=0.021448 ls=0.018523 thr=0.002842
C-F08-1,2026-05-12,2026-05-12 14:52:00,1,0.00340551,lb=0.022328 ls=0.018923 thr=0.002842
C-F08-1,2026-05-12,2026-05-12 15:17:00,1,0.00358211,lb=0.020093 ls=0.016511 thr=0.002842
C-F08-1,2026-05-12,2026-05-12 15:40:00,1,0.00339229,lb=0.020285 ls=0.016893 thr=0.002842
C-F08-1,2026-05-13,2026-05-13 10:41:00,1,0.0037472,lb=0.020903 ls=0.017156 thr=0.0029718
C-F08-1,2026-05-13,2026-05-13 10:57:00,1,0.00505092,lb=0.017282 ls=0.012231 thr=0.0029718
C-F08-1,2026-05-13,2026-05-13 11:13:00,1,0.00566189,lb=0.016926 ls=0.011264 thr=0.0029718
C-F08-1,2026-05-13,2026-05-13 11:38:00,1,0.00312032,lb=0.014483 ls=0.011363 thr=0.0029718
C-F08-1,2026-05-13,2026-05-13 11:58:00,1,0.00321211,lb=0.016742 ls=0.01353 thr=0.0029718
C-F08-1,2026-05-13,2026-05-13 12:33:00,1,0.00302683,lb=0.018968 ls=0.015941 thr=0.0029718
C-F08-1,2026-05-13,2026-05-13 13:56:00,1,0.00372865,lb=0.018269 ls=0.014541 thr=0.0029718
C-F08-1,2026-05-13,2026-05-13 14:21:00,1,0.00318796,lb=0.016545 ls=0.013357 thr=0.0029718
C-F08-1,2026-05-13,2026-05-13 14:37:00,1,0.00302361,lb=0.016925 ls=0.013902 thr=0.0029718
C-F08-1,2026-05-14,2026-05-14 10:32:00,1,0.0055198,lb=0.018122 ls=0.012602 thr=0.003023
C-F08-1,2026-05-14,2026-05-14 10:48:00,1,0.00351099,lb=0.016317 ls=0.012806 thr=0.003023
C-F08-1,2026-05-14,2026-05-14 11:11:00,1,0.00308923,lb=0.015042 ls=0.011953 thr=0.003023
C-F08-1,2026-05-14,2026-05-14 11:28:00,1,0.00340898,lb=0.014326 ls=0.010917 thr=0.003023
C-F08-1,2026-05-14,2026-05-14 11:53:00,1,0.00309762,lb=0.016737 ls=0.013639 thr=0.003023
C-F08-1,2026-05-14,2026-05-14 12:09:00,1,0.00320678,lb=0.015301 ls=0.012095 thr=0.003023
C-F08-1,2026-05-14,2026-05-14 13:40:00,1,0.00367848,lb=0.021391 ls=0.017712 thr=0.003023
C-F08-1,2026-05-14,2026-05-14 13:56:00,1,0.00391468,lb=0.020287 ls=0.016372 thr=0.003023
C-F08-1,2026-05-14,2026-05-14 14:12:00,1,0.00332457,lb=0.021325 ls=0.018 thr=0.003023
C-F08-1,2026-05-14,2026-05-14 14:48:00,1,0.0034277,lb=0.021645 ls=0.018217 thr=0.003023
C-F08-1,2026-05-14,2026-05-14 15:10:00,1,0.0031258,lb=0.02034 ls=0.017214 thr=0.003023
C-F08-1,2026-05-14,2026-05-14 15:26:00,1,0.00380419,lb=0.020551 ls=0.016747 thr=0.003023
C-F08-1,2026-05-14,2026-05-14 15:42:00,1,0.00376055,lb=0.019915 ls=0.016154 thr=0.003023
C-F08-1,2026-05-15,2026-05-15 10:44:00,1,0.00342113,lb=0.021932 ls=0.018511 thr=0.0030815
C-F08-1,2026-05-15,2026-05-15 11:00:00,1,0.00438467,lb=0.019837 ls=0.015453 thr=0.0030815
C-F08-1,2026-05-15,2026-05-15 11:19:00,1,0.00311357,lb=0.02144 ls=0.018327 thr=0.0030815
C-F08-1,2026-05-15,2026-05-15 12:07:00,1,0.00324012,lb=0.024528 ls=0.021288 thr=0.0030815
C-F08-1,2026-05-15,2026-05-15 12:23:00,1,0.00513764,lb=0.027081 ls=0.021944 thr=0.0030815
C-F08-1,2026-05-15,2026-05-15 12:39:00,1,0.00457101,lb=0.02545 ls=0.020879 thr=0.0030815
C-F08-1,2026-05-15,2026-05-15 13:03:00,1,0.00312385,lb=0.032385 ls=0.029261 thr=0.0030815
C-F08-1,2026-05-15,2026-05-15 13:27:00,-1,-0.00324803,lb=0.024977 ls=0.028225 thr=0.0030815
C-F08-1,2026-05-15,2026-05-15 14:31:00,-1,-0.00334341,lb=0.018466 ls=0.021809 thr=0.0030815
C-F08-1,2026-05-15,2026-05-15 14:58:00,-1,-0.0032111,lb=0.022834 ls=0.026045 thr=0.0030815
C-F08-1,2026-05-18,2026-05-18 10:37:00,-1,-0.00342879,lb=0.023886 ls=0.027314 thr=0.0031029
C-F08-1,2026-05-18,2026-05-18 11:22:00,-1,-0.00431029,lb=0.023247 ls=0.027557 thr=0.0031029
C-F08-1,2026-05-18,2026-05-18 11:43:00,-1,-0.00333312,lb=0.025604 ls=0.028937 thr=0.0031029
C-F08-1,2026-05-18,2026-05-18 11:59:00,-1,-0.00488194,lb=0.025729 ls=0.030611 thr=0.0031029
C-F08-1,2026-05-18,2026-05-18 12:15:00,-1,-0.00715853,lb=0.024476 ls=0.031634 thr=0.0031029
C-F08-1,2026-05-18,2026-05-18 12:32:00,-1,-0.00396947,lb=0.024899 ls=0.028868 thr=0.0031029
C-F08-1,2026-05-18,2026-05-18 13:24:00,1,0.00356307,lb=0.030137 ls=0.026574 thr=0.0031029
C-F08-1,2026-05-18,2026-05-18 14:06:00,-1,-0.00350204,lb=0.027432 ls=0.030934 thr=0.0031029
C-F08-1,2026-05-18,2026-05-18 14:22:00,-1,-0.0101092,lb=0.021399 ls=0.031508 thr=0.0031029
C-F08-1,2026-05-18,2026-05-18 14:38:00,-1,-0.00492114,lb=0.020829 ls=0.02575 thr=0.0031029
C-F08-1,2026-05-18,2026-05-18 14:54:00,-1,-0.00888186,lb=0.016186 ls=0.025068 thr=0.0031029
C-F08-1,2026-05-18,2026-05-18 15:10:00,-1,-0.00355585,lb=0.022544 ls=0.0261 thr=0.0031029
C-F08-1,2026-05-18,2026-05-18 15:32:00,-1,-0.00345884,lb=0.025922 ls=0.029381 thr=0.0031029
C-F08-1,2026-05-19,2026-05-19 10:32:00,-1,-0.00589611,lb=0.021916 ls=0.027812 thr=0.0032711
C-F08-1,2026-05-19,2026-05-19 10:48:00,-1,-0.00871695,lb=0.018004 ls=0.026721 thr=0.0032711
C-F08-1,2026-05-19,2026-05-19 11:04:00,-1,-0.00671029,lb=0.018791 ls=0.025502 thr=0.0032711
C-F08-1,2026-05-19,2026-05-19 11:20:00,-1,-0.00366649,lb=0.020939 ls=0.024606 thr=0.0032711
C-F08-1,2026-05-19,2026-05-19 12:02:00,1,0.00394108,lb=0.028484 ls=0.024543 thr=0.0032711
C-F08-1,2026-05-19,2026-05-19 12:18:00,1,0.00475434,lb=0.028866 ls=0.024111 thr=0.0032711
C-F08-1,2026-05-19,2026-05-19 12:34:00,1,0.00358757,lb=0.025947 ls=0.022359 thr=0.0032711
C-F08-1,2026-05-19,2026-05-19 12:50:00,1,0.00517817,lb=0.027299 ls=0.02212 thr=0.0032711
C-F08-1,2026-05-19,2026-05-19 13:06:00,1,0.00693463,lb=0.023329 ls=0.016395 thr=0.0032711
C-F08-1,2026-05-19,2026-05-19 13:22:00,1,0.00863906,lb=0.021505 ls=0.012865 thr=0.0032711
C-F08-1,2026-05-19,2026-05-19 13:38:00,1,0.00572919,lb=0.02093 ls=0.0152 thr=0.0032711
C-F08-1,2026-05-19,2026-05-19 14:28:00,1,0.00363014,lb=0.020836 ls=0.017205 thr=0.0032711
C-F08-1,2026-05-19,2026-05-19 14:50:00,1,0.00377983,lb=0.023785 ls=0.020005 thr=0.0032711
C-F08-1,2026-05-19,2026-05-19 15:28:00,-1,-0.00392677,lb=0.024215 ls=0.028142 thr=0.0032711
C-F08-1,2026-05-19,2026-05-19 15:44:00,-1,-0.00500931,lb=0.023891 ls=0.0289 thr=0.0032711
C-F08-1,2026-05-20,2026-05-20 10:51:00,1,0.00365183,lb=0.026578 ls=0.022927 thr=0.0034345
C-F08-1,2026-05-20,2026-05-20 12:17:00,-1,-0.00393972,lb=0.020453 ls=0.024393 thr=0.0034345
C-F08-1,2026-05-20,2026-05-20 13:46:00,1,0.00360186,lb=0.027309 ls=0.023707 thr=0.0034345
C-F08-1,2026-05-20,2026-05-20 14:02:00,1,0.00563767,lb=0.026477 ls=0.020839 thr=0.0034345
C-F08-1,2026-05-20,2026-05-20 14:18:00,1,0.0109747,lb=0.029901 ls=0.018926 thr=0.0034345
C-F08-1,2026-05-20,2026-05-20 14:34:00,1,0.009603,lb=0.028101 ls=0.018498 thr=0.0034345
C-F08-1,2026-05-20,2026-05-20 14:50:00,1,0.00713756,lb=0.026517 ls=0.019379 thr=0.0034345
C-F08-1,2026-05-20,2026-05-20 15:06:00,1,0.00379554,lb=0.027054 ls=0.023258 thr=0.0034345
C-F08-1,2026-05-20,2026-05-20 15:22:00,1,0.00445503,lb=0.026248 ls=0.021793 thr=0.0034345
C-F08-1,2026-05-20,2026-05-20 15:38:00,1,0.0079876,lb=0.027784 ls=0.019796 thr=0.0034345
C-F08-1,2026-05-21,2026-05-21 10:32:00,1,0.00414033,lb=0.025678 ls=0.021538 thr=0.0036318
C-F08-1,2026-05-21,2026-05-21 10:56:00,1,0.00419913,lb=0.023567 ls=0.019368 thr=0.0036318
C-F08-1,2026-05-21,2026-05-21 12:08:00,1,0.00556916,lb=0.018312 ls=0.012743 thr=0.0036318
C-F08-1,2026-05-21,2026-05-21 12:34:00,1,0.00388419,lb=0.017419 ls=0.013535 thr=0.0036318
C-F08-1,2026-05-21,2026-05-21 13:49:00,1,0.00371084,lb=0.026285 ls=0.022574 thr=0.0036318
C-F08-1,2026-05-21,2026-05-21 14:11:00,1,0.00649543,lb=0.030193 ls=0.023698 thr=0.0036318
C-F08-1,2026-05-21,2026-05-21 14:27:00,1,0.00603239,lb=0.027783 ls=0.021751 thr=0.0036318
C-F08-1,2026-05-21,2026-05-21 15:05:00,1,0.00502636,lb=0.028413 ls=0.023387 thr=0.0036318
C-F08-1,2026-05-21,2026-05-21 15:21:00,1,0.0065652,lb=0.029752 ls=0.023186 thr=0.0036318
C-F08-1,2026-05-21,2026-05-21 15:37:00,1,0.0105157,lb=0.033694 ls=0.023179 thr=0.0036318
C-F08-1,2026-05-22,2026-05-22 10:47:00,1,0.00384492,lb=0.020712 ls=0.016867 thr=0.0037424
C-F08-1,2026-05-22,2026-05-22 11:03:00,1,0.00378957,lb=0.018685 ls=0.014895 thr=0.0037424
C-F08-1,2026-05-22,2026-05-22 11:19:00,1,0.00423378,lb=0.019314 ls=0.015081 thr=0.0037424
C-F08-1,2026-05-22,2026-05-22 11:35:00,1,0.00645919,lb=0.018716 ls=0.012257 thr=0.0037424
C-F08-1,2026-05-22,2026-05-22 11:51:00,1,0.00683036,lb=0.01888 ls=0.012049 thr=0.0037424
C-F08-1,2026-05-22,2026-05-22 12:07:00,1,0.0100459,lb=0.022582 ls=0.012536 thr=0.0037424
C-F08-1,2026-05-22,2026-05-22 12:23:00,1,0.00976573,lb=0.023637 ls=0.013871 thr=0.0037424
C-F08-1,2026-05-22,2026-05-22 12:39:00,1,0.00614136,lb=0.023593 ls=0.017452 thr=0.0037424
C-F08-1,2026-05-22,2026-05-22 13:25:00,1,0.00377386,lb=0.020023 ls=0.016249 thr=0.0037424
C-F08-1,2026-05-22,2026-05-22 14:09:00,1,0.00378158,lb=0.022238 ls=0.018457 thr=0.0037424
C-F08-1,2026-05-22,2026-05-22 14:35:00,1,0.0059159,lb=0.027723 ls=0.021807 thr=0.0037424
C-F08-1,2026-05-22,2026-05-22 15:45:00,1,0.00434796,lb=0.024228 ls=0.01988 thr=0.0037424
C-F08-1,2026-05-25,2026-05-25 10:44:00,-1,-0.00414166,lb=0.011956 ls=0.016098 thr=0.0037496
C-F08-1,2026-05-25,2026-05-25 11:34:00,-1,-0.0040428,lb=0.017286 ls=0.021329 thr=0.0037496
C-F08-1,2026-05-25,2026-05-25 11:52:00,-1,-0.00409023,lb=0.019058 ls=0.023148 thr=0.0037496
C-F08-1,2026-05-25,2026-05-25 12:08:00,-1,-0.0051023,lb=0.016502 ls=0.021604 thr=0.0037496
C-F08-1,2026-05-25,2026-05-25 12:24:00,-1,-0.00666445,lb=0.01336 ls=0.020025 thr=0.0037496
C-F08-1,2026-05-25,2026-05-25 12:50:00,1,0.00377154,lb=0.012052 ls=0.0082809 thr=0.0037496
C-F08-1,2026-05-26,2026-05-26 10:36:00,1,0.00400191,lb=0.015667 ls=0.011665 thr=0.0037582
C-F08-1,2026-05-26,2026-05-26 10:52:00,1,0.00409744,lb=0.014518 ls=0.01042 thr=0.0037582
C-F08-1,2026-05-26,2026-05-26 12:13:00,1,0.0043803,lb=0.019431 ls=0.01505 thr=0.0037582
C-F08-1,2026-05-26,2026-05-26 12:29:00,1,0.00597563,lb=0.021035 ls=0.01506 thr=0.0037582
C-F08-1,2026-05-26,2026-05-26 12:45:00,1,0.00701886,lb=0.022185 ls=0.015166 thr=0.0037582
C-F08-1,2026-05-26,2026-05-26 13:01:00,1,0.00809037,lb=0.025 ls=0.01691 thr=0.0037582
C-F08-1,2026-05-26,2026-05-26 13:17:00,1,0.00668242,lb=0.022443 ls=0.01576 thr=0.0037582
C-F08-1,2026-05-26,2026-05-26 13:33:00,1,0.0071251,lb=0.023033 ls=0.015908 thr=0.0037582
C-F08-1,2026-05-26,2026-05-26 14:41:00,1,0.00427895,lb=0.020843 ls=0.016564 thr=0.0037582
C-F08-1,2026-05-26,2026-05-26 15:25:00,1,0.0041845,lb=0.017653 ls=0.013468 thr=0.0037582
C-F08-1,2026-05-26,2026-05-26 15:45:00,1,0.00400527,lb=0.015854 ls=0.011849 thr=0.0037582
C-F08-1,2026-05-27,2026-05-27 10:40:00,1,0.00387684,lb=0.020585 ls=0.016708 thr=0.003803
C-F08-1,2026-05-27,2026-05-27 10:56:00,1,0.00550007,lb=0.023576 ls=0.018076 thr=0.003803
C-F08-1,2026-05-27,2026-05-27 12:22:00,1,0.00417074,lb=0.024045 ls=0.019874 thr=0.003803
C-F08-1,2026-05-27,2026-05-27 12:38:00,1,0.00687469,lb=0.024441 ls=0.017566 thr=0.003803
C-F08-1,2026-05-27,2026-05-27 12:54:00,1,0.00891612,lb=0.02331 ls=0.014393 thr=0.003803
C-F08-1,2026-05-27,2026-05-27 14:12:00,1,0.00424508,lb=0.019066 ls=0.014821 thr=0.003803
C-F08-1,2026-05-27,2026-05-27 14:34:00,1,0.00413814,lb=0.019274 ls=0.015136 thr=0.003803
C-F08-1,2026-05-27,2026-05-27 14:50:00,1,0.00449377,lb=0.017543 ls=0.01305 thr=0.003803
C-F08-1,2026-05-27,2026-05-27 15:06:00,1,0.0081666,lb=0.020053 ls=0.011887 thr=0.003803
C-F08-1,2026-05-27,2026-05-27 15:22:00,1,0.00662168,lb=0.01893 ls=0.012308 thr=0.003803
C-F08-1,2026-05-28,2026-05-28 11:01:00,1,0.00389063,lb=0.022198 ls=0.018307 thr=0.0038364
C-F08-1,2026-05-28,2026-05-28 11:17:00,1,0.00780879,lb=0.023532 ls=0.015723 thr=0.0038364
C-F08-1,2026-05-28,2026-05-28 11:33:00,1,0.00909203,lb=0.0213 ls=0.012208 thr=0.0038364
C-F08-1,2026-05-28,2026-05-28 11:49:00,1,0.0074471,lb=0.018044 ls=0.010597 thr=0.0038364
C-F08-1,2026-05-28,2026-05-28 12:05:00,1,0.00547267,lb=0.018785 ls=0.013312 thr=0.0038364
C-F08-1,2026-05-29,2026-05-29 11:40:00,1,0.00403747,lb=0.019167 ls=0.01513 thr=0.0039575
C-F08-1,2026-05-29,2026-05-29 11:56:00,1,0.00534085,lb=0.020117 ls=0.014776 thr=0.0039575
C-F08-1,2026-05-29,2026-05-29 12:12:00,1,0.00455611,lb=0.018748 ls=0.014192 thr=0.0039575
C-F08-1,2026-05-29,2026-05-29 14:00:00,-1,-0.00428983,lb=0.012871 ls=0.017161 thr=0.0039575
C-F08-1,2026-05-29,2026-05-29 15:35:00,1,0.00435108,lb=0.018224 ls=0.013873 thr=0.0039575
C-F08-1,2026-06-01,2026-06-01 11:07:00,1,0.00422956,lb=0.016751 ls=0.012522 thr=0.0042268
C-F08-1,2026-06-01,2026-06-01 14:56:00,-1,-0.00426611,lb=0.010898 ls=0.015164 thr=0.0042268
C-F08-1,2026-06-02,2026-06-02 11:07:00,1,0.0044698,lb=0.014654 ls=0.010184 thr=0.0041493
C-F08-1,2026-06-02,2026-06-02 11:26:00,1,0.00499995,lb=0.01393 ls=0.0089299 thr=0.0041493
C-F08-1,2026-06-02,2026-06-02 11:42:00,1,0.00561751,lb=0.014038 ls=0.0084201 thr=0.0041493
C-F08-1,2026-06-02,2026-06-02 11:58:00,1,0.00466421,lb=0.013046 ls=0.0083813 thr=0.0041493
C-F08-1,2026-06-02,2026-06-02 15:33:00,1,0.00427667,lb=0.015921 ls=0.011644 thr=0.0041493
C-F08-1,2026-06-03,2026-06-03 10:38:00,1,0.00465445,lb=0.020599 ls=0.015944 thr=0.0041041
C-F08-1,2026-06-03,2026-06-03 10:54:00,1,0.00432975,lb=0.019009 ls=0.01468 thr=0.0041041
C-F08-1,2026-06-03,2026-06-03 14:06:00,1,0.00416071,lb=0.019056 ls=0.014895 thr=0.0041041
C-F08-1,2026-06-03,2026-06-03 14:22:00,1,0.00594301,lb=0.020323 ls=0.01438 thr=0.0041041
C-F08-1,2026-06-03,2026-06-03 14:38:00,1,0.00569867,lb=0.017229 ls=0.01153 thr=0.0041041
C-F08-1,2026-06-03,2026-06-03 14:54:00,1,0.00530209,lb=0.016957 ls=0.011655 thr=0.0041041
C-F08-1,2026-06-03,2026-06-03 15:10:00,1,0.00517485,lb=0.017228 ls=0.012053 thr=0.0041041
C-F08-1,2026-06-04,2026-06-04 10:32:00,-1,-0.00460007,lb=0.017429 ls=0.022029 thr=0.0040166
C-F08-1,2026-06-04,2026-06-04 11:20:00,1,0.00410927,lb=0.019323 ls=0.015213 thr=0.0040166
C-F08-1,2026-06-04,2026-06-04 11:36:00,1,0.00434082,lb=0.019236 ls=0.014895 thr=0.0040166
C-F08-1,2026-06-04,2026-06-04 12:03:00,1,0.00480027,lb=0.019235 ls=0.014435 thr=0.0040166
C-F08-1,2026-06-04,2026-06-04 12:19:00,1,0.00521448,lb=0.023092 ls=0.017878 thr=0.0040166
C-F08-1,2026-06-04,2026-06-04 12:35:00,1,0.00439888,lb=0.021782 ls=0.017383 thr=0.0040166
C-F08-1,2026-06-04,2026-06-04 12:51:00,1,0.00859385,lb=0.022159 ls=0.013565 thr=0.0040166
C-F08-1,2026-06-04,2026-06-04 13:07:00,1,0.00678069,lb=0.019907 ls=0.013126 thr=0.0040166
C-F08-1,2026-06-04,2026-06-04 13:24:00,1,0.00432579,lb=0.017636 ls=0.01331 thr=0.0040166
C-F08-1,2026-06-04,2026-06-04 13:40:00,1,0.00572708,lb=0.017207 ls=0.01148 thr=0.0040166
C-F08-1,2026-06-04,2026-06-04 13:56:00,1,0.00423933,lb=0.017033 ls=0.012793 thr=0.0040166
C-F08-1,2026-06-04,2026-06-04 14:12:00,1,0.00477692,lb=0.015975 ls=0.011198 thr=0.0040166
C-F08-1,2026-06-04,2026-06-04 14:28:00,1,0.00512612,lb=0.015563 ls=0.010437 thr=0.0040166
C-F08-1,2026-06-05,2026-06-05 11:25:00,-1,-0.00509745,lb=0.015161 ls=0.020259 thr=0.0041119
C-F08-1,2026-06-05,2026-06-05 11:41:00,-1,-0.00753573,lb=0.013131 ls=0.020667 thr=0.0041119
C-F08-1,2026-06-05,2026-06-05 11:57:00,-1,-0.00719042,lb=0.012759 ls=0.019949 thr=0.0041119
C-F08-1,2026-06-05,2026-06-05 12:13:00,-1,-0.00864713,lb=0.0122 ls=0.020848 thr=0.0041119
C-F08-1,2026-06-05,2026-06-05 12:29:00,-1,-0.00716873,lb=0.013525 ls=0.020694 thr=0.0041119
C-F08-1,2026-06-05,2026-06-05 12:45:00,-1,-0.00626159,lb=0.014236 ls=0.020498 thr=0.0041119
C-F08-1,2026-06-05,2026-06-05 13:01:00,-1,-0.00578815,lb=0.015194 ls=0.020983 thr=0.0041119
C-F08-1,2026-06-05,2026-06-05 13:17:00,-1,-0.00725559,lb=0.015178 ls=0.022434 thr=0.0041119
C-F08-1,2026-06-05,2026-06-05 14:11:00,1,0.00426676,lb=0.024436 ls=0.020169 thr=0.0041119
C-F08-1,2026-06-05,2026-06-05 14:27:00,-1,-0.00695273,lb=0.014722 ls=0.021675 thr=0.0041119
C-F08-1,2026-06-05,2026-06-05 14:43:00,-1,-0.0142255,lb=0.0093389 ls=0.023564 thr=0.0041119
C-F08-1,2026-06-05,2026-06-05 14:59:00,-1,-0.0120828,lb=0.010243 ls=0.022326 thr=0.0041119
C-F08-1,2026-06-05,2026-06-05 15:15:00,-1,-0.0077546,lb=0.016279 ls=0.024034 thr=0.0041119
C-F08-1,2026-06-08,2026-06-08 10:58:00,1,0.00612887,lb=0.023527 ls=0.017398 thr=0.0044905
C-F08-1,2026-06-08,2026-06-08 11:14:00,1,0.0078322,lb=0.021769 ls=0.013937 thr=0.0044905
C-F08-1,2026-06-08,2026-06-08 11:30:00,1,0.00601022,lb=0.017972 ls=0.011962 thr=0.0044905
C-F08-1,2026-06-08,2026-06-08 15:13:00,-1,-0.0051111,lb=0.022391 ls=0.027502 thr=0.0044905
C-F08-1,2026-06-08,2026-06-08 15:29:00,-1,-0.00908421,lb=0.016816 ls=0.0259 thr=0.0044905
C-F08-1,2026-06-09,2026-06-09 10:50:00,-1,-0.00476369,lb=0.019546 ls=0.02431 thr=0.0046388
C-F08-1,2026-06-09,2026-06-09 11:32:00,-1,-0.00664759,lb=0.027747 ls=0.034394 thr=0.0046388
C-F08-1,2026-06-09,2026-06-09 11:48:00,-1,-0.00690798,lb=0.026032 ls=0.03294 thr=0.0046388
C-F08-1,2026-06-09,2026-06-09 12:04:00,-1,-0.0121264,lb=0.023424 ls=0.035551 thr=0.0046388
C-F08-1,2026-06-09,2026-06-09 12:20:00,-1,-0.0193392,lb=0.017591 ls=0.03693 thr=0.0046388
C-F08-1,2026-06-09,2026-06-09 12:36:00,-1,-0.0159546,lb=0.026928 ls=0.042883 thr=0.0046388
C-F08-1,2026-06-09,2026-06-09 12:52:00,-1,-0.0226228,lb=0.029771 ls=0.052394 thr=0.0046388
C-F08-1,2026-06-09,2026-06-09 13:08:00,-1,-0.0189764,lb=0.037612 ls=0.056588 thr=0.0046388
C-F08-1,2026-06-09,2026-06-09 13:24:00,-1,-0.00871795,lb=0.045958 ls=0.054676 thr=0.0046388
C-F08-1,2026-06-09,2026-06-09 13:47:00,1,0.00925302,lb=0.051078 ls=0.041825 thr=0.0046388
C-F08-1,2026-06-09,2026-06-09 14:03:00,1,0.0131236,lb=0.051088 ls=0.037964 thr=0.0046388
C-F08-1,2026-06-09,2026-06-09 14:19:00,1,0.00748898,lb=0.046637 ls=0.039148 thr=0.0046388
C-F08-1,2026-06-09,2026-06-09 14:35:00,1,0.00876779,lb=0.047589 ls=0.038821 thr=0.0046388
C-F08-1,2026-06-09,2026-06-09 14:51:00,1,0.0125806,lb=0.047526 ls=0.034945 thr=0.0046388
C-F08-1,2026-06-09,2026-06-09 15:07:00,1,0.00653772,lb=0.043684 ls=0.037146 thr=0.0046388
C-F08-1,2026-06-09,2026-06-09 15:23:00,-1,-0.00521044,lb=0.036798 ls=0.042009 thr=0.0046388
C-F08-1,2026-06-09,2026-06-09 15:39:00,-1,-0.00730741,lb=0.034456 ls=0.041764 thr=0.0046388
C-F08-1,2026-06-10,2026-06-10 10:32:00,1,0.00625856,lb=0.038397 ls=0.032138 thr=0.0050692
C-F08-1,2026-06-10,2026-06-10 11:22:00,-1,-0.00566475,lb=0.032601 ls=0.038266 thr=0.0050692
C-F08-1,2026-06-10,2026-06-10 11:39:00,-1,-0.00511791,lb=0.033995 ls=0.039113 thr=0.0050692
C-F08-1,2026-06-10,2026-06-10 12:26:00,-1,-0.00541853,lb=0.039491 ls=0.044909 thr=0.0050692
C-F08-1,2026-06-10,2026-06-10 12:45:00,-1,-0.00570823,lb=0.04095 ls=0.046659 thr=0.0050692
C-F08-1,2026-06-10,2026-06-10 13:01:00,-1,-0.00668076,lb=0.037489 ls=0.04417 thr=0.0050692
C-F08-1,2026-06-10,2026-06-10 13:17:00,-1,-0.00525252,lb=0.040499 ls=0.045752 thr=0.0050692
C-F08-1,2026-06-10,2026-06-10 13:39:00,-1,-0.00608234,lb=0.036734 ls=0.042817 thr=0.0050692
C-F08-1,2026-06-10,2026-06-10 13:58:00,1,0.00553118,lb=0.040758 ls=0.035226 thr=0.0050692
C-F08-1,2026-06-10,2026-06-10 14:14:00,1,0.00777343,lb=0.039316 ls=0.031543 thr=0.0050692
C-F08-1,2026-06-10,2026-06-10 14:57:00,-1,-0.00546792,lb=0.028369 ls=0.033837 thr=0.0050692
C-F08-1,2026-06-10,2026-06-10 15:42:00,1,0.00525368,lb=0.032322 ls=0.027068 thr=0.0050692
C-F08-1,2026-06-11,2026-06-11 12:23:00,1,0.0059263,lb=0.033147 ls=0.02722 thr=0.005071
C-F08-1,2026-06-11,2026-06-11 12:39:00,1,0.00592306,lb=0.035097 ls=0.029174 thr=0.005071
C-F08-1,2026-06-11,2026-06-11 13:31:00,1,0.00824386,lb=0.04108 ls=0.032836 thr=0.005071
C-F08-1,2026-06-11,2026-06-11 14:19:00,-1,-0.00640966,lb=0.045102 ls=0.051512 thr=0.005071
C-F08-1,2026-06-11,2026-06-11 15:04:00,1,0.00644824,lb=0.036332 ls=0.029883 thr=0.005071
C-F08-1,2026-06-11,2026-06-11 15:20:00,1,0.00515177,lb=0.034385 ls=0.029234 thr=0.005071
C-F08-1,2026-06-11,2026-06-11 15:36:00,1,0.00860902,lb=0.035245 ls=0.026636 thr=0.005071
C-F08-1,2026-06-12,2026-06-12 10:32:00,1,0.0731953,lb=0.14082 ls=0.067622 thr=0.0050271
C-F08-1,2026-06-12,2026-06-12 10:48:00,1,0.0433152,lb=0.10797 ls=0.064654 thr=0.0050271
C-F08-1,2026-06-12,2026-06-12 11:04:00,1,0.0134139,lb=0.09723 ls=0.083816 thr=0.0050271
C-F08-1,2026-06-12,2026-06-12 11:20:00,-1,-0.0616443,lb=0.095705 ls=0.15735 thr=0.0050271
C-F08-1,2026-06-12,2026-06-12 11:36:00,-1,-0.107278,lb=0.102 ls=0.20928 thr=0.0050271
C-F08-1,2026-06-12,2026-06-12 11:52:00,-1,-0.041159,lb=0.10375 ls=0.14491 thr=0.0050271
C-F08-1,2026-06-12,2026-06-12 12:08:00,-1,-0.0852693,lb=0.07631 ls=0.16158 thr=0.0050271
C-F08-1,2026-06-12,2026-06-12 12:24:00,-1,-0.0212097,lb=0.12326 ls=0.14447 thr=0.0050271
C-F08-1,2026-06-12,2026-06-12 12:40:00,1,0.00901225,lb=0.14621 ls=0.1372 thr=0.0050271
C-F08-1,2026-06-12,2026-06-12 12:56:00,1,0.01294,lb=0.1587 ls=0.14576 thr=0.0050271
C-F08-1,2026-06-12,2026-06-12 13:12:00,1,0.0284086,lb=0.13002 ls=0.10162 thr=0.0050271
C-F08-1,2026-06-12,2026-06-12 13:28:00,1,0.0447438,lb=0.083762 ls=0.039019 thr=0.0050271
C-F08-1,2026-06-12,2026-06-12 13:44:00,1,0.0447718,lb=0.064729 ls=0.019957 thr=0.0050271
C-F08-1,2026-06-12,2026-06-12 14:00:00,-1,-0.0384273,lb=0.037476 ls=0.075904 thr=0.0050271
C-F08-1,2026-06-12,2026-06-12 14:16:00,-1,-0.136209,lb=0.061966 ls=0.19817 thr=0.0050271
C-F08-1,2026-06-12,2026-06-12 14:32:00,-1,-0.0819183,lb=0.10049 ls=0.18241 thr=0.0050271
C-F08-1,2026-06-12,2026-06-12 14:48:00,-1,-0.0481367,lb=0.11292 ls=0.16106 thr=0.0050271
C-F08-1,2026-06-12,2026-06-12 15:04:00,-1,-0.0062098,lb=0.10723 ls=0.11344 thr=0.0050271
C-F08-1,2026-06-12,2026-06-12 15:20:00,1,0.0208479,lb=0.11378 ls=0.092933 thr=0.0050271
C-F08-1,2026-06-12,2026-06-12 15:36:00,-1,-0.0569335,lb=0.076413 ls=0.13335 thr=0.0050271
C-F08-1,2026-06-15,2026-06-15 13:53:00,1,0.00636327,lb=0.026395 ls=0.020032 thr=0.0058286
C-F08-1,2026-06-15,2026-06-15 14:19:00,1,0.00704244,lb=0.037549 ls=0.030507 thr=0.0058286
C-F08-1,2026-06-15,2026-06-15 14:35:00,1,0.0096957,lb=0.042959 ls=0.033263 thr=0.0058286
C-F08-1,2026-06-15,2026-06-15 15:21:00,-1,-0.00623806,lb=0.020937 ls=0.027175 thr=0.0058286
C-F08-1,2026-06-16,2026-06-16 11:42:00,-1,-0.0056852,lb=0.018822 ls=0.024507 thr=0.0056281
C-F08-1,2026-06-16,2026-06-16 11:58:00,-1,-0.00601894,lb=0.018733 ls=0.024752 thr=0.0056281
C-F08-1,2026-06-16,2026-06-16 13:22:00,-1,-0.00585627,lb=0.025427 ls=0.031283 thr=0.0056281
C-F08-1,2026-06-16,2026-06-16 14:47:00,1,0.00563136,lb=0.028828 ls=0.023196 thr=0.0056281
C-F08-1,2026-06-16,2026-06-16 15:42:00,-1,-0.00610132,lb=0.025282 ls=0.031383 thr=0.0056281
C-F08-1,2026-06-17,2026-06-17 12:00:00,1,0.00587599,lb=0.024977 ls=0.019101 thr=0.0054976
C-F08-1,2026-06-17,2026-06-17 12:23:00,1,0.00582099,lb=0.0286 ls=0.022779 thr=0.0054976
C-F08-1,2026-06-17,2026-06-17 12:40:00,1,0.00608419,lb=0.031168 ls=0.025084 thr=0.0054976
C-F08-1,2026-06-17,2026-06-17 12:57:00,1,0.00612333,lb=0.034466 ls=0.028342 thr=0.0054976
C-F08-1,2026-06-17,2026-06-17 13:13:00,1,0.00950043,lb=0.036816 ls=0.027316 thr=0.0054976
C-F08-1,2026-06-17,2026-06-17 14:02:00,-1,-0.016705,lb=0.036607 ls=0.053312 thr=0.0054976
C-F08-1,2026-06-17,2026-06-17 14:18:00,-1,-0.0116596,lb=0.047847 ls=0.059507 thr=0.0054976
C-F08-1,2026-06-17,2026-06-17 14:34:00,-1,-0.0164278,lb=0.045056 ls=0.061484 thr=0.0054976
C-F08-1,2026-06-17,2026-06-17 14:50:00,-1,-0.0151432,lb=0.048605 ls=0.063748 thr=0.0054976
C-F08-1,2026-06-17,2026-06-17 15:06:00,-1,-0.00681498,lb=0.052714 ls=0.059529 thr=0.0054976
C-F08-1,2026-06-17,2026-06-17 15:22:00,-1,-0.0122466,lb=0.052063 ls=0.06431 thr=0.0054976
C-F08-1,2026-06-17,2026-06-17 15:38:00,-1,-0.0096239,lb=0.051612 ls=0.061236 thr=0.0054976
C-F08-1,2026-06-18,2026-06-18 11:53:00,1,0.0069055,lb=0.024473 ls=0.017568 thr=0.0057369
C-F08-1,2026-06-18,2026-06-18 12:09:00,1,0.00660948,lb=0.024979 ls=0.018369 thr=0.0057369
C-F08-1,2026-06-18,2026-06-18 12:29:00,1,0.00614686,lb=0.027205 ls=0.021058 thr=0.0057369
C-F08-1,2026-06-18,2026-06-18 14:07:00,1,0.00678324,lb=0.020857 ls=0.014073 thr=0.0057369
C-F08-1,2026-06-19,2026-06-19 12:35:00,1,0.00574621,lb=0.022491 ls=0.016744 thr=0.0056684
C-F08-1,2026-06-23,2026-06-23 11:04:00,-1,-0.00574067,lb=0.025856 ls=0.031597 thr=0.0056565
C-F08-1,2026-06-23,2026-06-23 11:21:00,-1,-0.0067642,lb=0.024012 ls=0.030776 thr=0.0056565
C-F08-1,2026-06-23,2026-06-23 11:37:00,-1,-0.00776412,lb=0.022885 ls=0.030649 thr=0.0056565
C-F08-1,2026-06-23,2026-06-23 11:53:00,-1,-0.00660027,lb=0.022507 ls=0.029107 thr=0.0056565
C-F08-1,2026-06-23,2026-06-23 14:06:00,-1,-0.0058981,lb=0.024268 ls=0.030166 thr=0.0056565
C-F08-1,2026-06-23,2026-06-23 14:22:00,-1,-0.00890008,lb=0.020765 ls=0.029665 thr=0.0056565
C-F08-1,2026-06-23,2026-06-23 14:38:00,-1,-0.00743676,lb=0.020561 ls=0.027998 thr=0.0056565
C-F08-1,2026-06-24,2026-06-24 10:42:00,1,0.00572162,lb=0.029249 ls=0.023527 thr=0.0056542
C-F08-1,2026-06-24,2026-06-24 12:17:00,1,0.00626743,lb=0.033385 ls=0.027118 thr=0.0056542
C-F08-1,2026-06-24,2026-06-24 12:33:00,1,0.00707233,lb=0.035816 ls=0.028744 thr=0.0056542
C-F08-1,2026-06-24,2026-06-24 13:23:00,-1,-0.00590942,lb=0.024006 ls=0.029916 thr=0.0056542
C-F08-1,2026-06-24,2026-06-24 14:27:00,1,0.00663964,lb=0.034478 ls=0.027838 thr=0.0056542
C-F08-1,2026-06-24,2026-06-24 14:45:00,1,0.00617672,lb=0.037727 ls=0.031551 thr=0.0056542
C-F08-1,2026-06-24,2026-06-24 15:33:00,1,0.0057493,lb=0.04418 ls=0.03843 thr=0.0056542
C-F08-1,2026-06-25,2026-06-25 11:20:00,1,0.010809,lb=0.045049 ls=0.03424 thr=0.0058298
C-F08-1,2026-06-25,2026-06-25 11:36:00,1,0.0113669,lb=0.040978 ls=0.029611 thr=0.0058298
C-F08-1,2026-06-25,2026-06-25 11:52:00,1,0.0138057,lb=0.043055 ls=0.029249 thr=0.0058298
C-F08-1,2026-06-25,2026-06-25 12:08:00,1,0.0165514,lb=0.043596 ls=0.027044 thr=0.0058298
C-F08-1,2026-06-25,2026-06-25 12:24:00,1,0.0175422,lb=0.044364 ls=0.026822 thr=0.0058298
C-F08-1,2026-06-25,2026-06-25 12:40:00,1,0.0128685,lb=0.040623 ls=0.027754 thr=0.0058298
C-F08-1,2026-06-25,2026-06-25 12:56:00,1,0.012038,lb=0.041803 ls=0.029765 thr=0.0058298
C-F08-1,2026-06-25,2026-06-25 13:12:00,1,0.0108858,lb=0.04204 ls=0.031154 thr=0.0058298
C-F08-1,2026-06-25,2026-06-25 13:28:00,1,0.0126316,lb=0.044528 ls=0.031897 thr=0.0058298
C-F08-1,2026-06-25,2026-06-25 13:44:00,1,0.0186729,lb=0.048473 ls=0.0298 thr=0.0058298
C-F08-1,2026-06-25,2026-06-25 14:00:00,1,0.0150262,lb=0.045763 ls=0.030737 thr=0.0058298
C-F08-1,2026-06-25,2026-06-25 14:16:00,1,0.0154513,lb=0.049476 ls=0.034025 thr=0.0058298
C-F08-1,2026-06-25,2026-06-25 14:32:00,1,0.0058343,lb=0.040465 ls=0.034631 thr=0.0058298
C-F08-1,2026-06-25,2026-06-25 15:12:00,-1,-0.0065505,lb=0.034052 ls=0.040603 thr=0.0058298
C-F08-1,2026-06-26,2026-06-26 11:21:00,1,0.00687757,lb=0.043404 ls=0.036526 thr=0.0064475
C-F08-1,2026-06-26,2026-06-26 12:20:00,-1,-0.00647354,lb=0.037552 ls=0.044026 thr=0.0064475
C-F08-1,2026-06-26,2026-06-26 12:47:00,1,0.00723713,lb=0.04619 ls=0.038953 thr=0.0064475
C-F08-1,2026-06-26,2026-06-26 13:11:00,1,0.00753598,lb=0.047207 ls=0.039671 thr=0.0064475
C-F08-1,2026-06-26,2026-06-26 13:29:00,-1,-0.00678894,lb=0.044264 ls=0.051053 thr=0.0064475
C-F08-1,2026-06-26,2026-06-26 13:54:00,-1,-0.00673063,lb=0.04148 ls=0.048211 thr=0.0064475
C-F08-1,2026-06-26,2026-06-26 14:10:00,-1,-0.0113014,lb=0.036849 ls=0.04815 thr=0.0064475
C-F08-1,2026-06-26,2026-06-26 14:31:00,-1,-0.0107841,lb=0.027603 ls=0.038387 thr=0.0064475
C-F08-1,2026-06-26,2026-06-26 14:48:00,-1,-0.0080131,lb=0.030755 ls=0.038768 thr=0.0064475
C-F08-1,2026-06-29,2026-06-29 10:33:00,1,0.00720725,lb=0.03363 ls=0.026423 thr=0.0067748
C-F08-1,2026-06-29,2026-06-29 10:49:00,1,0.0117306,lb=0.037806 ls=0.026075 thr=0.0067748
C-F08-1,2026-06-29,2026-06-29 11:05:00,1,0.0151484,lb=0.038797 ls=0.023649 thr=0.0067748
C-F08-1,2026-06-29,2026-06-29 11:21:00,1,0.0174281,lb=0.036477 ls=0.019049 thr=0.0067748
C-F08-1,2026-06-29,2026-06-29 11:41:00,1,0.00715834,lb=0.028819 ls=0.021661 thr=0.0067748
C-F08-1,2026-06-29,2026-06-29 12:21:00,1,0.00706993,lb=0.025474 ls=0.018404 thr=0.0067748
C-F08-1,2026-06-29,2026-06-29 14:35:00,1,0.00682126,lb=0.02698 ls=0.020159 thr=0.0067748
C-F08-1,2026-06-30,2026-06-30 10:41:00,1,0.00717031,lb=0.024033 ls=0.016862 thr=0.0065552
C-F08-1,2026-06-30,2026-06-30 15:20:00,-1,-0.00684328,lb=0.014565 ls=0.021408 thr=0.0065552
C-F08-1,2026-06-30,2026-06-30 15:36:00,-1,-0.0066827,lb=0.014783 ls=0.021465 thr=0.0065552
C-F08-1,2026-07-01,2026-07-01 10:34:00,1,0.00754254,lb=0.017907 ls=0.010364 thr=0.0062511
C-F08-1,2026-07-01,2026-07-01 14:18:00,1,0.00643269,lb=0.025053 ls=0.018621 thr=0.0062511
C-F08-1,2026-07-02,2026-07-02 11:09:00,-1,-0.00724985,lb=0.025364 ls=0.032614 thr=0.0060863
C-F08-1,2026-07-02,2026-07-02 11:25:00,-1,-0.00840885,lb=0.025816 ls=0.034225 thr=0.0060863
C-F08-1,2026-07-02,2026-07-02 11:50:00,-1,-0.00624727,lb=0.033332 ls=0.039579 thr=0.0060863
C-F08-1,2026-07-02,2026-07-02 12:06:00,-1,-0.00758281,lb=0.032229 ls=0.039812 thr=0.0060863
C-F08-1,2026-07-02,2026-07-02 12:27:00,-1,-0.00694047,lb=0.031094 ls=0.038035 thr=0.0060863
C-F08-1,2026-07-02,2026-07-02 12:43:00,-1,-0.0170596,lb=0.021839 ls=0.038898 thr=0.0060863
C-F08-1,2026-07-02,2026-07-02 12:59:00,-1,-0.0106389,lb=0.024138 ls=0.034777 thr=0.0060863
C-F08-1,2026-07-02,2026-07-02 13:15:00,-1,-0.00932639,lb=0.022603 ls=0.03193 thr=0.0060863
C-F08-1,2026-07-02,2026-07-02 14:07:00,-1,-0.00651954,lb=0.02336 ls=0.02988 thr=0.0060863
C-F08-1,2026-07-02,2026-07-02 15:09:00,-1,-0.00625521,lb=0.022917 ls=0.029172 thr=0.0060863
C-F08-1,2026-07-02,2026-07-02 15:25:00,-1,-0.00818817,lb=0.024432 ls=0.03262 thr=0.0060863
C-F08-1,2026-07-02,2026-07-02 15:43:00,-1,-0.00614116,lb=0.026458 ls=0.032599 thr=0.0060863
C-F08-1,2026-07-03,2026-07-03 11:15:00,-1,-0.00673345,lb=0.025516 ls=0.032249 thr=0.0058494
C-F08-1,2026-07-03,2026-07-03 11:31:00,-1,-0.010684,lb=0.028497 ls=0.039181 thr=0.0058494
C-F08-1,2026-07-03,2026-07-03 12:52:00,-1,-0.00637986,lb=0.025581 ls=0.031961 thr=0.0058494
C-F08-1,2026-07-06,2026-07-06 13:10:00,1,0.00824257,lb=0.024002 ls=0.015759 thr=0.0059045
C-F08-1,2026-07-06,2026-07-06 13:26:00,1,0.00621399,lb=0.021784 ls=0.01557 thr=0.0059045
C-F08-1,2026-07-07,2026-07-07 10:32:00,-1,-0.00557705,lb=0.019509 ls=0.025086 thr=0.005037
C-F08-1,2026-07-07,2026-07-07 10:48:00,-1,-0.00596129,lb=0.01778 ls=0.023741 thr=0.005037
C-F08-1,2026-07-07,2026-07-07 11:07:00,-1,-0.00627144,lb=0.015346 ls=0.021618 thr=0.005037
C-F08-1,2026-07-07,2026-07-07 14:21:00,1,0.00511999,lb=0.032934 ls=0.027814 thr=0.005037
C-F08-1,2026-07-07,2026-07-07 15:02:00,-1,-0.00517871,lb=0.021121 ls=0.0263 thr=0.005037
C-F08-1,2026-07-07,2026-07-07 15:18:00,-1,-0.0108317,lb=0.017282 ls=0.028114 thr=0.005037
C-F08-1,2026-07-07,2026-07-07 15:34:00,-1,-0.00511133,lb=0.025159 ls=0.03027 thr=0.005037
C-F08-1,2026-07-08,2026-07-08 12:24:00,1,0.00531326,lb=0.026702 ls=0.021389 thr=0.004992
C-F08-1,2026-07-08,2026-07-08 12:55:00,1,0.00575185,lb=0.023821 ls=0.018069 thr=0.004992
C-F08-1,2026-07-08,2026-07-08 14:31:00,1,0.00516347,lb=0.030835 ls=0.025671 thr=0.004992
C-F08-1,2026-07-08,2026-07-08 14:58:00,1,0.00595205,lb=0.03079 ls=0.024838 thr=0.004992
C-F08-1,2026-07-08,2026-07-08 15:45:00,1,0.00515724,lb=0.03322 ls=0.028063 thr=0.004992
C-F08-1,2026-07-09,2026-07-09 11:59:00,1,0.00779955,lb=0.025055 ls=0.017256 thr=0.0049341
C-F08-1,2026-07-09,2026-07-09 12:15:00,1,0.00798571,lb=0.021735 ls=0.013749 thr=0.0049341
C-F08-1,2026-07-09,2026-07-09 12:31:00,1,0.00576396,lb=0.021902 ls=0.016138 thr=0.0049341
C-F08-1,2026-07-09,2026-07-09 14:00:00,1,0.00551924,lb=0.01724 ls=0.011721 thr=0.0049341
C-F08-1,2026-07-09,2026-07-09 14:16:00,1,0.00612167,lb=0.016821 ls=0.0107 thr=0.0049341
C-F08-1,2026-07-09,2026-07-09 15:00:00,-1,-0.00587551,lb=0.012279 ls=0.018154 thr=0.0049341
C-F08-1,2026-07-09,2026-07-09 15:22:00,-1,-0.00528707,lb=0.015503 ls=0.02079 thr=0.0049341
C-F08-1,2026-07-10,2026-07-10 10:59:00,1,0.00515988,lb=0.024624 ls=0.019465 thr=0.0049753
C-F08-1,2026-07-10,2026-07-10 11:33:00,1,0.00959372,lb=0.022781 ls=0.013187 thr=0.0049753
C-F08-1,2026-07-10,2026-07-10 12:43:00,1,0.00552299,lb=0.022516 ls=0.016993 thr=0.0049753
C-F08-1,2026-07-10,2026-07-10 15:01:00,-1,-0.00562123,lb=0.018776 ls=0.024398 thr=0.0049753
C-F08-1,2026-07-13,2026-07-13 10:33:00,1,0.0050462,lb=0.027263 ls=0.022217 thr=0.0045846
C-F08-1,2026-07-13,2026-07-13 10:49:00,1,0.011426,lb=0.029055 ls=0.017629 thr=0.0045846
C-F08-1,2026-07-13,2026-07-13 11:05:00,1,0.0107446,lb=0.027171 ls=0.016426 thr=0.0045846
C-F08-1,2026-07-13,2026-07-13 11:21:00,1,0.00963282,lb=0.02742 ls=0.017787 thr=0.0045846
C-F08-1,2026-07-13,2026-07-13 11:37:00,1,0.00518233,lb=0.027196 ls=0.022014 thr=0.0045846
C-F08-1,2026-07-13,2026-07-13 11:54:00,1,0.00555307,lb=0.030482 ls=0.024929 thr=0.0045846
C-F08-1,2026-07-13,2026-07-13 12:11:00,1,0.00485792,lb=0.034039 ls=0.029181 thr=0.0045846
C-F08-1,2026-07-13,2026-07-13 12:27:00,1,0.00509734,lb=0.030984 ls=0.025887 thr=0.0045846
C-F08-1,2026-07-13,2026-07-13 13:03:00,1,0.00464377,lb=0.027266 ls=0.022622 thr=0.0045846
C-F08-1,2026-07-13,2026-07-13 13:19:00,1,0.00565869,lb=0.02922 ls=0.023561 thr=0.0045846
C-F08-1,2026-07-13,2026-07-13 13:35:00,1,0.00557458,lb=0.028822 ls=0.023247 thr=0.0045846
C-F08-1,2026-07-13,2026-07-13 13:51:00,1,0.00472188,lb=0.028297 ls=0.023575 thr=0.0045846
C-F08-1,2026-07-13,2026-07-13 15:25:00,1,0.00609436,lb=0.02859 ls=0.022496 thr=0.0045846
C-F08-1,2026-07-13,2026-07-13 15:41:00,1,0.00965772,lb=0.028288 ls=0.01863 thr=0.0045846
C-F08-1,2026-07-14,2026-07-14 11:07:00,-1,-0.00486346,lb=0.020804 ls=0.025668 thr=0.0048583
C-F08-1,2026-07-14,2026-07-14 12:57:00,1,0.0063817,lb=0.034159 ls=0.027778 thr=0.0048583
C-F08-1,2026-07-14,2026-07-14 13:13:00,1,0.0129277,lb=0.029765 ls=0.016837 thr=0.0048583
C-F08-1,2026-07-14,2026-07-14 13:29:00,1,0.0133498,lb=0.028529 ls=0.01518 thr=0.0048583
C-F08-1,2026-07-14,2026-07-14 13:45:00,1,0.0134125,lb=0.029718 ls=0.016306 thr=0.0048583
C-F08-1,2026-07-14,2026-07-14 14:01:00,1,0.00702325,lb=0.026046 ls=0.019023 thr=0.0048583
C-F08-1,2026-07-14,2026-07-14 15:42:00,-1,-0.00555781,lb=0.018775 ls=0.024332 thr=0.0048583
C-F08-1,2026-07-15,2026-07-15 11:28:00,1,0.00658444,lb=0.026369 ls=0.019785 thr=0.0048531
C-F08-1,2026-07-15,2026-07-15 11:44:00,1,0.00896029,lb=0.027251 ls=0.018291 thr=0.0048531
C-F08-1,2026-07-15,2026-07-15 12:00:00,1,0.0090287,lb=0.02787 ls=0.018841 thr=0.0048531
C-F08-1,2026-07-15,2026-07-15 12:16:00,1,0.00768503,lb=0.026688 ls=0.019002 thr=0.0048531
C-F08-1,2026-07-15,2026-07-15 13:40:00,1,0.00509639,lb=0.025817 ls=0.020721 thr=0.0048531
C-F08-1,2026-07-15,2026-07-15 13:56:00,1,0.0152451,lb=0.025686 ls=0.010441 thr=0.0048531
C-F08-1,2026-07-15,2026-07-15 14:12:00,1,0.0145457,lb=0.02713 ls=0.012584 thr=0.0048531
C-F08-1,2026-07-15,2026-07-15 14:28:00,1,0.0139925,lb=0.024419 ls=0.010427 thr=0.0048531
C-F08-1,2026-07-15,2026-07-15 14:44:00,1,0.00946506,lb=0.023927 ls=0.014462 thr=0.0048531
C-F08-1,2026-07-15,2026-07-15 15:01:00,1,0.00488503,lb=0.024085 ls=0.0192 thr=0.0048531
C-F08-1,2026-07-16,2026-07-16 11:30:00,-1,-0.00548186,lb=0.021267 ls=0.026748 thr=0.0051617
C-F08-1,2026-07-16,2026-07-16 13:21:00,1,0.00584488,lb=0.033251 ls=0.027406 thr=0.0051617
C-F08-1,2026-07-16,2026-07-16 13:37:00,1,0.00815288,lb=0.035868 ls=0.027715 thr=0.0051617
C-F08-1,2026-07-17,2026-07-17 10:32:00,1,0.00803339,lb=0.02982 ls=0.021786 thr=0.0049729
C-F08-1,2026-07-17,2026-07-17 10:49:00,1,0.00535259,lb=0.029711 ls=0.024358 thr=0.0049729
C-F08-1,2026-07-17,2026-07-17 11:05:00,-1,-0.005193,lb=0.026212 ls=0.031405 thr=0.0049729
C-F08-1,2026-07-17,2026-07-17 11:21:00,-1,-0.0103209,lb=0.02402 ls=0.034341 thr=0.0049729
C-F08-1,2026-07-17,2026-07-17 11:37:00,-1,-0.0101656,lb=0.022006 ls=0.032171 thr=0.0049729
C-F08-1,2026-07-17,2026-07-17 12:11:00,1,0.00544762,lb=0.032376 ls=0.026928 thr=0.0049729
C-F08-1,2026-07-17,2026-07-17 13:29:00,1,0.00498415,lb=0.033631 ls=0.028647 thr=0.0049729
C-F08-1,2026-07-17,2026-07-17 14:08:00,1,0.00537393,lb=0.035283 ls=0.02991 thr=0.0049729
C-F08-1,2026-07-17,2026-07-17 14:25:00,-1,-0.00717141,lb=0.024561 ls=0.031733 thr=0.0049729
C-F08-1,2026-07-17,2026-07-17 14:41:00,-1,-0.0130033,lb=0.022321 ls=0.035325 thr=0.0049729
C-F08-1,2026-07-17,2026-07-17 14:57:00,-1,-0.00626984,lb=0.025419 ls=0.031689 thr=0.0049729
C-F08-1,2026-07-17,2026-07-17 15:14:00,-1,-0.00502164,lb=0.027526 ls=0.032548 thr=0.0049729
C-F08-1,2026-07-17,2026-07-17 15:45:00,1,0.00524277,lb=0.034081 ls=0.028839 thr=0.0049729
C-F08-1,2026-07-20,2026-07-20 10:32:00,1,0.0049975,lb=0.022205 ls=0.017208 thr=0.0046968
C-F08-1,2026-07-20,2026-07-20 10:48:00,1,0.00533232,lb=0.023498 ls=0.018166 thr=0.0046968
C-F08-1,2026-07-20,2026-07-20 12:11:00,1,0.00560213,lb=0.023028 ls=0.017426 thr=0.0046968
C-F08-1,2026-07-20,2026-07-20 12:27:00,1,0.00600813,lb=0.022553 ls=0.016545 thr=0.0046968
C-F08-1,2026-07-20,2026-07-20 13:07:00,1,0.00469816,lb=0.027396 ls=0.022698 thr=0.0046968
C-F08-1,2026-07-20,2026-07-20 13:23:00,1,0.00671199,lb=0.032824 ls=0.026112 thr=0.0046968
C-F08-1,2026-07-20,2026-07-20 13:41:00,1,0.00583848,lb=0.035375 ls=0.029536 thr=0.0046968
C-F08-1,2026-07-20,2026-07-20 15:37:00,-1,-0.00522052,lb=0.027315 ls=0.032536 thr=0.0046968
C-F08-1,2026-07-21,2026-07-21 11:46:00,1,0.00455797,lb=0.018841 ls=0.014283 thr=0.0045499
C-F08-1,2026-07-21,2026-07-21 13:26:00,1,0.00479357,lb=0.017346 ls=0.012552 thr=0.0045499
C-F08-1,2026-07-22,2026-07-22 11:21:00,1,0.00482718,lb=0.019938 ls=0.015111 thr=0.0044054
C-F08-1,2026-07-22,2026-07-22 11:37:00,1,0.00476566,lb=0.019829 ls=0.015063 thr=0.0044054
C-F08-1,2026-07-22,2026-07-22 11:53:00,1,0.00741055,lb=0.019455 ls=0.012045 thr=0.0044054
C-F08-1,2026-07-22,2026-07-22 12:09:00,1,0.0080897,lb=0.022101 ls=0.014011 thr=0.0044054
C-F08-1,2026-07-22,2026-07-22 12:25:00,1,0.00789453,lb=0.023324 ls=0.01543 thr=0.0044054
C-F08-1,2026-07-22,2026-07-22 12:47:00,1,0.00473213,lb=0.021969 ls=0.017237 thr=0.0044054
C-F08-1,2026-07-22,2026-07-22 13:42:00,1,0.00484738,lb=0.023765 ls=0.018917 thr=0.0044054
C-F08-1,2026-07-22,2026-07-22 14:54:00,-1,-0.00605896,lb=0.017938 ls=0.023997 thr=0.0044054
C-F08-1,2026-07-22,2026-07-22 15:10:00,-1,-0.00635479,lb=0.019656 ls=0.02601 thr=0.0044054
C-F08-1,2026-07-22,2026-07-22 15:32:00,-1,-0.00621718,lb=0.021613 ls=0.027831 thr=0.0044054
C-F08-1,2026-07-23,2026-07-23 11:11:00,-1,-0.00478359,lb=0.025353 ls=0.030137 thr=0.0043549
C-F08-1,2026-07-23,2026-07-23 11:27:00,-1,-0.00608853,lb=0.020642 ls=0.026731 thr=0.0043549
C-F08-1,2026-07-23,2026-07-23 11:43:00,-1,-0.00899142,lb=0.016567 ls=0.025558 thr=0.0043549
C-F08-1,2026-07-23,2026-07-23 11:59:00,-1,-0.00890403,lb=0.019015 ls=0.027919 thr=0.0043549
C-F08-1,2026-07-23,2026-07-23 12:19:00,1,0.00455422,lb=0.026026 ls=0.021472 thr=0.0043549
C-F08-1,2026-07-23,2026-07-23 12:35:00,1,0.0103378,lb=0.024711 ls=0.014373 thr=0.0043549
C-F08-1,2026-07-23,2026-07-23 12:51:00,1,0.00686682,lb=0.025652 ls=0.018785 thr=0.0043549
C-F08-1,2026-07-23,2026-07-23 14:24:00,-1,-0.00526691,lb=0.027956 ls=0.033223 thr=0.0043549
C-F08-1,2026-07-23,2026-07-23 14:42:00,-1,-0.00468454,lb=0.026766 ls=0.031451 thr=0.0043549
C-F08-1,2026-07-23,2026-07-23 14:58:00,-1,-0.0074214,lb=0.023186 ls=0.030607 thr=0.0043549
C-F08-1,2026-07-23,2026-07-23 15:14:00,-1,-0.00749085,lb=0.019711 ls=0.027202 thr=0.0043549
C-F08-1,2026-07-23,2026-07-23 15:30:00,-1,-0.00589621,lb=0.022471 ls=0.028367 thr=0.0043549
C-F08-1,2026-07-24,2026-07-24 10:32:00,1,0.00746585,lb=0.033347 ls=0.025881 thr=0.0046031
C-F08-1,2026-07-24,2026-07-24 10:48:00,1,0.00859332,lb=0.035432 ls=0.026839 thr=0.0046031
C-F08-1,2026-07-24,2026-07-24 11:50:00,1,0.00468001,lb=0.035511 ls=0.030831 thr=0.0046031
C-F08-1,2026-07-24,2026-07-24 12:06:00,1,0.0107129,lb=0.03656 ls=0.025847 thr=0.0046031
C-F08-1,2026-07-24,2026-07-24 12:22:00,1,0.0137764,lb=0.037249 ls=0.023473 thr=0.0046031
C-F08-1,2026-07-24,2026-07-24 12:38:00,1,0.00999206,lb=0.030056 ls=0.020064 thr=0.0046031
C-F08-1,2026-07-24,2026-07-24 13:49:00,1,0.00461655,lb=0.02546 ls=0.020844 thr=0.0046031
C-F08-1,2026-07-24,2026-07-24 14:28:00,-1,-0.00494804,lb=0.027414 ls=0.032362 thr=0.0046031
C-F08-1,2026-07-24,2026-07-24 15:15:00,-1,-0.00578997,lb=0.020731 ls=0.026521 thr=0.0046031
C-F08-1,2026-07-27,2026-07-27 10:33:00,-1,-0.00508323,lb=0.021268 ls=0.026352 thr=0.0046014
C-F08-1,2026-07-27,2026-07-27 10:49:00,-1,-0.00973407,lb=0.017381 ls=0.027115 thr=0.0046014
C-F08-1,2026-07-27,2026-07-27 11:32:00,1,0.00490746,lb=0.027674 ls=0.022766 thr=0.0046014
C-F08-1,2026-07-27,2026-07-27 11:48:00,1,0.00774343,lb=0.031858 ls=0.024115 thr=0.0046014
C-F08-1,2026-07-27,2026-07-27 12:11:00,1,0.00475542,lb=0.028326 ls=0.023571 thr=0.0046014
C-F08-1,2026-07-27,2026-07-27 12:50:00,-1,-0.00600981,lb=0.035172 ls=0.041181 thr=0.0046014
C-F08-1,2026-07-27,2026-07-27 13:06:00,-1,-0.00708165,lb=0.033737 ls=0.040819 thr=0.0046014
C-F08-1,2026-07-27,2026-07-27 13:22:00,-1,-0.00984211,lb=0.030215 ls=0.040057 thr=0.0046014
C-F08-1,2026-07-27,2026-07-27 13:38:00,-1,-0.0105803,lb=0.02692 ls=0.0375 thr=0.0046014
C-F08-1,2026-07-27,2026-07-27 14:09:00,1,0.00549742,lb=0.040598 ls=0.0351 thr=0.0046014
C-F08-1,2026-07-27,2026-07-27 14:25:00,1,0.0087948,lb=0.044222 ls=0.035427 thr=0.0046014
C-F08-1,2026-07-27,2026-07-27 14:41:00,1,0.0107123,lb=0.044583 ls=0.03387 thr=0.0046014
C-F08-1,2026-07-27,2026-07-27 15:16:00,-1,-0.00700747,lb=0.032263 ls=0.039271 thr=0.0046014
C-F08-1,2026-07-27,2026-07-27 15:32:00,-1,-0.00972006,lb=0.032175 ls=0.041895 thr=0.0046014
C-F08-1,2026-07-28,2026-07-28 10:32:00,-1,-0.00551453,lb=0.0335 ls=0.039015 thr=0.0048577
C-F08-1,2026-07-28,2026-07-28 10:48:00,-1,-0.00504608,lb=0.034937 ls=0.039983 thr=0.0048577
C-F08-1,2026-07-28,2026-07-28 11:04:00,-1,-0.00515947,lb=0.03155 ls=0.03671 thr=0.0048577
C-F08-1,2026-07-28,2026-07-28 12:24:00,-1,-0.00511018,lb=0.020976 ls=0.026086 thr=0.0048577
C-F08-1,2026-07-28,2026-07-28 12:44:00,-1,-0.0056221,lb=0.021279 ls=0.026901 thr=0.0048577
C-F08-1,2026-07-28,2026-07-28 13:07:00,-1,-0.00511889,lb=0.025637 ls=0.030756 thr=0.0048577
C-F08-1,2026-07-28,2026-07-28 13:48:00,-1,-0.00541463,lb=0.022798 ls=0.028212 thr=0.0048577
C-F08-1,2026-07-28,2026-07-28 14:04:00,-1,-0.00728738,lb=0.024067 ls=0.031354 thr=0.0048577
C-F08-1,2026-07-28,2026-07-28 14:20:00,-1,-0.00961162,lb=0.025904 ls=0.035516 thr=0.0048577
C-F08-1,2026-07-28,2026-07-28 14:36:00,-1,-0.00871695,lb=0.02887 ls=0.037587 thr=0.0048577
C-F08-1,2026-07-28,2026-07-28 14:52:00,-1,-0.00823556,lb=0.029031 ls=0.037267 thr=0.0048577
C-F08-1,2026-07-28,2026-07-28 15:08:00,-1,-0.00684541,lb=0.028176 ls=0.035021 thr=0.0048577
C-F08-1,2026-07-28,2026-07-28 15:24:00,-1,-0.00530579,lb=0.029749 ls=0.035055 thr=0.0048577
C-F08-1,2026-07-28,2026-07-28 15:40:00,-1,-0.00704529,lb=0.029831 ls=0.036877 thr=0.0048577
C-F08-1,2026-07-29,2026-07-29 10:33:00,-1,-0.00607569,lb=0.024282 ls=0.030358 thr=0.0050449
C-F08-1,2026-07-29,2026-07-29 10:49:00,-1,-0.00594047,lb=0.022092 ls=0.028032 thr=0.0050449
C-F08-1,2026-07-29,2026-07-29 11:05:00,-1,-0.00562274,lb=0.020431 ls=0.026054 thr=0.0050449
C-F08-1,2026-07-29,2026-07-29 11:26:00,-1,-0.00515587,lb=0.027439 ls=0.032595 thr=0.0050449
C-F08-1,2026-07-29,2026-07-29 11:42:00,-1,-0.00743338,lb=0.032669 ls=0.040102 thr=0.0050449
C-F08-1,2026-07-29,2026-07-29 12:13:00,-1,-0.00507211,lb=0.0258 ls=0.030872 thr=0.0050449
C-F08-1,2026-07-29,2026-07-29 13:31:00,1,0.00524929,lb=0.038366 ls=0.033117 thr=0.0050449
C-F08-1,2026-07-29,2026-07-29 13:48:00,1,0.00614333,lb=0.043126 ls=0.036983 thr=0.0050449
C-F08-1,2026-07-29,2026-07-29 14:04:00,1,0.00765546,lb=0.049889 ls=0.042234 thr=0.0050449
C-F08-1,2026-07-29,2026-07-29 14:20:00,1,0.0119297,lb=0.060405 ls=0.048475 thr=0.0050449
C-F08-1,2026-07-29,2026-07-29 14:36:00,1,0.0125513,lb=0.059409 ls=0.046858 thr=0.0050449
C-F08-1,2026-07-29,2026-07-29 14:52:00,1,0.0167848,lb=0.057556 ls=0.040771 thr=0.0050449
C-F08-1,2026-07-29,2026-07-29 15:08:00,1,0.00973786,lb=0.047897 ls=0.038159 thr=0.0050449
C-F08-1,2026-07-29,2026-07-29 15:37:00,-1,-0.00673948,lb=0.03873 ls=0.045469 thr=0.0050449
C-F08-1,2026-07-30,2026-07-30 10:32:00,1,0.0068883,lb=0.020754 ls=0.013866 thr=0.0053996
C-F08-1,2026-07-30,2026-07-30 11:46:00,-1,-0.00558421,lb=0.025994 ls=0.031578 thr=0.0053996
C-F08-1,2026-07-30,2026-07-30 12:32:00,1,0.00592655,lb=0.02956 ls=0.023633 thr=0.0053996
C-F08-1,2026-07-30,2026-07-30 12:48:00,1,0.00602343,lb=0.02851 ls=0.022486 thr=0.0053996
C-F08-1,2026-07-30,2026-07-30 13:06:00,1,0.00639203,lb=0.030755 ls=0.024363 thr=0.0053996
C-F08-1,2026-07-30,2026-07-30 14:43:00,1,0.00588287,lb=0.029867 ls=0.023984 thr=0.0053996
C-F08-1,2026-07-30,2026-07-30 15:19:00,1,0.00543335,lb=0.02508 ls=0.019647 thr=0.0053996
C-F08-1,2026-07-31,2026-07-31 10:58:00,1,0.00547922,lb=0.032815 ls=0.027336 thr=0.0053736
C-F08-1,2026-07-31,2026-07-31 11:14:00,1,0.0139191,lb=0.03706 ls=0.023141 thr=0.0053736
C-F08-1,2026-07-31,2026-07-31 11:32:00,1,0.00541019,lb=0.033984 ls=0.028574 thr=0.0053736
C-F08-1,2026-07-31,2026-07-31 11:53:00,1,0.00598254,lb=0.038701 ls=0.032719 thr=0.0053736
C-F08-1,2026-07-31,2026-07-31 12:18:00,1,0.00675467,lb=0.0371 ls=0.030345 thr=0.0053736
C-F08-1,2026-07-31,2026-07-31 12:34:00,1,0.00651971,lb=0.034976 ls=0.028456 thr=0.0053736
C-F08-1,2026-07-31,2026-07-31 12:59:00,1,0.00672974,lb=0.031526 ls=0.024796 thr=0.0053736
C-F08-1,2026-07-31,2026-07-31 13:31:00,1,0.00544055,lb=0.030203 ls=0.024762 thr=0.0053736
C-F08-1,2026-07-31,2026-07-31 13:48:00,1,0.00545895,lb=0.029591 ls=0.024132 thr=0.0053736
C-F08-1,2026-07-31,2026-07-31 14:08:00,1,0.00576735,lb=0.033857 ls=0.028089 thr=0.0053736
C-F08-1,2026-07-31,2026-07-31 15:22:00,1,0.00652885,lb=0.030551 ls=0.024023 thr=0.0053736
C-F08-1,2026-08-03,2026-08-03 10:32:00,1,0.00797644,lb=0.029039 ls=0.021063 thr=0.0056113
C-F08-1,2026-08-03,2026-08-03 10:48:00,1,0.00804846,lb=0.028218 ls=0.020169 thr=0.0056113
C-F08-1,2026-08-03,2026-08-03 11:04:00,1,0.00759157,lb=0.021779 ls=0.014187 thr=0.0056113
C-F08-1,2026-08-03,2026-08-03 11:20:00,1,0.0062188,lb=0.018942 ls=0.012723 thr=0.0056113
C-F08-1,2026-08-03,2026-08-03 11:37:00,1,0.00614104,lb=0.020898 ls=0.014757 thr=0.0056113
C-F08-1,2026-08-03,2026-08-03 11:53:00,1,0.00629058,lb=0.022878 ls=0.016587 thr=0.0056113
C-F08-1,2026-08-03,2026-08-03 14:04:00,1,0.00651398,lb=0.013136 ls=0.0066225 thr=0.0056113
C-F08-1,2026-08-04,2026-08-04 15:00:00,1,0.0063795,lb=0.020179 ls=0.013799 thr=0.005733
C-F08-1,2026-08-04,2026-08-04 15:38:00,1,0.00596507,lb=0.017481 ls=0.011515 thr=0.005733
C-F08-1,2026-08-05,2026-08-05 10:37:00,1,0.00583119,lb=0.023996 ls=0.018165 thr=0.0055685
C-F08-1,2026-08-05,2026-08-05 11:50:00,1,0.00682268,lb=0.02747 ls=0.020647 thr=0.0055685
C-F08-1,2026-08-05,2026-08-05 12:06:00,1,0.0123074,lb=0.033954 ls=0.021647 thr=0.0055685
C-F08-1,2026-08-05,2026-08-05 12:22:00,1,0.00633468,lb=0.028852 ls=0.022517 thr=0.0055685
C-F08-1,2026-08-05,2026-08-05 13:28:00,1,0.00601991,lb=0.030316 ls=0.024296 thr=0.0055685
C-F08-1,2026-08-05,2026-08-05 13:45:00,1,0.00698975,lb=0.02654 ls=0.019551 thr=0.0055685
C-F08-1,2026-08-05,2026-08-05 14:01:00,1,0.00633641,lb=0.031461 ls=0.025125 thr=0.0055685
C-F08-1,2026-08-05,2026-08-05 14:39:00,1,0.00563868,lb=0.033147 ls=0.027508 thr=0.0055685
C-F08-1,2026-08-05,2026-08-05 14:55:00,1,0.00621872,lb=0.030138 ls=0.02392 thr=0.0055685
C-F08-1,2026-08-05,2026-08-05 15:15:00,1,0.00603485,lb=0.024876 ls=0.018841 thr=0.0055685
C-F08-1,2026-08-06,2026-08-06 10:33:00,1,0.00568971,lb=0.025359 ls=0.019669 thr=0.0055127
C-F08-1,2026-08-06,2026-08-06 10:49:00,1,0.00675969,lb=0.025403 ls=0.018644 thr=0.0055127
C-F08-1,2026-08-06,2026-08-06 11:11:00,1,0.005851,lb=0.024654 ls=0.018803 thr=0.0055127
C-F08-1,2026-08-06,2026-08-06 11:27:00,1,0.00580336,lb=0.024886 ls=0.019083 thr=0.0055127
C-F08-1,2026-08-06,2026-08-06 11:43:00,1,0.00565304,lb=0.027483 ls=0.02183 thr=0.0055127
C-F08-1,2026-08-06,2026-08-06 11:59:00,1,0.00608818,lb=0.027167 ls=0.021079 thr=0.0055127
C-F08-1,2026-08-06,2026-08-06 12:15:00,1,0.00709113,lb=0.029553 ls=0.022461 thr=0.0055127
C-F08-1,2026-08-06,2026-08-06 12:32:00,1,0.00651668,lb=0.026975 ls=0.020458 thr=0.0055127
C-F08-1,2026-08-06,2026-08-06 13:47:00,1,0.00561367,lb=0.025724 ls=0.020111 thr=0.0055127
C-F08-1,2026-08-06,2026-08-06 14:03:00,1,0.00731268,lb=0.028255 ls=0.020942 thr=0.0055127
C-F08-1,2026-08-06,2026-08-06 14:19:00,1,0.00940898,lb=0.033702 ls=0.024293 thr=0.0055127
C-F08-1,2026-08-06,2026-08-06 14:35:00,1,0.00666171,lb=0.031646 ls=0.024984 thr=0.0055127
C-F08-1,2026-08-06,2026-08-06 14:51:00,1,0.00958574,lb=0.035564 ls=0.025979 thr=0.0055127
C-F08-1,2026-08-06,2026-08-06 15:07:00,1,0.0111426,lb=0.036731 ls=0.025589 thr=0.0055127
C-F08-1,2026-08-06,2026-08-06 15:23:00,1,0.0133863,lb=0.03979 ls=0.026404 thr=0.0055127
C-F08-1,2026-08-06,2026-08-06 15:39:00,1,0.0129056,lb=0.041893 ls=0.028988 thr=0.0055127
C-F08-1,2026-08-07,2026-08-07 15:16:00,1,0.00575285,lb=0.023192 ls=0.017439 thr=0.0057506
C-F08-1,2026-08-10,2026-08-10 10:32:00,1,0.00607826,lb=0.016661 ls=0.010583 thr=0.0056143
C-F08-1,2026-08-10,2026-08-10 10:48:00,1,0.00674224,lb=0.016895 ls=0.010152 thr=0.0056143
C-F08-1,2026-08-10,2026-08-10 11:04:00,1,0.00678797,lb=0.016731 ls=0.0099435 thr=0.0056143
C-F08-1,2026-08-10,2026-08-10 11:20:00,1,0.00731884,lb=0.018978 ls=0.011659 thr=0.0056143
C-F08-1,2026-08-10,2026-08-10 13:43:00,1,0.00667206,lb=0.021246 ls=0.014574 thr=0.0056143
C-F08-1,2026-08-11,2026-08-11 12:23:00,1,0.00725078,lb=0.022388 ls=0.015137 thr=0.0055404
C-F08-1,2026-08-11,2026-08-11 12:49:00,1,0.00567719,lb=0.01797 ls=0.012293 thr=0.0055404
C-F08-1,2026-08-12,2026-08-12 11:28:00,1,0.00538434,lb=0.022327 ls=0.016943 thr=0.0053707
C-F08-1,2026-08-12,2026-08-12 11:44:00,1,0.00591945,lb=0.023612 ls=0.017693 thr=0.0053707
C-F08-1,2026-08-12,2026-08-12 12:00:00,1,0.00632723,lb=0.023507 ls=0.01718 thr=0.0053707
C-F08-1,2026-08-12,2026-08-12 12:16:00,1,0.00589562,lb=0.022939 ls=0.017043 thr=0.0053707
C-F08-1,2026-08-12,2026-08-12 13:51:00,1,0.00542957,lb=0.015079 ls=0.0096496 thr=0.0053707
C-F08-1,2026-08-12,2026-08-12 14:11:00,1,0.00634809,lb=0.016736 ls=0.010388 thr=0.0053707
C-F08-1,2026-08-12,2026-08-12 14:34:00,1,0.00619828,lb=0.020833 ls=0.014635 thr=0.0053707
C-F08-1,2026-08-13,2026-08-13 10:42:00,1,0.00604406,lb=0.01567 ls=0.0096264 thr=0.0054369
C-F08-1,2026-08-13,2026-08-13 13:41:00,1,0.00545911,lb=0.013548 ls=0.0080894 thr=0.0054369
C-F08-1,2026-08-14,2026-08-14 11:06:00,1,0.00649133,lb=0.017087 ls=0.010596 thr=0.0054436
C-F08-1,2026-08-14,2026-08-14 13:27:00,1,0.00556343,lb=0.017431 ls=0.011868 thr=0.0054436
C-F08-1,2026-08-14,2026-08-14 15:05:00,1,0.00630677,lb=0.017469 ls=0.011162 thr=0.0054436
C-F08-1,2026-08-14,2026-08-14 15:21:00,1,0.00712527,lb=0.01737 ls=0.010244 thr=0.0054436
C-F08-1,2026-08-14,2026-08-14 15:37:00,1,0.00681424,lb=0.018008 ls=0.011194 thr=0.0054436
C-F08-1,2026-08-17,2026-08-17 14:07:00,1,0.00560403,lb=0.01646 ls=0.010856 thr=0.0052745
C-F08-2,2025-08-21,2025-08-21 11:14:00,1,0.00306895,lb=0.019274 ls=0.016205 thr=0.002673
C-F08-2,2025-08-21,2025-08-21 11:46:00,1,0.002726,lb=0.019619 ls=0.016893 thr=0.002673
C-F08-2,2025-08-21,2025-08-21 12:34:00,-1,-0.0026893,lb=0.016761 ls=0.01945 thr=0.002673
C-F08-2,2025-08-21,2025-08-21 13:19:00,1,0.00273195,lb=0.021012 ls=0.01828 thr=0.002673
C-F08-2,2025-08-21,2025-08-21 14:33:00,1,0.00303774,lb=0.020241 ls=0.017203 thr=0.002673
C-F08-2,2025-08-21,2025-08-21 15:04:00,1,0.00334656,lb=0.023847 ls=0.0205 thr=0.002673
C-F08-2,2025-08-22,2025-08-22 10:32:00,1,0.00611791,lb=0.027403 ls=0.021285 thr=0.002655
C-F08-2,2025-08-22,2025-08-22 11:07:00,1,0.00303178,lb=0.024889 ls=0.021857 thr=0.002655
C-F08-2,2025-08-22,2025-08-22 12:22:00,1,0.00285465,lb=0.017173 ls=0.014318 thr=0.002655
C-F08-2,2025-08-22,2025-08-22 12:53:00,1,0.00401193,lb=0.020714 ls=0.016702 thr=0.002655
C-F08-2,2025-08-22,2025-08-22 13:27:00,1,0.00319986,lb=0.017479 ls=0.01428 thr=0.002655
C-F08-2,2025-08-22,2025-08-22 13:58:00,1,0.0035299,lb=0.019103 ls=0.015573 thr=0.002655
C-F08-2,2025-08-22,2025-08-22 14:37:00,-1,-0.00297726,lb=0.017861 ls=0.020838 thr=0.002655
C-F08-2,2025-08-22,2025-08-22 15:08:00,-1,-0.0027269,lb=0.014645 ls=0.017372 thr=0.002655
C-F08-2,2025-08-25,2025-08-25 10:32:00,1,0.00333857,lb=0.017578 ls=0.014239 thr=0.0029218
C-F08-2,2025-08-25,2025-08-25 11:03:00,1,0.00312931,lb=0.01672 ls=0.013591 thr=0.0029218
C-F08-2,2025-08-25,2025-08-25 11:35:00,1,0.00355842,lb=0.014597 ls=0.011038 thr=0.0029218
C-F08-2,2025-08-25,2025-08-25 12:06:00,1,0.002934,lb=0.012987 ls=0.010053 thr=0.0029218
C-F08-2,2025-08-25,2025-08-25 12:55:00,1,0.00318859,lb=0.01502 ls=0.011831 thr=0.0029218
C-F08-2,2025-08-25,2025-08-25 13:26:00,1,0.00327195,lb=0.018852 ls=0.015581 thr=0.0029218
C-F08-2,2025-08-25,2025-08-25 14:23:00,-1,-0.00364696,lb=0.01269 ls=0.016337 thr=0.0029218
C-F08-2,2025-08-26,2025-08-26 10:32:00,-1,-0.00456894,lb=0.0099005 ls=0.014469 thr=0.0030311
C-F08-2,2025-08-26,2025-08-26 13:09:00,-1,-0.00344958,lb=0.012535 ls=0.015985 thr=0.0030311
C-F08-2,2025-08-26,2025-08-26 15:00:00,1,0.00304404,lb=0.016404 ls=0.01336 thr=0.0030311
C-F08-2,2025-08-27,2025-08-27 10:56:00,1,0.00293638,lb=0.012185 ls=0.0092486 thr=0.0028277
C-F08-2,2025-08-27,2025-08-27 12:57:00,1,0.00320387,lb=0.013447 ls=0.010243 thr=0.0028277
C-F08-2,2025-08-27,2025-08-27 13:28:00,1,0.00466106,lb=0.015348 ls=0.010687 thr=0.0028277
C-F08-2,2025-08-27,2025-08-27 14:21:00,1,0.00308607,lb=0.01244 ls=0.0093535 thr=0.0028277
C-F08-2,2025-08-27,2025-08-27 15:15:00,1,0.00308112,lb=0.01599 ls=0.012909 thr=0.0028277
C-F08-2,2025-08-28,2025-08-28 10:32:00,1,0.00391258,lb=0.022361 ls=0.018449 thr=0.0028376
C-F08-2,2025-08-28,2025-08-28 11:05:00,1,0.00302327,lb=0.018186 ls=0.015162 thr=0.0028376
C-F08-2,2025-08-28,2025-08-28 12:17:00,1,0.00375441,lb=0.017869 ls=0.014115 thr=0.0028376
C-F08-2,2025-08-28,2025-08-28 13:30:00,1,0.00320267,lb=0.017032 ls=0.013829 thr=0.0028376
C-F08-2,2025-08-28,2025-08-28 14:01:00,1,0.00357791,lb=0.016357 ls=0.012779 thr=0.0028376
C-F08-2,2025-08-29,2025-08-29 10:32:00,1,0.00586404,lb=0.019757 ls=0.013893 thr=0.002847
C-F08-2,2025-08-29,2025-08-29 11:03:00,1,0.00588746,lb=0.0197 ls=0.013812 thr=0.002847
C-F08-2,2025-08-29,2025-08-29 11:34:00,1,0.00443128,lb=0.017276 ls=0.012844 thr=0.002847
C-F08-2,2025-08-29,2025-08-29 12:05:00,1,0.00284744,lb=0.017978 ls=0.01513 thr=0.002847
C-F08-2,2025-08-29,2025-08-29 12:54:00,1,0.00315747,lb=0.017009 ls=0.013852 thr=0.002847
C-F08-2,2025-08-29,2025-08-29 13:25:00,1,0.00294163,lb=0.016544 ls=0.013602 thr=0.002847
C-F08-2,2025-08-29,2025-08-29 13:56:00,1,0.00393292,lb=0.01837 ls=0.014437 thr=0.002847
C-F08-2,2025-08-29,2025-08-29 14:32:00,1,0.00422443,lb=0.020997 ls=0.016773 thr=0.002847
C-F08-2,2025-08-29,2025-08-29 15:03:00,1,0.0032863,lb=0.023394 ls=0.020107 thr=0.002847
C-F08-2,2025-09-01,2025-09-01 10:32:00,1,0.00773466,lb=0.021589 ls=0.013855 thr=0.0030151
C-F08-2,2025-09-01,2025-09-01 11:03:00,1,0.00807183,lb=0.022064 ls=0.013992 thr=0.0030151
C-F08-2,2025-09-01,2025-09-01 11:34:00,1,0.00312341,lb=0.018628 ls=0.015505 thr=0.0030151
C-F08-2,2025-09-01,2025-09-01 12:16:00,-1,-0.00404839,lb=0.018753 ls=0.022802 thr=0.0030151
C-F08-2,2025-09-02,2025-09-02 10:43:00,1,0.00341173,lb=0.025852 ls=0.022441 thr=0.0030853
C-F08-2,2025-09-02,2025-09-02 11:17:00,-1,-0.00358428,lb=0.017885 ls=0.02147 thr=0.0030853
C-F08-2,2025-09-02,2025-09-02 11:48:00,-1,-0.00742759,lb=0.012782 ls=0.02021 thr=0.0030853
C-F08-2,2025-09-02,2025-09-02 12:19:00,-1,-0.00523385,lb=0.015429 ls=0.020663 thr=0.0030853
C-F08-2,2025-09-02,2025-09-02 13:02:00,1,0.00330047,lb=0.020789 ls=0.017488 thr=0.0030853
C-F08-2,2025-09-02,2025-09-02 13:33:00,1,0.00317255,lb=0.019921 ls=0.016748 thr=0.0030853
C-F08-2,2025-09-02,2025-09-02 14:04:00,1,0.00537167,lb=0.017391 ls=0.01202 thr=0.0030853
C-F08-2,2025-09-02,2025-09-02 14:38:00,-1,-0.00403042,lb=0.01217 ls=0.0162 thr=0.0030853
C-F08-2,2025-09-02,2025-09-02 15:09:00,-1,-0.00668713,lb=0.024664 ls=0.031351 thr=0.0030853
C-F08-2,2025-09-03,2025-09-03 11:49:00,1,0.00512457,lb=0.019529 ls=0.014404 thr=0.0033042
C-F08-2,2025-09-03,2025-09-03 12:38:00,1,0.00403449,lb=0.017705 ls=0.01367 thr=0.0033042
C-F08-2,2025-09-03,2025-09-03 13:18:00,1,0.00337363,lb=0.01658 ls=0.013207 thr=0.0033042
C-F08-2,2025-09-03,2025-09-03 14:48:00,-1,-0.00334242,lb=0.020182 ls=0.023524 thr=0.0033042
C-F08-2,2025-09-04,2025-09-04 12:07:00,1,0.00329613,lb=0.017102 ls=0.013806 thr=0.0032455
C-F08-2,2025-09-04,2025-09-04 12:38:00,1,0.00379646,lb=0.019336 ls=0.015539 thr=0.0032455
C-F08-2,2025-09-04,2025-09-04 14:16:00,1,0.00334303,lb=0.01283 ls=0.0094867 thr=0.0032455
C-F08-2,2025-09-05,2025-09-05 10:32:00,1,0.00422314,lb=0.02195 ls=0.017727 thr=0.0031724
C-F08-2,2025-09-05,2025-09-05 11:03:00,1,0.00592718,lb=0.024476 ls=0.018549 thr=0.0031724
C-F08-2,2025-09-05,2025-09-05 11:35:00,1,0.00320608,lb=0.025705 ls=0.022499 thr=0.0031724
C-F08-2,2025-09-05,2025-09-05 12:06:00,1,0.0074579,lb=0.026171 ls=0.018713 thr=0.0031724
C-F08-2,2025-09-05,2025-09-05 12:37:00,1,0.0049874,lb=0.025508 ls=0.02052 thr=0.0031724
C-F08-2,2025-09-05,2025-09-05 13:08:00,1,0.00636204,lb=0.03246 ls=0.026098 thr=0.0031724
C-F08-2,2025-09-05,2025-09-05 13:39:00,1,0.0132106,lb=0.040543 ls=0.027333 thr=0.0031724
C-F08-2,2025-09-05,2025-09-05 14:28:00,1,0.00353955,lb=0.025492 ls=0.021953 thr=0.0031724
C-F08-2,2025-09-05,2025-09-05 14:59:00,1,0.0064155,lb=0.025522 ls=0.019106 thr=0.0031724
C-F08-2,2025-09-08,2025-09-08 11:59:00,1,0.0036527,lb=0.012804 ls=0.009151 thr=0.0034276
C-F08-2,2025-09-09,2025-09-09 13:22:00,1,0.00332093,lb=0.019218 ls=0.015897 thr=0.0033009
C-F08-2,2025-09-09,2025-09-09 14:15:00,1,0.00337494,lb=0.015288 ls=0.011913 thr=0.0033009
C-F08-2,2025-09-09,2025-09-09 14:54:00,1,0.00349561,lb=0.015337 ls=0.011842 thr=0.0033009
C-F08-2,2025-09-10,2025-09-10 10:33:00,1,0.00331602,lb=0.014626 ls=0.01131 thr=0.0032027
C-F08-2,2025-09-10,2025-09-10 11:27:00,1,0.00360431,lb=0.015584 ls=0.01198 thr=0.0032027
C-F08-2,2025-09-10,2025-09-10 13:56:00,1,0.00456927,lb=0.017016 ls=0.012447 thr=0.0032027
C-F08-2,2025-09-10,2025-09-10 14:28:00,1,0.00353825,lb=0.018904 ls=0.015366 thr=0.0032027
C-F08-2,2025-09-11,2025-09-11 12:21:00,1,0.00324806,lb=0.014566 ls=0.011318 thr=0.0031749
C-F08-2,2025-09-12,2025-09-12 12:11:00,1,0.00324976,lb=0.015607 ls=0.012357 thr=0.0031397
C-F08-2,2025-09-12,2025-09-12 13:28:00,-1,-0.00316849,lb=0.0082908 ls=0.011459 thr=0.0031397
C-F08-2,2025-09-12,2025-09-12 14:43:00,-1,-0.00314668,lb=0.0085416 ls=0.011688 thr=0.0031397
C-F08-2,2025-09-15,2025-09-15 10:32:00,1,0.00726729,lb=0.028225 ls=0.020958 thr=0.003125
C-F08-2,2025-09-15,2025-09-15 11:12:00,-1,-0.00519341,lb=0.021609 ls=0.026802 thr=0.003125
C-F08-2,2025-09-15,2025-09-15 11:43:00,-1,-0.00404623,lb=0.019961 ls=0.024008 thr=0.003125
C-F08-2,2025-09-15,2025-09-15 12:20:00,1,0.00398244,lb=0.022513 ls=0.01853 thr=0.003125
C-F08-2,2025-09-15,2025-09-15 12:59:00,1,0.005125,lb=0.023456 ls=0.018331 thr=0.003125
C-F08-2,2025-09-15,2025-09-15 13:30:00,1,0.00555597,lb=0.023898 ls=0.018342 thr=0.003125
C-F08-2,2025-09-15,2025-09-15 14:01:00,1,0.004958,lb=0.028194 ls=0.023236 thr=0.003125
C-F08-2,2025-09-15,2025-09-15 14:36:00,1,0.00339826,lb=0.028077 ls=0.024679 thr=0.003125
C-F08-2,2025-09-15,2025-09-15 15:07:00,1,0.00412539,lb=0.026486 ls=0.022361 thr=0.003125
C-F08-2,2025-09-16,2025-09-16 11:11:00,1,0.00327468,lb=0.014191 ls=0.010917 thr=0.0031839
C-F08-2,2025-09-16,2025-09-16 12:59:00,1,0.0034438,lb=0.015201 ls=0.011757 thr=0.0031839
C-F08-2,2025-09-16,2025-09-16 13:42:00,1,0.0033481,lb=0.01248 ls=0.0091321 thr=0.0031839
C-F08-2,2025-09-16,2025-09-16 14:53:00,-1,-0.00336891,lb=0.013659 ls=0.017028 thr=0.0031839
C-F08-2,2025-09-16,2025-09-16 15:28:00,1,0.00340952,lb=0.012235 ls=0.0088257 thr=0.0031839
C-F08-2,2025-09-17,2025-09-17 11:04:00,-1,-0.00360253,lb=0.010654 ls=0.014257 thr=0.0031381
C-F08-2,2025-09-17,2025-09-17 11:38:00,-1,-0.003702,lb=0.011925 ls=0.015627 thr=0.0031381
C-F08-2,2025-09-17,2025-09-17 12:40:00,1,0.00354557,lb=0.016271 ls=0.012726 thr=0.0031381
C-F08-2,2025-09-17,2025-09-17 13:21:00,1,0.00314397,lb=0.020773 ls=0.017629 thr=0.0031381
C-F08-2,2025-09-17,2025-09-17 13:53:00,-1,-0.00390141,lb=0.018418 ls=0.02232 thr=0.0031381
C-F08-2,2025-09-17,2025-09-17 14:24:00,-1,-0.013244,lb=0.026178 ls=0.039422 thr=0.0031381
C-F08-2,2025-09-17,2025-09-17 14:55:00,-1,-0.00902343,lb=0.037722 ls=0.046746 thr=0.0031381
C-F08-2,2025-09-18,2025-09-18 11:30:00,-1,-0.00329317,lb=0.014754 ls=0.018048 thr=0.0031642
C-F08-2,2025-09-18,2025-09-18 12:01:00,-1,-0.00348814,lb=0.014494 ls=0.017982 thr=0.0031642
C-F08-2,2025-09-18,2025-09-18 13:38:00,-1,-0.00346587,lb=0.015435 ls=0.018901 thr=0.0031642
C-F08-2,2025-09-18,2025-09-18 14:12:00,-1,-0.0032941,lb=0.018801 ls=0.022095 thr=0.0031642
C-F08-2,2025-09-18,2025-09-18 14:59:00,1,0.00319084,lb=0.019594 ls=0.016403 thr=0.0031642
C-F08-2,2025-09-19,2025-09-19 13:15:00,-1,-0.00350186,lb=0.011096 ls=0.014598 thr=0.0032444
C-F08-2,2025-09-22,2025-09-22 12:22:00,1,0.00322431,lb=0.011295 ls=0.0080709 thr=0.0031955
C-F08-2,2025-09-22,2025-09-22 13:06:00,1,0.00369671,lb=0.010882 ls=0.0071853 thr=0.0031955
C-F08-2,2025-09-22,2025-09-22 13:41:00,1,0.0041603,lb=0.018181 ls=0.01402 thr=0.0031955
C-F08-2,2025-09-22,2025-09-22 15:19:00,1,0.00391346,lb=0.014455 ls=0.010541 thr=0.0031955
C-F08-2,2025-09-23,2025-09-23 11:12:00,1,0.00329802,lb=0.012169 ls=0.0088709 thr=0.0030267
C-F08-2,2025-09-23,2025-09-23 11:45:00,1,0.00342465,lb=0.013236 ls=0.0098109 thr=0.0030267
C-F08-2,2025-09-23,2025-09-23 12:16:00,1,0.00603329,lb=0.014732 ls=0.0086984 thr=0.0030267
C-F08-2,2025-09-23,2025-09-23 13:22:00,1,0.00367386,lb=0.014978 ls=0.011304 thr=0.0030267
C-F08-2,2025-09-23,2025-09-23 13:53:00,1,0.00347033,lb=0.015687 ls=0.012216 thr=0.0030267
C-F08-2,2025-09-23,2025-09-23 15:13:00,1,0.00320057,lb=0.020254 ls=0.017053 thr=0.0030267
C-F08-2,2025-09-24,2025-09-24 12:12:00,-1,-0.00322953,lb=0.0087528 ls=0.011982 thr=0.0030962
C-F08-2,2025-09-24,2025-09-24 15:18:00,1,0.00373118,lb=0.020894 ls=0.017163 thr=0.0030962
C-F08-2,2025-09-25,2025-09-25 10:35:00,1,0.00297213,lb=0.015224 ls=0.012252 thr=0.0029192
C-F08-2,2025-09-25,2025-09-25 11:47:00,1,0.00293672,lb=0.018687 ls=0.01575 thr=0.0029192
C-F08-2,2025-09-25,2025-09-25 12:24:00,1,0.00322396,lb=0.018626 ls=0.015402 thr=0.0029192
C-F08-2,2025-09-25,2025-09-25 12:55:00,1,0.00337677,lb=0.022196 ls=0.018819 thr=0.0029192
C-F08-2,2025-09-25,2025-09-25 13:51:00,-1,-0.00300057,lb=0.018283 ls=0.021284 thr=0.0029192
C-F08-2,2025-09-25,2025-09-25 15:01:00,1,0.00316389,lb=0.022674 ls=0.01951 thr=0.0029192
C-F08-2,2025-09-26,2025-09-26 10:45:00,1,0.00305134,lb=0.019228 ls=0.016177 thr=0.0027979
C-F08-2,2025-09-26,2025-09-26 11:51:00,1,0.00286537,lb=0.019594 ls=0.016729 thr=0.0027979
C-F08-2,2025-09-26,2025-09-26 12:22:00,1,0.00364038,lb=0.022799 ls=0.019159 thr=0.0027979
C-F08-2,2025-09-26,2025-09-26 12:53:00,1,0.00506554,lb=0.020103 ls=0.015037 thr=0.0027979
C-F08-2,2025-09-26,2025-09-26 13:24:00,1,0.00749964,lb=0.022922 ls=0.015423 thr=0.0027979
C-F08-2,2025-09-26,2025-09-26 13:55:00,1,0.00618823,lb=0.022281 ls=0.016093 thr=0.0027979
C-F08-2,2025-09-26,2025-09-26 14:34:00,-1,-0.0029022,lb=0.015688 ls=0.01859 thr=0.0027979
C-F08-2,2025-09-26,2025-09-26 15:05:00,1,0.00333228,lb=0.01704 ls=0.013708 thr=0.0027979
C-F08-2,2025-09-29,2025-09-29 11:12:00,1,0.00346642,lb=0.013305 ls=0.0098389 thr=0.0029372
C-F08-2,2025-09-29,2025-09-29 11:43:00,1,0.00306472,lb=0.012464 ls=0.009399 thr=0.0029372
C-F08-2,2025-09-29,2025-09-29 12:15:00,1,0.00293987,lb=0.011664 ls=0.0087246 thr=0.0029372
C-F08-2,2025-09-29,2025-09-29 13:06:00,1,0.00328796,lb=0.014802 ls=0.011514 thr=0.0029372
C-F08-2,2025-09-29,2025-09-29 13:43:00,1,0.00351769,lb=0.015436 ls=0.011919 thr=0.0029372
C-F08-2,2025-09-30,2025-09-30 10:32:00,1,0.00339583,lb=0.014632 ls=0.011236 thr=0.0026888
C-F08-2,2025-09-30,2025-09-30 11:08:00,-1,-0.00321811,lb=0.012179 ls=0.015397 thr=0.0026888
C-F08-2,2025-09-30,2025-09-30 12:16:00,1,0.0027217,lb=0.014361 ls=0.011639 thr=0.0026888
C-F08-2,2025-09-30,2025-09-30 13:03:00,1,0.00309797,lb=0.017697 ls=0.014599 thr=0.0026888
C-F08-2,2025-09-30,2025-09-30 13:54:00,1,0.00304761,lb=0.017578 ls=0.014531 thr=0.0026888
C-F08-2,2025-09-30,2025-09-30 14:37:00,1,0.0027022,lb=0.017551 ls=0.014849 thr=0.0026888
C-F08-2,2025-09-30,2025-09-30 15:08:00,1,0.00384043,lb=0.015592 ls=0.011751 thr=0.0026888
C-F08-2,2025-10-01,2025-10-01 11:05:00,-1,-0.00367547,lb=0.01132 ls=0.014996 thr=0.0026478
C-F08-2,2025-10-01,2025-10-01 11:41:00,-1,-0.00312297,lb=0.013363 ls=0.016486 thr=0.0026478
C-F08-2,2025-10-01,2025-10-01 12:46:00,1,0.0030777,lb=0.017346 ls=0.014268 thr=0.0026478
C-F08-2,2025-10-01,2025-10-01 13:21:00,-1,-0.00288829,lb=0.011681 ls=0.01457 thr=0.0026478
C-F08-2,2025-10-01,2025-10-01 14:20:00,1,0.00276962,lb=0.010828 ls=0.0080588 thr=0.0026478
C-F08-2,2025-10-01,2025-10-01 14:53:00,1,0.00327977,lb=0.011501 ls=0.0082211 thr=0.0026478
C-F08-2,2025-10-02,2025-10-02 10:39:00,1,0.00311617,lb=0.012986 ls=0.0098696 thr=0.0026956
C-F08-2,2025-10-02,2025-10-02 11:29:00,1,0.00286278,lb=0.017434 ls=0.014572 thr=0.0026956
C-F08-2,2025-10-02,2025-10-02 12:54:00,1,0.0029821,lb=0.019607 ls=0.016625 thr=0.0026956
C-F08-2,2025-10-02,2025-10-02 13:25:00,1,0.00308082,lb=0.021632 ls=0.018551 thr=0.0026956
C-F08-2,2025-10-02,2025-10-02 14:26:00,1,0.0029045,lb=0.011668 ls=0.0087636 thr=0.0026956
C-F08-2,2025-10-02,2025-10-02 14:57:00,1,0.00377345,lb=0.015434 ls=0.01166 thr=0.0026956
C-F08-2,2025-10-02,2025-10-02 15:28:00,1,0.00519429,lb=0.02046 ls=0.015265 thr=0.0026956
C-F08-2,2025-10-03,2025-10-03 13:10:00,1,0.0041686,lb=0.019834 ls=0.015666 thr=0.0027805
C-F08-2,2025-10-03,2025-10-03 13:50:00,-1,-0.00296862,lb=0.013968 ls=0.016936 thr=0.0027805
C-F08-2,2025-10-03,2025-10-03 14:21:00,-1,-0.0032634,lb=0.015814 ls=0.019077 thr=0.0027805
C-F08-2,2025-10-03,2025-10-03 15:07:00,1,0.00403013,lb=0.016672 ls=0.012642 thr=0.0027805
C-F08-2,2025-10-06,2025-10-06 10:43:00,1,0.00360444,lb=0.019934 ls=0.01633 thr=0.002856
C-F08-2,2025-10-06,2025-10-06 11:17:00,1,0.00376286,lb=0.015422 ls=0.01166 thr=0.002856
C-F08-2,2025-10-06,2025-10-06 13:05:00,1,0.00311431,lb=0.015857 ls=0.012742 thr=0.002856
C-F08-2,2025-10-06,2025-10-06 13:46:00,1,0.00286085,lb=0.013908 ls=0.011048 thr=0.002856
C-F08-2,2025-10-06,2025-10-06 14:19:00,1,0.00353443,lb=0.013321 ls=0.0097863 thr=0.002856
C-F08-2,2025-10-06,2025-10-06 14:51:00,-1,-0.00402169,lb=0.01227 ls=0.016292 thr=0.002856
C-F08-2,2025-10-06,2025-10-06 15:22:00,-1,-0.00681607,lb=0.015143 ls=0.021959 thr=0.002856
C-F08-2,2025-10-07,2025-10-07 10:32:00,1,0.00311483,lb=0.01365 ls=0.010535 thr=0.0029582
C-F08-2,2025-10-07,2025-10-07 11:18:00,1,0.00305625,lb=0.01582 ls=0.012764 thr=0.0029582
C-F08-2,2025-10-07,2025-10-07 11:49:00,1,0.00325361,lb=0.017582 ls=0.014328 thr=0.0029582
C-F08-2,2025-10-07,2025-10-07 12:20:00,1,0.00517866,lb=0.022239 ls=0.01706 thr=0.0029582
C-F08-2,2025-10-07,2025-10-07 12:51:00,1,0.00648286,lb=0.028772 ls=0.02229 thr=0.0029582
C-F08-2,2025-10-07,2025-10-07 13:22:00,1,0.0050324,lb=0.02779 ls=0.022757 thr=0.0029582
C-F08-2,2025-10-07,2025-10-07 13:53:00,1,0.00463308,lb=0.025704 ls=0.021071 thr=0.0029582
C-F08-2,2025-10-07,2025-10-07 14:24:00,1,0.00389551,lb=0.022391 ls=0.018496 thr=0.0029582
C-F08-2,2025-10-07,2025-10-07 14:55:00,1,0.00432537,lb=0.022773 ls=0.018448 thr=0.0029582
C-F08-2,2025-10-07,2025-10-07 15:26:00,1,0.00300071,lb=0.018915 ls=0.015914 thr=0.0029582
C-F08-2,2025-10-08,2025-10-08 11:52:00,-1,-0.00373267,lb=0.011391 ls=0.015124 thr=0.0031154
C-F08-2,2025-10-08,2025-10-08 12:25:00,-1,-0.00334044,lb=0.0096112 ls=0.012952 thr=0.0031154
C-F08-2,2025-10-08,2025-10-08 12:56:00,-1,-0.00339302,lb=0.010387 ls=0.01378 thr=0.0031154
C-F08-2,2025-10-08,2025-10-08 13:51:00,-1,-0.0034029,lb=0.00972 ls=0.013123 thr=0.0031154
C-F08-2,2025-10-08,2025-10-08 14:23:00,-1,-0.00448671,lb=0.0089077 ls=0.013394 thr=0.0031154
C-F08-2,2025-10-08,2025-10-08 14:56:00,-1,-0.00351663,lb=0.012175 ls=0.015692 thr=0.0031154
C-F08-2,2025-10-09,2025-10-09 12:17:00,1,0.00345862,lb=0.014902 ls=0.011443 thr=0.0029621
C-F08-2,2025-10-09,2025-10-09 13:07:00,1,0.00303314,lb=0.018271 ls=0.015237 thr=0.0029621
C-F08-2,2025-10-09,2025-10-09 13:38:00,1,0.00675951,lb=0.02172 ls=0.01496 thr=0.0029621
C-F08-2,2025-10-09,2025-10-09 14:09:00,1,0.00327801,lb=0.018336 ls=0.015058 thr=0.0029621
C-F08-2,2025-10-09,2025-10-09 15:19:00,1,0.00310254,lb=0.017798 ls=0.014696 thr=0.0029621
C-F08-2,2025-10-10,2025-10-10 11:02:00,-1,-0.00529394,lb=0.012426 ls=0.01772 thr=0.0030207
C-F08-2,2025-10-10,2025-10-10 11:35:00,-1,-0.00480167,lb=0.025801 ls=0.030603 thr=0.0030207
C-F08-2,2025-10-10,2025-10-10 12:18:00,-1,-0.00314819,lb=0.037527 ls=0.040675 thr=0.0030207
C-F08-2,2025-10-10,2025-10-10 12:52:00,1,0.00331481,lb=0.043432 ls=0.040117 thr=0.0030207
C-F08-2,2025-10-10,2025-10-10 13:24:00,-1,-0.00356342,lb=0.029321 ls=0.032884 thr=0.0030207
C-F08-2,2025-10-10,2025-10-10 13:55:00,-1,-0.00628258,lb=0.024353 ls=0.030636 thr=0.0030207
C-F08-2,2025-10-10,2025-10-10 14:26:00,-1,-0.00495576,lb=0.03175 ls=0.036705 thr=0.0030207
C-F08-2,2025-10-10,2025-10-10 14:58:00,-1,-0.00343309,lb=0.030959 ls=0.034392 thr=0.0030207
C-F08-2,2025-10-10,2025-10-10 15:29:00,-1,-0.0107624,lb=0.016782 ls=0.027544 thr=0.0030207
C-F08-2,2025-10-13,2025-10-13 10:42:00,1,0.0041263,lb=0.02236 ls=0.018233 thr=0.0031172
C-F08-2,2025-10-13,2025-10-13 11:20:00,1,0.00331481,lb=0.021245 ls=0.017931 thr=0.0031172
C-F08-2,2025-10-13,2025-10-13 11:51:00,1,0.00623387,lb=0.021555 ls=0.015321 thr=0.0031172
C-F08-2,2025-10-13,2025-10-13 12:25:00,1,0.00459349,lb=0.022006 ls=0.017412 thr=0.0031172
C-F08-2,2025-10-13,2025-10-13 13:02:00,-1,-0.003203,lb=0.018678 ls=0.021881 thr=0.0031172
C-F08-2,2025-10-13,2025-10-13 13:33:00,-1,-0.00428869,lb=0.019131 ls=0.02342 thr=0.0031172
C-F08-2,2025-10-14,2025-10-14 10:32:00,1,0.00428259,lb=0.022935 ls=0.018652 thr=0.0033002
C-F08-2,2025-10-14,2025-10-14 12:06:00,1,0.00472978,lb=0.023425 ls=0.018696 thr=0.0033002
C-F08-2,2025-10-14,2025-10-14 12:40:00,1,0.00371243,lb=0.02019 ls=0.016478 thr=0.0033002
C-F08-2,2025-10-14,2025-10-14 13:23:00,1,0.00380306,lb=0.022471 ls=0.018668 thr=0.0033002
C-F08-2,2025-10-14,2025-10-14 13:58:00,1,0.003493,lb=0.026431 ls=0.022938 thr=0.0033002
C-F08-2,2025-10-14,2025-10-14 15:18:00,-1,-0.00336246,lb=0.022828 ls=0.02619 thr=0.0033002
C-F08-2,2025-10-15,2025-10-15 11:10:00,-1,-0.0041812,lb=0.01566 ls=0.019841 thr=0.0032992
C-F08-2,2025-10-15,2025-10-15 12:08:00,1,0.00395697,lb=0.022982 ls=0.019025 thr=0.0032992
C-F08-2,2025-10-15,2025-10-15 12:39:00,1,0.00691964,lb=0.028399 ls=0.021479 thr=0.0032992
C-F08-2,2025-10-15,2025-10-15 13:39:00,1,0.00422081,lb=0.029333 ls=0.025113 thr=0.0032992
C-F08-2,2025-10-15,2025-10-15 14:10:00,1,0.0061307,lb=0.029013 ls=0.022882 thr=0.0032992
C-F08-2,2025-10-15,2025-10-15 14:41:00,1,0.00880966,lb=0.024496 ls=0.015687 thr=0.0032992
C-F08-2,2025-10-15,2025-10-15 15:12:00,1,0.00537164,lb=0.019447 ls=0.014075 thr=0.0032992
C-F08-2,2025-10-16,2025-10-16 12:22:00,1,0.00362564,lb=0.027421 ls=0.023795 thr=0.0035212
C-F08-2,2025-10-16,2025-10-16 12:53:00,1,0.00543002,lb=0.030832 ls=0.025402 thr=0.0035212
C-F08-2,2025-10-16,2025-10-16 13:24:00,1,0.00588635,lb=0.033831 ls=0.027945 thr=0.0035212
C-F08-2,2025-10-16,2025-10-16 14:04:00,-1,-0.00369197,lb=0.0273 ls=0.030992 thr=0.0035212
C-F08-2,2025-10-16,2025-10-16 14:35:00,-1,-0.00555732,lb=0.024516 ls=0.030073 thr=0.0035212
C-F08-2,2025-10-16,2025-10-16 15:06:00,1,0.00487268,lb=0.027875 ls=0.023003 thr=0.0035212
C-F08-2,2025-10-17,2025-10-17 11:34:00,-1,-0.00409223,lb=0.030898 ls=0.03499 thr=0.0035522
C-F08-2,2025-10-17,2025-10-17 12:09:00,1,0.00390953,lb=0.034005 ls=0.030096 thr=0.0035522
C-F08-2,2025-10-17,2025-10-17 12:40:00,1,0.00428253,lb=0.030523 ls=0.026241 thr=0.0035522
C-F08-2,2025-10-17,2025-10-17 13:19:00,-1,-0.00373554,lb=0.025663 ls=0.029398 thr=0.0035522
C-F08-2,2025-10-17,2025-10-17 13:50:00,-1,-0.00598213,lb=0.029863 ls=0.035845 thr=0.0035522
C-F08-2,2025-10-17,2025-10-17 14:26:00,1,0.00422686,lb=0.028334 ls=0.024108 thr=0.0035522
C-F08-2,2025-10-20,2025-10-20 11:52:00,-1,-0.00419691,lb=0.010497 ls=0.014694 thr=0.0037384
C-F08-2,2025-10-20,2025-10-20 12:23:00,-1,-0.00430748,lb=0.012561 ls=0.016868 thr=0.0037384
C-F08-2,2025-10-20,2025-10-20 12:58:00,-1,-0.00452938,lb=0.017108 ls=0.021638 thr=0.0037384
C-F08-2,2025-10-20,2025-10-20 13:29:00,-1,-0.00665305,lb=0.013613 ls=0.020266 thr=0.0037384
C-F08-2,2025-10-20,2025-10-20 14:00:00,-1,-0.00453765,lb=0.012551 ls=0.017088 thr=0.0037384
C-F08-2,2025-10-20,2025-10-20 15:19:00,1,0.00404611,lb=0.016413 ls=0.012367 thr=0.0037384
C-F08-2,2025-10-21,2025-10-21 12:50:00,1,0.00381207,lb=0.013756 ls=0.0099444 thr=0.0037357
C-F08-2,2025-10-21,2025-10-21 14:23:00,1,0.00403234,lb=0.020033 ls=0.016001 thr=0.0037357
C-F08-2,2025-10-21,2025-10-21 14:54:00,1,0.00466233,lb=0.014605 ls=0.0099425 thr=0.0037357
C-F08-2,2025-10-21,2025-10-21 15:25:00,1,0.00393037,lb=0.017307 ls=0.013377 thr=0.0037357
C-F08-2,2025-10-22,2025-10-22 10:55:00,1,0.00382311,lb=0.018149 ls=0.014326 thr=0.0036746
C-F08-2,2025-10-22,2025-10-22 12:35:00,1,0.00498572,lb=0.025915 ls=0.02093 thr=0.0036746
C-F08-2,2025-10-22,2025-10-22 13:06:00,1,0.0123996,lb=0.035759 ls=0.023359 thr=0.0036746
C-F08-2,2025-10-22,2025-10-22 13:45:00,-1,-0.0043765,lb=0.021248 ls=0.025625 thr=0.0036746
C-F08-2,2025-10-22,2025-10-22 14:30:00,1,0.0038154,lb=0.027946 ls=0.02413 thr=0.0036746
C-F08-2,2025-10-22,2025-10-22 15:03:00,1,0.00492202,lb=0.026751 ls=0.021829 thr=0.0036746
C-F08-2,2025-10-23,2025-10-23 12:37:00,1,0.00436715,lb=0.014802 ls=0.010434 thr=0.0039287
C-F08-2,2025-10-24,2025-10-24 11:00:00,1,0.00562807,lb=0.01865 ls=0.013022 thr=0.00393
C-F08-2,2025-10-24,2025-10-24 13:13:00,-1,-0.00402736,lb=0.010242 ls=0.01427 thr=0.00393
C-F08-2,2025-10-24,2025-10-24 13:44:00,-1,-0.00667419,lb=0.014438 ls=0.021112 thr=0.00393
C-F08-2,2025-10-24,2025-10-24 14:53:00,1,0.00451025,lb=0.015749 ls=0.011238 thr=0.00393
C-F08-2,2025-10-27,2025-10-27 13:29:00,1,0.00413549,lb=0.015473 ls=0.011338 thr=0.0040186
C-F08-2,2025-10-28,2025-10-28 12:36:00,-1,-0.00519518,lb=0.012085 ls=0.01728 thr=0.0039884
C-F08-2,2025-10-28,2025-10-28 13:31:00,1,0.00575561,lb=0.022321 ls=0.016565 thr=0.0039884
C-F08-2,2025-10-29,2025-10-29 10:57:00,1,0.0044406,lb=0.014716 ls=0.010275 thr=0.0038992
C-F08-2,2025-10-29,2025-10-29 11:28:00,1,0.0067656,lb=0.019392 ls=0.012627 thr=0.0038992
C-F08-2,2025-10-29,2025-10-29 11:59:00,1,0.00740591,lb=0.021676 ls=0.01427 thr=0.0038992
C-F08-2,2025-10-29,2025-10-29 12:30:00,1,0.00489894,lb=0.017499 ls=0.0126 thr=0.0038992
C-F08-2,2025-10-29,2025-10-29 13:17:00,1,0.00396199,lb=0.014727 ls=0.010765 thr=0.0038992
C-F08-2,2025-10-29,2025-10-29 13:48:00,1,0.0058661,lb=0.019787 ls=0.013921 thr=0.0038992
C-F08-2,2025-10-29,2025-10-29 14:28:00,-1,-0.00445187,lb=0.022024 ls=0.026476 thr=0.0038992
C-F08-2,2025-10-29,2025-10-29 15:02:00,1,0.00461235,lb=0.044096 ls=0.039484 thr=0.0038992
C-F08-2,2025-10-30,2025-10-30 11:28:00,1,0.00434129,lb=0.021421 ls=0.01708 thr=0.0041286
C-F08-2,2025-10-30,2025-10-30 12:41:00,1,0.00469762,lb=0.017706 ls=0.013008 thr=0.0041286
C-F08-2,2025-10-30,2025-10-30 14:33:00,1,0.00435167,lb=0.025507 ls=0.021155 thr=0.0041286
C-F08-2,2025-10-30,2025-10-30 15:04:00,1,0.00532753,lb=0.024071 ls=0.018744 thr=0.0041286
C-F08-2,2025-10-31,2025-10-31 10:32:00,1,0.00661331,lb=0.019664 ls=0.013051 thr=0.003956
C-F08-2,2025-10-31,2025-10-31 11:49:00,-1,-0.00422205,lb=0.0097385 ls=0.013961 thr=0.003956
C-F08-2,2025-10-31,2025-10-31 12:21:00,-1,-0.00441819,lb=0.013566 ls=0.017984 thr=0.003956
C-F08-2,2025-10-31,2025-10-31 12:57:00,-1,-0.00424453,lb=0.021513 ls=0.025757 thr=0.003956
C-F08-2,2025-10-31,2025-10-31 13:47:00,-1,-0.00440615,lb=0.017056 ls=0.021462 thr=0.003956
C-F08-2,2025-10-31,2025-10-31 14:18:00,-1,-0.00483601,lb=0.021267 ls=0.026103 thr=0.003956
C-F08-2,2025-10-31,2025-10-31 14:58:00,1,0.00415958,lb=0.02253 ls=0.018371 thr=0.003956
C-F08-2,2025-11-03,2025-11-03 13:01:00,1,0.00415601,lb=0.016221 ls=0.012065 thr=0.0041163
C-F08-2,2025-11-03,2025-11-03 13:32:00,1,0.00445731,lb=0.015302 ls=0.010844 thr=0.0041163
C-F08-2,2025-11-03,2025-11-03 14:03:00,1,0.00422223,lb=0.018838 ls=0.014615 thr=0.0041163
C-F08-2,2025-11-03,2025-11-03 14:34:00,1,0.00652892,lb=0.023421 ls=0.016892 thr=0.0041163
C-F08-2,2025-11-03,2025-11-03 15:15:00,1,0.00453429,lb=0.022531 ls=0.017997 thr=0.0041163
C-F08-2,2025-11-04,2025-11-04 10:32:00,1,0.00411203,lb=0.018684 ls=0.014572 thr=0.0039593
C-F08-2,2025-11-04,2025-11-04 12:33:00,1,0.00443025,lb=0.025902 ls=0.021472 thr=0.0039593
C-F08-2,2025-11-04,2025-11-04 13:28:00,-1,-0.00450596,lb=0.015222 ls=0.019728 thr=0.0039593
C-F08-2,2025-11-04,2025-11-04 14:29:00,-1,-0.00593565,lb=0.024847 ls=0.030782 thr=0.0039593
C-F08-2,2025-11-05,2025-11-05 11:11:00,1,0.00424283,lb=0.026161 ls=0.021919 thr=0.0039081
C-F08-2,2025-11-05,2025-11-05 11:42:00,1,0.00508899,lb=0.029543 ls=0.024454 thr=0.0039081
C-F08-2,2025-11-05,2025-11-05 12:17:00,1,0.00455891,lb=0.020218 ls=0.01566 thr=0.0039081
C-F08-2,2025-11-05,2025-11-05 12:48:00,1,0.00697849,lb=0.019671 ls=0.012693 thr=0.0039081
C-F08-2,2025-11-05,2025-11-05 13:30:00,1,0.00392945,lb=0.018812 ls=0.014883 thr=0.0039081
C-F08-2,2025-11-05,2025-11-05 14:04:00,1,0.00414146,lb=0.017771 ls=0.013629 thr=0.0039081
C-F08-2,2025-11-05,2025-11-05 14:35:00,1,0.00454173,lb=0.020172 ls=0.01563 thr=0.0039081
C-F08-2,2025-11-05,2025-11-05 15:06:00,1,0.00409459,lb=0.021224 ls=0.01713 thr=0.0039081
C-F08-2,2025-11-06,2025-11-06 11:46:00,1,0.00421356,lb=0.028988 ls=0.024774 thr=0.0039306
C-F08-2,2025-11-06,2025-11-06 12:17:00,1,0.00603253,lb=0.030037 ls=0.024004 thr=0.0039306
C-F08-2,2025-11-06,2025-11-06 14:17:00,1,0.00394724,lb=0.028012 ls=0.024065 thr=0.0039306
C-F08-2,2025-11-06,2025-11-06 14:49:00,1,0.00397766,lb=0.026012 ls=0.022034 thr=0.0039306
C-F08-2,2025-11-06,2025-11-06 15:21:00,1,0.00393679,lb=0.029259 ls=0.025322 thr=0.0039306
C-F08-2,2025-11-07,2025-11-07 10:37:00,-1,-0.00442539,lb=0.018544 ls=0.022969 thr=0.0039912
C-F08-2,2025-11-07,2025-11-07 11:11:00,-1,-0.00452425,lb=0.017756 ls=0.02228 thr=0.0039912
C-F08-2,2025-11-07,2025-11-07 13:02:00,1,0.00400701,lb=0.025037 ls=0.02103 thr=0.0039912
C-F08-2,2025-11-07,2025-11-07 13:33:00,1,0.00883393,lb=0.026577 ls=0.017743 thr=0.0039912
C-F08-2,2025-11-07,2025-11-07 14:04:00,1,0.00813565,lb=0.026543 ls=0.018407 thr=0.0039912
C-F08-2,2025-11-07,2025-11-07 14:35:00,1,0.00501799,lb=0.026498 ls=0.02148 thr=0.0039912
C-F08-2,2025-11-07,2025-11-07 15:06:00,1,0.0111491,lb=0.026405 ls=0.015256 thr=0.0039912
C-F08-2,2025-11-10,2025-11-10 10:32:00,1,0.00450861,lb=0.015886 ls=0.011377 thr=0.0040139
C-F08-2,2025-11-10,2025-11-10 12:25:00,1,0.00401771,lb=0.019378 ls=0.01536 thr=0.0040139
C-F08-2,2025-11-10,2025-11-10 12:56:00,1,0.0099098,lb=0.019408 ls=0.0094985 thr=0.0040139
C-F08-2,2025-11-10,2025-11-10 13:27:00,1,0.00795013,lb=0.017621 ls=0.0096711 thr=0.0040139
C-F08-2,2025-11-11,2025-11-11 14:39:00,1,0.00408634,lb=0.022096 ls=0.018009 thr=0.0040825
C-F08-2,2025-11-11,2025-11-11 15:22:00,1,0.00446747,lb=0.026809 ls=0.022341 thr=0.0040825
C-F08-2,2025-11-12,2025-11-12 13:40:00,1,0.00595483,lb=0.02555 ls=0.019595 thr=0.0039461
C-F08-2,2025-11-12,2025-11-12 14:11:00,1,0.00528336,lb=0.025668 ls=0.020385 thr=0.0039461
C-F08-2,2025-11-12,2025-11-12 14:42:00,1,0.00626949,lb=0.025556 ls=0.019286 thr=0.0039461
C-F08-2,2025-11-13,2025-11-13 10:32:00,-1,-0.00614798,lb=0.01646 ls=0.022608 thr=0.0039061
C-F08-2,2025-11-13,2025-11-13 11:08:00,-1,-0.0042304,lb=0.014615 ls=0.018846 thr=0.0039061
C-F08-2,2025-11-13,2025-11-13 12:43:00,1,0.00450777,lb=0.03125 ls=0.026742 thr=0.0039061
C-F08-2,2025-11-13,2025-11-13 13:14:00,1,0.00672628,lb=0.030005 ls=0.023279 thr=0.0039061
C-F08-2,2025-11-13,2025-11-13 13:56:00,-1,-0.00405247,lb=0.025869 ls=0.029921 thr=0.0039061
C-F08-2,2025-11-13,2025-11-13 14:27:00,-1,-0.0064897,lb=0.025506 ls=0.031995 thr=0.0039061
C-F08-2,2025-11-14,2025-11-14 10:32:00,1,0.00763649,lb=0.026963 ls=0.019327 thr=0.0040212
C-F08-2,2025-11-14,2025-11-14 11:03:00,1,0.0103556,lb=0.029524 ls=0.019169 thr=0.0040212
C-F08-2,2025-11-14,2025-11-14 11:34:00,1,0.0129974,lb=0.031342 ls=0.018344 thr=0.0040212
C-F08-2,2025-11-14,2025-11-14 12:05:00,1,0.00661022,lb=0.028332 ls=0.021722 thr=0.0040212
C-F08-2,2025-11-14,2025-11-14 12:36:00,1,0.00682047,lb=0.027994 ls=0.021174 thr=0.0040212
C-F08-2,2025-11-14,2025-11-14 13:07:00,1,0.00509503,lb=0.02915 ls=0.024055 thr=0.0040212
C-F08-2,2025-11-14,2025-11-14 13:52:00,-1,-0.00581067,lb=0.027644 ls=0.033454 thr=0.0040212
C-F08-2,2025-11-14,2025-11-14 14:35:00,1,0.00455328,lb=0.035071 ls=0.030517 thr=0.0040212
C-F08-2,2025-11-14,2025-11-14 15:12:00,1,0.00439005,lb=0.030027 ls=0.025637 thr=0.0040212
C-F08-2,2025-11-17,2025-11-17 11:46:00,1,0.00437264,lb=0.023083 ls=0.01871 thr=0.0042871
C-F08-2,2025-11-17,2025-11-17 12:17:00,1,0.0121628,lb=0.023422 ls=0.01126 thr=0.0042871
C-F08-2,2025-11-17,2025-11-17 13:02:00,-1,-0.00484246,lb=0.017362 ls=0.022205 thr=0.0042871
C-F08-2,2025-11-17,2025-11-17 13:33:00,-1,-0.00599423,lb=0.017455 ls=0.02345 thr=0.0042871
C-F08-2,2025-11-17,2025-11-17 14:29:00,-1,-0.00515216,lb=0.017884 ls=0.023036 thr=0.0042871
C-F08-2,2025-11-17,2025-11-17 15:00:00,-1,-0.00988829,lb=0.016601 ls=0.026489 thr=0.0042871
C-F08-2,2025-11-18,2025-11-18 10:32:00,-1,-0.00582866,lb=0.022136 ls=0.027964 thr=0.0046532
C-F08-2,2025-11-18,2025-11-18 11:03:00,-1,-0.00717009,lb=0.030816 ls=0.037986 thr=0.0046532
C-F08-2,2025-11-18,2025-11-18 12:35:00,1,0.00480971,lb=0.041889 ls=0.037079 thr=0.0046532
C-F08-2,2025-11-18,2025-11-18 14:14:00,1,0.00577155,lb=0.050851 ls=0.04508 thr=0.0046532
C-F08-2,2025-11-18,2025-11-18 14:45:00,1,0.00872182,lb=0.050008 ls=0.041286 thr=0.0046532
C-F08-2,2025-11-18,2025-11-18 15:16:00,1,0.00560488,lb=0.055369 ls=0.049765 thr=0.0046532
C-F08-2,2025-11-19,2025-11-19 10:32:00,1,0.00858504,lb=0.028193 ls=0.019608 thr=0.0046905
C-F08-2,2025-11-19,2025-11-19 12:00:00,1,0.00479797,lb=0.028433 ls=0.023635 thr=0.0046905
C-F08-2,2025-11-19,2025-11-19 12:32:00,1,0.00481464,lb=0.031039 ls=0.026225 thr=0.0046905
C-F08-2,2025-11-19,2025-11-19 13:03:00,1,0.00694231,lb=0.03254 ls=0.025597 thr=0.0046905
C-F08-2,2025-11-19,2025-11-19 13:34:00,1,0.00633557,lb=0.038273 ls=0.031938 thr=0.0046905
C-F08-2,2025-11-19,2025-11-19 14:05:00,1,0.00809593,lb=0.041015 ls=0.032919 thr=0.0046905
C-F08-2,2025-11-19,2025-11-19 14:36:00,1,0.00622216,lb=0.039621 ls=0.033398 thr=0.0046905
C-F08-2,2025-11-19,2025-11-19 15:11:00,1,0.00517059,lb=0.037774 ls=0.032603 thr=0.0046905
C-F08-2,2025-11-20,2025-11-20 12:03:00,1,0.00575277,lb=0.035289 ls=0.029536 thr=0.0050811
C-F08-2,2025-11-20,2025-11-20 12:34:00,1,0.00857454,lb=0.050513 ls=0.041938 thr=0.0050811
C-F08-2,2025-11-20,2025-11-20 13:05:00,1,0.01333,lb=0.053392 ls=0.040062 thr=0.0050811
C-F08-2,2025-11-20,2025-11-20 13:36:00,1,0.0143041,lb=0.052236 ls=0.037932 thr=0.0050811
C-F08-2,2025-11-20,2025-11-20 14:23:00,-1,-0.00570774,lb=0.03969 ls=0.045398 thr=0.0050811
C-F08-2,2025-11-20,2025-11-20 15:00:00,1,0.00540444,lb=0.05498 ls=0.049576 thr=0.0050811
C-F08-2,2025-11-21,2025-11-21 10:47:00,-1,-0.00606912,lb=0.031937 ls=0.038006 thr=0.0053913
C-F08-2,2025-11-21,2025-11-21 11:18:00,-1,-0.0077895,lb=0.034672 ls=0.042461 thr=0.0053913
C-F08-2,2025-11-21,2025-11-21 11:51:00,-1,-0.00612163,lb=0.036124 ls=0.042245 thr=0.0053913
C-F08-2,2025-11-21,2025-11-21 12:32:00,1,0.00676388,lb=0.029616 ls=0.022852 thr=0.0053913
C-F08-2,2025-11-21,2025-11-21 14:17:00,1,0.00551327,lb=0.035064 ls=0.029551 thr=0.0053913
C-F08-2,2025-11-21,2025-11-21 15:02:00,1,0.00635494,lb=0.031977 ls=0.025622 thr=0.0053913
C-F08-2,2025-11-24,2025-11-24 11:38:00,1,0.00593964,lb=0.024602 ls=0.018662 thr=0.0054831
C-F08-2,2025-11-24,2025-11-24 12:09:00,1,0.00846267,lb=0.026369 ls=0.017907 thr=0.0054831
C-F08-2,2025-11-24,2025-11-24 15:09:00,1,0.00589099,lb=0.023116 ls=0.017225 thr=0.0054831
C-F08-2,2025-11-25,2025-11-25 10:39:00,1,0.00557984,lb=0.024483 ls=0.018903 thr=0.0055228
C-F08-2,2025-11-25,2025-11-25 13:47:00,1,0.00556882,lb=0.020478 ls=0.01491 thr=0.0055228
C-F08-2,2025-11-25,2025-11-25 14:18:00,1,0.00683012,lb=0.021016 ls=0.014185 thr=0.0055228
C-F08-2,2025-11-25,2025-11-25 15:08:00,1,0.00606487,lb=0.021322 ls=0.015258 thr=0.0055228
C-F08-2,2025-11-26,2025-11-26 11:47:00,1,0.00591514,lb=0.011927 ls=0.0060115 thr=0.0054504
C-F08-2,2025-11-26,2025-11-26 13:28:00,1,0.0057598,lb=0.018829 ls=0.013069 thr=0.0054504
C-F08-2,2025-11-26,2025-11-26 14:59:00,1,0.00611826,lb=0.026496 ls=0.020377 thr=0.0054504
C-F08-2,2025-11-26,2025-11-26 15:30:00,1,0.00712862,lb=0.02484 ls=0.017711 thr=0.0054504
C-F08-2,2025-11-27,2025-11-27 10:32:00,1,0.0103136,lb=0.026688 ls=0.016375 thr=0.0054663
C-F08-2,2025-11-27,2025-11-27 11:07:00,1,0.00757746,lb=0.030493 ls=0.022915 thr=0.0054663
C-F08-2,2025-11-27,2025-11-27 11:38:00,1,0.00737264,lb=0.027226 ls=0.019853 thr=0.0054663
C-F08-2,2025-11-27,2025-11-27 12:41:00,-1,-0.0064218,lb=0.03021 ls=0.036631 thr=0.0054663
C-F08-2,2025-11-28,2025-11-28 11:06:00,1,0.00582824,lb=0.016782 ls=0.010954 thr=0.0057456
C-F08-2,2025-11-28,2025-11-28 12:38:00,-1,-0.00617054,lb=0.019356 ls=0.025527 thr=0.0057456
C-F08-2,2025-12-01,2025-12-01 11:53:00,1,0.00669641,lb=0.019723 ls=0.013027 thr=0.0059344
C-F08-2,2025-12-01,2025-12-01 14:24:00,-1,-0.00598193,lb=0.0093009 ls=0.015283 thr=0.0059344
C-F08-2,2025-12-02,2025-12-02 11:03:00,1,0.0057406,lb=0.013574 ls=0.0078338 thr=0.0056276
C-F08-2,2025-12-02,2025-12-02 11:51:00,1,0.00708731,lb=0.022881 ls=0.015794 thr=0.0056276
C-F08-2,2025-12-02,2025-12-02 12:25:00,1,0.00615521,lb=0.022881 ls=0.016726 thr=0.0056276
C-F08-2,2025-12-02,2025-12-02 13:30:00,1,0.00563675,lb=0.024535 ls=0.018898 thr=0.0056276
C-F08-2,2025-12-02,2025-12-02 14:26:00,1,0.00596029,lb=0.022243 ls=0.016283 thr=0.0056276
C-F08-2,2025-12-03,2025-12-03 10:53:00,1,0.00582317,lb=0.016041 ls=0.010218 thr=0.0055228
C-F08-2,2025-12-04,2025-12-04 10:35:00,1,0.00622789,lb=0.021734 ls=0.015506 thr=0.0053405
C-F08-2,2025-12-04,2025-12-04 11:38:00,1,0.00589341,lb=0.017898 ls=0.012005 thr=0.0053405
C-F08-2,2025-12-04,2025-12-04 12:09:00,1,0.00567815,lb=0.01752 ls=0.011842 thr=0.0053405
C-F08-2,2025-12-04,2025-12-04 14:32:00,1,0.0062077,lb=0.022684 ls=0.016476 thr=0.0053405
C-F08-2,2025-12-04,2025-12-04 15:03:00,1,0.0104914,lb=0.030789 ls=0.020298 thr=0.0053405
C-F08-2,2025-12-05,2025-12-05 13:27:00,1,0.0057137,lb=0.020326 ls=0.014612 thr=0.0055029
C-F08-2,2025-12-05,2025-12-05 14:40:00,1,0.00609367,lb=0.022896 ls=0.016802 thr=0.0055029
C-F08-2,2025-12-05,2025-12-05 15:12:00,1,0.00557418,lb=0.02612 ls=0.020546 thr=0.0055029
C-F08-2,2025-12-08,2025-12-08 12:04:00,1,0.00572428,lb=0.018568 ls=0.012844 thr=0.0055315
C-F08-2,2025-12-08,2025-12-08 12:35:00,1,0.00740792,lb=0.017869 ls=0.010461 thr=0.0055315
C-F08-2,2025-12-08,2025-12-08 13:59:00,1,0.00601758,lb=0.021169 ls=0.015152 thr=0.0055315
C-F08-2,2025-12-09,2025-12-09 15:06:00,1,0.00646021,lb=0.020392 ls=0.013932 thr=0.0052214
C-F08-2,2025-12-10,2025-12-10 14:02:00,1,0.011216,lb=0.036866 ls=0.02565 thr=0.0050578
C-F08-2,2025-12-10,2025-12-10 14:33:00,1,0.00804488,lb=0.041718 ls=0.033673 thr=0.0050578
C-F08-2,2025-12-10,2025-12-10 15:16:00,-1,-0.00569717,lb=0.02948 ls=0.035177 thr=0.0050578
C-F08-2,2025-12-11,2025-12-11 11:02:00,1,0.0054757,lb=0.020241 ls=0.014766 thr=0.0048395
C-F08-2,2025-12-11,2025-12-11 12:26:00,1,0.00672915,lb=0.023733 ls=0.017003 thr=0.0048395
C-F08-2,2025-12-11,2025-12-11 12:57:00,1,0.00826924,lb=0.022609 ls=0.014339 thr=0.0048395
C-F08-2,2025-12-11,2025-12-11 14:45:00,-1,-0.00563092,lb=0.022033 ls=0.027664 thr=0.0048395
C-F08-2,2025-12-12,2025-12-12 12:44:00,1,0.00489254,lb=0.028334 ls=0.023442 thr=0.0047847
C-F08-2,2025-12-12,2025-12-12 13:15:00,1,0.00490483,lb=0.026541 ls=0.021636 thr=0.0047847
C-F08-2,2025-12-12,2025-12-12 14:23:00,-1,-0.00690244,lb=0.017252 ls=0.024154 thr=0.0047847
C-F08-2,2025-12-12,2025-12-12 14:54:00,-1,-0.00757365,lb=0.017004 ls=0.024578 thr=0.0047847
C-F08-2,2025-12-15,2025-12-15 10:32:00,-1,-0.0086844,lb=0.042474 ls=0.051158 thr=0.0044592
C-F08-2,2025-12-15,2025-12-15 11:03:00,1,0.0091513,lb=0.062937 ls=0.053786 thr=0.0044592
C-F08-2,2025-12-15,2025-12-15 11:34:00,1,0.00975534,lb=0.06786 ls=0.058105 thr=0.0044592
C-F08-2,2025-12-15,2025-12-15 12:17:00,-1,-0.0046105,lb=0.040908 ls=0.045518 thr=0.0044592
C-F08-2,2025-12-15,2025-12-15 12:50:00,1,0.00475841,lb=0.056239 ls=0.051481 thr=0.0044592
C-F08-2,2025-12-15,2025-12-15 13:21:00,-1,-0.0117875,lb=0.044114 ls=0.055902 thr=0.0044592
C-F08-2,2025-12-15,2025-12-15 13:52:00,-1,-0.00582104,lb=0.046786 ls=0.052607 thr=0.0044592
C-F08-2,2025-12-15,2025-12-15 14:23:00,1,0.00592274,lb=0.050443 ls=0.044521 thr=0.0044592
C-F08-2,2025-12-15,2025-12-15 14:54:00,1,0.00821466,lb=0.056917 ls=0.048702 thr=0.0044592
C-F08-2,2025-12-15,2025-12-15 15:25:00,-1,-0.00933245,lb=0.053506 ls=0.062838 thr=0.0044592
C-F08-2,2025-12-16,2025-12-16 13:02:00,-1,-0.00565,lb=0.025056 ls=0.030706 thr=0.00453
C-F08-2,2025-12-16,2025-12-16 13:47:00,1,0.00498716,lb=0.034917 ls=0.02993 thr=0.00453
C-F08-2,2025-12-16,2025-12-16 14:27:00,1,0.00647163,lb=0.031823 ls=0.025351 thr=0.00453
C-F08-2,2025-12-16,2025-12-16 15:02:00,1,0.00625724,lb=0.030177 ls=0.02392 thr=0.00453
C-F08-2,2025-12-17,2025-12-17 11:13:00,-1,-0.0050175,lb=0.018321 ls=0.023339 thr=0.0044897
C-F08-2,2025-12-17,2025-12-17 12:13:00,1,0.0046049,lb=0.031806 ls=0.027201 thr=0.0044897
C-F08-2,2025-12-17,2025-12-17 12:44:00,1,0.00474184,lb=0.032884 ls=0.028142 thr=0.0044897
C-F08-2,2025-12-17,2025-12-17 13:29:00,1,0.00458422,lb=0.035464 ls=0.03088 thr=0.0044897
C-F08-2,2025-12-17,2025-12-17 14:00:00,1,0.0120925,lb=0.036398 ls=0.024306 thr=0.0044897
C-F08-2,2025-12-17,2025-12-17 14:31:00,1,0.0146563,lb=0.037361 ls=0.022705 thr=0.0044897
C-F08-2,2025-12-17,2025-12-17 15:02:00,1,0.0106714,lb=0.037995 ls=0.027324 thr=0.0044897
C-F08-2,2025-12-18,2025-12-18 11:19:00,1,0.00491078,lb=0.016951 ls=0.01204 thr=0.0047097
C-F08-2,2025-12-18,2025-12-18 11:55:00,-1,-0.00484147,lb=0.016618 ls=0.021459 thr=0.0047097
C-F08-2,2025-12-18,2025-12-18 12:27:00,-1,-0.00500856,lb=0.018904 ls=0.023913 thr=0.0047097
C-F08-2,2025-12-18,2025-12-18 13:12:00,1,0.00505191,lb=0.027638 ls=0.022586 thr=0.0047097
C-F08-2,2025-12-18,2025-12-18 13:49:00,-1,-0.00502161,lb=0.023383 ls=0.028405 thr=0.0047097
C-F08-2,2025-12-18,2025-12-18 14:21:00,-1,-0.00503776,lb=0.025686 ls=0.030724 thr=0.0047097
C-F08-2,2025-12-19,2025-12-19 13:52:00,1,0.00602244,lb=0.023144 ls=0.017122 thr=0.0046389
C-F08-2,2025-12-19,2025-12-19 14:33:00,1,0.00492515,lb=0.016474 ls=0.011549 thr=0.0046389
C-F08-2,2025-12-19,2025-12-19 15:04:00,1,0.00659567,lb=0.018783 ls=0.012188 thr=0.0046389
C-F08-2,2025-12-22,2025-12-22 14:21:00,1,0.00457564,lb=0.015078 ls=0.010503 thr=0.0044954
C-F08-2,2025-12-23,2025-12-23 11:03:00,1,0.0045357,lb=0.013065 ls=0.0085294 thr=0.0044199
C-F08-2,2025-12-23,2025-12-23 11:36:00,1,0.00442074,lb=0.010937 ls=0.0065168 thr=0.0044199
C-F08-2,2025-12-23,2025-12-23 12:48:00,1,0.00442705,lb=0.015136 ls=0.010709 thr=0.0044199
C-F08-2,2025-12-24,2025-12-24 11:39:00,1,0.00461186,lb=0.011462 ls=0.0068504 thr=0.0043581
C-F08-2,2025-12-24,2025-12-24 12:43:00,-1,-0.00524924,lb=0.013661 ls=0.01891 thr=0.0043581
C-F08-2,2025-12-26,2025-12-26 11:53:00,1,0.00451301,lb=0.016478 ls=0.011965 thr=0.0042337
C-F08-2,2025-12-26,2025-12-26 13:41:00,1,0.00454973,lb=0.017164 ls=0.012615 thr=0.0042337
C-F08-2,2025-12-26,2025-12-26 14:12:00,1,0.00665098,lb=0.019529 ls=0.012878 thr=0.0042337
C-F08-2,2025-12-26,2025-12-26 15:01:00,1,0.00423951,lb=0.016827 ls=0.012587 thr=0.0042337
C-F08-2,2025-12-29,2025-12-29 13:09:00,1,0.0041615,lb=0.015993 ls=0.011832 thr=0.0041493
C-F08-2,2025-12-29,2025-12-29 13:40:00,1,0.00424791,lb=0.012926 ls=0.0086777 thr=0.0041493
C-F08-2,2025-12-29,2025-12-29 14:52:00,1,0.00430642,lb=0.016393 ls=0.012087 thr=0.0041493
C-F08-2,2025-12-30,2025-12-30 12:22:00,-1,-0.00515502,lb=0.005481 ls=0.010636 thr=0.0041249
C-F08-2,2025-12-30,2025-12-30 15:14:00,-1,-0.00522276,lb=0.0061368 ls=0.01136 thr=0.0041249
C-F08-2,2025-12-31,2025-12-31 10:32:00,-1,-0.00404488,lb=0.015711 ls=0.019756 thr=0.0039869
C-F08-2,2025-12-31,2025-12-31 13:13:00,1,0.00402472,lb=0.016613 ls=0.012588 thr=0.0039869
C-F08-2,2025-12-31,2025-12-31 14:05:00,-1,-0.00469191,lb=0.015446 ls=0.020138 thr=0.0039869
C-F08-2,2025-12-31,2025-12-31 14:36:00,-1,-0.00700911,lb=0.013027 ls=0.020036 thr=0.0039869
C-F08-2,2025-12-31,2025-12-31 15:08:00,-1,-0.00412865,lb=0.015813 ls=0.019941 thr=0.0039869
C-F08-2,2026-01-02,2026-01-02 10:32:00,-1,-0.00479036,lb=0.016898 ls=0.021688 thr=0.0041026
C-F08-2,2026-01-02,2026-01-02 11:04:00,-1,-0.00432057,lb=0.01787 ls=0.02219 thr=0.0041026
C-F08-2,2026-01-02,2026-01-02 12:10:00,1,0.00434924,lb=0.031615 ls=0.027265 thr=0.0041026
C-F08-2,2026-01-02,2026-01-02 12:41:00,1,0.00950113,lb=0.034186 ls=0.024685 thr=0.0041026
C-F08-2,2026-01-02,2026-01-02 13:12:00,1,0.00630365,lb=0.032233 ls=0.025929 thr=0.0041026
C-F08-2,2026-01-02,2026-01-02 14:07:00,1,0.00474945,lb=0.032527 ls=0.027778 thr=0.0041026
C-F08-2,2026-01-02,2026-01-02 14:38:00,1,0.00701788,lb=0.030099 ls=0.023081 thr=0.0041026
C-F08-2,2026-01-02,2026-01-02 15:09:00,1,0.00476311,lb=0.028077 ls=0.023314 thr=0.0041026
C-F08-2,2026-01-05,2026-01-05 14:21:00,1,0.00447354,lb=0.016006 ls=0.011532 thr=0.0043015
C-F08-2,2026-01-06,2026-01-06 15:03:00,1,0.00431271,lb=0.012072 ls=0.0077595 thr=0.0040751
C-F08-2,2026-01-07,2026-01-07 14:21:00,1,0.00391314,lb=0.01612 ls=0.012207 thr=0.0039085
C-F08-2,2026-01-07,2026-01-07 15:02:00,1,0.00394987,lb=0.016242 ls=0.012292 thr=0.0039085
C-F08-2,2026-01-08,2026-01-08 14:13:00,1,0.00394565,lb=0.020673 ls=0.016727 thr=0.0034875
C-F08-2,2026-01-09,2026-01-09 10:33:00,-1,-0.00384329,lb=0.018221 ls=0.022064 thr=0.0033421
C-F08-2,2026-01-09,2026-01-09 11:49:00,1,0.00361077,lb=0.015239 ls=0.011628 thr=0.0033421
C-F08-2,2026-01-09,2026-01-09 13:11:00,-1,-0.0034543,lb=0.014304 ls=0.017758 thr=0.0033421
C-F08-2,2026-01-09,2026-01-09 14:10:00,1,0.00358998,lb=0.01326 ls=0.0096701 thr=0.0033421
C-F08-2,2026-01-12,2026-01-12 13:53:00,-1,-0.00331561,lb=0.0085762 ls=0.011892 thr=0.0029678
C-F08-2,2026-01-12,2026-01-12 15:24:00,-1,-0.00331452,lb=0.0081843 ls=0.011499 thr=0.0029678
C-F08-2,2026-01-13,2026-01-13 11:13:00,1,0.00317755,lb=0.016392 ls=0.013215 thr=0.0028012
C-F08-2,2026-01-13,2026-01-13 11:44:00,1,0.00402889,lb=0.01601 ls=0.011981 thr=0.0028012
C-F08-2,2026-01-13,2026-01-13 12:15:00,1,0.00659607,lb=0.014991 ls=0.0083948 thr=0.0028012
C-F08-2,2026-01-13,2026-01-13 12:58:00,-1,-0.00341358,lb=0.014965 ls=0.018379 thr=0.0028012
C-F08-2,2026-01-13,2026-01-13 13:29:00,-1,-0.00291301,lb=0.016922 ls=0.019835 thr=0.0028012
C-F08-2,2026-01-13,2026-01-13 14:19:00,-1,-0.00283209,lb=0.015524 ls=0.018356 thr=0.0028012
C-F08-2,2026-01-13,2026-01-13 15:10:00,1,0.00290948,lb=0.017546 ls=0.014636 thr=0.0028012
C-F08-2,2026-01-14,2026-01-14 10:36:00,-1,-0.00325303,lb=0.020871 ls=0.024124 thr=0.0029102
C-F08-2,2026-01-14,2026-01-14 11:14:00,-1,-0.00364636,lb=0.014822 ls=0.018468 thr=0.0029102
C-F08-2,2026-01-14,2026-01-14 12:24:00,-1,-0.00394353,lb=0.011208 ls=0.015152 thr=0.0029102
C-F08-2,2026-01-14,2026-01-14 13:22:00,1,0.00392902,lb=0.018772 ls=0.014843 thr=0.0029102
C-F08-2,2026-01-14,2026-01-14 13:53:00,1,0.00431676,lb=0.018834 ls=0.014518 thr=0.0029102
C-F08-2,2026-01-14,2026-01-14 14:31:00,1,0.00309073,lb=0.024023 ls=0.020932 thr=0.0029102
C-F08-2,2026-01-14,2026-01-14 15:02:00,1,0.00369874,lb=0.022523 ls=0.018825 thr=0.0029102
C-F08-2,2026-01-15,2026-01-15 10:36:00,-1,-0.00298568,lb=0.014903 ls=0.017889 thr=0.0029658
C-F08-2,2026-01-15,2026-01-15 11:46:00,1,0.0029955,lb=0.014748 ls=0.011753 thr=0.0029658
C-F08-2,2026-01-15,2026-01-15 12:40:00,-1,-0.00301337,lb=0.012185 ls=0.015198 thr=0.0029658
C-F08-2,2026-01-15,2026-01-15 14:35:00,-1,-0.00299906,lb=0.014169 ls=0.017168 thr=0.0029658
C-F08-2,2026-01-15,2026-01-15 15:09:00,-1,-0.00304116,lb=0.01517 ls=0.018211 thr=0.0029658
C-F08-2,2026-01-16,2026-01-16 11:55:00,1,0.00330727,lb=0.014635 ls=0.011328 thr=0.0029335
C-F08-2,2026-01-16,2026-01-16 14:00:00,1,0.00325117,lb=0.014902 ls=0.011651 thr=0.0029335
C-F08-2,2026-01-16,2026-01-16 15:29:00,1,0.00304016,lb=0.017555 ls=0.014515 thr=0.0029335
C-F08-2,2026-01-19,2026-01-19 10:32:00,1,0.00333269,lb=0.016977 ls=0.013644 thr=0.00284
C-F08-2,2026-01-19,2026-01-19 11:03:00,1,0.00399292,lb=0.018461 ls=0.014468 thr=0.00284
C-F08-2,2026-01-19,2026-01-19 11:41:00,1,0.00347582,lb=0.021277 ls=0.017802 thr=0.00284
C-F08-2,2026-01-19,2026-01-19 12:24:00,1,0.00357895,lb=0.019368 ls=0.015789 thr=0.00284
C-F08-2,2026-01-19,2026-01-19 12:55:00,1,0.00641473,lb=0.024157 ls=0.017742 thr=0.00284
C-F08-2,2026-01-20,2026-01-20 10:32:00,1,0.00339765,lb=0.024283 ls=0.020886 thr=0.0029019
C-F08-2,2026-01-20,2026-01-20 11:03:00,1,0.00404648,lb=0.019902 ls=0.015856 thr=0.0029019
C-F08-2,2026-01-20,2026-01-20 11:34:00,1,0.00299159,lb=0.019446 ls=0.016455 thr=0.0029019
C-F08-2,2026-01-20,2026-01-20 13:07:00,-1,-0.00337042,lb=0.013674 ls=0.017044 thr=0.0029019
C-F08-2,2026-01-20,2026-01-20 13:41:00,-1,-0.00370258,lb=0.012502 ls=0.016204 thr=0.0029019
C-F08-2,2026-01-20,2026-01-20 14:12:00,-1,-0.00451334,lb=0.009898 ls=0.014411 thr=0.0029019
C-F08-2,2026-01-20,2026-01-20 15:08:00,-1,-0.00356193,lb=0.01405 ls=0.017612 thr=0.0029019
C-F08-2,2026-01-21,2026-01-21 10:41:00,1,0.0031178,lb=0.018472 ls=0.015354 thr=0.0029745
C-F08-2,2026-01-21,2026-01-21 11:13:00,1,0.00336252,lb=0.018877 ls=0.015515 thr=0.0029745
C-F08-2,2026-01-21,2026-01-21 11:47:00,-1,-0.00305635,lb=0.016734 ls=0.019791 thr=0.0029745
C-F08-2,2026-01-21,2026-01-21 12:18:00,-1,-0.00883361,lb=0.010559 ls=0.019393 thr=0.0029745
C-F08-2,2026-01-21,2026-01-21 12:53:00,1,0.00331642,lb=0.019062 ls=0.015746 thr=0.0029745
C-F08-2,2026-01-21,2026-01-21 13:24:00,1,0.00542029,lb=0.025168 ls=0.019747 thr=0.0029745
C-F08-2,2026-01-21,2026-01-21 14:13:00,-1,-0.00298171,lb=0.019765 ls=0.022747 thr=0.0029745
C-F08-2,2026-01-21,2026-01-21 14:44:00,1,0.00368152,lb=0.026797 ls=0.023115 thr=0.0029745
C-F08-2,2026-01-21,2026-01-21 15:15:00,1,0.00508871,lb=0.02787 ls=0.022782 thr=0.0029745
C-F08-2,2026-01-22,2026-01-22 11:00:00,1,0.00324202,lb=0.017034 ls=0.013792 thr=0.003082
C-F08-2,2026-01-22,2026-01-22 11:31:00,1,0.00361576,lb=0.013135 ls=0.0095195 thr=0.003082
C-F08-2,2026-01-22,2026-01-22 12:06:00,1,0.00326556,lb=0.012137 ls=0.0088715 thr=0.003082
C-F08-2,2026-01-22,2026-01-22 12:42:00,1,0.00434325,lb=0.01673 ls=0.012387 thr=0.003082
C-F08-2,2026-01-22,2026-01-22 13:13:00,1,0.00310514,lb=0.015269 ls=0.012164 thr=0.003082
C-F08-2,2026-01-22,2026-01-22 13:49:00,1,0.00361824,lb=0.016555 ls=0.012936 thr=0.003082
C-F08-2,2026-01-22,2026-01-22 15:03:00,-1,-0.00388812,lb=0.010332 ls=0.01422 thr=0.003082
C-F08-2,2026-01-23,2026-01-23 10:40:00,1,0.00324245,lb=0.012851 ls=0.0096087 thr=0.003199
C-F08-2,2026-01-23,2026-01-23 11:13:00,1,0.00326213,lb=0.010772 ls=0.0075098 thr=0.003199
C-F08-2,2026-01-23,2026-01-23 13:59:00,1,0.0032077,lb=0.015516 ls=0.012309 thr=0.003199
C-F08-2,2026-01-27,2026-01-27 11:33:00,1,0.00285481,lb=0.010278 ls=0.0074237 thr=0.002851
C-F08-2,2026-01-27,2026-01-27 12:04:00,1,0.00355299,lb=0.01187 ls=0.0083172 thr=0.002851
C-F08-2,2026-01-27,2026-01-27 13:37:00,-1,-0.00320173,lb=0.011521 ls=0.014723 thr=0.002851
C-F08-2,2026-01-27,2026-01-27 14:38:00,1,0.00296332,lb=0.011162 ls=0.0081992 thr=0.002851
C-F08-2,2026-01-27,2026-01-27 15:09:00,1,0.00388947,lb=0.011019 ls=0.0071291 thr=0.002851
C-F08-2,2026-01-28,2026-01-28 10:47:00,1,0.00311827,lb=0.016379 ls=0.013261 thr=0.0028521
C-F08-2,2026-01-28,2026-01-28 11:49:00,-1,-0.00290342,lb=0.0097926 ls=0.012696 thr=0.0028521
C-F08-2,2026-01-28,2026-01-28 12:56:00,1,0.00345052,lb=0.01521 ls=0.011759 thr=0.0028521
C-F08-2,2026-01-28,2026-01-28 13:27:00,1,0.00452467,lb=0.018276 ls=0.013751 thr=0.0028521
C-F08-2,2026-01-28,2026-01-28 13:59:00,1,0.00330493,lb=0.020504 ls=0.017199 thr=0.0028521
C-F08-2,2026-01-28,2026-01-28 14:32:00,1,0.00408,lb=0.0382 ls=0.03412 thr=0.0028521
C-F08-2,2026-01-28,2026-01-28 15:25:00,-1,-0.00303035,lb=0.024271 ls=0.027301 thr=0.0028521
C-F08-2,2026-01-29,2026-01-29 10:49:00,-1,-0.00294749,lb=0.018003 ls=0.02095 thr=0.0029073
C-F08-2,2026-01-29,2026-01-29 11:37:00,1,0.00382787,lb=0.022171 ls=0.018343 thr=0.0029073
C-F08-2,2026-01-29,2026-01-29 12:08:00,1,0.0129077,lb=0.026436 ls=0.013528 thr=0.0029073
C-F08-2,2026-01-29,2026-01-29 12:39:00,1,0.00898326,lb=0.02097 ls=0.011987 thr=0.0029073
C-F08-2,2026-01-29,2026-01-29 13:10:00,1,0.0057758,lb=0.023497 ls=0.017721 thr=0.0029073
C-F08-2,2026-01-29,2026-01-29 14:01:00,1,0.00305168,lb=0.021962 ls=0.01891 thr=0.0029073
C-F08-2,2026-01-30,2026-01-30 10:37:00,1,0.00337846,lb=0.021253 ls=0.017875 thr=0.0030649
C-F08-2,2026-01-30,2026-01-30 11:35:00,-1,-0.00340119,lb=0.019295 ls=0.022696 thr=0.0030649
C-F08-2,2026-01-30,2026-01-30 12:34:00,1,0.00325765,lb=0.024237 ls=0.020979 thr=0.0030649
C-F08-2,2026-01-30,2026-01-30 13:08:00,-1,-0.00311479,lb=0.024638 ls=0.027753 thr=0.0030649
C-F08-2,2026-01-30,2026-01-30 13:53:00,1,0.00377338,lb=0.029188 ls=0.025415 thr=0.0030649
C-F08-2,2026-01-30,2026-01-30 14:24:00,1,0.0109337,lb=0.034345 ls=0.023412 thr=0.0030649
C-F08-2,2026-01-30,2026-01-30 15:01:00,-1,-0.00376501,lb=0.02436 ls=0.028125 thr=0.0030649
C-F08-2,2026-02-02,2026-02-02 10:32:00,1,0.00687016,lb=0.021881 ls=0.015011 thr=0.003288
C-F08-2,2026-02-02,2026-02-02 11:18:00,-1,-0.00332592,lb=0.013386 ls=0.016712 thr=0.003288
C-F08-2,2026-02-02,2026-02-02 12:25:00,1,0.00337088,lb=0.016839 ls=0.013468 thr=0.003288
C-F08-2,2026-02-02,2026-02-02 15:07:00,1,0.00333292,lb=0.02028 ls=0.016947 thr=0.003288
C-F08-2,2026-02-03,2026-02-03 12:25:00,1,0.00328606,lb=0.021547 ls=0.018261 thr=0.003184
C-F08-2,2026-02-03,2026-02-03 13:26:00,-1,-0.0037833,lb=0.015922 ls=0.019705 thr=0.003184
C-F08-2,2026-02-03,2026-02-03 13:57:00,-1,-0.00352402,lb=0.018175 ls=0.021699 thr=0.003184
C-F08-2,2026-02-03,2026-02-03 14:28:00,1,0.00376922,lb=0.023958 ls=0.020189 thr=0.003184
C-F08-2,2026-02-03,2026-02-03 14:59:00,1,0.00485261,lb=0.025866 ls=0.021013 thr=0.003184
C-F08-2,2026-02-04,2026-02-04 10:32:00,-1,-0.00480598,lb=0.028612 ls=0.033418 thr=0.0031921
C-F08-2,2026-02-04,2026-02-04 11:03:00,-1,-0.00559496,lb=0.026234 ls=0.031829 thr=0.0031921
C-F08-2,2026-02-04,2026-02-04 11:55:00,-1,-0.00320438,lb=0.02558 ls=0.028784 thr=0.0031921
C-F08-2,2026-02-04,2026-02-04 12:26:00,-1,-0.00527751,lb=0.021052 ls=0.026329 thr=0.0031921
C-F08-2,2026-02-04,2026-02-04 12:57:00,-1,-0.00555842,lb=0.023591 ls=0.029149 thr=0.0031921
C-F08-2,2026-02-04,2026-02-04 13:28:00,-1,-0.00631153,lb=0.028981 ls=0.035293 thr=0.0031921
C-F08-2,2026-02-04,2026-02-04 14:11:00,-1,-0.00321403,lb=0.033204 ls=0.036418 thr=0.0031921
C-F08-2,2026-02-04,2026-02-04 14:46:00,1,0.00405618,lb=0.033164 ls=0.029108 thr=0.0031921
C-F08-2,2026-02-04,2026-02-04 15:22:00,1,0.00356708,lb=0.030095 ls=0.026528 thr=0.0031921
C-F08-2,2026-02-05,2026-02-05 10:33:00,-1,-0.00736293,lb=0.027092 ls=0.034454 thr=0.0033715
C-F08-2,2026-02-05,2026-02-05 11:04:00,-1,-0.00708742,lb=0.027519 ls=0.034606 thr=0.0033715
C-F08-2,2026-02-05,2026-02-05 12:05:00,1,0.00368235,lb=0.03032 ls=0.026638 thr=0.0033715
C-F08-2,2026-02-05,2026-02-05 12:51:00,-1,-0.00437607,lb=0.029256 ls=0.033632 thr=0.0033715
C-F08-2,2026-02-05,2026-02-05 13:23:00,-1,-0.00422779,lb=0.032186 ls=0.036414 thr=0.0033715
C-F08-2,2026-02-05,2026-02-05 13:54:00,-1,-0.0113642,lb=0.032114 ls=0.043478 thr=0.0033715
C-F08-2,2026-02-05,2026-02-05 14:35:00,-1,-0.00677288,lb=0.028392 ls=0.035164 thr=0.0033715
C-F08-2,2026-02-05,2026-02-05 15:06:00,-1,-0.0035626,lb=0.02841 ls=0.031972 thr=0.0033715
C-F08-2,2026-02-06,2026-02-06 10:38:00,1,0.00373891,lb=0.030891 ls=0.027152 thr=0.0034683
C-F08-2,2026-02-06,2026-02-06 11:13:00,1,0.00421825,lb=0.030122 ls=0.025903 thr=0.0034683
C-F08-2,2026-02-06,2026-02-06 11:51:00,1,0.00492626,lb=0.023328 ls=0.018402 thr=0.0034683
C-F08-2,2026-02-06,2026-02-06 12:22:00,1,0.00491175,lb=0.022426 ls=0.017514 thr=0.0034683
C-F08-2,2026-02-06,2026-02-06 12:53:00,1,0.00359729,lb=0.023596 ls=0.019999 thr=0.0034683
C-F08-2,2026-02-06,2026-02-06 13:24:00,1,0.00401112,lb=0.024303 ls=0.020292 thr=0.0034683
C-F08-2,2026-02-06,2026-02-06 13:55:00,1,0.0040414,lb=0.021197 ls=0.017156 thr=0.0034683
C-F08-2,2026-02-09,2026-02-09 10:32:00,1,0.00501592,lb=0.025397 ls=0.020381 thr=0.0036554
C-F08-2,2026-02-09,2026-02-09 11:03:00,1,0.00849206,lb=0.024003 ls=0.015511 thr=0.0036554
C-F08-2,2026-02-09,2026-02-09 11:34:00,1,0.00756339,lb=0.022406 ls=0.014843 thr=0.0036554
C-F08-2,2026-02-09,2026-02-09 13:15:00,1,0.00382552,lb=0.015492 ls=0.011667 thr=0.0036554
C-F08-2,2026-02-09,2026-02-09 13:46:00,1,0.00565595,lb=0.01967 ls=0.014014 thr=0.0036554
C-F08-2,2026-02-09,2026-02-09 14:19:00,1,0.00395241,lb=0.021939 ls=0.017987 thr=0.0036554
C-F08-2,2026-02-10,2026-02-10 11:07:00,1,0.00436576,lb=0.018888 ls=0.014522 thr=0.003877
C-F08-2,2026-02-10,2026-02-10 11:38:00,1,0.00451629,lb=0.021763 ls=0.017247 thr=0.003877
C-F08-2,2026-02-10,2026-02-10 13:17:00,1,0.00447905,lb=0.021643 ls=0.017164 thr=0.003877
C-F08-2,2026-02-10,2026-02-10 13:49:00,1,0.00496355,lb=0.020264 ls=0.015301 thr=0.003877
C-F08-2,2026-02-10,2026-02-10 15:15:00,1,0.00464266,lb=0.022815 ls=0.018172 thr=0.003877
C-F08-2,2026-02-11,2026-02-11 10:53:00,1,0.00393582,lb=0.020761 ls=0.016825 thr=0.0038825
C-F08-2,2026-02-11,2026-02-11 11:24:00,1,0.00652655,lb=0.023979 ls=0.017453 thr=0.0038825
C-F08-2,2026-02-11,2026-02-11 11:55:00,1,0.00432328,lb=0.025413 ls=0.02109 thr=0.0038825
C-F08-2,2026-02-11,2026-02-11 13:57:00,1,0.00435792,lb=0.01903 ls=0.014672 thr=0.0038825
C-F08-2,2026-02-11,2026-02-11 14:28:00,1,0.0104918,lb=0.026436 ls=0.015944 thr=0.0038825
C-F08-2,2026-02-11,2026-02-11 14:59:00,1,0.00881225,lb=0.030809 ls=0.021997 thr=0.0038825
C-F08-2,2026-02-11,2026-02-11 15:30:00,1,0.00437919,lb=0.027052 ls=0.022673 thr=0.0038825
C-F08-2,2026-02-12,2026-02-12 11:19:00,-1,-0.00399013,lb=0.015155 ls=0.019145 thr=0.003935
C-F08-2,2026-02-12,2026-02-12 12:25:00,1,0.00504536,lb=0.032727 ls=0.027681 thr=0.003935
C-F08-2,2026-02-12,2026-02-12 13:42:00,1,0.00406535,lb=0.027518 ls=0.023452 thr=0.003935
C-F08-2,2026-02-12,2026-02-12 14:16:00,1,0.00403795,lb=0.030009 ls=0.025971 thr=0.003935
C-F08-2,2026-02-12,2026-02-12 14:52:00,-1,-0.00516788,lb=0.021945 ls=0.027113 thr=0.003935
C-F08-2,2026-02-12,2026-02-12 15:24:00,-1,-0.00434955,lb=0.017717 ls=0.022066 thr=0.003935
C-F08-2,2026-02-13,2026-02-13 10:51:00,1,0.00412941,lb=0.033102 ls=0.028973 thr=0.0039654
C-F08-2,2026-02-13,2026-02-13 11:53:00,1,0.00431445,lb=0.027552 ls=0.023237 thr=0.0039654
C-F08-2,2026-02-13,2026-02-13 12:24:00,1,0.00592033,lb=0.026112 ls=0.020191 thr=0.0039654
C-F08-2,2026-02-13,2026-02-13 13:07:00,1,0.00416681,lb=0.025871 ls=0.021704 thr=0.0039654
C-F08-2,2026-02-13,2026-02-13 13:38:00,1,0.00597213,lb=0.028104 ls=0.022131 thr=0.0039654
C-F08-2,2026-02-13,2026-02-13 14:13:00,1,0.00441147,lb=0.028392 ls=0.023981 thr=0.0039654
C-F08-2,2026-02-16,2026-02-16 10:32:00,1,0.00481598,lb=0.028751 ls=0.023935 thr=0.0039372
C-F08-2,2026-02-16,2026-02-16 11:30:00,1,0.00416678,lb=0.026496 ls=0.022329 thr=0.0039372
C-F08-2,2026-02-16,2026-02-16 12:01:00,1,0.00603894,lb=0.028474 ls=0.022435 thr=0.0039372
C-F08-2,2026-02-16,2026-02-16 12:32:00,1,0.00631111,lb=0.031107 ls=0.024796 thr=0.0039372
C-F08-2,2026-02-17,2026-02-17 10:32:00,-1,-0.00489353,lb=0.023311 ls=0.028205 thr=0.0041671
C-F08-2,2026-02-17,2026-02-17 11:09:00,-1,-0.00445152,lb=0.024205 ls=0.028656 thr=0.0041671
C-F08-2,2026-02-17,2026-02-17 11:42:00,1,0.0042938,lb=0.024356 ls=0.020063 thr=0.0041671
C-F08-2,2026-02-17,2026-02-17 12:16:00,-1,-0.00441306,lb=0.020676 ls=0.025089 thr=0.0041671
C-F08-2,2026-02-17,2026-02-17 12:47:00,-1,-0.00602397,lb=0.025438 ls=0.031462 thr=0.0041671
C-F08-2,2026-02-17,2026-02-17 13:18:00,-1,-0.00666516,lb=0.027503 ls=0.034168 thr=0.0041671
C-F08-2,2026-02-18,2026-02-18 10:33:00,1,0.00498753,lb=0.018165 ls=0.013178 thr=0.0041734
C-F08-2,2026-02-19,2026-02-19 11:04:00,1,0.00443812,lb=0.021678 ls=0.01724 thr=0.0042062
C-F08-2,2026-02-19,2026-02-19 14:18:00,1,0.00421363,lb=0.01667 ls=0.012456 thr=0.0042062
C-F08-2,2026-02-20,2026-02-20 11:50:00,1,0.00430931,lb=0.027063 ls=0.022754 thr=0.0042062
C-F08-2,2026-02-20,2026-02-20 12:55:00,1,0.00423538,lb=0.024653 ls=0.020418 thr=0.0042062
C-F08-2,2026-02-20,2026-02-20 13:26:00,1,0.00723985,lb=0.030032 ls=0.022792 thr=0.0042062
C-F08-2,2026-02-20,2026-02-20 13:57:00,1,0.00720741,lb=0.0375 ls=0.030293 thr=0.0042062
C-F08-2,2026-02-20,2026-02-20 14:48:00,-1,-0.00468694,lb=0.020464 ls=0.025151 thr=0.0042062
C-F08-2,2026-02-20,2026-02-20 15:20:00,-1,-0.00495011,lb=0.016755 ls=0.021705 thr=0.0042062
C-F08-2,2026-02-23,2026-02-23 10:39:00,-1,-0.00463023,lb=0.014649 ls=0.019279 thr=0.0042266
C-F08-2,2026-02-23,2026-02-23 11:10:00,-1,-0.00636561,lb=0.010669 ls=0.017035 thr=0.0042266
C-F08-2,2026-02-23,2026-02-23 12:03:00,1,0.00437255,lb=0.019236 ls=0.014864 thr=0.0042266
C-F08-2,2026-02-23,2026-02-23 13:22:00,1,0.00463139,lb=0.0213 ls=0.016669 thr=0.0042266
C-F08-2,2026-02-23,2026-02-23 13:53:00,1,0.00559722,lb=0.017159 ls=0.011562 thr=0.0042266
C-F08-2,2026-02-23,2026-02-23 14:29:00,-1,-0.00492116,lb=0.011234 ls=0.016155 thr=0.0042266
C-F08-2,2026-02-23,2026-02-23 15:00:00,-1,-0.00440886,lb=0.014353 ls=0.018762 thr=0.0042266
C-F08-2,2026-02-24,2026-02-24 14:55:00,-1,-0.00465771,lb=0.011886 ls=0.016543 thr=0.004347
C-F08-2,2026-02-25,2026-02-25 12:16:00,1,0.00437831,lb=0.0097875 ls=0.0054092 thr=0.0041906
C-F08-2,2026-02-25,2026-02-25 14:21:00,1,0.00446658,lb=0.0059038 ls=0.0014372 thr=0.0041906
C-F08-2,2026-02-25,2026-02-25 15:29:00,1,0.00431689,lb=0.013662 ls=0.0093448 thr=0.0041906
C-F08-2,2026-02-26,2026-02-26 10:32:00,-1,-0.00485677,lb=0.013707 ls=0.018563 thr=0.0041942
C-F08-2,2026-02-26,2026-02-26 11:06:00,1,0.00506063,lb=0.023748 ls=0.018688 thr=0.0041942
C-F08-2,2026-02-26,2026-02-26 11:37:00,1,0.0096292,lb=0.022582 ls=0.012953 thr=0.0041942
C-F08-2,2026-02-26,2026-02-26 12:26:00,-1,-0.00435334,lb=0.014299 ls=0.018652 thr=0.0041942
C-F08-2,2026-02-26,2026-02-26 14:05:00,1,0.00432428,lb=0.019366 ls=0.015042 thr=0.0041942
C-F08-2,2026-02-26,2026-02-26 14:36:00,1,0.00614243,lb=0.020913 ls=0.01477 thr=0.0041942
C-F08-2,2026-02-27,2026-02-27 11:35:00,1,0.00494844,lb=0.019592 ls=0.014643 thr=0.004347
C-F08-2,2026-02-27,2026-02-27 15:29:00,1,0.00489421,lb=0.020175 ls=0.01528 thr=0.004347
C-F08-2,2026-03-02,2026-03-02 10:32:00,1,0.00785082,lb=0.026911 ls=0.01906 thr=0.0040328
C-F08-2,2026-03-02,2026-03-02 11:41:00,1,0.00417795,lb=0.025546 ls=0.021368 thr=0.0040328
C-F08-2,2026-03-02,2026-03-02 12:15:00,1,0.00425661,lb=0.025345 ls=0.021088 thr=0.0040328
C-F08-2,2026-03-02,2026-03-02 13:52:00,1,0.00423999,lb=0.023441 ls=0.019201 thr=0.0040328
C-F08-2,2026-03-02,2026-03-02 14:25:00,1,0.004179,lb=0.021783 ls=0.017604 thr=0.0040328
C-F08-2,2026-03-02,2026-03-02 14:56:00,1,0.00432951,lb=0.016942 ls=0.012613 thr=0.0040328
C-F08-2,2026-03-02,2026-03-02 15:27:00,-1,-0.00696862,lb=0.017704 ls=0.024673 thr=0.0040328
C-F08-2,2026-03-03,2026-03-03 10:47:00,-1,-0.0041559,lb=0.020099 ls=0.024255 thr=0.0040355
C-F08-2,2026-03-03,2026-03-03 11:19:00,-1,-0.00404397,lb=0.020702 ls=0.024746 thr=0.0040355
C-F08-2,2026-03-03,2026-03-03 11:50:00,1,0.00646249,lb=0.025932 ls=0.01947 thr=0.0040355
C-F08-2,2026-03-03,2026-03-03 12:21:00,1,0.00669409,lb=0.030582 ls=0.023888 thr=0.0040355
C-F08-2,2026-03-03,2026-03-03 12:52:00,1,0.0105281,lb=0.045676 ls=0.035148 thr=0.0040355
C-F08-2,2026-03-03,2026-03-03 13:26:00,1,0.00450114,lb=0.042099 ls=0.037597 thr=0.0040355
C-F08-2,2026-03-03,2026-03-03 13:57:00,1,0.00703008,lb=0.032361 ls=0.025331 thr=0.0040355
C-F08-2,2026-03-03,2026-03-03 14:29:00,1,0.00418949,lb=0.030387 ls=0.026198 thr=0.0040355
C-F08-2,2026-03-03,2026-03-03 15:03:00,1,0.00741258,lb=0.03924 ls=0.031828 thr=0.0040355
C-F08-2,2026-03-04,2026-03-04 10:37:00,1,0.00446652,lb=0.019186 ls=0.014719 thr=0.0041838
C-F08-2,2026-03-04,2026-03-04 11:32:00,-1,-0.00460844,lb=0.017466 ls=0.022074 thr=0.0041838
C-F08-2,2026-03-04,2026-03-04 12:14:00,1,0.00486834,lb=0.019231 ls=0.014362 thr=0.0041838
C-F08-2,2026-03-04,2026-03-04 12:45:00,1,0.00680033,lb=0.026048 ls=0.019248 thr=0.0041838
C-F08-2,2026-03-04,2026-03-04 13:37:00,-1,-0.00430911,lb=0.021613 ls=0.025922 thr=0.0041838
C-F08-2,2026-03-04,2026-03-04 14:37:00,1,0.00438911,lb=0.022894 ls=0.018505 thr=0.0041838
C-F08-2,2026-03-04,2026-03-04 15:12:00,1,0.00528699,lb=0.026763 ls=0.021476 thr=0.0041838
C-F08-2,2026-03-05,2026-03-05 12:09:00,-1,-0.00571318,lb=0.02493 ls=0.030644 thr=0.0041476
C-F08-2,2026-03-05,2026-03-05 12:40:00,-1,-0.00620925,lb=0.023902 ls=0.030111 thr=0.0041476
C-F08-2,2026-03-05,2026-03-05 13:12:00,-1,-0.00426385,lb=0.022953 ls=0.027216 thr=0.0041476
C-F08-2,2026-03-05,2026-03-05 13:44:00,1,0.00449351,lb=0.032882 ls=0.028389 thr=0.0041476
C-F08-2,2026-03-05,2026-03-05 14:43:00,-1,-0.00582101,lb=0.032717 ls=0.038538 thr=0.0041476
C-F08-2,2026-03-05,2026-03-05 15:14:00,-1,-0.00891592,lb=0.02819 ls=0.037106 thr=0.0041476
C-F08-2,2026-03-06,2026-03-06 10:34:00,1,0.00446721,lb=0.025285 ls=0.020818 thr=0.0041504
C-F08-2,2026-03-06,2026-03-06 11:05:00,1,0.00720304,lb=0.02557 ls=0.018367 thr=0.0041504
C-F08-2,2026-03-06,2026-03-06 11:39:00,1,0.00421034,lb=0.027031 ls=0.022821 thr=0.0041504
C-F08-2,2026-03-06,2026-03-06 12:12:00,-1,-0.00476808,lb=0.024864 ls=0.029632 thr=0.0041504
C-F08-2,2026-03-06,2026-03-06 12:43:00,-1,-0.00504852,lb=0.025033 ls=0.030082 thr=0.0041504
C-F08-2,2026-03-06,2026-03-06 13:26:00,1,0.00466893,lb=0.027635 ls=0.022966 thr=0.0041504
C-F08-2,2026-03-06,2026-03-06 14:26:00,-1,-0.004659,lb=0.029021 ls=0.03368 thr=0.0041504
C-F08-2,2026-03-06,2026-03-06 14:57:00,1,0.00813464,lb=0.047437 ls=0.039302 thr=0.0041504
C-F08-2,2026-03-06,2026-03-06 15:28:00,-1,-0.00513253,lb=0.031821 ls=0.036953 thr=0.0041504
C-F08-2,2026-03-09,2026-03-09 10:32:00,-1,-0.0105107,lb=0.030804 ls=0.041315 thr=0.0041453
C-F08-2,2026-03-09,2026-03-09 11:03:00,-1,-0.0057823,lb=0.033111 ls=0.038894 thr=0.0041453
C-F08-2,2026-03-09,2026-03-09 11:34:00,1,0.00567406,lb=0.025318 ls=0.019644 thr=0.0041453
C-F08-2,2026-03-09,2026-03-09 12:22:00,-1,-0.00488891,lb=0.024776 ls=0.029665 thr=0.0041453
C-F08-2,2026-03-09,2026-03-09 12:53:00,-1,-0.00764003,lb=0.025672 ls=0.033312 thr=0.0041453
C-F08-2,2026-03-09,2026-03-09 13:24:00,-1,-0.00622134,lb=0.024553 ls=0.030774 thr=0.0041453
C-F08-2,2026-03-09,2026-03-09 13:55:00,-1,-0.00804949,lb=0.014312 ls=0.022361 thr=0.0041453
C-F08-2,2026-03-09,2026-03-09 15:07:00,-1,-0.00467738,lb=0.014422 ls=0.0191 thr=0.0041453
C-F08-2,2026-03-10,2026-03-10 11:08:00,1,0.00438033,lb=0.018826 ls=0.014445 thr=0.0043461
C-F08-2,2026-03-10,2026-03-10 12:35:00,-1,-0.00503442,lb=0.020245 ls=0.025279 thr=0.0043461
C-F08-2,2026-03-10,2026-03-10 13:06:00,-1,-0.00817712,lb=0.022631 ls=0.030808 thr=0.0043461
C-F08-2,2026-03-10,2026-03-10 13:37:00,-1,-0.00555927,lb=0.018424 ls=0.023983 thr=0.0043461
C-F08-2,2026-03-10,2026-03-10 14:28:00,1,0.00569326,lb=0.032622 ls=0.026929 thr=0.0043461
C-F08-2,2026-03-10,2026-03-10 15:24:00,1,0.00706268,lb=0.043723 ls=0.036661 thr=0.0043461
C-F08-2,2026-03-11,2026-03-11 12:05:00,-1,-0.0043735,lb=0.017305 ls=0.021679 thr=0.0043531
C-F08-2,2026-03-11,2026-03-11 12:46:00,1,0.00459182,lb=0.023855 ls=0.019263 thr=0.0043531
C-F08-2,2026-03-11,2026-03-11 13:40:00,-1,-0.00459347,lb=0.023199 ls=0.027792 thr=0.0043531
C-F08-2,2026-03-11,2026-03-11 14:21:00,-1,-0.00445807,lb=0.027159 ls=0.031617 thr=0.0043531
C-F08-2,2026-03-11,2026-03-11 14:54:00,-1,-0.00440003,lb=0.021418 ls=0.025818 thr=0.0043531
C-F08-2,2026-03-12,2026-03-12 12:25:00,1,0.00485529,lb=0.030986 ls=0.026131 thr=0.004209
C-F08-2,2026-03-12,2026-03-12 13:06:00,1,0.00473189,lb=0.032472 ls=0.02774 thr=0.004209
C-F08-2,2026-03-12,2026-03-12 13:37:00,1,0.00538804,lb=0.038547 ls=0.033159 thr=0.004209
C-F08-2,2026-03-12,2026-03-12 14:08:00,-1,-0.00650191,lb=0.032897 ls=0.039399 thr=0.004209
C-F08-2,2026-03-12,2026-03-12 14:41:00,-1,-0.00423599,lb=0.02923 ls=0.033466 thr=0.004209
C-F08-2,2026-03-12,2026-03-12 15:12:00,-1,-0.00602106,lb=0.028232 ls=0.034253 thr=0.004209
C-F08-2,2026-03-13,2026-03-13 11:17:00,1,0.00427815,lb=0.022881 ls=0.018603 thr=0.0041683
C-F08-2,2026-03-13,2026-03-13 12:32:00,1,0.00468199,lb=0.029084 ls=0.024402 thr=0.0041683
C-F08-2,2026-03-13,2026-03-13 13:03:00,1,0.00995721,lb=0.039202 ls=0.029245 thr=0.0041683
C-F08-2,2026-03-13,2026-03-13 13:34:00,1,0.00823068,lb=0.040785 ls=0.032555 thr=0.0041683
C-F08-2,2026-03-13,2026-03-13 14:05:00,1,0.00873985,lb=0.035585 ls=0.026845 thr=0.0041683
C-F08-2,2026-03-13,2026-03-13 14:36:00,1,0.00431723,lb=0.024773 ls=0.020456 thr=0.0041683
C-F08-2,2026-03-13,2026-03-13 15:07:00,1,0.00485999,lb=0.024555 ls=0.019695 thr=0.0041683
C-F08-2,2026-03-16,2026-03-16 10:37:00,1,0.00465225,lb=0.03554 ls=0.030888 thr=0.0045014
C-F08-2,2026-03-16,2026-03-16 11:31:00,1,0.00498652,lb=0.040925 ls=0.035939 thr=0.0045014
C-F08-2,2026-03-16,2026-03-16 12:02:00,1,0.0108222,lb=0.045989 ls=0.035166 thr=0.0045014
C-F08-2,2026-03-16,2026-03-16 12:33:00,1,0.00886311,lb=0.049213 ls=0.040349 thr=0.0045014
C-F08-2,2026-03-16,2026-03-16 13:04:00,1,0.015565,lb=0.05713 ls=0.041565 thr=0.0045014
C-F08-2,2026-03-16,2026-03-16 13:35:00,1,0.0160491,lb=0.056809 ls=0.04076 thr=0.0045014
C-F08-2,2026-03-16,2026-03-16 14:06:00,1,0.00928274,lb=0.05167 ls=0.042387 thr=0.0045014
C-F08-2,2026-03-16,2026-03-16 14:37:00,1,0.00653453,lb=0.04254 ls=0.036005 thr=0.0045014
C-F08-2,2026-03-16,2026-03-16 15:10:00,1,0.00464416,lb=0.035504 ls=0.03086 thr=0.0045014
C-F08-2,2026-03-17,2026-03-17 13:22:00,1,0.00503466,lb=0.026863 ls=0.021829 thr=0.004684
C-F08-2,2026-03-17,2026-03-17 13:53:00,1,0.00584143,lb=0.028301 ls=0.02246 thr=0.004684
C-F08-2,2026-03-18,2026-03-18 10:48:00,-1,-0.00474831,lb=0.017624 ls=0.022372 thr=0.004572
C-F08-2,2026-03-18,2026-03-18 11:21:00,-1,-0.00464144,lb=0.017628 ls=0.022269 thr=0.004572
C-F08-2,2026-03-18,2026-03-18 12:01:00,1,0.00588889,lb=0.030119 ls=0.02423 thr=0.004572
C-F08-2,2026-03-18,2026-03-18 12:33:00,1,0.00564746,lb=0.033203 ls=0.027556 thr=0.004572
C-F08-2,2026-03-18,2026-03-18 13:40:00,1,0.00497148,lb=0.028021 ls=0.023049 thr=0.004572
C-F08-2,2026-03-18,2026-03-18 14:17:00,-1,-0.0060941,lb=0.03344 ls=0.039534 thr=0.004572
C-F08-2,2026-03-18,2026-03-18 14:48:00,-1,-0.00669154,lb=0.035626 ls=0.042317 thr=0.004572
C-F08-2,2026-03-18,2026-03-18 15:19:00,-1,-0.00852445,lb=0.024461 ls=0.032985 thr=0.004572
C-F08-2,2026-03-19,2026-03-19 10:32:00,1,0.00764583,lb=0.025992 ls=0.018346 thr=0.0045915
C-F08-2,2026-03-19,2026-03-19 13:06:00,1,0.00516174,lb=0.039255 ls=0.034093 thr=0.0045915
C-F08-2,2026-03-19,2026-03-19 13:37:00,1,0.00581704,lb=0.033354 ls=0.027537 thr=0.0045915
C-F08-2,2026-03-19,2026-03-19 14:13:00,1,0.00470062,lb=0.029325 ls=0.024624 thr=0.0045915
C-F08-2,2026-03-19,2026-03-19 15:10:00,1,0.00570585,lb=0.036083 ls=0.030377 thr=0.0045915
C-F08-2,2026-03-20,2026-03-20 13:10:00,1,0.00521774,lb=0.031154 ls=0.025936 thr=0.0047301
C-F08-2,2026-03-20,2026-03-20 13:41:00,1,0.00850841,lb=0.031791 ls=0.023283 thr=0.0047301
C-F08-2,2026-03-20,2026-03-20 14:41:00,-1,-0.00516862,lb=0.016357 ls=0.021526 thr=0.0047301
C-F08-2,2026-03-20,2026-03-20 15:12:00,-1,-0.00796134,lb=0.014646 ls=0.022607 thr=0.0047301
C-F08-2,2026-03-23,2026-03-23 12:03:00,-1,-0.00528605,lb=0.022494 ls=0.02778 thr=0.0049233
C-F08-2,2026-03-23,2026-03-23 12:34:00,-1,-0.00832225,lb=0.023571 ls=0.031893 thr=0.0049233
C-F08-2,2026-03-23,2026-03-23 13:05:00,-1,-0.00708232,lb=0.026924 ls=0.034007 thr=0.0049233
C-F08-2,2026-03-23,2026-03-23 13:36:00,-1,-0.00658094,lb=0.028696 ls=0.035277 thr=0.0049233
C-F08-2,2026-03-23,2026-03-23 14:22:00,1,0.00502146,lb=0.031907 ls=0.026886 thr=0.0049233
C-F08-2,2026-03-23,2026-03-23 14:53:00,1,0.0075805,lb=0.033141 ls=0.02556 thr=0.0049233
C-F08-2,2026-03-23,2026-03-23 15:24:00,1,0.00823369,lb=0.029206 ls=0.020972 thr=0.0049233
C-F08-2,2026-03-24,2026-03-24 11:29:00,1,0.00532568,lb=0.03047 ls=0.025144 thr=0.0052865
C-F08-2,2026-03-24,2026-03-24 12:00:00,1,0.00585586,lb=0.028261 ls=0.022405 thr=0.0052865
C-F08-2,2026-03-24,2026-03-24 12:47:00,1,0.00602267,lb=0.028504 ls=0.022482 thr=0.0052865
C-F08-2,2026-03-24,2026-03-24 13:51:00,-1,-0.0058923,lb=0.025967 ls=0.031859 thr=0.0052865
C-F08-2,2026-03-24,2026-03-24 14:57:00,-1,-0.00615121,lb=0.024778 ls=0.03093 thr=0.0052865
C-F08-2,2026-03-25,2026-03-25 12:46:00,1,0.00552824,lb=0.020946 ls=0.015418 thr=0.0051733
C-F08-2,2026-03-25,2026-03-25 13:17:00,1,0.00722517,lb=0.025257 ls=0.018032 thr=0.0051733
C-F08-2,2026-03-25,2026-03-25 13:54:00,-1,-0.00597533,lb=0.018677 ls=0.024652 thr=0.0051733
C-F08-2,2026-03-25,2026-03-25 14:25:00,-1,-0.00783551,lb=0.020683 ls=0.028519 thr=0.0051733
C-F08-2,2026-03-25,2026-03-25 14:58:00,-1,-0.00612976,lb=0.017594 ls=0.023724 thr=0.0051733
C-F08-2,2026-03-26,2026-03-26 12:02:00,-1,-0.00605566,lb=0.015169 ls=0.021224 thr=0.0053523
C-F08-2,2026-03-26,2026-03-26 14:20:00,-1,-0.00544975,lb=0.011312 ls=0.016762 thr=0.0053523
C-F08-2,2026-03-26,2026-03-26 15:02:00,-1,-0.0056576,lb=0.015945 ls=0.021603 thr=0.0053523
C-F08-2,2026-03-27,2026-03-27 12:24:00,-1,-0.00511342,lb=0.016471 ls=0.021585 thr=0.0050601
C-F08-2,2026-03-27,2026-03-27 12:55:00,-1,-0.00532025,lb=0.015713 ls=0.021033 thr=0.0050601
C-F08-2,2026-03-27,2026-03-27 13:26:00,-1,-0.00512785,lb=0.013136 ls=0.018264 thr=0.0050601
C-F08-2,2026-03-27,2026-03-27 13:57:00,-1,-0.00552214,lb=0.010285 ls=0.015807 thr=0.0050601
C-F08-2,2026-03-30,2026-03-30 12:36:00,-1,-0.0056438,lb=0.015511 ls=0.021155 thr=0.0051419
C-F08-2,2026-03-30,2026-03-30 13:13:00,-1,-0.00528803,lb=0.014334 ls=0.019622 thr=0.0051419
C-F08-2,2026-03-30,2026-03-30 14:11:00,-1,-0.0055662,lb=0.014892 ls=0.020458 thr=0.0051419
C-F08-2,2026-03-30,2026-03-30 14:42:00,-1,-0.00560454,lb=0.018406 ls=0.024011 thr=0.0051419
C-F08-2,2026-03-30,2026-03-30 15:13:00,-1,-0.00987361,lb=0.012095 ls=0.021969 thr=0.0051419
C-F08-2,2026-03-31,2026-03-31 12:44:00,1,0.0062443,lb=0.025307 ls=0.019063 thr=0.0052793
C-F08-2,2026-03-31,2026-03-31 13:33:00,-1,-0.00531669,lb=0.033295 ls=0.038612 thr=0.0052793
C-F08-2,2026-03-31,2026-03-31 14:04:00,1,0.00725555,lb=0.038835 ls=0.031579 thr=0.0052793
C-F08-2,2026-03-31,2026-03-31 15:05:00,-1,-0.00529651,lb=0.027415 ls=0.032712 thr=0.0052793
C-F08-2,2026-04-01,2026-04-01 14:39:00,-1,-0.00631143,lb=0.0090108 ls=0.015322 thr=0.0051127
C-F08-2,2026-04-02,2026-04-02 10:33:00,1,0.00534005,lb=0.01989 ls=0.01455 thr=0.0047405
C-F08-2,2026-04-02,2026-04-02 11:34:00,1,0.00571081,lb=0.041089 ls=0.035378 thr=0.0047405
C-F08-2,2026-04-02,2026-04-02 13:35:00,1,0.00519425,lb=0.03196 ls=0.026766 thr=0.0047405
C-F08-2,2026-04-06,2026-04-06 11:04:00,1,0.0049943,lb=0.024154 ls=0.019159 thr=0.0049047
C-F08-2,2026-04-06,2026-04-06 11:35:00,1,0.00600768,lb=0.025245 ls=0.019237 thr=0.0049047
C-F08-2,2026-04-06,2026-04-06 12:07:00,1,0.00510938,lb=0.021974 ls=0.016865 thr=0.0049047
C-F08-2,2026-04-06,2026-04-06 12:56:00,1,0.00575188,lb=0.020213 ls=0.014462 thr=0.0049047
C-F08-2,2026-04-06,2026-04-06 13:27:00,1,0.00718403,lb=0.024269 ls=0.017085 thr=0.0049047
C-F08-2,2026-04-06,2026-04-06 14:14:00,1,0.00565175,lb=0.022323 ls=0.016672 thr=0.0049047
C-F08-2,2026-04-06,2026-04-06 14:58:00,1,0.00541704,lb=0.022672 ls=0.017255 thr=0.0049047
C-F08-2,2026-04-07,2026-04-07 11:01:00,-1,-0.00485614,lb=0.014021 ls=0.018877 thr=0.0048077
C-F08-2,2026-04-07,2026-04-07 11:32:00,-1,-0.0054916,lb=0.015651 ls=0.021142 thr=0.0048077
C-F08-2,2026-04-07,2026-04-07 12:40:00,-1,-0.00540001,lb=0.019117 ls=0.024517 thr=0.0048077
C-F08-2,2026-04-07,2026-04-07 13:13:00,-1,-0.00508047,lb=0.019828 ls=0.024908 thr=0.0048077
C-F08-2,2026-04-07,2026-04-07 13:47:00,-1,-0.00509366,lb=0.017723 ls=0.022817 thr=0.0048077
C-F08-2,2026-04-07,2026-04-07 14:57:00,-1,-0.00514008,lb=0.020727 ls=0.025867 thr=0.0048077
C-F08-2,2026-04-08,2026-04-08 11:58:00,1,0.00478751,lb=0.016773 ls=0.011985 thr=0.0047627
C-F08-2,2026-04-08,2026-04-08 12:29:00,1,0.00503322,lb=0.015217 ls=0.010184 thr=0.0047627
C-F08-2,2026-04-08,2026-04-08 14:45:00,1,0.00486845,lb=0.021083 ls=0.016215 thr=0.0047627
C-F08-2,2026-04-08,2026-04-08 15:22:00,-1,-0.00563792,lb=0.016975 ls=0.022613 thr=0.0047627
C-F08-2,2026-04-09,2026-04-09 11:56:00,1,0.0048815,lb=0.013394 ls=0.0085122 thr=0.0044467
C-F08-2,2026-04-09,2026-04-09 15:24:00,1,0.00535194,lb=0.01548 ls=0.010128 thr=0.0044467
C-F08-2,2026-04-13,2026-04-13 10:32:00,1,0.00446287,lb=0.017071 ls=0.012609 thr=0.0042094
C-F08-2,2026-04-13,2026-04-13 13:37:00,1,0.00451877,lb=0.018883 ls=0.014364 thr=0.0042094
C-F08-2,2026-04-14,2026-04-14 12:28:00,1,0.00428444,lb=0.010221 ls=0.0059365 thr=0.0040742
C-F08-2,2026-04-14,2026-04-14 13:18:00,1,0.00444894,lb=0.011539 ls=0.0070899 thr=0.0040742
C-F08-2,2026-04-14,2026-04-14 15:30:00,1,0.00410628,lb=0.010355 ls=0.0062491 thr=0.0040742
C-F08-2,2026-04-15,2026-04-15 10:56:00,1,0.00401595,lb=0.013147 ls=0.009131 thr=0.0040097
C-F08-2,2026-04-15,2026-04-15 11:27:00,1,0.00416463,lb=0.012622 ls=0.0084577 thr=0.0040097
C-F08-2,2026-04-15,2026-04-15 13:57:00,1,0.00409737,lb=0.015094 ls=0.010996 thr=0.0040097
C-F08-2,2026-04-15,2026-04-15 15:00:00,1,0.00438379,lb=0.013592 ls=0.0092083 thr=0.0040097
C-F08-2,2026-04-16,2026-04-16 12:30:00,1,0.00407073,lb=0.012572 ls=0.0085014 thr=0.0038417
C-F08-2,2026-04-16,2026-04-16 15:26:00,1,0.00420886,lb=0.013783 ls=0.0095739 thr=0.0038417
C-F08-2,2026-04-17,2026-04-17 10:32:00,1,0.00671294,lb=0.017425 ls=0.010712 thr=0.0037155
C-F08-2,2026-04-17,2026-04-17 11:03:00,1,0.00578003,lb=0.014547 ls=0.0087668 thr=0.0037155
C-F08-2,2026-04-17,2026-04-17 11:41:00,1,0.00429708,lb=0.017487 ls=0.01319 thr=0.0037155
C-F08-2,2026-04-17,2026-04-17 12:33:00,1,0.00426651,lb=0.018467 ls=0.0142 thr=0.0037155
C-F08-2,2026-04-17,2026-04-17 13:38:00,1,0.00381883,lb=0.019039 ls=0.015221 thr=0.0037155
C-F08-2,2026-04-17,2026-04-17 14:09:00,1,0.00776877,lb=0.023801 ls=0.016032 thr=0.0037155
C-F08-2,2026-04-17,2026-04-17 14:41:00,1,0.00422473,lb=0.016835 ls=0.012611 thr=0.0037155
C-F08-2,2026-04-17,2026-04-17 15:21:00,1,0.00394254,lb=0.014076 ls=0.010134 thr=0.0037155
C-F08-2,2026-04-20,2026-04-20 10:56:00,1,0.00376173,lb=0.012654 ls=0.0088923 thr=0.0036987
C-F08-2,2026-04-20,2026-04-20 14:43:00,1,0.00371699,lb=0.012882 ls=0.0091654 thr=0.0036987
C-F08-2,2026-04-20,2026-04-20 15:28:00,1,0.00452674,lb=0.016118 ls=0.011591 thr=0.0036987
C-F08-2,2026-04-21,2026-04-21 11:18:00,1,0.00380991,lb=0.01314 ls=0.00933 thr=0.0034695
C-F08-2,2026-04-21,2026-04-21 12:04:00,1,0.00366959,lb=0.014441 ls=0.010771 thr=0.0034695
C-F08-2,2026-04-21,2026-04-21 13:08:00,1,0.00371804,lb=0.016181 ls=0.012463 thr=0.0034695
C-F08-2,2026-04-21,2026-04-21 13:39:00,1,0.00451884,lb=0.019034 ls=0.014515 thr=0.0034695
C-F08-2,2026-04-21,2026-04-21 14:58:00,-1,-0.00398655,lb=0.013392 ls=0.017379 thr=0.0034695
C-F08-2,2026-04-21,2026-04-21 15:29:00,1,0.00376716,lb=0.019776 ls=0.016009 thr=0.0034695
C-F08-2,2026-04-22,2026-04-22 13:37:00,1,0.00357291,lb=0.012382 ls=0.0088089 thr=0.0034372
C-F08-2,2026-04-22,2026-04-22 14:11:00,1,0.00343849,lb=0.013515 ls=0.010077 thr=0.0034372
C-F08-2,2026-04-22,2026-04-22 15:16:00,1,0.00388374,lb=0.014339 ls=0.010455 thr=0.0034372
C-F08-2,2026-04-23,2026-04-23 10:32:00,1,0.00361085,lb=0.016323 ls=0.012712 thr=0.0032031
C-F08-2,2026-04-23,2026-04-23 12:58:00,1,0.00328424,lb=0.015989 ls=0.012705 thr=0.0032031
C-F08-2,2026-04-23,2026-04-23 13:29:00,-1,-0.00459032,lb=0.011518 ls=0.016108 thr=0.0032031
C-F08-2,2026-04-23,2026-04-23 14:02:00,-1,-0.00322672,lb=0.016801 ls=0.020028 thr=0.0032031
C-F08-2,2026-04-23,2026-04-23 14:47:00,1,0.00673381,lb=0.024145 ls=0.017411 thr=0.0032031
C-F08-2,2026-04-24,2026-04-24 10:32:00,1,0.00423008,lb=0.01967 ls=0.01544 thr=0.003177
C-F08-2,2026-04-24,2026-04-24 12:46:00,1,0.00452859,lb=0.020429 ls=0.015901 thr=0.003177
C-F08-2,2026-04-24,2026-04-24 13:33:00,1,0.00335108,lb=0.015035 ls=0.011684 thr=0.003177
C-F08-2,2026-04-24,2026-04-24 14:51:00,-1,-0.00378258,lb=0.012788 ls=0.01657 thr=0.003177
C-F08-2,2026-04-27,2026-04-27 10:32:00,1,0.00488807,lb=0.016953 ls=0.012065 thr=0.0031376
C-F08-2,2026-04-27,2026-04-27 12:45:00,1,0.00317853,lb=0.011716 ls=0.008537 thr=0.0031376
C-F08-2,2026-04-27,2026-04-27 14:48:00,1,0.00355251,lb=0.012585 ls=0.0090329 thr=0.0031376
C-F08-2,2026-04-28,2026-04-28 10:32:00,1,0.00596338,lb=0.016954 ls=0.010991 thr=0.0030678
C-F08-2,2026-04-28,2026-04-28 12:39:00,1,0.00307727,lb=0.017552 ls=0.014474 thr=0.0030678
C-F08-2,2026-04-28,2026-04-28 14:04:00,1,0.00318927,lb=0.015899 ls=0.01271 thr=0.0030678
C-F08-2,2026-04-29,2026-04-29 10:43:00,-1,-0.0030853,lb=0.011987 ls=0.015072 thr=0.0030144
C-F08-2,2026-04-29,2026-04-29 11:14:00,-1,-0.00391563,lb=0.010045 ls=0.01396 thr=0.0030144
C-F08-2,2026-04-29,2026-04-29 12:14:00,1,0.00301529,lb=0.018951 ls=0.015936 thr=0.0030144
C-F08-2,2026-04-29,2026-04-29 13:06:00,1,0.00362218,lb=0.022785 ls=0.019163 thr=0.0030144
C-F08-2,2026-04-29,2026-04-29 13:50:00,-1,-0.00355501,lb=0.020462 ls=0.024017 thr=0.0030144
C-F08-2,2026-04-29,2026-04-29 14:21:00,-1,-0.00562469,lb=0.019489 ls=0.025114 thr=0.0030144
C-F08-2,2026-04-29,2026-04-29 15:10:00,1,0.00374124,lb=0.026353 ls=0.022612 thr=0.0030144
C-F08-2,2026-04-30,2026-04-30 11:21:00,1,0.00292624,lb=0.019478 ls=0.016552 thr=0.0029221
C-F08-2,2026-04-30,2026-04-30 11:52:00,1,0.00364023,lb=0.017592 ls=0.013952 thr=0.0029221
C-F08-2,2026-04-30,2026-04-30 12:40:00,1,0.00318438,lb=0.016882 ls=0.013698 thr=0.0029221
C-F08-2,2026-04-30,2026-04-30 13:11:00,1,0.00474872,lb=0.021197 ls=0.016448 thr=0.0029221
C-F08-2,2026-04-30,2026-04-30 13:42:00,1,0.00568226,lb=0.019102 ls=0.01342 thr=0.0029221
C-F08-2,2026-04-30,2026-04-30 14:13:00,1,0.00728641,lb=0.016093 ls=0.0088069 thr=0.0029221
C-F08-2,2026-04-30,2026-04-30 14:44:00,1,0.00436162,lb=0.012839 ls=0.0084775 thr=0.0029221
C-F08-2,2026-05-01,2026-05-01 10:32:00,1,0.00351491,lb=0.017029 ls=0.013514 thr=0.0029362
C-F08-2,2026-05-01,2026-05-01 11:34:00,1,0.00328461,lb=0.014134 ls=0.010849 thr=0.0029362
C-F08-2,2026-05-01,2026-05-01 12:05:00,1,0.00458218,lb=0.014976 ls=0.010394 thr=0.0029362
C-F08-2,2026-05-01,2026-05-01 12:55:00,-1,-0.00352485,lb=0.017636 ls=0.021161 thr=0.0029362
C-F08-2,2026-05-01,2026-05-01 13:26:00,-1,-0.0037774,lb=0.018751 ls=0.022528 thr=0.0029362
C-F08-2,2026-05-01,2026-05-01 13:57:00,1,0.00487178,lb=0.014491 ls=0.0096188 thr=0.0029362
C-F08-2,2026-05-01,2026-05-01 14:37:00,-1,-0.00323057,lb=0.011999 ls=0.01523 thr=0.0029362
C-F08-2,2026-05-01,2026-05-01 15:08:00,-1,-0.00437777,lb=0.013388 ls=0.017766 thr=0.0029362
C-F08-2,2026-05-04,2026-05-04 11:23:00,-1,-0.00307161,lb=0.010166 ls=0.013237 thr=0.0029581
C-F08-2,2026-05-04,2026-05-04 12:40:00,1,0.00312019,lb=0.020944 ls=0.017823 thr=0.0029581
C-F08-2,2026-05-04,2026-05-04 13:11:00,1,0.00632808,lb=0.022534 ls=0.016206 thr=0.0029581
C-F08-2,2026-05-04,2026-05-04 13:42:00,1,0.00634656,lb=0.019867 ls=0.013521 thr=0.0029581
C-F08-2,2026-05-04,2026-05-04 14:13:00,1,0.00581426,lb=0.02026 ls=0.014445 thr=0.0029581
C-F08-2,2026-05-04,2026-05-04 14:44:00,1,0.00427673,lb=0.019699 ls=0.015422 thr=0.0029581
C-F08-2,2026-05-05,2026-05-05 11:39:00,1,0.00321685,lb=0.01334 ls=0.010123 thr=0.0031061
C-F08-2,2026-05-05,2026-05-05 12:10:00,1,0.00508864,lb=0.014961 ls=0.0098726 thr=0.0031061
C-F08-2,2026-05-05,2026-05-05 13:16:00,1,0.00322808,lb=0.016905 ls=0.013677 thr=0.0031061
C-F08-2,2026-05-05,2026-05-05 15:23:00,1,0.00314028,lb=0.013317 ls=0.010177 thr=0.0031061
C-F08-2,2026-05-06,2026-05-06 10:33:00,1,0.00309414,lb=0.0225 ls=0.019406 thr=0.0030433
C-F08-2,2026-05-06,2026-05-06 11:30:00,1,0.0056904,lb=0.01517 ls=0.0094797 thr=0.0030433
C-F08-2,2026-05-06,2026-05-06 12:02:00,1,0.00328601,lb=0.013185 ls=0.0098991 thr=0.0030433
C-F08-2,2026-05-06,2026-05-06 12:44:00,1,0.00311412,lb=0.013136 ls=0.010022 thr=0.0030433
C-F08-2,2026-05-06,2026-05-06 13:15:00,1,0.00333662,lb=0.015333 ls=0.011997 thr=0.0030433
C-F08-2,2026-05-07,2026-05-07 12:00:00,1,0.00337601,lb=0.016567 ls=0.013191 thr=0.0030176
C-F08-2,2026-05-07,2026-05-07 12:38:00,1,0.00316209,lb=0.020006 ls=0.016844 thr=0.0030176
C-F08-2,2026-05-07,2026-05-07 13:28:00,-1,-0.00314985,lb=0.018365 ls=0.021515 thr=0.0030176
C-F08-2,2026-05-07,2026-05-07 14:28:00,1,0.00406125,lb=0.02352 ls=0.019458 thr=0.0030176
C-F08-2,2026-05-08,2026-05-08 10:32:00,1,0.0038551,lb=0.017539 ls=0.013684 thr=0.002935
C-F08-2,2026-05-08,2026-05-08 14:48:00,1,0.00346452,lb=0.018524 ls=0.015059 thr=0.002935
C-F08-2,2026-05-08,2026-05-08 15:19:00,1,0.00569287,lb=0.017837 ls=0.012144 thr=0.002935
C-F08-2,2026-05-11,2026-05-11 10:33:00,1,0.00323939,lb=0.01982 ls=0.016581 thr=0.0028599
C-F08-2,2026-05-11,2026-05-11 11:04:00,1,0.00702139,lb=0.019411 ls=0.01239 thr=0.0028599
C-F08-2,2026-05-11,2026-05-11 11:35:00,1,0.00500614,lb=0.014318 ls=0.0093116 thr=0.0028599
C-F08-2,2026-05-11,2026-05-11 12:07:00,1,0.00320304,lb=0.01376 ls=0.010557 thr=0.0028599
C-F08-2,2026-05-11,2026-05-11 12:50:00,1,0.00383714,lb=0.017219 ls=0.013382 thr=0.0028599
C-F08-2,2026-05-11,2026-05-11 13:21:00,1,0.00725267,lb=0.024296 ls=0.017044 thr=0.0028599
C-F08-2,2026-05-11,2026-05-11 13:53:00,1,0.00336054,lb=0.019202 ls=0.015842 thr=0.0028599
C-F08-2,2026-05-11,2026-05-11 14:24:00,1,0.00434494,lb=0.016473 ls=0.012128 thr=0.0028599
C-F08-2,2026-05-12,2026-05-12 11:04:00,-1,-0.00292166,lb=0.016108 ls=0.019029 thr=0.0028442
C-F08-2,2026-05-12,2026-05-12 11:35:00,-1,-0.00695436,lb=0.015416 ls=0.02237 thr=0.0028442
C-F08-2,2026-05-12,2026-05-12 12:06:00,-1,-0.00484719,lb=0.016324 ls=0.021171 thr=0.0028442
C-F08-2,2026-05-12,2026-05-12 12:42:00,-1,-0.00311231,lb=0.020088 ls=0.0232 thr=0.0028442
C-F08-2,2026-05-12,2026-05-12 13:13:00,-1,-0.00300901,lb=0.021547 ls=0.024556 thr=0.0028442
C-F08-2,2026-05-12,2026-05-12 13:44:00,1,0.00301146,lb=0.024613 ls=0.021601 thr=0.0028442
C-F08-2,2026-05-12,2026-05-12 14:15:00,1,0.00284638,lb=0.025051 ls=0.022205 thr=0.0028442
C-F08-2,2026-05-12,2026-05-12 14:49:00,1,0.00295252,lb=0.022693 ls=0.019741 thr=0.0028442
C-F08-2,2026-05-12,2026-05-12 15:20:00,1,0.00373212,lb=0.020302 ls=0.01657 thr=0.0028442
C-F08-2,2026-05-13,2026-05-13 10:41:00,1,0.0037472,lb=0.020903 ls=0.017156 thr=0.0029769
C-F08-2,2026-05-13,2026-05-13 11:12:00,1,0.00625867,lb=0.017072 ls=0.010813 thr=0.0029769
C-F08-2,2026-05-13,2026-05-13 11:58:00,1,0.00321211,lb=0.016742 ls=0.01353 thr=0.0029769
C-F08-2,2026-05-13,2026-05-13 12:33:00,1,0.00302683,lb=0.018968 ls=0.015941 thr=0.0029769
C-F08-2,2026-05-13,2026-05-13 13:56:00,1,0.00372865,lb=0.018269 ls=0.014541 thr=0.0029769
C-F08-2,2026-05-13,2026-05-13 14:27:00,1,0.00377745,lb=0.016267 ls=0.01249 thr=0.0029769
C-F08-2,2026-05-14,2026-05-14 10:32:00,1,0.0055198,lb=0.018122 ls=0.012602 thr=0.0030479
C-F08-2,2026-05-14,2026-05-14 11:11:00,1,0.00308923,lb=0.015042 ls=0.011953 thr=0.0030479
C-F08-2,2026-05-14,2026-05-14 11:53:00,1,0.00309762,lb=0.016737 ls=0.013639 thr=0.0030479
C-F08-2,2026-05-14,2026-05-14 13:40:00,1,0.00367848,lb=0.021391 ls=0.017712 thr=0.0030479
C-F08-2,2026-05-14,2026-05-14 14:11:00,1,0.00326884,lb=0.021482 ls=0.018213 thr=0.0030479
C-F08-2,2026-05-14,2026-05-14 14:48:00,1,0.0034277,lb=0.021645 ls=0.018217 thr=0.0030479
C-F08-2,2026-05-14,2026-05-14 15:19:00,1,0.00560657,lb=0.021763 ls=0.016156 thr=0.0030479
C-F08-2,2026-05-15,2026-05-15 10:44:00,1,0.00342113,lb=0.021932 ls=0.018511 thr=0.0030898
C-F08-2,2026-05-15,2026-05-15 11:19:00,1,0.00311357,lb=0.02144 ls=0.018327 thr=0.0030898
C-F08-2,2026-05-15,2026-05-15 12:07:00,1,0.00324012,lb=0.024528 ls=0.021288 thr=0.0030898
C-F08-2,2026-05-15,2026-05-15 12:38:00,1,0.00415612,lb=0.02545 ls=0.021294 thr=0.0030898
C-F08-2,2026-05-15,2026-05-15 13:27:00,-1,-0.00324803,lb=0.024977 ls=0.028225 thr=0.0030898
C-F08-2,2026-05-15,2026-05-15 14:31:00,-1,-0.00334341,lb=0.018466 ls=0.021809 thr=0.0030898
C-F08-2,2026-05-18,2026-05-18 10:37:00,-1,-0.00342879,lb=0.023886 ls=0.027314 thr=0.0031349
C-F08-2,2026-05-18,2026-05-18 11:22:00,-1,-0.00431029,lb=0.023247 ls=0.027557 thr=0.0031349
C-F08-2,2026-05-18,2026-05-18 11:53:00,-1,-0.00516443,lb=0.024827 ls=0.029992 thr=0.0031349
C-F08-2,2026-05-18,2026-05-18 12:24:00,-1,-0.00525262,lb=0.02565 ls=0.030903 thr=0.0031349
C-F08-2,2026-05-18,2026-05-18 13:24:00,1,0.00356307,lb=0.030137 ls=0.026574 thr=0.0031349
C-F08-2,2026-05-18,2026-05-18 14:06:00,-1,-0.00350204,lb=0.027432 ls=0.030934 thr=0.0031349
C-F08-2,2026-05-18,2026-05-18 14:37:00,-1,-0.00854554,lb=0.019706 ls=0.028252 thr=0.0031349
C-F08-2,2026-05-18,2026-05-18 15:09:00,-1,-0.00370363,lb=0.022729 ls=0.026433 thr=0.0031349
C-F08-2,2026-05-19,2026-05-19 10:32:00,-1,-0.00589611,lb=0.021916 ls=0.027812 thr=0.0033308
C-F08-2,2026-05-19,2026-05-19 11:03:00,-1,-0.00752093,lb=0.017981 ls=0.025502 thr=0.0033308
C-F08-2,2026-05-19,2026-05-19 12:02:00,1,0.00394108,lb=0.028484 ls=0.024543 thr=0.0033308
C-F08-2,2026-05-19,2026-05-19 12:34:00,1,0.00358757,lb=0.025947 ls=0.022359 thr=0.0033308
C-F08-2,2026-05-19,2026-05-19 13:05:00,1,0.00582923,lb=0.023405 ls=0.017575 thr=0.0033308
C-F08-2,2026-05-19,2026-05-19 13:36:00,1,0.00478426,lb=0.020618 ls=0.015834 thr=0.0033308
C-F08-2,2026-05-19,2026-05-19 14:28:00,1,0.00363014,lb=0.020836 ls=0.017205 thr=0.0033308
C-F08-2,2026-05-19,2026-05-19 15:28:00,-1,-0.00392677,lb=0.024215 ls=0.028142 thr=0.0033308
C-F08-2,2026-05-20,2026-05-20 10:51:00,1,0.00365183,lb=0.026578 ls=0.022927 thr=0.003525
C-F08-2,2026-05-20,2026-05-20 12:17:00,-1,-0.00393972,lb=0.020453 ls=0.024393 thr=0.003525
C-F08-2,2026-05-20,2026-05-20 13:46:00,1,0.00360186,lb=0.027309 ls=0.023707 thr=0.003525
C-F08-2,2026-05-20,2026-05-20 14:17:00,1,0.0105822,lb=0.02914 ls=0.018558 thr=0.003525
C-F08-2,2026-05-20,2026-05-20 14:48:00,1,0.00791906,lb=0.025756 ls=0.017837 thr=0.003525
C-F08-2,2026-05-20,2026-05-20 15:19:00,1,0.00530582,lb=0.025891 ls=0.020585 thr=0.003525
C-F08-2,2026-05-21,2026-05-21 10:32:00,1,0.00414033,lb=0.025678 ls=0.021538 thr=0.0036705
C-F08-2,2026-05-21,2026-05-21 11:03:00,1,0.0046907,lb=0.023912 ls=0.019222 thr=0.0036705
C-F08-2,2026-05-21,2026-05-21 12:08:00,1,0.00556916,lb=0.018312 ls=0.012743 thr=0.0036705
C-F08-2,2026-05-21,2026-05-21 13:49:00,1,0.00371084,lb=0.026285 ls=0.022574 thr=0.0036705
C-F08-2,2026-05-21,2026-05-21 14:20:00,1,0.00481361,lb=0.02941 ls=0.024597 thr=0.0036705
C-F08-2,2026-05-21,2026-05-21 15:05:00,1,0.00502636,lb=0.028413 ls=0.023387 thr=0.0036705
C-F08-2,2026-05-22,2026-05-22 10:47:00,1,0.00384492,lb=0.020712 ls=0.016867 thr=0.0037776
C-F08-2,2026-05-22,2026-05-22 11:18:00,1,0.00481814,lb=0.019426 ls=0.014608 thr=0.0037776
C-F08-2,2026-05-22,2026-05-22 11:49:00,1,0.00616647,lb=0.01888 ls=0.012713 thr=0.0037776
C-F08-2,2026-05-22,2026-05-22 12:20:00,1,0.0103418,lb=0.023521 ls=0.013179 thr=0.0037776
C-F08-2,2026-05-22,2026-05-22 14:09:00,1,0.00378158,lb=0.022238 ls=0.018457 thr=0.0037776
C-F08-2,2026-05-22,2026-05-22 14:40:00,1,0.00386651,lb=0.022603 ls=0.018736 thr=0.0037776
C-F08-2,2026-05-25,2026-05-25 10:44:00,-1,-0.00414166,lb=0.011956 ls=0.016098 thr=0.0037788
C-F08-2,2026-05-25,2026-05-25 11:34:00,-1,-0.0040428,lb=0.017286 ls=0.021329 thr=0.0037788
C-F08-2,2026-05-25,2026-05-25 12:05:00,-1,-0.00490815,lb=0.016823 ls=0.021731 thr=0.0037788
C-F08-2,2026-05-25,2026-05-25 12:51:00,1,0.00562934,lb=0.012052 ls=0.0064231 thr=0.0037788
C-F08-2,2026-05-26,2026-05-26 10:36:00,1,0.00400191,lb=0.015667 ls=0.011665 thr=0.0037784
C-F08-2,2026-05-26,2026-05-26 12:13:00,1,0.0043803,lb=0.019431 ls=0.01505 thr=0.0037784
C-F08-2,2026-05-26,2026-05-26 12:44:00,1,0.00705195,lb=0.022185 ls=0.015133 thr=0.0037784
C-F08-2,2026-05-26,2026-05-26 13:15:00,1,0.00746905,lb=0.024056 ls=0.016587 thr=0.0037784
C-F08-2,2026-05-26,2026-05-26 14:41:00,1,0.00427895,lb=0.020843 ls=0.016564 thr=0.0037784
C-F08-2,2026-05-26,2026-05-26 15:25:00,1,0.0041845,lb=0.017653 ls=0.013468 thr=0.0037784
C-F08-2,2026-05-27,2026-05-27 10:40:00,1,0.00387684,lb=0.020585 ls=0.016708 thr=0.003843
C-F08-2,2026-05-27,2026-05-27 12:22:00,1,0.00417074,lb=0.024045 ls=0.019874 thr=0.003843
C-F08-2,2026-05-27,2026-05-27 12:53:00,1,0.00931075,lb=0.023545 ls=0.014234 thr=0.003843
C-F08-2,2026-05-27,2026-05-27 14:12:00,1,0.00424508,lb=0.019066 ls=0.014821 thr=0.003843
C-F08-2,2026-05-27,2026-05-27 14:43:00,1,0.00524508,lb=0.019339 ls=0.014094 thr=0.003843
C-F08-2,2026-05-27,2026-05-27 15:14:00,1,0.00814996,lb=0.019371 ls=0.011221 thr=0.003843
C-F08-2,2026-05-28,2026-05-28 11:01:00,1,0.00389063,lb=0.022198 ls=0.018307 thr=0.0038812
C-F08-2,2026-05-28,2026-05-28 11:32:00,1,0.0088292,lb=0.021325 ls=0.012496 thr=0.0038812
C-F08-2,2026-05-28,2026-05-28 12:03:00,1,0.00603721,lb=0.018785 ls=0.012748 thr=0.0038812
C-F08-2,2026-05-29,2026-05-29 11:40:00,1,0.00403747,lb=0.019167 ls=0.01513 thr=0.0040004
C-F08-2,2026-05-29,2026-05-29 12:11:00,1,0.00455051,lb=0.018742 ls=0.014192 thr=0.0040004
C-F08-2,2026-05-29,2026-05-29 14:00:00,-1,-0.00428983,lb=0.012871 ls=0.017161 thr=0.0040004
C-F08-2,2026-06-01,2026-06-01 14:56:00,-1,-0.00426611,lb=0.010898 ls=0.015164 thr=0.0042505
C-F08-2,2026-06-02,2026-06-02 11:07:00,1,0.0044698,lb=0.014654 ls=0.010184 thr=0.0041566
C-F08-2,2026-06-02,2026-06-02 11:38:00,1,0.00524814,lb=0.01405 ls=0.0088019 thr=0.0041566
C-F08-2,2026-06-03,2026-06-03 10:38:00,1,0.00465445,lb=0.020599 ls=0.015944 thr=0.0041022
C-F08-2,2026-06-03,2026-06-03 14:06:00,1,0.00416071,lb=0.019056 ls=0.014895 thr=0.0041022
C-F08-2,2026-06-03,2026-06-03 14:37:00,1,0.0056001,lb=0.01713 ls=0.01153 thr=0.0041022
C-F08-2,2026-06-03,2026-06-03 15:08:00,1,0.00435231,lb=0.016237 ls=0.011885 thr=0.0041022
C-F08-2,2026-06-04,2026-06-04 10:32:00,-1,-0.00460007,lb=0.017429 ls=0.022029 thr=0.0040071
C-F08-2,2026-06-04,2026-06-04 11:20:00,1,0.00410927,lb=0.019323 ls=0.015213 thr=0.0040071
C-F08-2,2026-06-04,2026-06-04 12:03:00,1,0.00480027,lb=0.019235 ls=0.014435 thr=0.0040071
C-F08-2,2026-06-04,2026-06-04 12:34:00,1,0.00517203,lb=0.022555 ls=0.017383 thr=0.0040071
C-F08-2,2026-06-04,2026-06-04 13:05:00,1,0.00819673,lb=0.02124 ls=0.013043 thr=0.0040071
C-F08-2,2026-06-04,2026-06-04 13:36:00,1,0.00553905,lb=0.016742 ls=0.011203 thr=0.0040071
C-F08-2,2026-06-04,2026-06-04 14:09:00,1,0.00437116,lb=0.015719 ls=0.011348 thr=0.0040071
C-F08-2,2026-06-05,2026-06-05 11:25:00,-1,-0.00509745,lb=0.015161 ls=0.020259 thr=0.0041116
C-F08-2,2026-06-05,2026-06-05 11:56:00,-1,-0.00664061,lb=0.013172 ls=0.019812 thr=0.0041116
C-F08-2,2026-06-05,2026-06-05 12:27:00,-1,-0.00732631,lb=0.012969 ls=0.020295 thr=0.0041116
C-F08-2,2026-06-05,2026-06-05 12:58:00,-1,-0.00688718,lb=0.014428 ls=0.021316 thr=0.0041116
C-F08-2,2026-06-05,2026-06-05 14:11:00,1,0.00426676,lb=0.024436 ls=0.020169 thr=0.0041116
C-F08-2,2026-06-05,2026-06-05 14:42:00,-1,-0.0142923,lb=0.010101 ls=0.024394 thr=0.0041116
C-F08-2,2026-06-05,2026-06-05 15:13:00,-1,-0.00797611,lb=0.016173 ls=0.024149 thr=0.0041116
C-F08-2,2026-06-08,2026-06-08 10:58:00,1,0.00612887,lb=0.023527 ls=0.017398 thr=0.0045189
C-F08-2,2026-06-08,2026-06-08 11:29:00,1,0.00681451,lb=0.018776 ls=0.011962 thr=0.0045189
C-F08-2,2026-06-08,2026-06-08 15:13:00,-1,-0.0051111,lb=0.022391 ls=0.027502 thr=0.0045189
C-F08-2,2026-06-09,2026-06-09 10:50:00,-1,-0.00476369,lb=0.019546 ls=0.02431 thr=0.0046596
C-F08-2,2026-06-09,2026-06-09 11:32:00,-1,-0.00664759,lb=0.027747 ls=0.034394 thr=0.0046596
C-F08-2,2026-06-09,2026-06-09 12:03:00,-1,-0.0110196,lb=0.02406 ls=0.035079 thr=0.0046596
C-F08-2,2026-06-09,2026-06-09 12:34:00,-1,-0.0137674,lb=0.02741 ls=0.041178 thr=0.0046596
C-F08-2,2026-06-09,2026-06-09 13:05:00,-1,-0.0189545,lb=0.036945 ls=0.055899 thr=0.0046596
C-F08-2,2026-06-09,2026-06-09 13:36:00,-1,-0.00606092,lb=0.047014 ls=0.053075 thr=0.0046596
C-F08-2,2026-06-09,2026-06-09 14:07:00,1,0.00873075,lb=0.049338 ls=0.040607 thr=0.0046596
C-F08-2,2026-06-09,2026-06-09 14:38:00,1,0.00711173,lb=0.04646 ls=0.039349 thr=0.0046596
C-F08-2,2026-06-09,2026-06-09 15:09:00,1,0.00584226,lb=0.043804 ls=0.037962 thr=0.0046596
C-F08-2,2026-06-10,2026-06-10 10:32:00,1,0.00625856,lb=0.038397 ls=0.032138 thr=0.0050783
C-F08-2,2026-06-10,2026-06-10 11:22:00,-1,-0.00566475,lb=0.032601 ls=0.038266 thr=0.0050783
C-F08-2,2026-06-10,2026-06-10 12:26:00,-1,-0.00541853,lb=0.039491 ls=0.044909 thr=0.0050783
C-F08-2,2026-06-10,2026-06-10 12:57:00,-1,-0.00715038,lb=0.036654 ls=0.043805 thr=0.0050783
C-F08-2,2026-06-10,2026-06-10 13:39:00,-1,-0.00608234,lb=0.036734 ls=0.042817 thr=0.0050783
C-F08-2,2026-06-10,2026-06-10 14:10:00,1,0.00736341,lb=0.039094 ls=0.031731 thr=0.0050783
C-F08-2,2026-06-10,2026-06-10 14:57:00,-1,-0.00546792,lb=0.028369 ls=0.033837 thr=0.0050783
C-F08-2,2026-06-11,2026-06-11 12:23:00,1,0.0059263,lb=0.033147 ls=0.02722 thr=0.005071
C-F08-2,2026-06-11,2026-06-11 13:31:00,1,0.00824386,lb=0.04108 ls=0.032836 thr=0.005071
C-F08-2,2026-06-11,2026-06-11 14:19:00,-1,-0.00640966,lb=0.045102 ls=0.051512 thr=0.005071
C-F08-2,2026-06-11,2026-06-11 15:04:00,1,0.00644824,lb=0.036332 ls=0.029883 thr=0.005071
C-F08-2,2026-06-12,2026-06-12 10:32:00,1,0.0731953,lb=0.14082 ls=0.067622 thr=0.0049865
C-F08-2,2026-06-12,2026-06-12 11:03:00,1,0.0133436,lb=0.095661 ls=0.082318 thr=0.0049865
C-F08-2,2026-06-12,2026-06-12 11:34:00,-1,-0.105814,lb=0.10983 ls=0.21565 thr=0.0049865
C-F08-2,2026-06-12,2026-06-12 12:05:00,-1,-0.0799719,lb=0.085252 ls=0.16522 thr=0.0049865
C-F08-2,2026-06-12,2026-06-12 12:36:00,-1,-0.0106427,lb=0.12616 ls=0.1368 thr=0.0049865
C-F08-2,2026-06-12,2026-06-12 13:07:00,1,0.066016,lb=0.16196 ls=0.095939 thr=0.0049865
C-F08-2,2026-06-12,2026-06-12 13:38:00,1,0.0218157,lb=0.061716 ls=0.039901 thr=0.0049865
C-F08-2,2026-06-12,2026-06-12 14:09:00,-1,-0.134159,lb=0.014706 ls=0.14887 thr=0.0049865
C-F08-2,2026-06-12,2026-06-12 14:40:00,-1,-0.0850799,lb=0.10708 ls=0.19216 thr=0.0049865
C-F08-2,2026-06-12,2026-06-12 15:11:00,-1,-0.00880153,lb=0.1069 ls=0.1157 thr=0.0049865
C-F08-2,2026-06-15,2026-06-15 13:53:00,1,0.00636327,lb=0.026395 ls=0.020032 thr=0.0058435
C-F08-2,2026-06-15,2026-06-15 14:25:00,1,0.00677472,lb=0.039687 ls=0.032912 thr=0.0058435
C-F08-2,2026-06-15,2026-06-15 15:21:00,-1,-0.00623806,lb=0.020937 ls=0.027175 thr=0.0058435
C-F08-2,2026-06-16,2026-06-16 11:42:00,-1,-0.0056852,lb=0.018822 ls=0.024507 thr=0.0056467
C-F08-2,2026-06-16,2026-06-16 13:22:00,-1,-0.00585627,lb=0.025427 ls=0.031283 thr=0.0056467
C-F08-2,2026-06-17,2026-06-17 12:00:00,1,0.00587599,lb=0.024977 ls=0.019101 thr=0.0054985
C-F08-2,2026-06-17,2026-06-17 12:31:00,1,0.00724622,lb=0.029396 ls=0.022149 thr=0.0054985
C-F08-2,2026-06-17,2026-06-17 13:02:00,1,0.00755284,lb=0.03677 ls=0.029217 thr=0.0054985
C-F08-2,2026-06-17,2026-06-17 14:02:00,-1,-0.016705,lb=0.036607 ls=0.053312 thr=0.0054985
C-F08-2,2026-06-17,2026-06-17 14:33:00,-1,-0.0133043,lb=0.04818 ls=0.061484 thr=0.0054985
C-F08-2,2026-06-17,2026-06-17 15:04:00,-1,-0.0117324,lb=0.052714 ls=0.064447 thr=0.0054985
C-F08-2,2026-06-18,2026-06-18 11:53:00,1,0.0069055,lb=0.024473 ls=0.017568 thr=0.0057332
C-F08-2,2026-06-18,2026-06-18 12:29:00,1,0.00614686,lb=0.027205 ls=0.021058 thr=0.0057332
C-F08-2,2026-06-18,2026-06-18 14:07:00,1,0.00678324,lb=0.020857 ls=0.014073 thr=0.0057332
C-F08-2,2026-06-19,2026-06-19 12:35:00,1,0.00574621,lb=0.022491 ls=0.016744 thr=0.0056567
C-F08-2,2026-06-23,2026-06-23 10:33:00,1,0.00564148,lb=0.031715 ls=0.026073 thr=0.0056203
C-F08-2,2026-06-23,2026-06-23 11:04:00,-1,-0.00574067,lb=0.025856 ls=0.031597 thr=0.0056203
C-F08-2,2026-06-23,2026-06-23 11:35:00,-1,-0.00833166,lb=0.022457 ls=0.030788 thr=0.0056203
C-F08-2,2026-06-23,2026-06-23 14:06:00,-1,-0.0058981,lb=0.024268 ls=0.030166 thr=0.0056203
C-F08-2,2026-06-23,2026-06-23 14:37:00,-1,-0.00597761,lb=0.021205 ls=0.027182 thr=0.0056203
C-F08-2,2026-06-24,2026-06-24 10:42:00,1,0.00572162,lb=0.029249 ls=0.023527 thr=0.0056389
C-F08-2,2026-06-24,2026-06-24 12:17:00,1,0.00626743,lb=0.033385 ls=0.027118 thr=0.0056389
C-F08-2,2026-06-24,2026-06-24 13:23:00,-1,-0.00590942,lb=0.024006 ls=0.029916 thr=0.0056389
C-F08-2,2026-06-24,2026-06-24 14:27:00,1,0.00663964,lb=0.034478 ls=0.027838 thr=0.0056389
C-F08-2,2026-06-25,2026-06-25 11:20:00,1,0.010809,lb=0.045049 ls=0.03424 thr=0.0057716
C-F08-2,2026-06-25,2026-06-25 11:51:00,1,0.0130128,lb=0.042262 ls=0.029249 thr=0.0057716
C-F08-2,2026-06-25,2026-06-25 12:22:00,1,0.0186748,lb=0.044024 ls=0.02535 thr=0.0057716
C-F08-2,2026-06-25,2026-06-25 12:53:00,1,0.0109173,lb=0.041581 ls=0.030664 thr=0.0057716
C-F08-2,2026-06-25,2026-06-25 13:24:00,1,0.00778355,lb=0.041102 ls=0.033319 thr=0.0057716
C-F08-2,2026-06-25,2026-06-25 13:55:00,1,0.0124516,lb=0.044718 ls=0.032266 thr=0.0057716
C-F08-2,2026-06-25,2026-06-25 14:26:00,1,0.00846991,lb=0.042976 ls=0.034506 thr=0.0057716
C-F08-2,2026-06-25,2026-06-25 15:12:00,-1,-0.0065505,lb=0.034052 ls=0.040603 thr=0.0057716
C-F08-2,2026-06-26,2026-06-26 11:21:00,1,0.00687757,lb=0.043404 ls=0.036526 thr=0.0064061
C-F08-2,2026-06-26,2026-06-26 12:20:00,-1,-0.00647354,lb=0.037552 ls=0.044026 thr=0.0064061
C-F08-2,2026-06-26,2026-06-26 12:51:00,1,0.0081407,lb=0.047397 ls=0.039256 thr=0.0064061
C-F08-2,2026-06-26,2026-06-26 13:29:00,-1,-0.00678894,lb=0.044264 ls=0.051053 thr=0.0064061
C-F08-2,2026-06-26,2026-06-26 14:01:00,-1,-0.0075555,lb=0.039839 ls=0.047395 thr=0.0064061
C-F08-2,2026-06-26,2026-06-26 14:32:00,-1,-0.00780127,lb=0.027603 ls=0.035404 thr=0.0064061
C-F08-2,2026-06-29,2026-06-29 10:33:00,1,0.00720725,lb=0.03363 ls=0.026423 thr=0.006743
C-F08-2,2026-06-29,2026-06-29 11:04:00,1,0.0142961,lb=0.038797 ls=0.024501 thr=0.006743
C-F08-2,2026-06-29,2026-06-29 11:41:00,1,0.00715834,lb=0.028819 ls=0.021661 thr=0.006743
C-F08-2,2026-06-29,2026-06-29 12:21:00,1,0.00706993,lb=0.025474 ls=0.018404 thr=0.006743
C-F08-2,2026-06-29,2026-06-29 14:35:00,1,0.00682126,lb=0.02698 ls=0.020159 thr=0.006743
C-F08-2,2026-06-30,2026-06-30 10:40:00,1,0.00653743,lb=0.0234 ls=0.016862 thr=0.0064995
C-F08-2,2026-06-30,2026-06-30 15:20:00,-1,-0.00684328,lb=0.014565 ls=0.021408 thr=0.0064995
C-F08-2,2026-07-01,2026-07-01 10:34:00,1,0.00754254,lb=0.017907 ls=0.010364 thr=0.0062138
C-F08-2,2026-07-01,2026-07-01 14:18:00,1,0.00643269,lb=0.025053 ls=0.018621 thr=0.0062138
C-F08-2,2026-07-02,2026-07-02 11:09:00,-1,-0.00724985,lb=0.025364 ls=0.032614 thr=0.0060329
C-F08-2,2026-07-02,2026-07-02 11:50:00,-1,-0.00624727,lb=0.033332 ls=0.039579 thr=0.0060329
C-F08-2,2026-07-02,2026-07-02 12:27:00,-1,-0.00694047,lb=0.031094 ls=0.038035 thr=0.0060329
C-F08-2,2026-07-02,2026-07-02 12:58:00,-1,-0.0103356,lb=0.024441 ls=0.034777 thr=0.0060329
C-F08-2,2026-07-02,2026-07-02 14:07:00,-1,-0.00651954,lb=0.02336 ls=0.02988 thr=0.0060329
C-F08-2,2026-07-02,2026-07-02 15:09:00,-1,-0.00625521,lb=0.022917 ls=0.029172 thr=0.0060329
C-F08-2,2026-07-03,2026-07-03 11:15:00,-1,-0.00673345,lb=0.025516 ls=0.032249 thr=0.0058055
C-F08-2,2026-07-03,2026-07-03 12:52:00,-1,-0.00637986,lb=0.025581 ls=0.031961 thr=0.0058055
C-F08-2,2026-07-06,2026-07-06 13:10:00,1,0.00824257,lb=0.024002 ls=0.015759 thr=0.0058699
C-F08-2,2026-07-07,2026-07-07 10:32:00,-1,-0.00557705,lb=0.019509 ls=0.025086 thr=0.0050092
C-F08-2,2026-07-07,2026-07-07 11:07:00,-1,-0.00627144,lb=0.015346 ls=0.021618 thr=0.0050092
C-F08-2,2026-07-07,2026-07-07 14:21:00,1,0.00511999,lb=0.032934 ls=0.027814 thr=0.0050092
C-F08-2,2026-07-07,2026-07-07 15:02:00,-1,-0.00517871,lb=0.021121 ls=0.0263 thr=0.0050092
C-F08-2,2026-07-08,2026-07-08 12:24:00,1,0.00531326,lb=0.026702 ls=0.021389 thr=0.0049611
C-F08-2,2026-07-08,2026-07-08 12:55:00,1,0.00575185,lb=0.023821 ls=0.018069 thr=0.0049611
C-F08-2,2026-07-08,2026-07-08 14:31:00,1,0.00516347,lb=0.030835 ls=0.025671 thr=0.0049611
C-F08-2,2026-07-08,2026-07-08 15:02:00,1,0.00640336,lb=0.031428 ls=0.025025 thr=0.0049611
C-F08-2,2026-07-09,2026-07-09 11:59:00,1,0.00779955,lb=0.025055 ls=0.017256 thr=0.0049081
C-F08-2,2026-07-09,2026-07-09 12:30:00,1,0.00519341,lb=0.022308 ls=0.017115 thr=0.0049081
C-F08-2,2026-07-09,2026-07-09 14:00:00,1,0.00551924,lb=0.01724 ls=0.011721 thr=0.0049081
C-F08-2,2026-07-09,2026-07-09 15:00:00,-1,-0.00587551,lb=0.012279 ls=0.018154 thr=0.0049081
C-F08-2,2026-07-10,2026-07-10 10:59:00,1,0.00515988,lb=0.024624 ls=0.019465 thr=0.0049571
C-F08-2,2026-07-10,2026-07-10 11:33:00,1,0.00959372,lb=0.022781 ls=0.013187 thr=0.0049571
C-F08-2,2026-07-10,2026-07-10 12:43:00,1,0.00552299,lb=0.022516 ls=0.016993 thr=0.0049571
C-F08-2,2026-07-10,2026-07-10 15:01:00,-1,-0.00562123,lb=0.018776 ls=0.024398 thr=0.0049571
C-F08-2,2026-07-13,2026-07-13 10:33:00,1,0.0050462,lb=0.027263 ls=0.022217 thr=0.0045754
C-F08-2,2026-07-13,2026-07-13 11:04:00,1,0.0096641,lb=0.027171 ls=0.017507 thr=0.0045754
C-F08-2,2026-07-13,2026-07-13 11:35:00,1,0.00603367,lb=0.027196 ls=0.021163 thr=0.0045754
C-F08-2,2026-07-13,2026-07-13 12:06:00,1,0.0058808,lb=0.033341 ls=0.027461 thr=0.0045754
C-F08-2,2026-07-13,2026-07-13 12:37:00,1,0.00474965,lb=0.027867 ls=0.023118 thr=0.0045754
C-F08-2,2026-07-13,2026-07-13 13:08:00,1,0.00602117,lb=0.028397 ls=0.022376 thr=0.0045754
C-F08-2,2026-07-13,2026-07-13 13:40:00,1,0.00767056,lb=0.033224 ls=0.025554 thr=0.0045754
C-F08-2,2026-07-13,2026-07-13 15:25:00,1,0.00609436,lb=0.02859 ls=0.022496 thr=0.0045754
C-F08-2,2026-07-14,2026-07-14 11:07:00,-1,-0.00486346,lb=0.020804 ls=0.025668 thr=0.0048393
C-F08-2,2026-07-14,2026-07-14 12:57:00,1,0.0063817,lb=0.034159 ls=0.027778 thr=0.0048393
C-F08-2,2026-07-14,2026-07-14 13:28:00,1,0.0139693,lb=0.028529 ls=0.01456 thr=0.0048393
C-F08-2,2026-07-14,2026-07-14 13:59:00,1,0.00628311,lb=0.02547 ls=0.019187 thr=0.0048393
C-F08-2,2026-07-15,2026-07-15 11:28:00,1,0.00658444,lb=0.026369 ls=0.019785 thr=0.0048407
C-F08-2,2026-07-15,2026-07-15 11:59:00,1,0.00851723,lb=0.027358 ls=0.018841 thr=0.0048407
C-F08-2,2026-07-15,2026-07-15 13:40:00,1,0.00509639,lb=0.025817 ls=0.020721 thr=0.0048407
C-F08-2,2026-07-15,2026-07-15 14:11:00,1,0.0127837,lb=0.026727 ls=0.013943 thr=0.0048407
C-F08-2,2026-07-15,2026-07-15 14:42:00,1,0.0114806,lb=0.025224 ls=0.013743 thr=0.0048407
C-F08-2,2026-07-16,2026-07-16 11:30:00,-1,-0.00548186,lb=0.021267 ls=0.026748 thr=0.0051632
C-F08-2,2026-07-16,2026-07-16 13:21:00,1,0.00584488,lb=0.033251 ls=0.027406 thr=0.0051632
C-F08-2,2026-07-17,2026-07-17 10:32:00,1,0.00803339,lb=0.02982 ls=0.021786 thr=0.0049598
C-F08-2,2026-07-17,2026-07-17 11:05:00,-1,-0.005193,lb=0.026212 ls=0.031405 thr=0.0049598
C-F08-2,2026-07-17,2026-07-17 11:36:00,-1,-0.0107976,lb=0.021585 ls=0.032383 thr=0.0049598
C-F08-2,2026-07-17,2026-07-17 12:11:00,1,0.00544762,lb=0.032376 ls=0.026928 thr=0.0049598
C-F08-2,2026-07-17,2026-07-17 13:29:00,1,0.00498415,lb=0.033631 ls=0.028647 thr=0.0049598
C-F08-2,2026-07-17,2026-07-17 14:08:00,1,0.00537393,lb=0.035283 ls=0.02991 thr=0.0049598
C-F08-2,2026-07-17,2026-07-17 14:39:00,-1,-0.0127346,lb=0.022228 ls=0.034962 thr=0.0049598
C-F08-2,2026-07-17,2026-07-17 15:14:00,-1,-0.00502164,lb=0.027526 ls=0.032548 thr=0.0049598
C-F08-2,2026-07-20,2026-07-20 10:32:00,1,0.0049975,lb=0.022205 ls=0.017208 thr=0.0046875
C-F08-2,2026-07-20,2026-07-20 12:11:00,1,0.00560213,lb=0.023028 ls=0.017426 thr=0.0046875
C-F08-2,2026-07-20,2026-07-20 13:07:00,1,0.00469816,lb=0.027396 ls=0.022698 thr=0.0046875
C-F08-2,2026-07-20,2026-07-20 13:41:00,1,0.00583848,lb=0.035375 ls=0.029536 thr=0.0046875
C-F08-2,2026-07-21,2026-07-21 11:46:00,1,0.00455797,lb=0.018841 ls=0.014283 thr=0.0045343
C-F08-2,2026-07-21,2026-07-21 13:26:00,1,0.00479357,lb=0.017346 ls=0.012552 thr=0.0045343
C-F08-2,2026-07-22,2026-07-22 11:21:00,1,0.00482718,lb=0.019938 ls=0.015111 thr=0.0043936
C-F08-2,2026-07-22,2026-07-22 11:52:00,1,0.00588252,lb=0.019454 ls=0.013571 thr=0.0043936
C-F08-2,2026-07-22,2026-07-22 12:23:00,1,0.00899624,lb=0.024022 ls=0.015026 thr=0.0043936
C-F08-2,2026-07-22,2026-07-22 12:54:00,1,0.00479267,lb=0.022927 ls=0.018134 thr=0.0043936
C-F08-2,2026-07-22,2026-07-22 13:42:00,1,0.00484738,lb=0.023765 ls=0.018917 thr=0.0043936
C-F08-2,2026-07-22,2026-07-22 14:54:00,-1,-0.00605896,lb=0.017938 ls=0.023997 thr=0.0043936
C-F08-2,2026-07-23,2026-07-23 11:11:00,-1,-0.00478359,lb=0.025353 ls=0.030137 thr=0.0043159
C-F08-2,2026-07-23,2026-07-23 11:42:00,-1,-0.0107155,lb=0.016567 ls=0.027282 thr=0.0043159
C-F08-2,2026-07-23,2026-07-23 12:19:00,1,0.00455422,lb=0.026026 ls=0.021472 thr=0.0043159
C-F08-2,2026-07-23,2026-07-23 12:50:00,1,0.00717874,lb=0.025745 ls=0.018566 thr=0.0043159
C-F08-2,2026-07-23,2026-07-23 14:24:00,-1,-0.00526691,lb=0.027956 ls=0.033223 thr=0.0043159
C-F08-2,2026-07-23,2026-07-23 14:55:00,-1,-0.00914409,lb=0.023269 ls=0.032413 thr=0.0043159
C-F08-2,2026-07-23,2026-07-23 15:30:00,-1,-0.00589621,lb=0.022471 ls=0.028367 thr=0.0043159
C-F08-2,2026-07-24,2026-07-24 10:32:00,1,0.00746585,lb=0.033347 ls=0.025881 thr=0.0045674
C-F08-2,2026-07-24,2026-07-24 11:03:00,1,0.00458049,lb=0.032766 ls=0.028186 thr=0.0045674
C-F08-2,2026-07-24,2026-07-24 11:50:00,1,0.00468001,lb=0.035511 ls=0.030831 thr=0.0045674
C-F08-2,2026-07-24,2026-07-24 12:21:00,1,0.0139166,lb=0.037114 ls=0.023197 thr=0.0045674
C-F08-2,2026-07-24,2026-07-24 13:49:00,1,0.00461655,lb=0.02546 ls=0.020844 thr=0.0045674
C-F08-2,2026-07-24,2026-07-24 14:26:00,-1,-0.00459588,lb=0.026438 ls=0.031034 thr=0.0045674
C-F08-2,2026-07-24,2026-07-24 15:15:00,-1,-0.00578997,lb=0.020731 ls=0.026521 thr=0.0045674
C-F08-2,2026-07-27,2026-07-27 10:33:00,-1,-0.00508323,lb=0.021268 ls=0.026352 thr=0.0045982
C-F08-2,2026-07-27,2026-07-27 11:32:00,1,0.00490746,lb=0.027674 ls=0.022766 thr=0.0045982
C-F08-2,2026-07-27,2026-07-27 12:11:00,1,0.00475542,lb=0.028326 ls=0.023571 thr=0.0045982
C-F08-2,2026-07-27,2026-07-27 12:50:00,-1,-0.00600981,lb=0.035172 ls=0.041181 thr=0.0045982
C-F08-2,2026-07-27,2026-07-27 13:21:00,-1,-0.0105933,lb=0.029464 ls=0.040057 thr=0.0045982
C-F08-2,2026-07-27,2026-07-27 13:52:00,-1,-0.00523027,lb=0.030471 ls=0.035701 thr=0.0045982
C-F08-2,2026-07-27,2026-07-27 14:23:00,1,0.00974888,lb=0.045608 ls=0.035859 thr=0.0045982
C-F08-2,2026-07-27,2026-07-27 15:16:00,-1,-0.00700747,lb=0.032263 ls=0.039271 thr=0.0045982
C-F08-2,2026-07-28,2026-07-28 10:32:00,-1,-0.00551453,lb=0.0335 ls=0.039015 thr=0.0048486
C-F08-2,2026-07-28,2026-07-28 11:03:00,-1,-0.00642878,lb=0.03155 ls=0.037979 thr=0.0048486
C-F08-2,2026-07-28,2026-07-28 12:24:00,-1,-0.00511018,lb=0.020976 ls=0.026086 thr=0.0048486
C-F08-2,2026-07-28,2026-07-28 13:07:00,-1,-0.00511889,lb=0.025637 ls=0.030756 thr=0.0048486
C-F08-2,2026-07-28,2026-07-28 13:48:00,-1,-0.00541463,lb=0.022798 ls=0.028212 thr=0.0048486
C-F08-2,2026-07-28,2026-07-28 14:19:00,-1,-0.0094359,lb=0.02608 ls=0.035516 thr=0.0048486
C-F08-2,2026-07-28,2026-07-28 14:50:00,-1,-0.0116685,lb=0.027515 ls=0.039184 thr=0.0048486
C-F08-2,2026-07-28,2026-07-28 15:21:00,-1,-0.00775567,lb=0.029541 ls=0.037296 thr=0.0048486
C-F08-2,2026-07-29,2026-07-29 10:33:00,-1,-0.00607569,lb=0.024282 ls=0.030358 thr=0.0050145
C-F08-2,2026-07-29,2026-07-29 11:05:00,-1,-0.00562274,lb=0.020431 ls=0.026054 thr=0.0050145
C-F08-2,2026-07-29,2026-07-29 11:41:00,-1,-0.00862694,lb=0.031873 ls=0.0405 thr=0.0050145
C-F08-2,2026-07-29,2026-07-29 12:13:00,-1,-0.00507211,lb=0.0258 ls=0.030872 thr=0.0050145
C-F08-2,2026-07-29,2026-07-29 13:28:00,1,0.00503398,lb=0.035618 ls=0.030584 thr=0.0050145
C-F08-2,2026-07-29,2026-07-29 13:59:00,1,0.00696642,lb=0.045179 ls=0.038213 thr=0.0050145
C-F08-2,2026-07-29,2026-07-29 14:30:00,1,0.00864639,lb=0.061453 ls=0.052806 thr=0.0050145
C-F08-2,2026-07-29,2026-07-29 15:01:00,1,0.0161544,lb=0.053645 ls=0.037491 thr=0.0050145
C-F08-2,2026-07-30,2026-07-30 10:32:00,1,0.0068883,lb=0.020754 ls=0.013866 thr=0.0053607
C-F08-2,2026-07-30,2026-07-30 11:46:00,-1,-0.00558421,lb=0.025994 ls=0.031578 thr=0.0053607
C-F08-2,2026-07-30,2026-07-30 12:32:00,1,0.00592655,lb=0.02956 ls=0.023633 thr=0.0053607
C-F08-2,2026-07-30,2026-07-30 13:06:00,1,0.00639203,lb=0.030755 ls=0.024363 thr=0.0053607
C-F08-2,2026-07-30,2026-07-30 14:43:00,1,0.00588287,lb=0.029867 ls=0.023984 thr=0.0053607
C-F08-2,2026-07-30,2026-07-30 15:19:00,1,0.00543335,lb=0.02508 ls=0.019647 thr=0.0053607
C-F08-2,2026-07-31,2026-07-31 10:58:00,1,0.00547922,lb=0.032815 ls=0.027336 thr=0.0053567
C-F08-2,2026-07-31,2026-07-31 11:32:00,1,0.00541019,lb=0.033984 ls=0.028574 thr=0.0053567
C-F08-2,2026-07-31,2026-07-31 12:18:00,1,0.00675467,lb=0.0371 ls=0.030345 thr=0.0053567
C-F08-2,2026-07-31,2026-07-31 12:59:00,1,0.00672974,lb=0.031526 ls=0.024796 thr=0.0053567
C-F08-2,2026-07-31,2026-07-31 13:31:00,1,0.00544055,lb=0.030203 ls=0.024762 thr=0.0053567
C-F08-2,2026-07-31,2026-07-31 14:08:00,1,0.00576735,lb=0.033857 ls=0.028089 thr=0.0053567
C-F08-2,2026-07-31,2026-07-31 15:22:00,1,0.00652885,lb=0.030551 ls=0.024023 thr=0.0053567
C-F08-2,2026-08-03,2026-08-03 10:32:00,1,0.00797644,lb=0.029039 ls=0.021063 thr=0.0055955
C-F08-2,2026-08-03,2026-08-03 11:03:00,1,0.00657009,lb=0.021779 ls=0.015208 thr=0.0055955
C-F08-2,2026-08-03,2026-08-03 11:35:00,1,0.00563145,lb=0.020389 ls=0.014757 thr=0.0055955
C-F08-2,2026-08-03,2026-08-03 14:04:00,1,0.00651398,lb=0.013136 ls=0.0066225 thr=0.0055955
C-F08-2,2026-08-04,2026-08-04 15:00:00,1,0.0063795,lb=0.020179 ls=0.013799 thr=0.0057299
C-F08-2,2026-08-05,2026-08-05 10:37:00,1,0.00583119,lb=0.023996 ls=0.018165 thr=0.0055549
C-F08-2,2026-08-05,2026-08-05 11:50:00,1,0.00682268,lb=0.02747 ls=0.020647 thr=0.0055549
C-F08-2,2026-08-05,2026-08-05 12:21:00,1,0.00682606,lb=0.029343 ls=0.022517 thr=0.0055549
C-F08-2,2026-08-05,2026-08-05 13:28:00,1,0.00601991,lb=0.030316 ls=0.024296 thr=0.0055549
C-F08-2,2026-08-05,2026-08-05 13:59:00,1,0.00892756,lb=0.032135 ls=0.023207 thr=0.0055549
C-F08-2,2026-08-05,2026-08-05 14:39:00,1,0.00563868,lb=0.033147 ls=0.027508 thr=0.0055549
C-F08-2,2026-08-05,2026-08-05 15:15:00,1,0.00603485,lb=0.024876 ls=0.018841 thr=0.0055549
C-F08-2,2026-08-06,2026-08-06 10:33:00,1,0.00568971,lb=0.025359 ls=0.019669 thr=0.0055334
C-F08-2,2026-08-06,2026-08-06 11:04:00,1,0.00608107,lb=0.024728 ls=0.018647 thr=0.0055334
C-F08-2,2026-08-06,2026-08-06 11:36:00,1,0.00591103,lb=0.026747 ls=0.020836 thr=0.0055334
C-F08-2,2026-08-06,2026-08-06 12:07:00,1,0.0094055,lb=0.03047 ls=0.021065 thr=0.0055334
C-F08-2,2026-08-06,2026-08-06 13:47:00,1,0.00561367,lb=0.025724 ls=0.020111 thr=0.0055334
C-F08-2,2026-08-06,2026-08-06 14:18:00,1,0.00834854,lb=0.032242 ls=0.023894 thr=0.0055334
C-F08-2,2026-08-06,2026-08-06 14:49:00,1,0.00978349,lb=0.035564 ls=0.025781 thr=0.0055334
C-F08-2,2026-08-06,2026-08-06 15:20:00,1,0.0102588,lb=0.036242 ls=0.025983 thr=0.0055334
C-F08-2,2026-08-07,2026-08-07 15:16:00,1,0.00575285,lb=0.023192 ls=0.017439 thr=0.0057489
C-F08-2,2026-08-10,2026-08-10 10:32:00,1,0.00607826,lb=0.016661 ls=0.010583 thr=0.0055856
C-F08-2,2026-08-10,2026-08-10 11:03:00,1,0.006882,lb=0.016731 ls=0.0098494 thr=0.0055856
C-F08-2,2026-08-10,2026-08-10 13:43:00,1,0.00667206,lb=0.021246 ls=0.014574 thr=0.0055856
C-F08-2,2026-08-11,2026-08-11 12:23:00,1,0.00725078,lb=0.022388 ls=0.015137 thr=0.0055205
C-F08-2,2026-08-12,2026-08-12 11:28:00,1,0.00538434,lb=0.022327 ls=0.016943 thr=0.0053499
C-F08-2,2026-08-12,2026-08-12 11:59:00,1,0.00596107,lb=0.023227 ls=0.017266 thr=0.0053499
C-F08-2,2026-08-12,2026-08-12 13:51:00,1,0.00542957,lb=0.015079 ls=0.0096496 thr=0.0053499
C-F08-2,2026-08-12,2026-08-12 14:34:00,1,0.00619828,lb=0.020833 ls=0.014635 thr=0.0053499
C-F08-2,2026-08-13,2026-08-13 10:42:00,1,0.00604406,lb=0.01567 ls=0.0096264 thr=0.0054178
C-F08-2,2026-08-13,2026-08-13 13:41:00,1,0.00545911,lb=0.013548 ls=0.0080894 thr=0.0054178
C-F08-2,2026-08-14,2026-08-14 11:06:00,1,0.00649133,lb=0.017087 ls=0.010596 thr=0.0054282
C-F08-2,2026-08-14,2026-08-14 13:27:00,1,0.00556343,lb=0.017431 ls=0.011868 thr=0.0054282
C-F08-2,2026-08-14,2026-08-14 14:39:00,1,0.00543318,lb=0.019157 ls=0.013723 thr=0.0054282
C-F08-2,2026-08-14,2026-08-14 15:10:00,1,0.00716252,lb=0.018148 ls=0.010986 thr=0.0054282
C-F08-2,2026-08-17,2026-08-17 14:05:00,1,0.0052624,lb=0.016245 ls=0.010983 thr=0.0052347
