eventId,strategyId,eventTime,entryTime,rvmrAvailableTime,rvmrRangeScore,rvmrRangeRegime,rvmrVolumeScore,rvmrVolumeRegime,rvmrVersion,dataSourceMode
OFH13-20250819104100--1,OFH13,2025-08-19 10:41:00,2025-08-19 10:41:00,,,UNAVAILABLE,,UNAVAILABLE,RVMR-V1,HISTORICAL_RECONSTRUCTION
OFH13-20250828105200-+1,OFH13,2025-08-28 10:52:00,2025-08-28 10:52:00,2025-08-28 10:52:00,2.5679893000,HIGH,2.8977835601,HIGH,RVMR-V1,HISTORICAL_RECONSTRUCTION
OFH13-20250829110800--1,OFH13,2025-08-29 11:08:00,2025-08-29 11:08:00,2025-08-29 11:08:00,2.5500337306,HIGH,3.0360722591,HIGH,RVMR-V1,HISTORICAL_RECONSTRUCTION
OFH13-20250902111200--1,OFH13,2025-09-02 11:12:00,2025-09-02 11:12:00,2025-09-02 11:12:00,3.5000639632,HIGH,5.4775233336,HIGH,RVMR-V1,HISTORICAL_RECONSTRUCTION
OFH13-20250903102200-+1,OFH13,2025-09-03 10:22:00,2025-09-03 10:22:00,2025-09-03 10:22:00,2.4642947689,HIGH,3.7474752902,HIGH,RVMR-V1,HISTORICAL_RECONSTRUCTION
OFH13-20250904104000-+1,OFH13,2025-09-04 10:40:00,2025-09-04 10:40:00,2025-09-04 10:40:00,1.8365611715,MEDIUM,3.5219037029,HIGH,RVMR-V1,HISTORICAL_RECONSTRUCTION
OFH13-20250925101900-+1,OFH13,2025-09-25 10:19:00,2025-09-25 10:19:00,2025-09-25 10:19:00,2.9131713107,HIGH,5.8424288739,HIGH,RVMR-V1,HISTORICAL_RECONSTRUCTION
OFH13-20250925144700-+1,OFH13,2025-09-25 14:47:00,2025-09-25 14:47:00,2025-09-25 14:47:00,2.9888966690,HIGH,3.9142763057,HIGH,RVMR-V1,HISTORICAL_RECONSTRUCTION
OFH13-20251009103800--1,OFH13,2025-10-09 10:38:00,2025-10-09 10:38:00,2025-10-09 10:38:00,2.7055601554,HIGH,4.2296358007,HIGH,RVMR-V1,HISTORICAL_RECONSTRUCTION
OFH13-20251010115900--1,OFH13,2025-10-10 11:59:00,2025-10-10 11:59:00,2025-10-10 11:59:00,7.9075585710,HIGH,5.5691962396,HIGH,RVMR-V1,HISTORICAL_RECONSTRUCTION
OFH13-20251014122300-+1,OFH13,2025-10-14 12:23:00,2025-10-14 12:23:00,2025-10-14 12:23:00,2.3340837461,MEDIUM,3.4100362806,HIGH,RVMR-V1,HISTORICAL_RECONSTRUCTION
OFH13-20251015101200-+1,OFH13,2025-10-15 10:12:00,2025-10-15 10:12:00,2025-10-15 10:12:00,2.2521713088,MEDIUM,3.6225260726,HIGH,RVMR-V1,HISTORICAL_RECONSTRUCTION
OFH13-20251016104700-+1,OFH13,2025-10-16 10:47:00,2025-10-16 10:47:00,2025-10-16 10:47:00,2.6915887850,HIGH,4.7883697464,HIGH,RVMR-V1,HISTORICAL_RECONSTRUCTION
OFH13-20251016113500--1,OFH13,2025-10-16 11:35:00,2025-10-16 11:35:00,2025-10-16 11:35:00,3.0560770549,HIGH,4.4658375061,HIGH,RVMR-V1,HISTORICAL_RECONSTRUCTION
OFH13-20251016141500--1,OFH13,2025-10-16 14:15:00,2025-10-16 14:15:00,2025-10-16 14:15:00,1.3934792318,MEDIUM,2.6550778266,HIGH,RVMR-V1,HISTORICAL_RECONSTRUCTION
OFH13-20251022123800--1,OFH13,2025-10-22 12:38:00,2025-10-22 12:38:00,2025-10-22 12:38:00,5.0426925488,HIGH,5.0661518623,HIGH,RVMR-V1,HISTORICAL_RECONSTRUCTION
OFH13-20251104105900--1,OFH13,2025-11-04 10:59:00,2025-11-04 10:59:00,2025-11-04 10:59:00,2.1154657976,MEDIUM,3.7062171629,HIGH,RVMR-V1,HISTORICAL_RECONSTRUCTION
OFH13-20251104122200--1,OFH13,2025-11-04 12:22:00,2025-11-04 12:22:00,2025-11-04 12:22:00,2.1515527107,MEDIUM,4.0585273614,HIGH,RVMR-V1,HISTORICAL_RECONSTRUCTION
OFH13-20251110112400--1,OFH13,2025-11-10 11:24:00,2025-11-10 11:24:00,2025-11-10 11:24:00,2.3613130782,HIGH,3.0487435033,HIGH,RVMR-V1,HISTORICAL_RECONSTRUCTION
OFH13-20251112103000--1,OFH13,2025-11-12 10:30:00,2025-11-12 10:30:00,2025-11-12 10:30:00,2.2327800417,MEDIUM,4.5482601093,HIGH,RVMR-V1,HISTORICAL_RECONSTRUCTION
OFH13-20251113102700-+1,OFH13,2025-11-13 10:27:00,2025-11-13 10:27:00,2025-11-13 10:27:00,3.8714910107,HIGH,5.4776240133,HIGH,RVMR-V1,HISTORICAL_RECONSTRUCTION
OFH13-20251113124900--1,OFH13,2025-11-13 12:49:00,2025-11-13 12:49:00,2025-11-13 12:49:00,2.6513911620,HIGH,3.4501364936,HIGH,RVMR-V1,HISTORICAL_RECONSTRUCTION
OFH13-20251114103000-+1,OFH13,2025-11-14 10:30:00,2025-11-14 10:30:00,2025-11-14 10:30:00,1.8879710068,MEDIUM,2.9955655882,HIGH,RVMR-V1,HISTORICAL_RECONSTRUCTION
OFH13-20251117100600--1,OFH13,2025-11-17 10:06:00,2025-11-17 10:06:00,2025-11-17 10:06:00,2.9246806636,HIGH,5.2492062945,HIGH,RVMR-V1,HISTORICAL_RECONSTRUCTION
OFH13-20251117113400-+1,OFH13,2025-11-17 11:34:00,2025-11-17 11:34:00,2025-11-17 11:34:00,1.8598818764,MEDIUM,3.1828411960,HIGH,RVMR-V1,HISTORICAL_RECONSTRUCTION
OFH13-20251120110700--1,OFH13,2025-11-20 11:07:00,2025-11-20 11:07:00,2025-11-20 11:07:00,1.6545077304,MEDIUM,3.8319520658,HIGH,RVMR-V1,HISTORICAL_RECONSTRUCTION
OFH13-20251120135900--1,OFH13,2025-11-20 13:59:00,2025-11-20 13:59:00,2025-11-20 13:59:00,2.9640849378,HIGH,2.6245538395,HIGH,RVMR-V1,HISTORICAL_RECONSTRUCTION
OFH13-20251121135300-+1,OFH13,2025-11-21 13:53:00,2025-11-21 13:53:00,2025-11-21 13:53:00,2.8257720880,HIGH,3.2320905039,HIGH,RVMR-V1,HISTORICAL_RECONSTRUCTION
OFH13-20251202110900--1,OFH13,2025-12-02 11:09:00,2025-12-02 11:09:00,2025-12-02 11:09:00,2.5148445686,HIGH,3.9512213388,HIGH,RVMR-V1,HISTORICAL_RECONSTRUCTION
OFH13-20251203102600-+1,OFH13,2025-12-03 10:26:00,2025-12-03 10:26:00,2025-12-03 10:26:00,2.7733908555,HIGH,2.8927865271,HIGH,RVMR-V1,HISTORICAL_RECONSTRUCTION
OFH13-20251203120000--1,OFH13,2025-12-03 12:00:00,2025-12-03 12:00:00,2025-12-03 12:00:00,1.6288639688,MEDIUM,2.8472739509,HIGH,RVMR-V1,HISTORICAL_RECONSTRUCTION
OFH13-20251205114600--1,OFH13,2025-12-05 11:46:00,2025-12-05 11:46:00,2025-12-05 11:46:00,2.7829928216,HIGH,3.8360917925,HIGH,RVMR-V1,HISTORICAL_RECONSTRUCTION
OFH13-20251208120600--1,OFH13,2025-12-08 12:06:00,2025-12-08 12:06:00,2025-12-08 12:06:00,2.8835701345,HIGH,3.3130607925,HIGH,RVMR-V1,HISTORICAL_RECONSTRUCTION
OFH13-20251211104600--1,OFH13,2025-12-11 10:46:00,2025-12-11 10:46:00,2025-12-11 10:46:00,2.3044380714,MEDIUM,3.3748279669,HIGH,RVMR-V1,HISTORICAL_RECONSTRUCTION
OFH13-20251218104000-+1,OFH13,2025-12-18 10:40:00,2025-12-18 10:40:00,2025-12-18 10:40:00,1.5585081386,MEDIUM,3.2688405878,HIGH,RVMR-V1,HISTORICAL_RECONSTRUCTION
OFH13-20251226100400--1,OFH13,2025-12-26 10:04:00,2025-12-26 10:04:00,2025-12-26 10:04:00,4.1756671570,HIGH,9.8610438085,HIGH,RVMR-V1,HISTORICAL_RECONSTRUCTION
OFH13-20260105132200--1,OFH13,2026-01-05 13:22:00,2026-01-05 13:22:00,2026-01-05 13:22:00,1.9199606162,MEDIUM,2.5870068634,HIGH,RVMR-V1,HISTORICAL_RECONSTRUCTION
OFH13-20260108103900--1,OFH13,2026-01-08 10:39:00,2026-01-08 10:39:00,2026-01-08 10:39:00,2.5525449481,HIGH,3.6686474265,HIGH,RVMR-V1,HISTORICAL_RECONSTRUCTION
OFH13-20260113100500--1,OFH13,2026-01-13 10:05:00,2026-01-13 10:05:00,2026-01-13 10:05:00,4.0259963213,HIGH,7.8406033405,HIGH,RVMR-V1,HISTORICAL_RECONSTRUCTION
OFH13-20260114105100--1,OFH13,2026-01-14 10:51:00,2026-01-14 10:51:00,2026-01-14 10:51:00,2.0267607484,MEDIUM,4.6132614118,HIGH,RVMR-V1,HISTORICAL_RECONSTRUCTION
OFH13-20260120115100--1,OFH13,2026-01-20 11:51:00,2026-01-20 11:51:00,2026-01-20 11:51:00,2.7097272259,HIGH,5.6697474908,HIGH,RVMR-V1,HISTORICAL_RECONSTRUCTION
OFH13-20260121121700--1,OFH13,2026-01-21 12:17:00,2026-01-21 12:17:00,2026-01-21 12:17:00,2.8691349153,HIGH,3.8827113018,HIGH,RVMR-V1,HISTORICAL_RECONSTRUCTION
OFH13-20260126102600-+1,OFH13,2026-01-26 10:26:00,2026-01-26 10:26:00,2026-01-26 10:26:00,1.5975487347,MEDIUM,2.8873636275,HIGH,RVMR-V1,HISTORICAL_RECONSTRUCTION
OFH13-20260127101200-+1,OFH13,2026-01-27 10:12:00,2026-01-27 10:12:00,2026-01-27 10:12:00,1.9568285162,MEDIUM,4.0068159805,HIGH,RVMR-V1,HISTORICAL_RECONSTRUCTION
OFH13-20260129121700-+1,OFH13,2026-01-29 12:17:00,2026-01-29 12:17:00,2026-01-29 12:17:00,1.8337628094,MEDIUM,2.6184813160,HIGH,RVMR-V1,HISTORICAL_RECONSTRUCTION
OFH13-20260130103200--1,OFH13,2026-01-30 10:32:00,2026-01-30 10:32:00,2026-01-30 10:32:00,2.1643366304,MEDIUM,3.8036823758,HIGH,RVMR-V1,HISTORICAL_RECONSTRUCTION
OFH13-20260130132400--1,OFH13,2026-01-30 13:24:00,2026-01-30 13:24:00,2026-01-30 13:24:00,2.7653139841,HIGH,3.9551071815,HIGH,RVMR-V1,HISTORICAL_RECONSTRUCTION
OFH13-20260203100900--1,OFH13,2026-02-03 10:09:00,2026-02-03 10:09:00,2026-02-03 10:09:00,4.2527271720,HIGH,7.5110346969,HIGH,RVMR-V1,HISTORICAL_RECONSTRUCTION
OFH13-20260204100400--1,OFH13,2026-02-04 10:04:00,2026-02-04 10:04:00,2026-02-04 10:04:00,3.2417582418,HIGH,5.6990111453,HIGH,RVMR-V1,HISTORICAL_RECONSTRUCTION
OFH13-20260205100300--1,OFH13,2026-02-05 10:03:00,2026-02-05 10:03:00,2026-02-05 10:03:00,2.4905348661,HIGH,4.2782515662,HIGH,RVMR-V1,HISTORICAL_RECONSTRUCTION
OFH13-20260212105200--1,OFH13,2026-02-12 10:52:00,2026-02-12 10:52:00,2026-02-12 10:52:00,3.6027311026,HIGH,3.4053733003,HIGH,RVMR-V1,HISTORICAL_RECONSTRUCTION
OFH13-20260218100900-+1,OFH13,2026-02-18 10:09:00,2026-02-18 10:09:00,2026-02-18 10:09:00,1.3819209341,MEDIUM,2.9632035173,HIGH,RVMR-V1,HISTORICAL_RECONSTRUCTION
OFH13-20260219101200-+1,OFH13,2026-02-19 10:12:00,2026-02-19 10:12:00,2026-02-19 10:12:00,2.4830413352,HIGH,3.9763556213,HIGH,RVMR-V1,HISTORICAL_RECONSTRUCTION
OFH13-20260219105300--1,OFH13,2026-02-19 10:53:00,2026-02-19 10:53:00,2026-02-19 10:53:00,2.1035009109,MEDIUM,3.3891888565,HIGH,RVMR-V1,HISTORICAL_RECONSTRUCTION
OFH13-20260220100400-+1,OFH13,2026-02-20 10:04:00,2026-02-20 10:04:00,2026-02-20 10:04:00,5.7350882106,HIGH,7.1607227452,HIGH,RVMR-V1,HISTORICAL_RECONSTRUCTION
OFH13-20260223104600--1,OFH13,2026-02-23 10:46:00,2026-02-23 10:46:00,2026-02-23 10:46:00,1.3208107794,MEDIUM,2.2458607737,MEDIUM,RVMR-V1,HISTORICAL_RECONSTRUCTION
OFH13-20260224121600-+1,OFH13,2026-02-24 12:16:00,2026-02-24 12:16:00,2026-02-24 12:16:00,1.2678463530,LOW,1.9552786444,MEDIUM,RVMR-V1,HISTORICAL_RECONSTRUCTION
OFH13-20260225103700--1,OFH13,2026-02-25 10:37:00,2026-02-25 10:37:00,2026-02-25 10:37:00,1.2188256599,LOW,3.0823941445,HIGH,RVMR-V1,HISTORICAL_RECONSTRUCTION
OFH13-20260226114900--1,OFH13,2026-02-26 11:49:00,2026-02-26 11:49:00,2026-02-26 11:49:00,2.7302580141,HIGH,3.1635088524,HIGH,RVMR-V1,HISTORICAL_RECONSTRUCTION
OFH13-20260304100300-+1,OFH13,2026-03-04 10:03:00,2026-03-04 10:03:00,2026-03-04 10:03:00,1.7124223083,MEDIUM,3.4913579605,HIGH,RVMR-V1,HISTORICAL_RECONSTRUCTION
OFH13-20260304135500-+1,OFH13,2026-03-04 13:55:00,2026-03-04 13:55:00,2026-03-04 13:55:00,0.6073963156,LOW,1.1734759912,LOW,RVMR-V1,HISTORICAL_RECONSTRUCTION
OFH13-20260305103500--1,OFH13,2026-03-05 10:35:00,2026-03-05 10:35:00,2026-03-05 10:35:00,1.5096055473,MEDIUM,3.1287621451,HIGH,RVMR-V1,HISTORICAL_RECONSTRUCTION
OFH13-20260306105300--1,OFH13,2026-03-06 10:53:00,2026-03-06 10:53:00,2026-03-06 10:53:00,1.2913771966,MEDIUM,2.4719437637,HIGH,RVMR-V1,HISTORICAL_RECONSTRUCTION
OFH13-20260310101300--1,OFH13,2026-03-10 10:13:00,2026-03-10 10:13:00,2026-03-10 10:13:00,2.0920557353,MEDIUM,3.5596508763,HIGH,RVMR-V1,HISTORICAL_RECONSTRUCTION
OFH13-20260311100300-+1,OFH13,2026-03-11 10:03:00,2026-03-11 10:03:00,2026-03-11 10:03:00,2.1907775160,MEDIUM,5.0631180277,HIGH,RVMR-V1,HISTORICAL_RECONSTRUCTION
OFH13-20260311103700--1,OFH13,2026-03-11 10:37:00,2026-03-11 10:37:00,2026-03-11 10:37:00,2.1740166865,MEDIUM,3.0590205165,HIGH,RVMR-V1,HISTORICAL_RECONSTRUCTION
OFH13-20260313100500--1,OFH13,2026-03-13 10:05:00,2026-03-13 10:05:00,2026-03-13 10:05:00,1.9496396193,MEDIUM,3.5387329100,HIGH,RVMR-V1,HISTORICAL_RECONSTRUCTION
OFH13-20260313104900--1,OFH13,2026-03-13 10:49:00,2026-03-13 10:49:00,2026-03-13 10:49:00,2.1382110616,MEDIUM,4.3422818843,HIGH,RVMR-V1,HISTORICAL_RECONSTRUCTION
OFH13-20260317111100--1,OFH13,2026-03-17 11:11:00,2026-03-17 11:11:00,2026-03-17 11:11:00,2.2174392357,MEDIUM,6.0007406699,HIGH,RVMR-V1,HISTORICAL_RECONSTRUCTION
OFH13-20260318103400--1,OFH13,2026-03-18 10:34:00,2026-03-18 10:34:00,2026-03-18 10:34:00,3.0041330447,HIGH,4.8558210478,HIGH,RVMR-V1,HISTORICAL_RECONSTRUCTION
OFH13-20260323133900-+1,OFH13,2026-03-23 13:39:00,2026-03-23 13:39:00,2026-03-23 13:39:00,1.0000178066,LOW,1.8122109658,MEDIUM,RVMR-V1,HISTORICAL_RECONSTRUCTION
OFH13-20260325112500--1,OFH13,2026-03-25 11:25:00,2026-03-25 11:25:00,2026-03-25 11:25:00,2.7565215324,HIGH,5.8126969264,HIGH,RVMR-V1,HISTORICAL_RECONSTRUCTION
OFH13-20260331102000-+1,OFH13,2026-03-31 10:20:00,2026-03-31 10:20:00,2026-03-31 10:20:00,1.3139464609,MEDIUM,2.4969349621,HIGH,RVMR-V1,HISTORICAL_RECONSTRUCTION
OFH13-20260407110800--1,OFH13,2026-04-07 11:08:00,2026-04-07 11:08:00,2026-04-07 11:08:00,1.0962302986,LOW,2.6120513465,HIGH,RVMR-V1,HISTORICAL_RECONSTRUCTION
OFH13-20260407134200-+1,OFH13,2026-04-07 13:42:00,2026-04-07 13:42:00,2026-04-07 13:42:00,1.0698965430,LOW,1.4088319960,MEDIUM,RVMR-V1,HISTORICAL_RECONSTRUCTION
OFH13-20260408105800--1,OFH13,2026-04-08 10:58:00,2026-04-08 10:58:00,2026-04-08 10:58:00,2.6091052943,HIGH,4.6462505091,HIGH,RVMR-V1,HISTORICAL_RECONSTRUCTION
OFH13-20260409121400-+1,OFH13,2026-04-09 12:14:00,2026-04-09 12:14:00,2026-04-09 12:14:00,2.3218227537,MEDIUM,2.1068271053,MEDIUM,RVMR-V1,HISTORICAL_RECONSTRUCTION
OFH13-20260413100300-+1,OFH13,2026-04-13 10:03:00,2026-04-13 10:03:00,2026-04-13 10:03:00,2.0229183809,MEDIUM,4.3934672420,HIGH,RVMR-V1,HISTORICAL_RECONSTRUCTION
OFH13-20260415104300-+1,OFH13,2026-04-15 10:43:00,2026-04-15 10:43:00,2026-04-15 10:43:00,2.0113210321,MEDIUM,2.7686882428,HIGH,RVMR-V1,HISTORICAL_RECONSTRUCTION
OFH13-20260415125800--1,OFH13,2026-04-15 12:58:00,2026-04-15 12:58:00,2026-04-15 12:58:00,3.1156569630,HIGH,3.5723993139,HIGH,RVMR-V1,HISTORICAL_RECONSTRUCTION
OFH13-20260416102200--1,OFH13,2026-04-16 10:22:00,2026-04-16 10:22:00,2026-04-16 10:22:00,4.0270635995,HIGH,5.3178300032,HIGH,RVMR-V1,HISTORICAL_RECONSTRUCTION
OFH13-20260416130800--1,OFH13,2026-04-16 13:08:00,2026-04-16 13:08:00,2026-04-16 13:08:00,1.9462477566,MEDIUM,2.3229059854,MEDIUM,RVMR-V1,HISTORICAL_RECONSTRUCTION
OFH13-20260420105000--1,OFH13,2026-04-20 10:50:00,2026-04-20 10:50:00,2026-04-20 10:50:00,2.3053781601,MEDIUM,3.3018347255,HIGH,RVMR-V1,HISTORICAL_RECONSTRUCTION
OFH13-20260421113800--1,OFH13,2026-04-21 11:38:00,2026-04-21 11:38:00,2026-04-21 11:38:00,3.0753649354,HIGH,3.5543748962,HIGH,RVMR-V1,HISTORICAL_RECONSTRUCTION
OFH13-20260422101000-+1,OFH13,2026-04-22 10:10:00,2026-04-22 10:10:00,2026-04-22 10:10:00,1.2323069814,LOW,2.0660440324,MEDIUM,RVMR-V1,HISTORICAL_RECONSTRUCTION
OFH13-20260423111600-+1,OFH13,2026-04-23 11:16:00,2026-04-23 11:16:00,2026-04-23 11:16:00,1.3471959895,MEDIUM,3.1891336308,HIGH,RVMR-V1,HISTORICAL_RECONSTRUCTION
OFH13-20260423121300--1,OFH13,2026-04-23 12:13:00,2026-04-23 12:13:00,2026-04-23 12:13:00,2.3395822175,HIGH,2.4318847107,HIGH,RVMR-V1,HISTORICAL_RECONSTRUCTION
OFH13-20260430111300-+1,OFH13,2026-04-30 11:13:00,2026-04-30 11:13:00,2026-04-30 11:13:00,1.8494196331,MEDIUM,2.7594597717,HIGH,RVMR-V1,HISTORICAL_RECONSTRUCTION
OFH13-20260504114200--1,OFH13,2026-05-04 11:42:00,2026-05-04 11:42:00,2026-05-04 11:42:00,2.5957235206,HIGH,3.6997861794,HIGH,RVMR-V1,HISTORICAL_RECONSTRUCTION
OFH13-20260506102600--1,OFH13,2026-05-06 10:26:00,2026-05-06 10:26:00,2026-05-06 10:26:00,2.2217579274,MEDIUM,3.8027547947,HIGH,RVMR-V1,HISTORICAL_RECONSTRUCTION
OFH13-20260507102400-+1,OFH13,2026-05-07 10:24:00,2026-05-07 10:24:00,2026-05-07 10:24:00,2.6594986011,HIGH,4.7463873125,HIGH,RVMR-V1,HISTORICAL_RECONSTRUCTION
OFH13-20260507124300--1,OFH13,2026-05-07 12:43:00,2026-05-07 12:43:00,2026-05-07 12:43:00,1.7820445511,MEDIUM,2.2779012811,MEDIUM,RVMR-V1,HISTORICAL_RECONSTRUCTION
OFH13-20260512124400--1,OFH13,2026-05-12 12:44:00,2026-05-12 12:44:00,2026-05-12 12:44:00,1.5683965735,MEDIUM,2.0278197762,MEDIUM,RVMR-V1,HISTORICAL_RECONSTRUCTION
OFH13-20260514105300-+1,OFH13,2026-05-14 10:53:00,2026-05-14 10:53:00,2026-05-14 10:53:00,1.7757459095,MEDIUM,2.2760635416,MEDIUM,RVMR-V1,HISTORICAL_RECONSTRUCTION
OFH13-20260514113900-+1,OFH13,2026-05-14 11:39:00,2026-05-14 11:39:00,2026-05-14 11:39:00,1.7580766341,MEDIUM,2.4328364228,HIGH,RVMR-V1,HISTORICAL_RECONSTRUCTION
OFH13-20260519101000--1,OFH13,2026-05-19 10:10:00,2026-05-19 10:10:00,2026-05-19 10:10:00,1.9136479378,MEDIUM,4.3353114011,HIGH,RVMR-V1,HISTORICAL_RECONSTRUCTION
OFH13-20260519110800-+1,OFH13,2026-05-19 11:08:00,2026-05-19 11:08:00,2026-05-19 11:08:00,2.3982136211,HIGH,3.0472396838,HIGH,RVMR-V1,HISTORICAL_RECONSTRUCTION
OFH13-20260521101200-+1,OFH13,2026-05-21 10:12:00,2026-05-21 10:12:00,2026-05-21 10:12:00,1.5896298077,MEDIUM,2.8451728547,HIGH,RVMR-V1,HISTORICAL_RECONSTRUCTION
OFH13-20260521131300-+1,OFH13,2026-05-21 13:13:00,2026-05-21 13:13:00,2026-05-21 13:13:00,2.7935619946,HIGH,4.3544758918,HIGH,RVMR-V1,HISTORICAL_RECONSTRUCTION
OFH13-20260526125100--1,OFH13,2026-05-26 12:51:00,2026-05-26 12:51:00,2026-05-26 12:51:00,1.6087862147,MEDIUM,2.5406856918,HIGH,RVMR-V1,HISTORICAL_RECONSTRUCTION
OFH13-20260527101700--1,OFH13,2026-05-27 10:17:00,2026-05-27 10:17:00,2026-05-27 10:17:00,4.2106662236,HIGH,4.8459430122,HIGH,RVMR-V1,HISTORICAL_RECONSTRUCTION
OFH13-20260528102400-+1,OFH13,2026-05-28 10:24:00,2026-05-28 10:24:00,2026-05-28 10:24:00,2.2436616558,MEDIUM,3.3640215599,HIGH,RVMR-V1,HISTORICAL_RECONSTRUCTION
OFH13-20260529105100--1,OFH13,2026-05-29 10:51:00,2026-05-29 10:51:00,2026-05-29 10:51:00,3.8238050609,HIGH,5.7499683619,HIGH,RVMR-V1,HISTORICAL_RECONSTRUCTION
OFH13-20260601132500-+1,OFH13,2026-06-01 13:25:00,2026-06-01 13:25:00,2026-06-01 13:25:00,1.2394478101,LOW,1.6791145367,MEDIUM,RVMR-V1,HISTORICAL_RECONSTRUCTION
OFH13-20260605122300--1,OFH13,2026-06-05 12:23:00,2026-06-05 12:23:00,2026-06-05 12:23:00,0.8946099749,LOW,2.3772641854,HIGH,RVMR-V1,HISTORICAL_RECONSTRUCTION
OFH13-20260608101800--1,OFH13,2026-06-08 10:18:00,2026-06-08 10:18:00,2026-06-08 10:18:00,2.1668099742,MEDIUM,2.2691353802,MEDIUM,RVMR-V1,HISTORICAL_RECONSTRUCTION
OFH13-20260608130500--1,OFH13,2026-06-08 13:05:00,2026-06-08 13:05:00,2026-06-08 13:05:00,1.4314787564,MEDIUM,2.0355151310,MEDIUM,RVMR-V1,HISTORICAL_RECONSTRUCTION
OFH13-20260609131100-+1,OFH13,2026-06-09 13:11:00,2026-06-09 13:11:00,2026-06-09 13:11:00,3.2660495827,HIGH,2.4466981753,HIGH,RVMR-V1,HISTORICAL_RECONSTRUCTION
OFH13-20260617105000--1,OFH13,2026-06-17 10:50:00,2026-06-17 10:50:00,2026-06-17 10:50:00,2.4826363233,HIGH,4.3164286489,HIGH,RVMR-V1,HISTORICAL_RECONSTRUCTION
OFH13-20260618102800-+1,OFH13,2026-06-18 10:28:00,2026-06-18 10:28:00,2026-06-18 10:28:00,2.2745433260,MEDIUM,4.1768273710,HIGH,RVMR-V1,HISTORICAL_RECONSTRUCTION
OFH13-20260623122100-+1,OFH13,2026-06-23 12:21:00,2026-06-23 12:21:00,2026-06-23 12:21:00,1.7924360546,MEDIUM,2.4917863599,HIGH,RVMR-V1,HISTORICAL_RECONSTRUCTION
OFH13-20260624112700--1,OFH13,2026-06-24 11:27:00,2026-06-24 11:27:00,2026-06-24 11:27:00,1.7189804087,MEDIUM,3.0678415019,HIGH,RVMR-V1,HISTORICAL_RECONSTRUCTION
OFH13-20260630100600-+1,OFH13,2026-06-30 10:06:00,2026-06-30 10:06:00,2026-06-30 10:06:00,2.3049533412,MEDIUM,4.1156027469,HIGH,RVMR-V1,HISTORICAL_RECONSTRUCTION
OFH13-20260701104400--1,OFH13,2026-07-01 10:44:00,2026-07-01 10:44:00,2026-07-01 10:44:00,1.2361841399,LOW,2.6185104887,HIGH,RVMR-V1,HISTORICAL_RECONSTRUCTION
OFH13-20260702114600--1,OFH13,2026-07-02 11:46:00,2026-07-02 11:46:00,2026-07-02 11:46:00,2.2966727837,MEDIUM,3.1496352040,HIGH,RVMR-V1,HISTORICAL_RECONSTRUCTION
OFH13-20260715111900--1,OFH13,2026-07-15 11:19:00,2026-07-15 11:19:00,2026-07-15 11:19:00,1.8064747373,MEDIUM,3.0577911538,HIGH,RVMR-V1,HISTORICAL_RECONSTRUCTION
OFH13-20260716102200-+1,OFH13,2026-07-16 10:22:00,2026-07-16 10:22:00,2026-07-16 10:22:00,1.8857011906,MEDIUM,3.4004775566,HIGH,RVMR-V1,HISTORICAL_RECONSTRUCTION
OFH13-20260716123200--1,OFH13,2026-07-16 12:32:00,2026-07-16 12:32:00,2026-07-16 12:32:00,1.8801918012,MEDIUM,2.2562831478,MEDIUM,RVMR-V1,HISTORICAL_RECONSTRUCTION
OFH13-20260717121200-+1,OFH13,2026-07-17 12:12:00,2026-07-17 12:12:00,2026-07-17 12:12:00,2.2259198362,MEDIUM,2.1858296919,MEDIUM,RVMR-V1,HISTORICAL_RECONSTRUCTION
OFH13-20260720122600-+1,OFH13,2026-07-20 12:26:00,2026-07-20 12:26:00,2026-07-20 12:26:00,1.6830691261,MEDIUM,1.6928455090,MEDIUM,RVMR-V1,HISTORICAL_RECONSTRUCTION
OFH13-20260721104800-+1,OFH13,2026-07-21 10:48:00,2026-07-21 10:48:00,2026-07-21 10:48:00,1.5727802643,MEDIUM,2.7649135422,HIGH,RVMR-V1,HISTORICAL_RECONSTRUCTION
OFH13-20260723120500-+1,OFH13,2026-07-23 12:05:00,2026-07-23 12:05:00,2026-07-23 12:05:00,1.0636121906,LOW,1.9824089321,MEDIUM,RVMR-V1,HISTORICAL_RECONSTRUCTION
OFH13-20260727101300--1,OFH13,2026-07-27 10:13:00,2026-07-27 10:13:00,2026-07-27 10:13:00,2.1906773632,MEDIUM,4.0040414398,HIGH,RVMR-V1,HISTORICAL_RECONSTRUCTION
OFH13-20260727112000--1,OFH13,2026-07-27 11:20:00,2026-07-27 11:20:00,2026-07-27 11:20:00,2.2513100295,MEDIUM,3.4709151440,HIGH,RVMR-V1,HISTORICAL_RECONSTRUCTION
OFH13-20260804101000-+1,OFH13,2026-08-04 10:10:00,2026-08-04 10:10:00,2026-08-04 10:10:00,2.1238653276,MEDIUM,3.8568689421,HIGH,RVMR-V1,HISTORICAL_RECONSTRUCTION
OFH13-20260805100400--1,OFH13,2026-08-05 10:04:00,2026-08-05 10:04:00,2026-08-05 10:04:00,3.1823843774,HIGH,6.3088813241,HIGH,RVMR-V1,HISTORICAL_RECONSTRUCTION
OFH13-20260805105800--1,OFH13,2026-08-05 10:58:00,2026-08-05 10:58:00,2026-08-05 10:58:00,2.8205992995,HIGH,4.1369309092,HIGH,RVMR-V1,HISTORICAL_RECONSTRUCTION
OFH13-20260806102500-+1,OFH13,2026-08-06 10:25:00,2026-08-06 10:25:00,2026-08-06 10:25:00,2.1051712852,MEDIUM,3.1546277262,HIGH,RVMR-V1,HISTORICAL_RECONSTRUCTION
OFH13-20260810101700-+1,OFH13,2026-08-10 10:17:00,2026-08-10 10:17:00,2026-08-10 10:17:00,1.6279486579,MEDIUM,3.1659880770,HIGH,RVMR-V1,HISTORICAL_RECONSTRUCTION
OFH13-20260813102100-+1,OFH13,2026-08-13 10:21:00,2026-08-13 10:21:00,2026-08-13 10:21:00,1.3769261888,MEDIUM,3.5842303401,HIGH,RVMR-V1,HISTORICAL_RECONSTRUCTION
OFH13-20260814115400--1,OFH13,2026-08-14 11:54:00,2026-08-14 11:54:00,2026-08-14 11:54:00,0.9490464225,LOW,1.9248367044,MEDIUM,RVMR-V1,HISTORICAL_RECONSTRUCTION
OFH13-20260818101900-+1,OFH13,2026-08-18 10:19:00,2026-08-18 10:19:00,2026-08-18 10:19:00,4.0432467323,HIGH,4.7816976818,HIGH,RVMR-V1,HISTORICAL_RECONSTRUCTION
OFH13-20260819101600--1,OFH13,2026-08-19 10:16:00,2026-08-19 10:16:00,2026-08-19 10:16:00,3.6301044956,HIGH,5.0564023721,HIGH,RVMR-V1,HISTORICAL_RECONSTRUCTION
OFH14-20250819100900-+1,OFH14,2025-08-19 10:09:00,2025-08-19 10:09:00,,,UNAVAILABLE,,UNAVAILABLE,RVMR-V1,HISTORICAL_RECONSTRUCTION
OFH14-20250819104100--1,OFH14,2025-08-19 10:41:00,2025-08-19 10:41:00,,,UNAVAILABLE,,UNAVAILABLE,RVMR-V1,HISTORICAL_RECONSTRUCTION
OFH14-20250819124300--1,OFH14,2025-08-19 12:43:00,2025-08-19 12:43:00,,,UNAVAILABLE,,UNAVAILABLE,RVMR-V1,HISTORICAL_RECONSTRUCTION
OFH14-20250820140500--1,OFH14,2025-08-20 14:05:00,2025-08-20 14:05:00,2025-08-20 14:05:00,3.3507674573,HIGH,3.8973346496,HIGH,RVMR-V1,HISTORICAL_RECONSTRUCTION
OFH14-20250821112100--1,OFH14,2025-08-21 11:21:00,2025-08-21 11:21:00,2025-08-21 11:21:00,1.2520287503,LOW,2.0986644665,MEDIUM,RVMR-V1,HISTORICAL_RECONSTRUCTION
OFH14-20250821134800-+1,OFH14,2025-08-21 13:48:00,2025-08-21 13:48:00,2025-08-21 13:48:00,1.6752918522,MEDIUM,2.4846840329,HIGH,RVMR-V1,HISTORICAL_RECONSTRUCTION
OFH14-20250822103000--1,OFH14,2025-08-22 10:30:00,2025-08-22 10:30:00,2025-08-22 10:30:00,3.3538127936,HIGH,3.9070727080,HIGH,RVMR-V1,HISTORICAL_RECONSTRUCTION
OFH14-20250822121600--1,OFH14,2025-08-22 12:16:00,2025-08-22 12:16:00,2025-08-22 12:16:00,3.1837411510,HIGH,4.3948112392,HIGH,RVMR-V1,HISTORICAL_RECONSTRUCTION
OFH14-20250828105200-+1,OFH14,2025-08-28 10:52:00,2025-08-28 10:52:00,2025-08-28 10:52:00,2.5679893000,HIGH,2.8977835601,HIGH,RVMR-V1,HISTORICAL_RECONSTRUCTION
OFH14-20250829110800--1,OFH14,2025-08-29 11:08:00,2025-08-29 11:08:00,2025-08-29 11:08:00,2.5500337306,HIGH,3.0360722591,HIGH,RVMR-V1,HISTORICAL_RECONSTRUCTION
OFH14-20250829131800--1,OFH14,2025-08-29 13:18:00,2025-08-29 13:18:00,2025-08-29 13:18:00,2.3882681564,HIGH,3.5782815000,HIGH,RVMR-V1,HISTORICAL_RECONSTRUCTION
OFH14-20250902111200--1,OFH14,2025-09-02 11:12:00,2025-09-02 11:12:00,2025-09-02 11:12:00,3.5000639632,HIGH,5.4775233336,HIGH,RVMR-V1,HISTORICAL_RECONSTRUCTION
OFH14-20250903102200-+1,OFH14,2025-09-03 10:22:00,2025-09-03 10:22:00,2025-09-03 10:22:00,2.4642947689,HIGH,3.7474752902,HIGH,RVMR-V1,HISTORICAL_RECONSTRUCTION
OFH14-20250904100700--1,OFH14,2025-09-04 10:07:00,2025-09-04 10:07:00,2025-09-04 10:07:00,2.6135549506,HIGH,5.2867128478,HIGH,RVMR-V1,HISTORICAL_RECONSTRUCTION
OFH14-20250904104000-+1,OFH14,2025-09-04 10:40:00,2025-09-04 10:40:00,2025-09-04 10:40:00,1.8365611715,MEDIUM,3.5219037029,HIGH,RVMR-V1,HISTORICAL_RECONSTRUCTION
OFH14-20250904113000-+1,OFH14,2025-09-04 11:30:00,2025-09-04 11:30:00,2025-09-04 11:30:00,1.0654039657,LOW,1.4781723290,MEDIUM,RVMR-V1,HISTORICAL_RECONSTRUCTION
OFH14-20250905104400--1,OFH14,2025-09-05 10:44:00,2025-09-05 10:44:00,2025-09-05 10:44:00,3.6065065840,HIGH,4.5117204779,HIGH,RVMR-V1,HISTORICAL_RECONSTRUCTION
OFH14-20250905122000--1,OFH14,2025-09-05 12:20:00,2025-09-05 12:20:00,2025-09-05 12:20:00,1.6404973005,MEDIUM,1.8003861602,MEDIUM,RVMR-V1,HISTORICAL_RECONSTRUCTION
OFH14-20250909105400--1,OFH14,2025-09-09 10:54:00,2025-09-09 10:54:00,2025-09-09 10:54:00,1.7249216782,MEDIUM,4.7882311134,HIGH,RVMR-V1,HISTORICAL_RECONSTRUCTION
OFH14-20250911114000-+1,OFH14,2025-09-11 11:40:00,2025-09-11 11:40:00,2025-09-11 11:40:00,0.9917070791,LOW,1.7271698070,MEDIUM,RVMR-V1,HISTORICAL_RECONSTRUCTION
OFH14-20250918103300-+1,OFH14,2025-09-18 10:33:00,2025-09-18 10:33:00,2025-09-18 10:33:00,0.9273339150,LOW,2.1866842676,MEDIUM,RVMR-V1,HISTORICAL_RECONSTRUCTION
OFH14-20250922121400-+1,OFH14,2025-09-22 12:14:00,2025-09-22 12:14:00,2025-09-22 12:14:00,1.9552275180,MEDIUM,3.2544352338,HIGH,RVMR-V1,HISTORICAL_RECONSTRUCTION
OFH14-20250923122800--1,OFH14,2025-09-23 12:28:00,2025-09-23 12:28:00,2025-09-23 12:28:00,1.3460040505,MEDIUM,1.4201845614,MEDIUM,RVMR-V1,HISTORICAL_RECONSTRUCTION
OFH14-20250924114100--1,OFH14,2025-09-24 11:41:00,2025-09-24 11:41:00,2025-09-24 11:41:00,1.5628192033,MEDIUM,1.9730882182,MEDIUM,RVMR-V1,HISTORICAL_RECONSTRUCTION
OFH14-20250924132700-+1,OFH14,2025-09-24 13:27:00,2025-09-24 13:27:00,2025-09-24 13:27:00,1.8375717801,MEDIUM,1.9722803498,MEDIUM,RVMR-V1,HISTORICAL_RECONSTRUCTION
OFH14-20250925101900-+1,OFH14,2025-09-25 10:19:00,2025-09-25 10:19:00,2025-09-25 10:19:00,2.9131713107,HIGH,5.8424288739,HIGH,RVMR-V1,HISTORICAL_RECONSTRUCTION
OFH14-20250925120600-+1,OFH14,2025-09-25 12:06:00,2025-09-25 12:06:00,2025-09-25 12:06:00,1.9624184291,MEDIUM,2.3304989189,MEDIUM,RVMR-V1,HISTORICAL_RECONSTRUCTION
OFH14-20250925144700-+1,OFH14,2025-09-25 14:47:00,2025-09-25 14:47:00,2025-09-25 14:47:00,2.9888966690,HIGH,3.9142763057,HIGH,RVMR-V1,HISTORICAL_RECONSTRUCTION
OFH14-20250926122700-+1,OFH14,2025-09-26 12:27:00,2025-09-26 12:27:00,2025-09-26 12:27:00,1.1089372685,LOW,2.1105241289,MEDIUM,RVMR-V1,HISTORICAL_RECONSTRUCTION
OFH14-20250929133200--1,OFH14,2025-09-29 13:32:00,2025-09-29 13:32:00,2025-09-29 13:32:00,1.4835914063,MEDIUM,1.8001880714,MEDIUM,RVMR-V1,HISTORICAL_RECONSTRUCTION
OFH14-20250930105100-+1,OFH14,2025-09-30 10:51:00,2025-09-30 10:51:00,2025-09-30 10:51:00,2.2594346003,MEDIUM,4.1536013440,HIGH,RVMR-V1,HISTORICAL_RECONSTRUCTION
OFH14-20251001104000-+1,OFH14,2025-10-01 10:40:00,2025-10-01 10:40:00,2025-10-01 10:40:00,1.6703436668,MEDIUM,2.3240655674,MEDIUM,RVMR-V1,HISTORICAL_RECONSTRUCTION
OFH14-20251001114000-+1,OFH14,2025-10-01 11:40:00,2025-10-01 11:40:00,2025-10-01 11:40:00,1.1295728446,LOW,1.7988221502,MEDIUM,RVMR-V1,HISTORICAL_RECONSTRUCTION
OFH14-20251001132200-+1,OFH14,2025-10-01 13:22:00,2025-10-01 13:22:00,2025-10-01 13:22:00,0.6224889386,LOW,0.8883981906,LOW,RVMR-V1,HISTORICAL_RECONSTRUCTION
OFH14-20251003101100--1,OFH14,2025-10-03 10:11:00,2025-10-03 10:11:00,2025-10-03 10:11:00,1.7982579376,MEDIUM,3.7090455504,HIGH,RVMR-V1,HISTORICAL_RECONSTRUCTION
OFH14-20251003110400-+1,OFH14,2025-10-03 11:04:00,2025-10-03 11:04:00,2025-10-03 11:04:00,1.4107385520,MEDIUM,3.3047906754,HIGH,RVMR-V1,HISTORICAL_RECONSTRUCTION
OFH14-20251006135300-+1,OFH14,2025-10-06 13:53:00,2025-10-06 13:53:00,2025-10-06 13:53:00,0.6504065041,LOW,0.7260447559,LOW,RVMR-V1,HISTORICAL_RECONSTRUCTION
OFH14-20251007110900--1,OFH14,2025-10-07 11:09:00,2025-10-07 11:09:00,2025-10-07 11:09:00,4.9424111415,HIGH,10.2537276942,HIGH,RVMR-V1,HISTORICAL_RECONSTRUCTION
OFH14-20251007113900--1,OFH14,2025-10-07 11:39:00,2025-10-07 11:39:00,2025-10-07 11:39:00,2.8520316892,HIGH,4.8943636048,HIGH,RVMR-V1,HISTORICAL_RECONSTRUCTION
OFH14-20251008101300-+1,OFH14,2025-10-08 10:13:00,2025-10-08 10:13:00,2025-10-08 10:13:00,1.3166488153,MEDIUM,2.8200797879,HIGH,RVMR-V1,HISTORICAL_RECONSTRUCTION
OFH14-20251008112900-+1,OFH14,2025-10-08 11:29:00,2025-10-08 11:29:00,2025-10-08 11:29:00,1.6012284557,MEDIUM,2.5124194977,HIGH,RVMR-V1,HISTORICAL_RECONSTRUCTION
OFH14-20251009103800--1,OFH14,2025-10-09 10:38:00,2025-10-09 10:38:00,2025-10-09 10:38:00,2.7055601554,HIGH,4.2296358007,HIGH,RVMR-V1,HISTORICAL_RECONSTRUCTION
OFH14-20251009114300--1,OFH14,2025-10-09 11:43:00,2025-10-09 11:43:00,2025-10-09 11:43:00,1.9330712436,MEDIUM,2.5585984543,HIGH,RVMR-V1,HISTORICAL_RECONSTRUCTION
OFH14-20251009131400--1,OFH14,2025-10-09 13:14:00,2025-10-09 13:14:00,2025-10-09 13:14:00,2.6725231217,HIGH,2.3307746977,MEDIUM,RVMR-V1,HISTORICAL_RECONSTRUCTION
OFH14-20251010100400--1,OFH14,2025-10-10 10:04:00,2025-10-10 10:04:00,2025-10-10 10:04:00,2.6511321169,HIGH,3.4529387856,HIGH,RVMR-V1,HISTORICAL_RECONSTRUCTION
OFH14-20251010112100--1,OFH14,2025-10-10 11:21:00,2025-10-10 11:21:00,2025-10-10 11:21:00,8.9345983921,HIGH,9.8572597265,HIGH,RVMR-V1,HISTORICAL_RECONSTRUCTION
OFH14-20251010115900--1,OFH14,2025-10-10 11:59:00,2025-10-10 11:59:00,2025-10-10 11:59:00,7.9075585710,HIGH,5.5691962396,HIGH,RVMR-V1,HISTORICAL_RECONSTRUCTION
OFH14-20251013104400--1,OFH14,2025-10-13 10:44:00,2025-10-13 10:44:00,2025-10-13 10:44:00,1.0102318353,LOW,1.7555264783,MEDIUM,RVMR-V1,HISTORICAL_RECONSTRUCTION
OFH14-20251014101100-+1,OFH14,2025-10-14 10:11:00,2025-10-14 10:11:00,2025-10-14 10:11:00,1.7424010496,MEDIUM,3.1648234964,HIGH,RVMR-V1,HISTORICAL_RECONSTRUCTION
OFH14-20251014110800-+1,OFH14,2025-10-14 11:08:00,2025-10-14 11:08:00,2025-10-14 11:08:00,1.7231496528,MEDIUM,2.1295662466,MEDIUM,RVMR-V1,HISTORICAL_RECONSTRUCTION
OFH14-20251014121400-+1,OFH14,2025-10-14 12:14:00,2025-10-14 12:14:00,2025-10-14 12:14:00,1.2140373064,LOW,1.6769797787,MEDIUM,RVMR-V1,HISTORICAL_RECONSTRUCTION
OFH14-20251015101200-+1,OFH14,2025-10-15 10:12:00,2025-10-15 10:12:00,2025-10-15 10:12:00,2.2521713088,MEDIUM,3.6225260726,HIGH,RVMR-V1,HISTORICAL_RECONSTRUCTION
OFH14-20251015130300--1,OFH14,2025-10-15 13:03:00,2025-10-15 13:03:00,2025-10-15 13:03:00,1.6250000000,MEDIUM,2.6817771778,HIGH,RVMR-V1,HISTORICAL_RECONSTRUCTION
OFH14-20251016101400--1,OFH14,2025-10-16 10:14:00,2025-10-16 10:14:00,2025-10-16 10:14:00,2.4243624660,HIGH,4.6044478974,HIGH,RVMR-V1,HISTORICAL_RECONSTRUCTION
OFH14-20251016104700-+1,OFH14,2025-10-16 10:47:00,2025-10-16 10:47:00,2025-10-16 10:47:00,2.6915887850,HIGH,4.7883697464,HIGH,RVMR-V1,HISTORICAL_RECONSTRUCTION
OFH14-20251016113500--1,OFH14,2025-10-16 11:35:00,2025-10-16 11:35:00,2025-10-16 11:35:00,3.0560770549,HIGH,4.4658375061,HIGH,RVMR-V1,HISTORICAL_RECONSTRUCTION
OFH14-20251016125700--1,OFH14,2025-10-16 12:57:00,2025-10-16 12:57:00,2025-10-16 12:57:00,2.2853306069,MEDIUM,3.3414889637,HIGH,RVMR-V1,HISTORICAL_RECONSTRUCTION
OFH14-20251016141500--1,OFH14,2025-10-16 14:15:00,2025-10-16 14:15:00,2025-10-16 14:15:00,1.3934792318,MEDIUM,2.6550778266,HIGH,RVMR-V1,HISTORICAL_RECONSTRUCTION
OFH14-20251017100500-+1,OFH14,2025-10-17 10:05:00,2025-10-17 10:05:00,2025-10-17 10:05:00,2.4622659433,HIGH,3.6469607775,HIGH,RVMR-V1,HISTORICAL_RECONSTRUCTION
OFH14-20251017104700--1,OFH14,2025-10-17 10:47:00,2025-10-17 10:47:00,2025-10-17 10:47:00,2.0709420937,MEDIUM,2.8559299332,HIGH,RVMR-V1,HISTORICAL_RECONSTRUCTION
OFH14-20251022101700--1,OFH14,2025-10-22 10:17:00,2025-10-22 10:17:00,2025-10-22 10:17:00,2.4506232023,HIGH,5.2037315743,HIGH,RVMR-V1,HISTORICAL_RECONSTRUCTION
OFH14-20251022111900--1,OFH14,2025-10-22 11:19:00,2025-10-22 11:19:00,2025-10-22 11:19:00,1.4364922863,MEDIUM,2.3472141599,HIGH,RVMR-V1,HISTORICAL_RECONSTRUCTION
OFH14-20251022123800--1,OFH14,2025-10-22 12:38:00,2025-10-22 12:38:00,2025-10-22 12:38:00,5.0426925488,HIGH,5.0661518623,HIGH,RVMR-V1,HISTORICAL_RECONSTRUCTION
OFH14-20251023114100-+1,OFH14,2025-10-23 11:41:00,2025-10-23 11:41:00,2025-10-23 11:41:00,0.6748000323,LOW,0.9781017473,LOW,RVMR-V1,HISTORICAL_RECONSTRUCTION
OFH14-20251024103300--1,OFH14,2025-10-24 10:33:00,2025-10-24 10:33:00,2025-10-24 10:33:00,2.9026478200,HIGH,3.6723457939,HIGH,RVMR-V1,HISTORICAL_RECONSTRUCTION
OFH14-20251027100600-+1,OFH14,2025-10-27 10:06:00,2025-10-27 10:06:00,2025-10-27 10:06:00,2.1295941283,MEDIUM,4.3163770127,HIGH,RVMR-V1,HISTORICAL_RECONSTRUCTION
OFH14-20251028120400-+1,OFH14,2025-10-28 12:04:00,2025-10-28 12:04:00,2025-10-28 12:04:00,1.5324933915,MEDIUM,3.0628226963,HIGH,RVMR-V1,HISTORICAL_RECONSTRUCTION
OFH14-20251030111900--1,OFH14,2025-10-30 11:19:00,2025-10-30 11:19:00,2025-10-30 11:19:00,1.3770541309,MEDIUM,1.2731101342,MEDIUM,RVMR-V1,HISTORICAL_RECONSTRUCTION
OFH14-20251031104400-+1,OFH14,2025-10-31 10:44:00,2025-10-31 10:44:00,2025-10-31 10:44:00,1.0085269553,LOW,1.8800188218,MEDIUM,RVMR-V1,HISTORICAL_RECONSTRUCTION
OFH14-20251031114600--1,OFH14,2025-10-31 11:46:00,2025-10-31 11:46:00,2025-10-31 11:46:00,6.0342441078,HIGH,11.4526617243,HIGH,RVMR-V1,HISTORICAL_RECONSTRUCTION
OFH14-20251103100300--1,OFH14,2025-11-03 10:03:00,2025-11-03 10:03:00,2025-11-03 10:03:00,1.9953551006,MEDIUM,3.0358993855,HIGH,RVMR-V1,HISTORICAL_RECONSTRUCTION
OFH14-20251103103300--1,OFH14,2025-11-03 10:33:00,2025-11-03 10:33:00,2025-11-03 10:33:00,2.2469600959,MEDIUM,3.6149131905,HIGH,RVMR-V1,HISTORICAL_RECONSTRUCTION
OFH14-20251104102200-+1,OFH14,2025-11-04 10:22:00,2025-11-04 10:22:00,2025-11-04 10:22:00,1.6455483481,MEDIUM,2.6378123848,HIGH,RVMR-V1,HISTORICAL_RECONSTRUCTION
OFH14-20251104105900--1,OFH14,2025-11-04 10:59:00,2025-11-04 10:59:00,2025-11-04 10:59:00,2.1154657976,MEDIUM,3.7062171629,HIGH,RVMR-V1,HISTORICAL_RECONSTRUCTION
OFH14-20251104122200--1,OFH14,2025-11-04 12:22:00,2025-11-04 12:22:00,2025-11-04 12:22:00,2.1515527107,MEDIUM,4.0585273614,HIGH,RVMR-V1,HISTORICAL_RECONSTRUCTION
OFH14-20251105100800-+1,OFH14,2025-11-05 10:08:00,2025-11-05 10:08:00,2025-11-05 10:08:00,3.0835969772,HIGH,4.0796015296,HIGH,RVMR-V1,HISTORICAL_RECONSTRUCTION
OFH14-20251106100600--1,OFH14,2025-11-06 10:06:00,2025-11-06 10:06:00,2025-11-06 10:06:00,5.1467365926,HIGH,9.1260986442,HIGH,RVMR-V1,HISTORICAL_RECONSTRUCTION
OFH14-20251106113800--1,OFH14,2025-11-06 11:38:00,2025-11-06 11:38:00,2025-11-06 11:38:00,2.6982053221,HIGH,3.8596156354,HIGH,RVMR-V1,HISTORICAL_RECONSTRUCTION
OFH14-20251106134000-+1,OFH14,2025-11-06 13:40:00,2025-11-06 13:40:00,2025-11-06 13:40:00,1.9248826291,MEDIUM,1.7085191357,MEDIUM,RVMR-V1,HISTORICAL_RECONSTRUCTION
OFH14-20251107104400--1,OFH14,2025-11-07 10:44:00,2025-11-07 10:44:00,2025-11-07 10:44:00,1.0206010206,LOW,1.7976808803,MEDIUM,RVMR-V1,HISTORICAL_RECONSTRUCTION
OFH14-20251107112700--1,OFH14,2025-11-07 11:27:00,2025-11-07 11:27:00,2025-11-07 11:27:00,1.6449227439,MEDIUM,1.9978320383,MEDIUM,RVMR-V1,HISTORICAL_RECONSTRUCTION
OFH14-20251107123100--1,OFH14,2025-11-07 12:31:00,2025-11-07 12:31:00,2025-11-07 12:31:00,1.2968811686,MEDIUM,1.9534761236,MEDIUM,RVMR-V1,HISTORICAL_RECONSTRUCTION
OFH14-20251110112400--1,OFH14,2025-11-10 11:24:00,2025-11-10 11:24:00,2025-11-10 11:24:00,2.3613130782,HIGH,3.0487435033,HIGH,RVMR-V1,HISTORICAL_RECONSTRUCTION
OFH14-20251110120600-+1,OFH14,2025-11-10 12:06:00,2025-11-10 12:06:00,2025-11-10 12:06:00,1.6609783845,MEDIUM,3.4647126005,HIGH,RVMR-V1,HISTORICAL_RECONSTRUCTION
OFH14-20251111140500--1,OFH14,2025-11-11 14:05:00,2025-11-11 14:05:00,2025-11-11 14:05:00,1.1095744260,LOW,0.9026965192,LOW,RVMR-V1,HISTORICAL_RECONSTRUCTION
OFH14-20251112103000--1,OFH14,2025-11-12 10:30:00,2025-11-12 10:30:00,2025-11-12 10:30:00,2.2327800417,MEDIUM,4.5482601093,HIGH,RVMR-V1,HISTORICAL_RECONSTRUCTION
OFH14-20251113102700-+1,OFH14,2025-11-13 10:27:00,2025-11-13 10:27:00,2025-11-13 10:27:00,3.8714910107,HIGH,5.4776240133,HIGH,RVMR-V1,HISTORICAL_RECONSTRUCTION
OFH14-20251113124900--1,OFH14,2025-11-13 12:49:00,2025-11-13 12:49:00,2025-11-13 12:49:00,2.6513911620,HIGH,3.4501364936,HIGH,RVMR-V1,HISTORICAL_RECONSTRUCTION
OFH14-20251114103000-+1,OFH14,2025-11-14 10:30:00,2025-11-14 10:30:00,2025-11-14 10:30:00,1.8879710068,MEDIUM,2.9955655882,HIGH,RVMR-V1,HISTORICAL_RECONSTRUCTION
OFH14-20251117100600--1,OFH14,2025-11-17 10:06:00,2025-11-17 10:06:00,2025-11-17 10:06:00,2.9246806636,HIGH,5.2492062945,HIGH,RVMR-V1,HISTORICAL_RECONSTRUCTION
OFH14-20251117113400-+1,OFH14,2025-11-17 11:34:00,2025-11-17 11:34:00,2025-11-17 11:34:00,1.8598818764,MEDIUM,3.1828411960,HIGH,RVMR-V1,HISTORICAL_RECONSTRUCTION
OFH14-20251117124800--1,OFH14,2025-11-17 12:48:00,2025-11-17 12:48:00,2025-11-17 12:48:00,1.2689168997,LOW,1.7051308179,MEDIUM,RVMR-V1,HISTORICAL_RECONSTRUCTION
OFH14-20251117135800--1,OFH14,2025-11-17 13:58:00,2025-11-17 13:58:00,2025-11-17 13:58:00,2.2495102245,MEDIUM,3.0165627133,HIGH,RVMR-V1,HISTORICAL_RECONSTRUCTION
OFH14-20251118110400--1,OFH14,2025-11-18 11:04:00,2025-11-18 11:04:00,2025-11-18 11:04:00,2.1918247181,MEDIUM,3.7047997918,HIGH,RVMR-V1,HISTORICAL_RECONSTRUCTION
OFH14-20251118115700-+1,OFH14,2025-11-18 11:57:00,2025-11-18 11:57:00,2025-11-18 11:57:00,1.8646161202,MEDIUM,1.8726683295,MEDIUM,RVMR-V1,HISTORICAL_RECONSTRUCTION
OFH14-20251118130400-+1,OFH14,2025-11-18 13:04:00,2025-11-18 13:04:00,2025-11-18 13:04:00,1.7860465116,MEDIUM,1.9052957555,MEDIUM,RVMR-V1,HISTORICAL_RECONSTRUCTION
OFH14-20251119101400-+1,OFH14,2025-11-19 10:14:00,2025-11-19 10:14:00,2025-11-19 10:14:00,1.1996745069,LOW,2.2864608812,MEDIUM,RVMR-V1,HISTORICAL_RECONSTRUCTION
OFH14-20251119115100--1,OFH14,2025-11-19 11:51:00,2025-11-19 11:51:00,2025-11-19 11:51:00,1.3620241192,MEDIUM,1.9949235360,MEDIUM,RVMR-V1,HISTORICAL_RECONSTRUCTION
OFH14-20251120102100-+1,OFH14,2025-11-20 10:21:00,2025-11-20 10:21:00,2025-11-20 10:21:00,2.0846732752,MEDIUM,2.6762481874,HIGH,RVMR-V1,HISTORICAL_RECONSTRUCTION
OFH14-20251120110700--1,OFH14,2025-11-20 11:07:00,2025-11-20 11:07:00,2025-11-20 11:07:00,1.6545077304,MEDIUM,3.8319520658,HIGH,RVMR-V1,HISTORICAL_RECONSTRUCTION
OFH14-20251120121600--1,OFH14,2025-11-20 12:16:00,2025-11-20 12:16:00,2025-11-20 12:16:00,3.2865457035,HIGH,3.1034277510,HIGH,RVMR-V1,HISTORICAL_RECONSTRUCTION
OFH14-20251120135900--1,OFH14,2025-11-20 13:59:00,2025-11-20 13:59:00,2025-11-20 13:59:00,2.9640849378,HIGH,2.6245538395,HIGH,RVMR-V1,HISTORICAL_RECONSTRUCTION
OFH14-20251121103300--1,OFH14,2025-11-21 10:33:00,2025-11-21 10:33:00,2025-11-21 10:33:00,1.7039781678,MEDIUM,2.4804606604,HIGH,RVMR-V1,HISTORICAL_RECONSTRUCTION
OFH14-20251121122600-+1,OFH14,2025-11-21 12:26:00,2025-11-21 12:26:00,2025-11-21 12:26:00,1.1004847373,LOW,1.6505909043,MEDIUM,RVMR-V1,HISTORICAL_RECONSTRUCTION
OFH14-20251121130700--1,OFH14,2025-11-21 13:07:00,2025-11-21 13:07:00,2025-11-21 13:07:00,1.5941559664,MEDIUM,2.3824259573,HIGH,RVMR-V1,HISTORICAL_RECONSTRUCTION
OFH14-20251121135300-+1,OFH14,2025-11-21 13:53:00,2025-11-21 13:53:00,2025-11-21 13:53:00,2.8257720880,HIGH,3.2320905039,HIGH,RVMR-V1,HISTORICAL_RECONSTRUCTION
OFH14-20251124101700-+1,OFH14,2025-11-24 10:17:00,2025-11-24 10:17:00,2025-11-24 10:17:00,1.9616979269,MEDIUM,2.8114554630,HIGH,RVMR-V1,HISTORICAL_RECONSTRUCTION
OFH14-20251124124300-+1,OFH14,2025-11-24 12:43:00,2025-11-24 12:43:00,2025-11-24 12:43:00,0.8962059207,LOW,1.7646007992,MEDIUM,RVMR-V1,HISTORICAL_RECONSTRUCTION
OFH14-20251125102400-+1,OFH14,2025-11-25 10:24:00,2025-11-25 10:24:00,2025-11-25 10:24:00,3.9287506272,HIGH,6.8207252212,HIGH,RVMR-V1,HISTORICAL_RECONSTRUCTION
OFH14-20251125121000-+1,OFH14,2025-11-25 12:10:00,2025-11-25 12:10:00,2025-11-25 12:10:00,1.1950790861,LOW,1.4971760828,MEDIUM,RVMR-V1,HISTORICAL_RECONSTRUCTION
OFH14-20251126113100-+1,OFH14,2025-11-26 11:31:00,2025-11-26 11:31:00,2025-11-26 11:31:00,2.6295978832,HIGH,3.8026420739,HIGH,RVMR-V1,HISTORICAL_RECONSTRUCTION
OFH14-20251126134000--1,OFH14,2025-11-26 13:40:00,2025-11-26 13:40:00,2025-11-26 13:40:00,1.5166183947,MEDIUM,2.1542381186,MEDIUM,RVMR-V1,HISTORICAL_RECONSTRUCTION
OFH14-20251202100400-+1,OFH14,2025-12-02 10:04:00,2025-12-02 10:04:00,2025-12-02 10:04:00,1.3413794500,MEDIUM,3.0394433657,HIGH,RVMR-V1,HISTORICAL_RECONSTRUCTION
OFH14-20251202110900--1,OFH14,2025-12-02 11:09:00,2025-12-02 11:09:00,2025-12-02 11:09:00,2.5148445686,HIGH,3.9512213388,HIGH,RVMR-V1,HISTORICAL_RECONSTRUCTION
OFH14-20251202123700-+1,OFH14,2025-12-02 12:37:00,2025-12-02 12:37:00,2025-12-02 12:37:00,2.5787859451,HIGH,3.9973722405,HIGH,RVMR-V1,HISTORICAL_RECONSTRUCTION
OFH14-20251203102600-+1,OFH14,2025-12-03 10:26:00,2025-12-03 10:26:00,2025-12-03 10:26:00,2.7733908555,HIGH,2.8927865271,HIGH,RVMR-V1,HISTORICAL_RECONSTRUCTION
OFH14-20251203120000--1,OFH14,2025-12-03 12:00:00,2025-12-03 12:00:00,2025-12-03 12:00:00,1.6288639688,MEDIUM,2.8472739509,HIGH,RVMR-V1,HISTORICAL_RECONSTRUCTION
OFH14-20251204102800--1,OFH14,2025-12-04 10:28:00,2025-12-04 10:28:00,2025-12-04 10:28:00,2.5230915659,HIGH,4.8232578572,HIGH,RVMR-V1,HISTORICAL_RECONSTRUCTION
OFH14-20251204111100--1,OFH14,2025-12-04 11:11:00,2025-12-04 11:11:00,2025-12-04 11:11:00,2.0909812819,MEDIUM,4.0141334330,HIGH,RVMR-V1,HISTORICAL_RECONSTRUCTION
OFH14-20251204121600-+1,OFH14,2025-12-04 12:16:00,2025-12-04 12:16:00,2025-12-04 12:16:00,2.8253983263,HIGH,3.1765250853,HIGH,RVMR-V1,HISTORICAL_RECONSTRUCTION
OFH14-20251204143200--1,OFH14,2025-12-04 14:32:00,2025-12-04 14:32:00,2025-12-04 14:32:00,1.7594633445,MEDIUM,2.5873442099,HIGH,RVMR-V1,HISTORICAL_RECONSTRUCTION
OFH14-20251205100500-+1,OFH14,2025-12-05 10:05:00,2025-12-05 10:05:00,2025-12-05 10:05:00,2.0937723694,MEDIUM,3.2335644191,HIGH,RVMR-V1,HISTORICAL_RECONSTRUCTION
OFH14-20251205114600--1,OFH14,2025-12-05 11:46:00,2025-12-05 11:46:00,2025-12-05 11:46:00,2.7829928216,HIGH,3.8360917925,HIGH,RVMR-V1,HISTORICAL_RECONSTRUCTION
OFH14-20251208105400--1,OFH14,2025-12-08 10:54:00,2025-12-08 10:54:00,2025-12-08 10:54:00,1.8498189887,MEDIUM,2.6535091620,HIGH,RVMR-V1,HISTORICAL_RECONSTRUCTION
OFH14-20251208120600--1,OFH14,2025-12-08 12:06:00,2025-12-08 12:06:00,2025-12-08 12:06:00,2.8835701345,HIGH,3.3130607925,HIGH,RVMR-V1,HISTORICAL_RECONSTRUCTION
OFH14-20251208142600--1,OFH14,2025-12-08 14:26:00,2025-12-08 14:26:00,2025-12-08 14:26:00,1.1007274072,LOW,1.1257402966,LOW,RVMR-V1,HISTORICAL_RECONSTRUCTION
OFH14-20251209120800-+1,OFH14,2025-12-09 12:08:00,2025-12-09 12:08:00,2025-12-09 12:08:00,1.2794313638,MEDIUM,1.6748641294,MEDIUM,RVMR-V1,HISTORICAL_RECONSTRUCTION
OFH14-20251210104000--1,OFH14,2025-12-10 10:40:00,2025-12-10 10:40:00,2025-12-10 10:40:00,2.5326440335,HIGH,4.2425747686,HIGH,RVMR-V1,HISTORICAL_RECONSTRUCTION
OFH14-20251211104600--1,OFH14,2025-12-11 10:46:00,2025-12-11 10:46:00,2025-12-11 10:46:00,2.3044380714,MEDIUM,3.3748279669,HIGH,RVMR-V1,HISTORICAL_RECONSTRUCTION
OFH14-20251211113200--1,OFH14,2025-12-11 11:32:00,2025-12-11 11:32:00,2025-12-11 11:32:00,2.7333908542,HIGH,2.9357066797,HIGH,RVMR-V1,HISTORICAL_RECONSTRUCTION
OFH14-20251212101200--1,OFH14,2025-12-12 10:12:00,2025-12-12 10:12:00,2025-12-12 10:12:00,2.5242646787,HIGH,5.5794997620,HIGH,RVMR-V1,HISTORICAL_RECONSTRUCTION
OFH14-20251217134300--1,OFH14,2025-12-17 13:43:00,2025-12-17 13:43:00,2025-12-17 13:43:00,1.3375993395,MEDIUM,2.3607620658,HIGH,RVMR-V1,HISTORICAL_RECONSTRUCTION
OFH14-20251218104000-+1,OFH14,2025-12-18 10:40:00,2025-12-18 10:40:00,2025-12-18 10:40:00,1.5585081386,MEDIUM,3.2688405878,HIGH,RVMR-V1,HISTORICAL_RECONSTRUCTION
OFH14-20251218112000-+1,OFH14,2025-12-18 11:20:00,2025-12-18 11:20:00,2025-12-18 11:20:00,0.8483438149,LOW,1.4830419212,MEDIUM,RVMR-V1,HISTORICAL_RECONSTRUCTION
OFH14-20251219113300-+1,OFH14,2025-12-19 11:33:00,2025-12-19 11:33:00,2025-12-19 11:33:00,0.6937683784,LOW,0.7993800267,LOW,RVMR-V1,HISTORICAL_RECONSTRUCTION
OFH14-20251223101100--1,OFH14,2025-12-23 10:11:00,2025-12-23 10:11:00,2025-12-23 10:11:00,2.9202827234,HIGH,7.4175476364,HIGH,RVMR-V1,HISTORICAL_RECONSTRUCTION
OFH14-20251226100400--1,OFH14,2025-12-26 10:04:00,2025-12-26 10:04:00,2025-12-26 10:04:00,4.1756671570,HIGH,9.8610438085,HIGH,RVMR-V1,HISTORICAL_RECONSTRUCTION
OFH14-20251226105200-+1,OFH14,2025-12-26 10:52:00,2025-12-26 10:52:00,2025-12-26 10:52:00,1.2936994649,MEDIUM,2.9976225290,HIGH,RVMR-V1,HISTORICAL_RECONSTRUCTION
OFH14-20251230112600-+1,OFH14,2025-12-30 11:26:00,2025-12-30 11:26:00,2025-12-30 11:26:00,1.6528925620,MEDIUM,3.2181653345,HIGH,RVMR-V1,HISTORICAL_RECONSTRUCTION
OFH14-20260105132200--1,OFH14,2026-01-05 13:22:00,2026-01-05 13:22:00,2026-01-05 13:22:00,1.9199606162,MEDIUM,2.5870068634,HIGH,RVMR-V1,HISTORICAL_RECONSTRUCTION
OFH14-20260106101600-+1,OFH14,2026-01-06 10:16:00,2026-01-06 10:16:00,2026-01-06 10:16:00,1.3687528140,MEDIUM,2.7535679420,HIGH,RVMR-V1,HISTORICAL_RECONSTRUCTION
OFH14-20260107102000--1,OFH14,2026-01-07 10:20:00,2026-01-07 10:20:00,2026-01-07 10:20:00,2.2099070680,MEDIUM,3.2769221703,HIGH,RVMR-V1,HISTORICAL_RECONSTRUCTION
OFH14-20260108103900--1,OFH14,2026-01-08 10:39:00,2026-01-08 10:39:00,2026-01-08 10:39:00,2.5525449481,HIGH,3.6686474265,HIGH,RVMR-V1,HISTORICAL_RECONSTRUCTION
OFH14-20260108113300--1,OFH14,2026-01-08 11:33:00,2026-01-08 11:33:00,2026-01-08 11:33:00,2.2104105572,MEDIUM,2.5558131466,HIGH,RVMR-V1,HISTORICAL_RECONSTRUCTION
OFH14-20260109120600-+1,OFH14,2026-01-09 12:06:00,2026-01-09 12:06:00,2026-01-09 12:06:00,0.9189534142,LOW,1.4820192040,MEDIUM,RVMR-V1,HISTORICAL_RECONSTRUCTION
OFH14-20260109134000-+1,OFH14,2026-01-09 13:40:00,2026-01-09 13:40:00,2026-01-09 13:40:00,0.6742625254,LOW,1.2208078415,LOW,RVMR-V1,HISTORICAL_RECONSTRUCTION
OFH14-20260112112000-+1,OFH14,2026-01-12 11:20:00,2026-01-12 11:20:00,2026-01-12 11:20:00,1.0194799622,LOW,1.9940407191,MEDIUM,RVMR-V1,HISTORICAL_RECONSTRUCTION
OFH14-20260112132600-+1,OFH14,2026-01-12 13:26:00,2026-01-12 13:26:00,2026-01-12 13:26:00,0.6314477602,LOW,0.9364444426,LOW,RVMR-V1,HISTORICAL_RECONSTRUCTION
OFH14-20260113100500--1,OFH14,2026-01-13 10:05:00,2026-01-13 10:05:00,2026-01-13 10:05:00,4.0259963213,HIGH,7.8406033405,HIGH,RVMR-V1,HISTORICAL_RECONSTRUCTION
OFH14-20260113114500-+1,OFH14,2026-01-13 11:45:00,2026-01-13 11:45:00,2026-01-13 11:45:00,1.8296437473,MEDIUM,2.7861536692,HIGH,RVMR-V1,HISTORICAL_RECONSTRUCTION
OFH14-20260113122100--1,OFH14,2026-01-13 12:21:00,2026-01-13 12:21:00,2026-01-13 12:21:00,1.0239058477,LOW,1.8028649932,MEDIUM,RVMR-V1,HISTORICAL_RECONSTRUCTION
OFH14-20260113135300--1,OFH14,2026-01-13 13:53:00,2026-01-13 13:53:00,2026-01-13 13:53:00,1.9943661972,MEDIUM,2.4273027839,HIGH,RVMR-V1,HISTORICAL_RECONSTRUCTION
OFH14-20260114105100--1,OFH14,2026-01-14 10:51:00,2026-01-14 10:51:00,2026-01-14 10:51:00,2.0267607484,MEDIUM,4.6132614118,HIGH,RVMR-V1,HISTORICAL_RECONSTRUCTION
OFH14-20260115102800--1,OFH14,2026-01-15 10:28:00,2026-01-15 10:28:00,2026-01-15 10:28:00,1.6192844359,MEDIUM,2.1714979504,MEDIUM,RVMR-V1,HISTORICAL_RECONSTRUCTION
OFH14-20260116114100-+1,OFH14,2026-01-16 11:41:00,2026-01-16 11:41:00,2026-01-16 11:41:00,1.0739711167,LOW,1.2675039609,LOW,RVMR-V1,HISTORICAL_RECONSTRUCTION
OFH14-20260116122700--1,OFH14,2026-01-16 12:27:00,2026-01-16 12:27:00,2026-01-16 12:27:00,0.9049015501,LOW,1.0917482207,LOW,RVMR-V1,HISTORICAL_RECONSTRUCTION
OFH14-20260116142100--1,OFH14,2026-01-16 14:21:00,2026-01-16 14:21:00,2026-01-16 14:21:00,1.7371147432,MEDIUM,2.0455007568,MEDIUM,RVMR-V1,HISTORICAL_RECONSTRUCTION
OFH14-20260119101000-+1,OFH14,2026-01-19 10:10:00,2026-01-19 10:10:00,2026-01-19 10:10:00,0.7926896400,LOW,1.2411702648,LOW,RVMR-V1,HISTORICAL_RECONSTRUCTION
OFH14-20260120101100--1,OFH14,2026-01-20 10:11:00,2026-01-20 10:11:00,2026-01-20 10:11:00,1.7898846309,MEDIUM,6.3670451663,HIGH,RVMR-V1,HISTORICAL_RECONSTRUCTION
OFH14-20260120115100--1,OFH14,2026-01-20 11:51:00,2026-01-20 11:51:00,2026-01-20 11:51:00,2.7097272259,HIGH,5.6697474908,HIGH,RVMR-V1,HISTORICAL_RECONSTRUCTION
OFH14-20260121103800-+1,OFH14,2026-01-21 10:38:00,2026-01-21 10:38:00,2026-01-21 10:38:00,1.5597437564,MEDIUM,2.8793131616,HIGH,RVMR-V1,HISTORICAL_RECONSTRUCTION
OFH14-20260121121700--1,OFH14,2026-01-21 12:17:00,2026-01-21 12:17:00,2026-01-21 12:17:00,2.8691349153,HIGH,3.8827113018,HIGH,RVMR-V1,HISTORICAL_RECONSTRUCTION
OFH14-20260121140100-+1,OFH14,2026-01-21 14:01:00,2026-01-21 14:01:00,2026-01-21 14:01:00,1.1546603374,LOW,1.7553426161,MEDIUM,RVMR-V1,HISTORICAL_RECONSTRUCTION
OFH14-20260122102000--1,OFH14,2026-01-22 10:20:00,2026-01-22 10:20:00,2026-01-22 10:20:00,1.4226869937,MEDIUM,1.8233920090,MEDIUM,RVMR-V1,HISTORICAL_RECONSTRUCTION
OFH14-20260122112000--1,OFH14,2026-01-22 11:20:00,2026-01-22 11:20:00,2026-01-22 11:20:00,0.8640591198,LOW,1.1025621303,LOW,RVMR-V1,HISTORICAL_RECONSTRUCTION
OFH14-20260123105200-+1,OFH14,2026-01-23 10:52:00,2026-01-23 10:52:00,2026-01-23 10:52:00,1.3037442408,MEDIUM,2.4522177709,HIGH,RVMR-V1,HISTORICAL_RECONSTRUCTION
OFH14-20260123124600--1,OFH14,2026-01-23 12:46:00,2026-01-23 12:46:00,2026-01-23 12:46:00,2.2696002215,MEDIUM,4.4565784557,HIGH,RVMR-V1,HISTORICAL_RECONSTRUCTION
OFH14-20260126102600-+1,OFH14,2026-01-26 10:26:00,2026-01-26 10:26:00,2026-01-26 10:26:00,1.5975487347,MEDIUM,2.8873636275,HIGH,RVMR-V1,HISTORICAL_RECONSTRUCTION
OFH14-20260126115400-+1,OFH14,2026-01-26 11:54:00,2026-01-26 11:54:00,2026-01-26 11:54:00,0.5570599613,LOW,0.7992208932,LOW,RVMR-V1,HISTORICAL_RECONSTRUCTION
OFH14-20260126133600-+1,OFH14,2026-01-26 13:36:00,2026-01-26 13:36:00,2026-01-26 13:36:00,0.9551424186,LOW,1.2838667798,MEDIUM,RVMR-V1,HISTORICAL_RECONSTRUCTION
OFH14-20260127101200-+1,OFH14,2026-01-27 10:12:00,2026-01-27 10:12:00,2026-01-27 10:12:00,1.9568285162,MEDIUM,4.0068159805,HIGH,RVMR-V1,HISTORICAL_RECONSTRUCTION
OFH14-20260128115700--1,OFH14,2026-01-28 11:57:00,2026-01-28 11:57:00,2026-01-28 11:57:00,1.3456244475,MEDIUM,1.9427814487,MEDIUM,RVMR-V1,HISTORICAL_RECONSTRUCTION
OFH14-20260129100600--1,OFH14,2026-01-29 10:06:00,2026-01-29 10:06:00,2026-01-29 10:06:00,3.3260740447,HIGH,9.8972597000,HIGH,RVMR-V1,HISTORICAL_RECONSTRUCTION
OFH14-20260129121700-+1,OFH14,2026-01-29 12:17:00,2026-01-29 12:17:00,2026-01-29 12:17:00,1.8337628094,MEDIUM,2.6184813160,HIGH,RVMR-V1,HISTORICAL_RECONSTRUCTION
OFH14-20260130103200--1,OFH14,2026-01-30 10:32:00,2026-01-30 10:32:00,2026-01-30 10:32:00,2.1643366304,MEDIUM,3.8036823758,HIGH,RVMR-V1,HISTORICAL_RECONSTRUCTION
OFH14-20260130112400--1,OFH14,2026-01-30 11:24:00,2026-01-30 11:24:00,2026-01-30 11:24:00,1.4078806757,MEDIUM,2.4506154760,HIGH,RVMR-V1,HISTORICAL_RECONSTRUCTION
OFH14-20260130132400--1,OFH14,2026-01-30 13:24:00,2026-01-30 13:24:00,2026-01-30 13:24:00,2.7653139841,HIGH,3.9551071815,HIGH,RVMR-V1,HISTORICAL_RECONSTRUCTION
OFH14-20260202102200-+1,OFH14,2026-02-02 10:22:00,2026-02-02 10:22:00,2026-02-02 10:22:00,0.7137582569,LOW,1.9718843390,MEDIUM,RVMR-V1,HISTORICAL_RECONSTRUCTION
OFH14-20260202112100-+1,OFH14,2026-02-02 11:21:00,2026-02-02 11:21:00,2026-02-02 11:21:00,0.4400282394,LOW,0.9317919584,LOW,RVMR-V1,HISTORICAL_RECONSTRUCTION
OFH14-20260202120400-+1,OFH14,2026-02-02 12:04:00,2026-02-02 12:04:00,2026-02-02 12:04:00,0.5919899604,LOW,1.1592670170,LOW,RVMR-V1,HISTORICAL_RECONSTRUCTION
OFH14-20260203100900--1,OFH14,2026-02-03 10:09:00,2026-02-03 10:09:00,2026-02-03 10:09:00,4.2527271720,HIGH,7.5110346969,HIGH,RVMR-V1,HISTORICAL_RECONSTRUCTION
OFH14-20260203111700--1,OFH14,2026-02-03 11:17:00,2026-02-03 11:17:00,2026-02-03 11:17:00,2.6777880084,HIGH,3.1791581149,HIGH,RVMR-V1,HISTORICAL_RECONSTRUCTION
OFH14-20260203121100--1,OFH14,2026-02-03 12:11:00,2026-02-03 12:11:00,2026-02-03 12:11:00,1.2885444816,MEDIUM,1.9445849826,MEDIUM,RVMR-V1,HISTORICAL_RECONSTRUCTION
OFH14-20260203124300--1,OFH14,2026-02-03 12:43:00,2026-02-03 12:43:00,2026-02-03 12:43:00,1.9168053245,MEDIUM,2.5791855813,HIGH,RVMR-V1,HISTORICAL_RECONSTRUCTION
OFH14-20260204100400--1,OFH14,2026-02-04 10:04:00,2026-02-04 10:04:00,2026-02-04 10:04:00,3.2417582418,HIGH,5.6990111453,HIGH,RVMR-V1,HISTORICAL_RECONSTRUCTION
OFH14-20260204110500--1,OFH14,2026-02-04 11:05:00,2026-02-04 11:05:00,2026-02-04 11:05:00,1.4635031639,MEDIUM,3.3853398275,HIGH,RVMR-V1,HISTORICAL_RECONSTRUCTION
OFH14-20260204115100--1,OFH14,2026-02-04 11:51:00,2026-02-04 11:51:00,2026-02-04 11:51:00,1.9717586650,MEDIUM,3.5544111248,HIGH,RVMR-V1,HISTORICAL_RECONSTRUCTION
OFH14-20260205100300--1,OFH14,2026-02-05 10:03:00,2026-02-05 10:03:00,2026-02-05 10:03:00,2.4905348661,HIGH,4.2782515662,HIGH,RVMR-V1,HISTORICAL_RECONSTRUCTION
OFH14-20260205104100-+1,OFH14,2026-02-05 10:41:00,2026-02-05 10:41:00,2026-02-05 10:41:00,2.2560836934,MEDIUM,2.7376711305,HIGH,RVMR-V1,HISTORICAL_RECONSTRUCTION
OFH14-20260206101700--1,OFH14,2026-02-06 10:17:00,2026-02-06 10:17:00,2026-02-06 10:17:00,3.5801900324,HIGH,6.2700153550,HIGH,RVMR-V1,HISTORICAL_RECONSTRUCTION
OFH14-20260206111000-+1,OFH14,2026-02-06 11:10:00,2026-02-06 11:10:00,2026-02-06 11:10:00,0.6674570137,LOW,1.7886803614,MEDIUM,RVMR-V1,HISTORICAL_RECONSTRUCTION
OFH14-20260210101300-+1,OFH14,2026-02-10 10:13:00,2026-02-10 10:13:00,2026-02-10 10:13:00,1.6337883834,MEDIUM,3.4275847893,HIGH,RVMR-V1,HISTORICAL_RECONSTRUCTION
OFH14-20260210115700--1,OFH14,2026-02-10 11:57:00,2026-02-10 11:57:00,2026-02-10 11:57:00,1.4004309605,MEDIUM,2.2621080664,MEDIUM,RVMR-V1,HISTORICAL_RECONSTRUCTION
OFH14-20260211100500--1,OFH14,2026-02-11 10:05:00,2026-02-11 10:05:00,2026-02-11 10:05:00,2.6941066417,HIGH,3.9843776032,HIGH,RVMR-V1,HISTORICAL_RECONSTRUCTION
OFH14-20260212105200--1,OFH14,2026-02-12 10:52:00,2026-02-12 10:52:00,2026-02-12 10:52:00,3.6027311026,HIGH,3.4053733003,HIGH,RVMR-V1,HISTORICAL_RECONSTRUCTION
OFH14-20260212132000--1,OFH14,2026-02-12 13:20:00,2026-02-12 13:20:00,2026-02-12 13:20:00,1.7552698727,MEDIUM,2.0993618073,MEDIUM,RVMR-V1,HISTORICAL_RECONSTRUCTION
OFH14-20260217133900-+1,OFH14,2026-02-17 13:39:00,2026-02-17 13:39:00,2026-02-17 13:39:00,1.5965318783,MEDIUM,1.7895410021,MEDIUM,RVMR-V1,HISTORICAL_RECONSTRUCTION
OFH14-20260218100900-+1,OFH14,2026-02-18 10:09:00,2026-02-18 10:09:00,2026-02-18 10:09:00,1.3819209341,MEDIUM,2.9632035173,HIGH,RVMR-V1,HISTORICAL_RECONSTRUCTION
OFH14-20260218122200-+1,OFH14,2026-02-18 12:22:00,2026-02-18 12:22:00,2026-02-18 12:22:00,0.5974185618,LOW,1.0024896889,LOW,RVMR-V1,HISTORICAL_RECONSTRUCTION
OFH14-20260219101200-+1,OFH14,2026-02-19 10:12:00,2026-02-19 10:12:00,2026-02-19 10:12:00,2.4830413352,HIGH,3.9763556213,HIGH,RVMR-V1,HISTORICAL_RECONSTRUCTION
OFH14-20260219105300--1,OFH14,2026-02-19 10:53:00,2026-02-19 10:53:00,2026-02-19 10:53:00,2.1035009109,MEDIUM,3.3891888565,HIGH,RVMR-V1,HISTORICAL_RECONSTRUCTION
OFH14-20260219125500--1,OFH14,2026-02-19 12:55:00,2026-02-19 12:55:00,2026-02-19 12:55:00,1.8021082356,MEDIUM,2.7603465896,HIGH,RVMR-V1,HISTORICAL_RECONSTRUCTION
OFH14-20260220100400-+1,OFH14,2026-02-20 10:04:00,2026-02-20 10:04:00,2026-02-20 10:04:00,5.7350882106,HIGH,7.1607227452,HIGH,RVMR-V1,HISTORICAL_RECONSTRUCTION
OFH14-20260220134900-+1,OFH14,2026-02-20 13:49:00,2026-02-20 13:49:00,2026-02-20 13:49:00,3.1925462352,HIGH,2.5537956318,HIGH,RVMR-V1,HISTORICAL_RECONSTRUCTION
OFH14-20260223104600--1,OFH14,2026-02-23 10:46:00,2026-02-23 10:46:00,2026-02-23 10:46:00,1.3208107794,MEDIUM,2.2458607737,MEDIUM,RVMR-V1,HISTORICAL_RECONSTRUCTION
OFH14-20260224121600-+1,OFH14,2026-02-24 12:16:00,2026-02-24 12:16:00,2026-02-24 12:16:00,1.2678463530,LOW,1.9552786444,MEDIUM,RVMR-V1,HISTORICAL_RECONSTRUCTION
OFH14-20260225103700--1,OFH14,2026-02-25 10:37:00,2026-02-25 10:37:00,2026-02-25 10:37:00,1.2188256599,LOW,3.0823941445,HIGH,RVMR-V1,HISTORICAL_RECONSTRUCTION
OFH14-20260226114900--1,OFH14,2026-02-26 11:49:00,2026-02-26 11:49:00,2026-02-26 11:49:00,2.7302580141,HIGH,3.1635088524,HIGH,RVMR-V1,HISTORICAL_RECONSTRUCTION
OFH14-20260302105900-+1,OFH14,2026-03-02 10:59:00,2026-03-02 10:59:00,2026-03-02 10:59:00,1.0327281006,LOW,1.5412794012,MEDIUM,RVMR-V1,HISTORICAL_RECONSTRUCTION
OFH14-20260302113100--1,OFH14,2026-03-02 11:31:00,2026-03-02 11:31:00,2026-03-02 11:31:00,2.0234036672,MEDIUM,3.7494070565,HIGH,RVMR-V1,HISTORICAL_RECONSTRUCTION
OFH14-20260303104600--1,OFH14,2026-03-03 10:46:00,2026-03-03 10:46:00,2026-03-03 10:46:00,1.8497208009,MEDIUM,3.6558997095,HIGH,RVMR-V1,HISTORICAL_RECONSTRUCTION
OFH14-20260304100300-+1,OFH14,2026-03-04 10:03:00,2026-03-04 10:03:00,2026-03-04 10:03:00,1.7124223083,MEDIUM,3.4913579605,HIGH,RVMR-V1,HISTORICAL_RECONSTRUCTION
OFH14-20260304135500-+1,OFH14,2026-03-04 13:55:00,2026-03-04 13:55:00,2026-03-04 13:55:00,0.6073963156,LOW,1.1734759912,LOW,RVMR-V1,HISTORICAL_RECONSTRUCTION
OFH14-20260305101600-+1,OFH14,2026-03-05 10:16:00,2026-03-05 10:16:00,2026-03-05 10:16:00,1.5555499072,MEDIUM,2.7760816476,HIGH,RVMR-V1,HISTORICAL_RECONSTRUCTION
OFH14-20260305132300--1,OFH14,2026-03-05 13:23:00,2026-03-05 13:23:00,2026-03-05 13:23:00,2.6822919879,HIGH,2.4323194036,HIGH,RVMR-V1,HISTORICAL_RECONSTRUCTION
OFH14-20260306105300--1,OFH14,2026-03-06 10:53:00,2026-03-06 10:53:00,2026-03-06 10:53:00,1.2913771966,MEDIUM,2.4719437637,HIGH,RVMR-V1,HISTORICAL_RECONSTRUCTION
OFH14-20260306131600-+1,OFH14,2026-03-06 13:16:00,2026-03-06 13:16:00,2026-03-06 13:16:00,1.4609682143,MEDIUM,2.0882822909,MEDIUM,RVMR-V1,HISTORICAL_RECONSTRUCTION
OFH14-20260309102500-+1,OFH14,2026-03-09 10:25:00,2026-03-09 10:25:00,2026-03-09 10:25:00,1.4644776987,MEDIUM,2.7658632437,HIGH,RVMR-V1,HISTORICAL_RECONSTRUCTION
OFH14-20260310101300--1,OFH14,2026-03-10 10:13:00,2026-03-10 10:13:00,2026-03-10 10:13:00,2.0920557353,MEDIUM,3.5596508763,HIGH,RVMR-V1,HISTORICAL_RECONSTRUCTION
OFH14-20260310110600-+1,OFH14,2026-03-10 11:06:00,2026-03-10 11:06:00,2026-03-10 11:06:00,1.3704496788,MEDIUM,2.9343497894,HIGH,RVMR-V1,HISTORICAL_RECONSTRUCTION
OFH14-20260310141700--1,OFH14,2026-03-10 14:17:00,2026-03-10 14:17:00,2026-03-10 14:17:00,3.3289074355,HIGH,5.8236122130,HIGH,RVMR-V1,HISTORICAL_RECONSTRUCTION
OFH14-20260311100300-+1,OFH14,2026-03-11 10:03:00,2026-03-11 10:03:00,2026-03-11 10:03:00,2.1907775160,MEDIUM,5.0631180277,HIGH,RVMR-V1,HISTORICAL_RECONSTRUCTION
OFH14-20260311103700--1,OFH14,2026-03-11 10:37:00,2026-03-11 10:37:00,2026-03-11 10:37:00,2.1740166865,MEDIUM,3.0590205165,HIGH,RVMR-V1,HISTORICAL_RECONSTRUCTION
OFH14-20260311111500--1,OFH14,2026-03-11 11:15:00,2026-03-11 11:15:00,2026-03-11 11:15:00,1.9721747620,MEDIUM,2.7855139228,HIGH,RVMR-V1,HISTORICAL_RECONSTRUCTION
OFH14-20260312103200--1,OFH14,2026-03-12 10:32:00,2026-03-12 10:32:00,2026-03-12 10:32:00,1.1519205572,LOW,2.5409752223,HIGH,RVMR-V1,HISTORICAL_RECONSTRUCTION
OFH14-20260313100500--1,OFH14,2026-03-13 10:05:00,2026-03-13 10:05:00,2026-03-13 10:05:00,1.9496396193,MEDIUM,3.5387329100,HIGH,RVMR-V1,HISTORICAL_RECONSTRUCTION
OFH14-20260313104900--1,OFH14,2026-03-13 10:49:00,2026-03-13 10:49:00,2026-03-13 10:49:00,2.1382110616,MEDIUM,4.3422818843,HIGH,RVMR-V1,HISTORICAL_RECONSTRUCTION
OFH14-20260317102300--1,OFH14,2026-03-17 10:23:00,2026-03-17 10:23:00,2026-03-17 10:23:00,1.3834751578,MEDIUM,2.7872253643,HIGH,RVMR-V1,HISTORICAL_RECONSTRUCTION
OFH14-20260317111100--1,OFH14,2026-03-17 11:11:00,2026-03-17 11:11:00,2026-03-17 11:11:00,2.2174392357,MEDIUM,6.0007406699,HIGH,RVMR-V1,HISTORICAL_RECONSTRUCTION
OFH14-20260318103400--1,OFH14,2026-03-18 10:34:00,2026-03-18 10:34:00,2026-03-18 10:34:00,3.0041330447,HIGH,4.8558210478,HIGH,RVMR-V1,HISTORICAL_RECONSTRUCTION
OFH14-20260319100300-+1,OFH14,2026-03-19 10:03:00,2026-03-19 10:03:00,2026-03-19 10:03:00,1.9219732258,MEDIUM,3.0663065880,HIGH,RVMR-V1,HISTORICAL_RECONSTRUCTION
OFH14-20260320133900--1,OFH14,2026-03-20 13:39:00,2026-03-20 13:39:00,2026-03-20 13:39:00,0.8383349736,LOW,1.2847433519,MEDIUM,RVMR-V1,HISTORICAL_RECONSTRUCTION
OFH14-20260320142500--1,OFH14,2026-03-20 14:25:00,2026-03-20 14:25:00,2026-03-20 14:25:00,1.6797200467,MEDIUM,2.1385185972,MEDIUM,RVMR-V1,HISTORICAL_RECONSTRUCTION
OFH14-20260323114800--1,OFH14,2026-03-23 11:48:00,2026-03-23 11:48:00,2026-03-23 11:48:00,1.4707823022,MEDIUM,2.6305585525,HIGH,RVMR-V1,HISTORICAL_RECONSTRUCTION
OFH14-20260323133900-+1,OFH14,2026-03-23 13:39:00,2026-03-23 13:39:00,2026-03-23 13:39:00,1.0000178066,LOW,1.8122109658,MEDIUM,RVMR-V1,HISTORICAL_RECONSTRUCTION
OFH14-20260324101200-+1,OFH14,2026-03-24 10:12:00,2026-03-24 10:12:00,2026-03-24 10:12:00,1.7026716094,MEDIUM,3.4395223057,HIGH,RVMR-V1,HISTORICAL_RECONSTRUCTION
OFH14-20260324105400-+1,OFH14,2026-03-24 10:54:00,2026-03-24 10:54:00,2026-03-24 10:54:00,3.0519251148,HIGH,5.9602352627,HIGH,RVMR-V1,HISTORICAL_RECONSTRUCTION
OFH14-20260324124300--1,OFH14,2026-03-24 12:43:00,2026-03-24 12:43:00,2026-03-24 12:43:00,0.7967280341,LOW,1.5525165267,MEDIUM,RVMR-V1,HISTORICAL_RECONSTRUCTION
OFH14-20260324142200-+1,OFH14,2026-03-24 14:22:00,2026-03-24 14:22:00,2026-03-24 14:22:00,0.9100383618,LOW,0.9895919217,LOW,RVMR-V1,HISTORICAL_RECONSTRUCTION
OFH14-20260325100200--1,OFH14,2026-03-25 10:02:00,2026-03-25 10:02:00,2026-03-25 10:02:00,2.8744192562,HIGH,4.8494550940,HIGH,RVMR-V1,HISTORICAL_RECONSTRUCTION
OFH14-20260325112500--1,OFH14,2026-03-25 11:25:00,2026-03-25 11:25:00,2026-03-25 11:25:00,2.7565215324,HIGH,5.8126969264,HIGH,RVMR-V1,HISTORICAL_RECONSTRUCTION
OFH14-20260326112100--1,OFH14,2026-03-26 11:21:00,2026-03-26 11:21:00,2026-03-26 11:21:00,1.4031620553,MEDIUM,2.1330804870,MEDIUM,RVMR-V1,HISTORICAL_RECONSTRUCTION
OFH14-20260326125300--1,OFH14,2026-03-26 12:53:00,2026-03-26 12:53:00,2026-03-26 12:53:00,1.0009930487,LOW,1.8808258415,MEDIUM,RVMR-V1,HISTORICAL_RECONSTRUCTION
OFH14-20260327113000-+1,OFH14,2026-03-27 11:30:00,2026-03-27 11:30:00,2026-03-27 11:30:00,1.7077706800,MEDIUM,2.0466897005,MEDIUM,RVMR-V1,HISTORICAL_RECONSTRUCTION
OFH14-20260327133300--1,OFH14,2026-03-27 13:33:00,2026-03-27 13:33:00,2026-03-27 13:33:00,0.8159091223,LOW,1.2293943246,LOW,RVMR-V1,HISTORICAL_RECONSTRUCTION
OFH14-20260330131900--1,OFH14,2026-03-30 13:19:00,2026-03-30 13:19:00,2026-03-30 13:19:00,1.0098443950,LOW,1.7674311014,MEDIUM,RVMR-V1,HISTORICAL_RECONSTRUCTION
OFH14-20260331102000-+1,OFH14,2026-03-31 10:20:00,2026-03-31 10:20:00,2026-03-31 10:20:00,1.3139464609,MEDIUM,2.4969349621,HIGH,RVMR-V1,HISTORICAL_RECONSTRUCTION
OFH14-20260401120100-+1,OFH14,2026-04-01 12:01:00,2026-04-01 12:01:00,2026-04-01 12:01:00,0.6268110985,LOW,1.4449878595,MEDIUM,RVMR-V1,HISTORICAL_RECONSTRUCTION
OFH14-20260402100900-+1,OFH14,2026-04-02 10:09:00,2026-04-02 10:09:00,2026-04-02 10:09:00,2.3545545651,HIGH,3.3572559629,HIGH,RVMR-V1,HISTORICAL_RECONSTRUCTION
OFH14-20260406104200--1,OFH14,2026-04-06 10:42:00,2026-04-06 10:42:00,2026-04-06 10:42:00,3.1178158390,HIGH,9.5951704735,HIGH,RVMR-V1,HISTORICAL_RECONSTRUCTION
OFH14-20260406130500--1,OFH14,2026-04-06 13:05:00,2026-04-06 13:05:00,2026-04-06 13:05:00,1.3797068123,MEDIUM,3.0353897880,HIGH,RVMR-V1,HISTORICAL_RECONSTRUCTION
OFH14-20260407101200--1,OFH14,2026-04-07 10:12:00,2026-04-07 10:12:00,2026-04-07 10:12:00,2.3312352588,MEDIUM,4.8274920068,HIGH,RVMR-V1,HISTORICAL_RECONSTRUCTION
OFH14-20260407110800--1,OFH14,2026-04-07 11:08:00,2026-04-07 11:08:00,2026-04-07 11:08:00,1.0962302986,LOW,2.6120513465,HIGH,RVMR-V1,HISTORICAL_RECONSTRUCTION
OFH14-20260407120500-+1,OFH14,2026-04-07 12:05:00,2026-04-07 12:05:00,2026-04-07 12:05:00,2.2302107163,MEDIUM,4.7478708067,HIGH,RVMR-V1,HISTORICAL_RECONSTRUCTION
OFH14-20260407134200-+1,OFH14,2026-04-07 13:42:00,2026-04-07 13:42:00,2026-04-07 13:42:00,1.0698965430,LOW,1.4088319960,MEDIUM,RVMR-V1,HISTORICAL_RECONSTRUCTION
OFH14-20260408105800--1,OFH14,2026-04-08 10:58:00,2026-04-08 10:58:00,2026-04-08 10:58:00,2.6091052943,HIGH,4.6462505091,HIGH,RVMR-V1,HISTORICAL_RECONSTRUCTION
OFH14-20260408133600--1,OFH14,2026-04-08 13:36:00,2026-04-08 13:36:00,2026-04-08 13:36:00,0.8110975754,LOW,0.9341868736,LOW,RVMR-V1,HISTORICAL_RECONSTRUCTION
OFH14-20260409111800-+1,OFH14,2026-04-09 11:18:00,2026-04-09 11:18:00,2026-04-09 11:18:00,1.4480324821,MEDIUM,2.6168793307,HIGH,RVMR-V1,HISTORICAL_RECONSTRUCTION
OFH14-20260409121400-+1,OFH14,2026-04-09 12:14:00,2026-04-09 12:14:00,2026-04-09 12:14:00,2.3218227537,MEDIUM,2.1068271053,MEDIUM,RVMR-V1,HISTORICAL_RECONSTRUCTION
OFH14-20260409140600--1,OFH14,2026-04-09 14:06:00,2026-04-09 14:06:00,2026-04-09 14:06:00,2.4292149909,HIGH,3.9242941771,HIGH,RVMR-V1,HISTORICAL_RECONSTRUCTION
OFH14-20260410114300--1,OFH14,2026-04-10 11:43:00,2026-04-10 11:43:00,2026-04-10 11:43:00,2.1772539923,MEDIUM,3.4285514740,HIGH,RVMR-V1,HISTORICAL_RECONSTRUCTION
OFH14-20260410121600-+1,OFH14,2026-04-10 12:16:00,2026-04-10 12:16:00,2026-04-10 12:16:00,0.8077282643,LOW,1.8663233176,MEDIUM,RVMR-V1,HISTORICAL_RECONSTRUCTION
OFH14-20260413100300-+1,OFH14,2026-04-13 10:03:00,2026-04-13 10:03:00,2026-04-13 10:03:00,2.0229183809,MEDIUM,4.3934672420,HIGH,RVMR-V1,HISTORICAL_RECONSTRUCTION
OFH14-20260414124000-+1,OFH14,2026-04-14 12:40:00,2026-04-14 12:40:00,2026-04-14 12:40:00,0.6636114596,LOW,0.9523263348,LOW,RVMR-V1,HISTORICAL_RECONSTRUCTION
OFH14-20260415101900-+1,OFH14,2026-04-15 10:19:00,2026-04-15 10:19:00,2026-04-15 10:19:00,1.3665563558,MEDIUM,2.6384566694,HIGH,RVMR-V1,HISTORICAL_RECONSTRUCTION
OFH14-20260415125800--1,OFH14,2026-04-15 12:58:00,2026-04-15 12:58:00,2026-04-15 12:58:00,3.1156569630,HIGH,3.5723993139,HIGH,RVMR-V1,HISTORICAL_RECONSTRUCTION
OFH14-20260415144000-+1,OFH14,2026-04-15 14:40:00,2026-04-15 14:40:00,2026-04-15 14:40:00,1.3404620966,MEDIUM,1.8416099408,MEDIUM,RVMR-V1,HISTORICAL_RECONSTRUCTION
OFH14-20260416102200--1,OFH14,2026-04-16 10:22:00,2026-04-16 10:22:00,2026-04-16 10:22:00,4.0270635995,HIGH,5.3178300032,HIGH,RVMR-V1,HISTORICAL_RECONSTRUCTION
OFH14-20260416123600--1,OFH14,2026-04-16 12:36:00,2026-04-16 12:36:00,2026-04-16 12:36:00,2.2263051759,MEDIUM,4.2879079276,HIGH,RVMR-V1,HISTORICAL_RECONSTRUCTION
OFH14-20260416130800--1,OFH14,2026-04-16 13:08:00,2026-04-16 13:08:00,2026-04-16 13:08:00,1.9462477566,MEDIUM,2.3229059854,MEDIUM,RVMR-V1,HISTORICAL_RECONSTRUCTION
OFH14-20260416135300-+1,OFH14,2026-04-16 13:53:00,2026-04-16 13:53:00,2026-04-16 13:53:00,1.2445705168,LOW,1.5218976163,MEDIUM,RVMR-V1,HISTORICAL_RECONSTRUCTION
OFH14-20260417141100--1,OFH14,2026-04-17 14:11:00,2026-04-17 14:11:00,2026-04-17 14:11:00,1.7398070977,MEDIUM,2.5406568019,HIGH,RVMR-V1,HISTORICAL_RECONSTRUCTION
OFH14-20260420105000--1,OFH14,2026-04-20 10:50:00,2026-04-20 10:50:00,2026-04-20 10:50:00,2.3053781601,MEDIUM,3.3018347255,HIGH,RVMR-V1,HISTORICAL_RECONSTRUCTION
OFH14-20260421102200-+1,OFH14,2026-04-21 10:22:00,2026-04-21 10:22:00,2026-04-21 10:22:00,1.7320182824,MEDIUM,3.7443424127,HIGH,RVMR-V1,HISTORICAL_RECONSTRUCTION
OFH14-20260421113800--1,OFH14,2026-04-21 11:38:00,2026-04-21 11:38:00,2026-04-21 11:38:00,3.0753649354,HIGH,3.5543748962,HIGH,RVMR-V1,HISTORICAL_RECONSTRUCTION
OFH14-20260421134800-+1,OFH14,2026-04-21 13:48:00,2026-04-21 13:48:00,2026-04-21 13:48:00,2.1062742872,MEDIUM,2.2755748279,MEDIUM,RVMR-V1,HISTORICAL_RECONSTRUCTION
OFH14-20260422101000-+1,OFH14,2026-04-22 10:10:00,2026-04-22 10:10:00,2026-04-22 10:10:00,1.2323069814,LOW,2.0660440324,MEDIUM,RVMR-V1,HISTORICAL_RECONSTRUCTION
OFH14-20260422133000-+1,OFH14,2026-04-22 13:30:00,2026-04-22 13:30:00,2026-04-22 13:30:00,0.6060495160,LOW,1.2285239301,LOW,RVMR-V1,HISTORICAL_RECONSTRUCTION
OFH14-20260423111600-+1,OFH14,2026-04-23 11:16:00,2026-04-23 11:16:00,2026-04-23 11:16:00,1.3471959895,MEDIUM,3.1891336308,HIGH,RVMR-V1,HISTORICAL_RECONSTRUCTION
OFH14-20260423121300--1,OFH14,2026-04-23 12:13:00,2026-04-23 12:13:00,2026-04-23 12:13:00,2.3395822175,HIGH,2.4318847107,HIGH,RVMR-V1,HISTORICAL_RECONSTRUCTION
OFH14-20260423130400--1,OFH14,2026-04-23 13:04:00,2026-04-23 13:04:00,2026-04-23 13:04:00,3.4360809872,HIGH,5.0752310109,HIGH,RVMR-V1,HISTORICAL_RECONSTRUCTION
OFH14-20260424113100-+1,OFH14,2026-04-24 11:31:00,2026-04-24 11:31:00,2026-04-24 11:31:00,1.7633355236,MEDIUM,2.5171107662,HIGH,RVMR-V1,HISTORICAL_RECONSTRUCTION
OFH14-20260428102200--1,OFH14,2026-04-28 10:22:00,2026-04-28 10:22:00,2026-04-28 10:22:00,1.4548393615,MEDIUM,1.8984576761,MEDIUM,RVMR-V1,HISTORICAL_RECONSTRUCTION
OFH14-20260428130600--1,OFH14,2026-04-28 13:06:00,2026-04-28 13:06:00,2026-04-28 13:06:00,0.7524595481,LOW,1.0286822822,LOW,RVMR-V1,HISTORICAL_RECONSTRUCTION
OFH14-20260428144700-+1,OFH14,2026-04-28 14:47:00,2026-04-28 14:47:00,2026-04-28 14:47:00,0.6710398968,LOW,0.8204548730,LOW,RVMR-V1,HISTORICAL_RECONSTRUCTION
OFH14-20260429103100-+1,OFH14,2026-04-29 10:31:00,2026-04-29 10:31:00,2026-04-29 10:31:00,2.3370655385,HIGH,4.2142910309,HIGH,RVMR-V1,HISTORICAL_RECONSTRUCTION
OFH14-20260429111800--1,OFH14,2026-04-29 11:18:00,2026-04-29 11:18:00,2026-04-29 11:18:00,1.0926059410,LOW,2.8663601797,HIGH,RVMR-V1,HISTORICAL_RECONSTRUCTION
OFH14-20260429125900--1,OFH14,2026-04-29 12:59:00,2026-04-29 12:59:00,2026-04-29 12:59:00,1.0432892592,LOW,1.2982005659,MEDIUM,RVMR-V1,HISTORICAL_RECONSTRUCTION
OFH14-20260430101100--1,OFH14,2026-04-30 10:11:00,2026-04-30 10:11:00,2026-04-30 10:11:00,2.0726622990,MEDIUM,3.3780636957,HIGH,RVMR-V1,HISTORICAL_RECONSTRUCTION
OFH14-20260430111300-+1,OFH14,2026-04-30 11:13:00,2026-04-30 11:13:00,2026-04-30 11:13:00,1.8494196331,MEDIUM,2.7594597717,HIGH,RVMR-V1,HISTORICAL_RECONSTRUCTION
OFH14-20260501101500-+1,OFH14,2026-05-01 10:15:00,2026-05-01 10:15:00,2026-05-01 10:15:00,1.7353336710,MEDIUM,2.5860966508,HIGH,RVMR-V1,HISTORICAL_RECONSTRUCTION
OFH14-20260501104500--1,OFH14,2026-05-01 10:45:00,2026-05-01 10:45:00,2026-05-01 10:45:00,2.4489366552,HIGH,4.5330343905,HIGH,RVMR-V1,HISTORICAL_RECONSTRUCTION
OFH14-20260501120500-+1,OFH14,2026-05-01 12:05:00,2026-05-01 12:05:00,2026-05-01 12:05:00,1.4449893027,MEDIUM,1.9842091144,MEDIUM,RVMR-V1,HISTORICAL_RECONSTRUCTION
OFH14-20260504104000-+1,OFH14,2026-05-04 10:40:00,2026-05-04 10:40:00,2026-05-04 10:40:00,2.0110483521,MEDIUM,3.4524106069,HIGH,RVMR-V1,HISTORICAL_RECONSTRUCTION
OFH14-20260504114200--1,OFH14,2026-05-04 11:42:00,2026-05-04 11:42:00,2026-05-04 11:42:00,2.5957235206,HIGH,3.6997861794,HIGH,RVMR-V1,HISTORICAL_RECONSTRUCTION
OFH14-20260506102600--1,OFH14,2026-05-06 10:26:00,2026-05-06 10:26:00,2026-05-06 10:26:00,2.2217579274,MEDIUM,3.8027547947,HIGH,RVMR-V1,HISTORICAL_RECONSTRUCTION
OFH14-20260507102400-+1,OFH14,2026-05-07 10:24:00,2026-05-07 10:24:00,2026-05-07 10:24:00,2.6594986011,HIGH,4.7463873125,HIGH,RVMR-V1,HISTORICAL_RECONSTRUCTION
OFH14-20260507124300--1,OFH14,2026-05-07 12:43:00,2026-05-07 12:43:00,2026-05-07 12:43:00,1.7820445511,MEDIUM,2.2779012811,MEDIUM,RVMR-V1,HISTORICAL_RECONSTRUCTION
OFH14-20260507133000--1,OFH14,2026-05-07 13:30:00,2026-05-07 13:30:00,2026-05-07 13:30:00,3.8862201112,HIGH,4.8731086492,HIGH,RVMR-V1,HISTORICAL_RECONSTRUCTION
OFH14-20260508101200-+1,OFH14,2026-05-08 10:12:00,2026-05-08 10:12:00,2026-05-08 10:12:00,1.5991116047,MEDIUM,3.6788363257,HIGH,RVMR-V1,HISTORICAL_RECONSTRUCTION
OFH14-20260511120000-+1,OFH14,2026-05-11 12:00:00,2026-05-11 12:00:00,2026-05-11 12:00:00,1.3333557804,MEDIUM,1.6602597943,MEDIUM,RVMR-V1,HISTORICAL_RECONSTRUCTION
OFH14-20260511124600--1,OFH14,2026-05-11 12:46:00,2026-05-11 12:46:00,2026-05-11 12:46:00,1.6191352346,MEDIUM,2.7380304273,HIGH,RVMR-V1,HISTORICAL_RECONSTRUCTION
OFH14-20260512103300--1,OFH14,2026-05-12 10:33:00,2026-05-12 10:33:00,2026-05-12 10:33:00,3.3505068971,HIGH,5.7049266631,HIGH,RVMR-V1,HISTORICAL_RECONSTRUCTION
OFH14-20260512121100--1,OFH14,2026-05-12 12:11:00,2026-05-12 12:11:00,2026-05-12 12:11:00,1.5279998804,MEDIUM,1.4896833280,MEDIUM,RVMR-V1,HISTORICAL_RECONSTRUCTION
OFH14-20260512124400--1,OFH14,2026-05-12 12:44:00,2026-05-12 12:44:00,2026-05-12 12:44:00,1.5683965735,MEDIUM,2.0278197762,MEDIUM,RVMR-V1,HISTORICAL_RECONSTRUCTION
OFH14-20260512143000-+1,OFH14,2026-05-12 14:30:00,2026-05-12 14:30:00,2026-05-12 14:30:00,1.8270464460,MEDIUM,2.4267775863,HIGH,RVMR-V1,HISTORICAL_RECONSTRUCTION
OFH14-20260513112000-+1,OFH14,2026-05-13 11:20:00,2026-05-13 11:20:00,2026-05-13 11:20:00,1.2763835799,MEDIUM,1.3348612724,MEDIUM,RVMR-V1,HISTORICAL_RECONSTRUCTION
OFH14-20260513130800-+1,OFH14,2026-05-13 13:08:00,2026-05-13 13:08:00,2026-05-13 13:08:00,0.8959336345,LOW,1.3561684272,MEDIUM,RVMR-V1,HISTORICAL_RECONSTRUCTION
OFH14-20260513143900-+1,OFH14,2026-05-13 14:39:00,2026-05-13 14:39:00,2026-05-13 14:39:00,1.4817355514,MEDIUM,1.8714391476,MEDIUM,RVMR-V1,HISTORICAL_RECONSTRUCTION
OFH14-20260514101000--1,OFH14,2026-05-14 10:10:00,2026-05-14 10:10:00,2026-05-14 10:10:00,1.7717428364,MEDIUM,3.9621927307,HIGH,RVMR-V1,HISTORICAL_RECONSTRUCTION
OFH14-20260514105300-+1,OFH14,2026-05-14 10:53:00,2026-05-14 10:53:00,2026-05-14 10:53:00,1.7757459095,MEDIUM,2.2760635416,MEDIUM,RVMR-V1,HISTORICAL_RECONSTRUCTION
OFH14-20260514113900-+1,OFH14,2026-05-14 11:39:00,2026-05-14 11:39:00,2026-05-14 11:39:00,1.7580766341,MEDIUM,2.4328364228,HIGH,RVMR-V1,HISTORICAL_RECONSTRUCTION
OFH14-20260514123600--1,OFH14,2026-05-14 12:36:00,2026-05-14 12:36:00,2026-05-14 12:36:00,1.3935115412,MEDIUM,2.0998489929,MEDIUM,RVMR-V1,HISTORICAL_RECONSTRUCTION
OFH14-20260514133200--1,OFH14,2026-05-14 13:32:00,2026-05-14 13:32:00,2026-05-14 13:32:00,1.2152658394,LOW,3.0886686800,HIGH,RVMR-V1,HISTORICAL_RECONSTRUCTION
OFH14-20260514141300--1,OFH14,2026-05-14 14:13:00,2026-05-14 14:13:00,2026-05-14 14:13:00,1.4237602348,MEDIUM,1.9656756371,MEDIUM,RVMR-V1,HISTORICAL_RECONSTRUCTION
OFH14-20260515102100-+1,OFH14,2026-05-15 10:21:00,2026-05-15 10:21:00,2026-05-15 10:21:00,1.7388607006,MEDIUM,3.1318637305,HIGH,RVMR-V1,HISTORICAL_RECONSTRUCTION
OFH14-20260515110500--1,OFH14,2026-05-15 11:05:00,2026-05-15 11:05:00,2026-05-15 11:05:00,1.9512625039,MEDIUM,2.0220564493,MEDIUM,RVMR-V1,HISTORICAL_RECONSTRUCTION
OFH14-20260515120600--1,OFH14,2026-05-15 12:06:00,2026-05-15 12:06:00,2026-05-15 12:06:00,1.4935499903,MEDIUM,1.3199868175,MEDIUM,RVMR-V1,HISTORICAL_RECONSTRUCTION
OFH14-20260518102100--1,OFH14,2026-05-18 10:21:00,2026-05-18 10:21:00,2026-05-18 10:21:00,1.2719013628,MEDIUM,2.2009096431,MEDIUM,RVMR-V1,HISTORICAL_RECONSTRUCTION
OFH14-20260518105200--1,OFH14,2026-05-18 10:52:00,2026-05-18 10:52:00,2026-05-18 10:52:00,2.7706315942,HIGH,3.5083659160,HIGH,RVMR-V1,HISTORICAL_RECONSTRUCTION
OFH14-20260518123400--1,OFH14,2026-05-18 12:34:00,2026-05-18 12:34:00,2026-05-18 12:34:00,1.5940621909,MEDIUM,2.8348090101,HIGH,RVMR-V1,HISTORICAL_RECONSTRUCTION
OFH14-20260519101000--1,OFH14,2026-05-19 10:10:00,2026-05-19 10:10:00,2026-05-19 10:10:00,1.9136479378,MEDIUM,4.3353114011,HIGH,RVMR-V1,HISTORICAL_RECONSTRUCTION
OFH14-20260519110800-+1,OFH14,2026-05-19 11:08:00,2026-05-19 11:08:00,2026-05-19 11:08:00,2.3982136211,HIGH,3.0472396838,HIGH,RVMR-V1,HISTORICAL_RECONSTRUCTION
OFH14-20260519131800-+1,OFH14,2026-05-19 13:18:00,2026-05-19 13:18:00,2026-05-19 13:18:00,0.9315820427,LOW,2.2358071417,MEDIUM,RVMR-V1,HISTORICAL_RECONSTRUCTION
OFH14-20260521101200-+1,OFH14,2026-05-21 10:12:00,2026-05-21 10:12:00,2026-05-21 10:12:00,1.5896298077,MEDIUM,2.8451728547,HIGH,RVMR-V1,HISTORICAL_RECONSTRUCTION
OFH14-20260521131300-+1,OFH14,2026-05-21 13:13:00,2026-05-21 13:13:00,2026-05-21 13:13:00,2.7935619946,HIGH,4.3544758918,HIGH,RVMR-V1,HISTORICAL_RECONSTRUCTION
OFH14-20260521143500--1,OFH14,2026-05-21 14:35:00,2026-05-21 14:35:00,2026-05-21 14:35:00,0.5473326477,LOW,0.7089552239,LOW,RVMR-V1,HISTORICAL_RECONSTRUCTION
OFH14-20260522110800-+1,OFH14,2026-05-22 11:08:00,2026-05-22 11:08:00,2026-05-22 11:08:00,0.6562025316,LOW,1.5528485249,MEDIUM,RVMR-V1,HISTORICAL_RECONSTRUCTION
OFH14-20260526101700-+1,OFH14,2026-05-26 10:17:00,2026-05-26 10:17:00,2026-05-26 10:17:00,2.2563559322,MEDIUM,5.8732026328,HIGH,RVMR-V1,HISTORICAL_RECONSTRUCTION
OFH14-20260526111300--1,OFH14,2026-05-26 11:13:00,2026-05-26 11:13:00,2026-05-26 11:13:00,2.0366903781,MEDIUM,4.8767760508,HIGH,RVMR-V1,HISTORICAL_RECONSTRUCTION
OFH14-20260526125100--1,OFH14,2026-05-26 12:51:00,2026-05-26 12:51:00,2026-05-26 12:51:00,1.6087862147,MEDIUM,2.5406856918,HIGH,RVMR-V1,HISTORICAL_RECONSTRUCTION
OFH14-20260527101700--1,OFH14,2026-05-27 10:17:00,2026-05-27 10:17:00,2026-05-27 10:17:00,4.2106662236,HIGH,4.8459430122,HIGH,RVMR-V1,HISTORICAL_RECONSTRUCTION
OFH14-20260527132100--1,OFH14,2026-05-27 13:21:00,2026-05-27 13:21:00,2026-05-27 13:21:00,1.8662400000,MEDIUM,2.1974258645,MEDIUM,RVMR-V1,HISTORICAL_RECONSTRUCTION
OFH14-20260528102400-+1,OFH14,2026-05-28 10:24:00,2026-05-28 10:24:00,2026-05-28 10:24:00,2.2436616558,MEDIUM,3.3640215599,HIGH,RVMR-V1,HISTORICAL_RECONSTRUCTION
OFH14-20260528122400-+1,OFH14,2026-05-28 12:24:00,2026-05-28 12:24:00,2026-05-28 12:24:00,1.0895583987,LOW,1.2010200234,LOW,RVMR-V1,HISTORICAL_RECONSTRUCTION
OFH14-20260529105100--1,OFH14,2026-05-29 10:51:00,2026-05-29 10:51:00,2026-05-29 10:51:00,3.8238050609,HIGH,5.7499683619,HIGH,RVMR-V1,HISTORICAL_RECONSTRUCTION
OFH14-20260529120000--1,OFH14,2026-05-29 12:00:00,2026-05-29 12:00:00,2026-05-29 12:00:00,1.4574898785,MEDIUM,1.6147067474,MEDIUM,RVMR-V1,HISTORICAL_RECONSTRUCTION
OFH14-20260529125800--1,OFH14,2026-05-29 12:58:00,2026-05-29 12:58:00,2026-05-29 12:58:00,1.7395067071,MEDIUM,1.7264558053,MEDIUM,RVMR-V1,HISTORICAL_RECONSTRUCTION
OFH14-20260601114900-+1,OFH14,2026-06-01 11:49:00,2026-06-01 11:49:00,2026-06-01 11:49:00,1.4164458758,MEDIUM,2.3239202353,MEDIUM,RVMR-V1,HISTORICAL_RECONSTRUCTION
OFH14-20260601122100--1,OFH14,2026-06-01 12:21:00,2026-06-01 12:21:00,2026-06-01 12:21:00,0.8883261092,LOW,1.8308408423,MEDIUM,RVMR-V1,HISTORICAL_RECONSTRUCTION
OFH14-20260601132500-+1,OFH14,2026-06-01 13:25:00,2026-06-01 13:25:00,2026-06-01 13:25:00,1.2394478101,LOW,1.6791145367,MEDIUM,RVMR-V1,HISTORICAL_RECONSTRUCTION
OFH14-20260603123800--1,OFH14,2026-06-03 12:38:00,2026-06-03 12:38:00,2026-06-03 12:38:00,1.7150797327,MEDIUM,2.4059639082,HIGH,RVMR-V1,HISTORICAL_RECONSTRUCTION
OFH14-20260604110400-+1,OFH14,2026-06-04 11:04:00,2026-06-04 11:04:00,2026-06-04 11:04:00,0.9184525466,LOW,1.4997222539,MEDIUM,RVMR-V1,HISTORICAL_RECONSTRUCTION
OFH14-20260605111700--1,OFH14,2026-06-05 11:17:00,2026-06-05 11:17:00,2026-06-05 11:17:00,2.3464233339,HIGH,3.5408544547,HIGH,RVMR-V1,HISTORICAL_RECONSTRUCTION
OFH14-20260605122300--1,OFH14,2026-06-05 12:23:00,2026-06-05 12:23:00,2026-06-05 12:23:00,0.8946099749,LOW,2.3772641854,HIGH,RVMR-V1,HISTORICAL_RECONSTRUCTION
OFH14-20260608101800--1,OFH14,2026-06-08 10:18:00,2026-06-08 10:18:00,2026-06-08 10:18:00,2.1668099742,MEDIUM,2.2691353802,MEDIUM,RVMR-V1,HISTORICAL_RECONSTRUCTION
OFH14-20260608114700--1,OFH14,2026-06-08 11:47:00,2026-06-08 11:47:00,2026-06-08 11:47:00,0.8188318871,LOW,1.1809014906,LOW,RVMR-V1,HISTORICAL_RECONSTRUCTION
OFH14-20260608130500--1,OFH14,2026-06-08 13:05:00,2026-06-08 13:05:00,2026-06-08 13:05:00,1.4314787564,MEDIUM,2.0355151310,MEDIUM,RVMR-V1,HISTORICAL_RECONSTRUCTION
OFH14-20260609122400-+1,OFH14,2026-06-09 12:24:00,2026-06-09 12:24:00,2026-06-09 12:24:00,2.5546695550,HIGH,2.9331252093,HIGH,RVMR-V1,HISTORICAL_RECONSTRUCTION
OFH14-20260609131100-+1,OFH14,2026-06-09 13:11:00,2026-06-09 13:11:00,2026-06-09 13:11:00,3.2660495827,HIGH,2.4466981753,HIGH,RVMR-V1,HISTORICAL_RECONSTRUCTION
OFH14-20260615110600-+1,OFH14,2026-06-15 11:06:00,2026-06-15 11:06:00,2026-06-15 11:06:00,1.3864358701,MEDIUM,4.0120532783,HIGH,RVMR-V1,HISTORICAL_RECONSTRUCTION
OFH14-20260615115300-+1,OFH14,2026-06-15 11:53:00,2026-06-15 11:53:00,2026-06-15 11:53:00,0.6021060508,LOW,2.1131035998,MEDIUM,RVMR-V1,HISTORICAL_RECONSTRUCTION
OFH14-20260616101900--1,OFH14,2026-06-16 10:19:00,2026-06-16 10:19:00,2026-06-16 10:19:00,2.3736032908,HIGH,6.2713477318,HIGH,RVMR-V1,HISTORICAL_RECONSTRUCTION
OFH14-20260616115000--1,OFH14,2026-06-16 11:50:00,2026-06-16 11:50:00,2026-06-16 11:50:00,2.4069259122,HIGH,3.9116103392,HIGH,RVMR-V1,HISTORICAL_RECONSTRUCTION
OFH14-20260617105000--1,OFH14,2026-06-17 10:50:00,2026-06-17 10:50:00,2026-06-17 10:50:00,2.4826363233,HIGH,4.3164286489,HIGH,RVMR-V1,HISTORICAL_RECONSTRUCTION
OFH14-20260618102800-+1,OFH14,2026-06-18 10:28:00,2026-06-18 10:28:00,2026-06-18 10:28:00,2.2745433260,MEDIUM,4.1768273710,HIGH,RVMR-V1,HISTORICAL_RECONSTRUCTION
OFH14-20260618120800-+1,OFH14,2026-06-18 12:08:00,2026-06-18 12:08:00,2026-06-18 12:08:00,1.5135734284,MEDIUM,1.8359301767,MEDIUM,RVMR-V1,HISTORICAL_RECONSTRUCTION
OFH14-20260623103400--1,OFH14,2026-06-23 10:34:00,2026-06-23 10:34:00,2026-06-23 10:34:00,2.5404059431,HIGH,4.0471864607,HIGH,RVMR-V1,HISTORICAL_RECONSTRUCTION
OFH14-20260623122100-+1,OFH14,2026-06-23 12:21:00,2026-06-23 12:21:00,2026-06-23 12:21:00,1.7924360546,MEDIUM,2.4917863599,HIGH,RVMR-V1,HISTORICAL_RECONSTRUCTION
OFH14-20260623141000--1,OFH14,2026-06-23 14:10:00,2026-06-23 14:10:00,2026-06-23 14:10:00,0.7350758614,LOW,1.2529290963,LOW,RVMR-V1,HISTORICAL_RECONSTRUCTION
OFH14-20260624112700--1,OFH14,2026-06-24 11:27:00,2026-06-24 11:27:00,2026-06-24 11:27:00,1.7189804087,MEDIUM,3.0678415019,HIGH,RVMR-V1,HISTORICAL_RECONSTRUCTION
OFH14-20260624120100--1,OFH14,2026-06-24 12:01:00,2026-06-24 12:01:00,2026-06-24 12:01:00,2.4286322965,HIGH,3.1839679988,HIGH,RVMR-V1,HISTORICAL_RECONSTRUCTION
OFH14-20260625112000--1,OFH14,2026-06-25 11:20:00,2026-06-25 11:20:00,2026-06-25 11:20:00,2.7205833610,HIGH,2.9025938523,HIGH,RVMR-V1,HISTORICAL_RECONSTRUCTION
OFH14-20260626100300-+1,OFH14,2026-06-26 10:03:00,2026-06-26 10:03:00,2026-06-26 10:03:00,1.9629418833,MEDIUM,3.4457648546,HIGH,RVMR-V1,HISTORICAL_RECONSTRUCTION
OFH14-20260626105500--1,OFH14,2026-06-26 10:55:00,2026-06-26 10:55:00,2026-06-26 10:55:00,1.2775121561,MEDIUM,1.4204874417,MEDIUM,RVMR-V1,HISTORICAL_RECONSTRUCTION
OFH14-20260626113300-+1,OFH14,2026-06-26 11:33:00,2026-06-26 11:33:00,2026-06-26 11:33:00,1.4812205415,MEDIUM,2.1096626588,MEDIUM,RVMR-V1,HISTORICAL_RECONSTRUCTION
OFH14-20260629102700--1,OFH14,2026-06-29 10:27:00,2026-06-29 10:27:00,2026-06-29 10:27:00,1.4306895129,MEDIUM,4.5306244560,HIGH,RVMR-V1,HISTORICAL_RECONSTRUCTION
OFH14-20260629111700-+1,OFH14,2026-06-29 11:17:00,2026-06-29 11:17:00,2026-06-29 11:17:00,2.0147300410,MEDIUM,2.6572017907,HIGH,RVMR-V1,HISTORICAL_RECONSTRUCTION
OFH14-20260629115300-+1,OFH14,2026-06-29 11:53:00,2026-06-29 11:53:00,2026-06-29 11:53:00,0.7845336624,LOW,1.5491756995,MEDIUM,RVMR-V1,HISTORICAL_RECONSTRUCTION
OFH14-20260630100600-+1,OFH14,2026-06-30 10:06:00,2026-06-30 10:06:00,2026-06-30 10:06:00,2.3049533412,MEDIUM,4.1156027469,HIGH,RVMR-V1,HISTORICAL_RECONSTRUCTION
OFH14-20260630120000-+1,OFH14,2026-06-30 12:00:00,2026-06-30 12:00:00,2026-06-30 12:00:00,0.7736925012,LOW,1.7328132548,MEDIUM,RVMR-V1,HISTORICAL_RECONSTRUCTION
OFH14-20260630125100-+1,OFH14,2026-06-30 12:51:00,2026-06-30 12:51:00,2026-06-30 12:51:00,0.8656059753,LOW,1.9304005860,MEDIUM,RVMR-V1,HISTORICAL_RECONSTRUCTION
OFH14-20260701104400--1,OFH14,2026-07-01 10:44:00,2026-07-01 10:44:00,2026-07-01 10:44:00,1.2361841399,LOW,2.6185104887,HIGH,RVMR-V1,HISTORICAL_RECONSTRUCTION
OFH14-20260701115400--1,OFH14,2026-07-01 11:54:00,2026-07-01 11:54:00,2026-07-01 11:54:00,1.6649231955,MEDIUM,1.7840750968,MEDIUM,RVMR-V1,HISTORICAL_RECONSTRUCTION
OFH14-20260702104600--1,OFH14,2026-07-02 10:46:00,2026-07-02 10:46:00,2026-07-02 10:46:00,3.1543264942,HIGH,5.4983170421,HIGH,RVMR-V1,HISTORICAL_RECONSTRUCTION
OFH14-20260702114600--1,OFH14,2026-07-02 11:46:00,2026-07-02 11:46:00,2026-07-02 11:46:00,2.2966727837,MEDIUM,3.1496352040,HIGH,RVMR-V1,HISTORICAL_RECONSTRUCTION
OFH14-20260706130100--1,OFH14,2026-07-06 13:01:00,2026-07-06 13:01:00,2026-07-06 13:01:00,1.2532148702,LOW,1.8984800381,MEDIUM,RVMR-V1,HISTORICAL_RECONSTRUCTION
OFH14-20260706134600--1,OFH14,2026-07-06 13:46:00,2026-07-06 13:46:00,2026-07-06 13:46:00,1.7089916031,MEDIUM,3.0414219152,HIGH,RVMR-V1,HISTORICAL_RECONSTRUCTION
OFH14-20260706141800-+1,OFH14,2026-07-06 14:18:00,2026-07-06 14:18:00,2026-07-06 14:18:00,0.9259399349,LOW,1.5990789859,MEDIUM,RVMR-V1,HISTORICAL_RECONSTRUCTION
OFH14-20260707100600--1,OFH14,2026-07-07 10:06:00,2026-07-07 10:06:00,2026-07-07 10:06:00,1.7647058824,MEDIUM,4.8085237984,HIGH,RVMR-V1,HISTORICAL_RECONSTRUCTION
OFH14-20260707104400--1,OFH14,2026-07-07 10:44:00,2026-07-07 10:44:00,2026-07-07 10:44:00,1.5818507463,MEDIUM,3.5816557561,HIGH,RVMR-V1,HISTORICAL_RECONSTRUCTION
OFH14-20260707121800-+1,OFH14,2026-07-07 12:18:00,2026-07-07 12:18:00,2026-07-07 12:18:00,1.0633738878,LOW,1.4669295124,MEDIUM,RVMR-V1,HISTORICAL_RECONSTRUCTION
OFH14-20260708103800--1,OFH14,2026-07-08 10:38:00,2026-07-08 10:38:00,2026-07-08 10:38:00,3.5921951397,HIGH,4.5730627611,HIGH,RVMR-V1,HISTORICAL_RECONSTRUCTION
OFH14-20260708113400--1,OFH14,2026-07-08 11:34:00,2026-07-08 11:34:00,2026-07-08 11:34:00,1.5858303125,MEDIUM,3.2082120446,HIGH,RVMR-V1,HISTORICAL_RECONSTRUCTION
OFH14-20260708122000-+1,OFH14,2026-07-08 12:20:00,2026-07-08 12:20:00,2026-07-08 12:20:00,0.9538266221,LOW,1.3182029770,MEDIUM,RVMR-V1,HISTORICAL_RECONSTRUCTION
OFH14-20260709105100-+1,OFH14,2026-07-09 10:51:00,2026-07-09 10:51:00,2026-07-09 10:51:00,2.2940964290,MEDIUM,3.9262072066,HIGH,RVMR-V1,HISTORICAL_RECONSTRUCTION
OFH14-20260709112900-+1,OFH14,2026-07-09 11:29:00,2026-07-09 11:29:00,2026-07-09 11:29:00,1.0374639769,LOW,1.2001447362,LOW,RVMR-V1,HISTORICAL_RECONSTRUCTION
OFH14-20260709131300-+1,OFH14,2026-07-09 13:13:00,2026-07-09 13:13:00,2026-07-09 13:13:00,0.5824064712,LOW,1.0659709830,LOW,RVMR-V1,HISTORICAL_RECONSTRUCTION
OFH14-20260710103500--1,OFH14,2026-07-10 10:35:00,2026-07-10 10:35:00,2026-07-10 10:35:00,3.7552929790,HIGH,6.5513799024,HIGH,RVMR-V1,HISTORICAL_RECONSTRUCTION
OFH14-20260710112000-+1,OFH14,2026-07-10 11:20:00,2026-07-10 11:20:00,2026-07-10 11:20:00,2.2316555488,MEDIUM,2.9611190229,HIGH,RVMR-V1,HISTORICAL_RECONSTRUCTION
OFH14-20260713105600--1,OFH14,2026-07-13 10:56:00,2026-07-13 10:56:00,2026-07-13 10:56:00,2.1760483566,MEDIUM,2.6886125677,HIGH,RVMR-V1,HISTORICAL_RECONSTRUCTION
OFH14-20260713112800--1,OFH14,2026-07-13 11:28:00,2026-07-13 11:28:00,2026-07-13 11:28:00,0.9672264042,LOW,1.1183058334,LOW,RVMR-V1,HISTORICAL_RECONSTRUCTION
OFH14-20260713120700--1,OFH14,2026-07-13 12:07:00,2026-07-13 12:07:00,2026-07-13 12:07:00,0.9359766006,LOW,1.5210210143,MEDIUM,RVMR-V1,HISTORICAL_RECONSTRUCTION
OFH14-20260714102000--1,OFH14,2026-07-14 10:20:00,2026-07-14 10:20:00,2026-07-14 10:20:00,2.4633011099,HIGH,4.1325318454,HIGH,RVMR-V1,HISTORICAL_RECONSTRUCTION
OFH14-20260714111200-+1,OFH14,2026-07-14 11:12:00,2026-07-14 11:12:00,2026-07-14 11:12:00,1.4819551577,MEDIUM,2.0905417814,MEDIUM,RVMR-V1,HISTORICAL_RECONSTRUCTION
OFH14-20260714121300--1,OFH14,2026-07-14 12:13:00,2026-07-14 12:13:00,2026-07-14 12:13:00,0.8987844309,LOW,1.5666347244,MEDIUM,RVMR-V1,HISTORICAL_RECONSTRUCTION
OFH14-20260715100900-+1,OFH14,2026-07-15 10:09:00,2026-07-15 10:09:00,2026-07-15 10:09:00,1.4530962600,MEDIUM,3.2750708777,HIGH,RVMR-V1,HISTORICAL_RECONSTRUCTION
OFH14-20260715111900--1,OFH14,2026-07-15 11:19:00,2026-07-15 11:19:00,2026-07-15 11:19:00,1.8064747373,MEDIUM,3.0577911538,HIGH,RVMR-V1,HISTORICAL_RECONSTRUCTION
OFH14-20260715115300--1,OFH14,2026-07-15 11:53:00,2026-07-15 11:53:00,2026-07-15 11:53:00,1.1700719500,LOW,1.4250553166,MEDIUM,RVMR-V1,HISTORICAL_RECONSTRUCTION
OFH14-20260715125300-+1,OFH14,2026-07-15 12:53:00,2026-07-15 12:53:00,2026-07-15 12:53:00,2.2881554612,MEDIUM,2.4208108742,HIGH,RVMR-V1,HISTORICAL_RECONSTRUCTION
OFH14-20260716102200-+1,OFH14,2026-07-16 10:22:00,2026-07-16 10:22:00,2026-07-16 10:22:00,1.8857011906,MEDIUM,3.4004775566,HIGH,RVMR-V1,HISTORICAL_RECONSTRUCTION
OFH14-20260716113400-+1,OFH14,2026-07-16 11:34:00,2026-07-16 11:34:00,2026-07-16 11:34:00,1.0816303988,LOW,1.7585838433,MEDIUM,RVMR-V1,HISTORICAL_RECONSTRUCTION
OFH14-20260716123200--1,OFH14,2026-07-16 12:32:00,2026-07-16 12:32:00,2026-07-16 12:32:00,1.8801918012,MEDIUM,2.2562831478,MEDIUM,RVMR-V1,HISTORICAL_RECONSTRUCTION
OFH14-20260716135900--1,OFH14,2026-07-16 13:59:00,2026-07-16 13:59:00,2026-07-16 13:59:00,1.2514865977,LOW,1.0095452492,LOW,RVMR-V1,HISTORICAL_RECONSTRUCTION
OFH14-20260717100300-+1,OFH14,2026-07-17 10:03:00,2026-07-17 10:03:00,2026-07-17 10:03:00,2.9620368036,HIGH,5.3872678157,HIGH,RVMR-V1,HISTORICAL_RECONSTRUCTION
OFH14-20260717103500--1,OFH14,2026-07-17 10:35:00,2026-07-17 10:35:00,2026-07-17 10:35:00,2.1049327002,MEDIUM,3.3431489684,HIGH,RVMR-V1,HISTORICAL_RECONSTRUCTION
OFH14-20260717121200-+1,OFH14,2026-07-17 12:12:00,2026-07-17 12:12:00,2026-07-17 12:12:00,2.2259198362,MEDIUM,2.1858296919,MEDIUM,RVMR-V1,HISTORICAL_RECONSTRUCTION
OFH14-20260720101500--1,OFH14,2026-07-20 10:15:00,2026-07-20 10:15:00,2026-07-20 10:15:00,1.5327088964,MEDIUM,3.6564881031,HIGH,RVMR-V1,HISTORICAL_RECONSTRUCTION
OFH14-20260720113400-+1,OFH14,2026-07-20 11:34:00,2026-07-20 11:34:00,2026-07-20 11:34:00,0.6561111744,LOW,1.1056565517,LOW,RVMR-V1,HISTORICAL_RECONSTRUCTION
OFH14-20260720122600-+1,OFH14,2026-07-20 12:26:00,2026-07-20 12:26:00,2026-07-20 12:26:00,1.6830691261,MEDIUM,1.6928455090,MEDIUM,RVMR-V1,HISTORICAL_RECONSTRUCTION
OFH14-20260721104800-+1,OFH14,2026-07-21 10:48:00,2026-07-21 10:48:00,2026-07-21 10:48:00,1.5727802643,MEDIUM,2.7649135422,HIGH,RVMR-V1,HISTORICAL_RECONSTRUCTION
OFH14-20260723101100--1,OFH14,2026-07-23 10:11:00,2026-07-23 10:11:00,2026-07-23 10:11:00,2.8643144684,HIGH,6.6459364274,HIGH,RVMR-V1,HISTORICAL_RECONSTRUCTION
OFH14-20260723120500-+1,OFH14,2026-07-23 12:05:00,2026-07-23 12:05:00,2026-07-23 12:05:00,1.0636121906,LOW,1.9824089321,MEDIUM,RVMR-V1,HISTORICAL_RECONSTRUCTION
OFH14-20260723130700--1,OFH14,2026-07-23 13:07:00,2026-07-23 13:07:00,2026-07-23 13:07:00,1.7041039611,MEDIUM,1.9365521951,MEDIUM,RVMR-V1,HISTORICAL_RECONSTRUCTION
OFH14-20260724102300--1,OFH14,2026-07-24 10:23:00,2026-07-24 10:23:00,2026-07-24 10:23:00,1.5569010256,MEDIUM,3.4820071000,HIGH,RVMR-V1,HISTORICAL_RECONSTRUCTION
OFH14-20260727101300--1,OFH14,2026-07-27 10:13:00,2026-07-27 10:13:00,2026-07-27 10:13:00,2.1906773632,MEDIUM,4.0040414398,HIGH,RVMR-V1,HISTORICAL_RECONSTRUCTION
OFH14-20260727104500--1,OFH14,2026-07-27 10:45:00,2026-07-27 10:45:00,2026-07-27 10:45:00,3.1977342945,HIGH,5.0280598104,HIGH,RVMR-V1,HISTORICAL_RECONSTRUCTION
OFH14-20260727112000--1,OFH14,2026-07-27 11:20:00,2026-07-27 11:20:00,2026-07-27 11:20:00,2.2513100295,MEDIUM,3.4709151440,HIGH,RVMR-V1,HISTORICAL_RECONSTRUCTION
OFH14-20260727130500--1,OFH14,2026-07-27 13:05:00,2026-07-27 13:05:00,2026-07-27 13:05:00,1.3652599550,MEDIUM,1.2920064235,MEDIUM,RVMR-V1,HISTORICAL_RECONSTRUCTION
OFH14-20260729100900--1,OFH14,2026-07-29 10:09:00,2026-07-29 10:09:00,2026-07-29 10:09:00,1.8010713269,MEDIUM,2.6975571235,HIGH,RVMR-V1,HISTORICAL_RECONSTRUCTION
OFH14-20260729105800--1,OFH14,2026-07-29 10:58:00,2026-07-29 10:58:00,2026-07-29 10:58:00,1.6411389891,MEDIUM,2.1192688780,MEDIUM,RVMR-V1,HISTORICAL_RECONSTRUCTION
OFH14-20260729140900-+1,OFH14,2026-07-29 14:09:00,2026-07-29 14:09:00,2026-07-29 14:09:00,1.7279041455,MEDIUM,2.5915119147,HIGH,RVMR-V1,HISTORICAL_RECONSTRUCTION
OFH14-20260730100700-+1,OFH14,2026-07-30 10:07:00,2026-07-30 10:07:00,2026-07-30 10:07:00,1.4471069028,MEDIUM,3.6228802137,HIGH,RVMR-V1,HISTORICAL_RECONSTRUCTION
OFH14-20260730115800-+1,OFH14,2026-07-30 11:58:00,2026-07-30 11:58:00,2026-07-30 11:58:00,0.6703306604,LOW,1.2494228604,LOW,RVMR-V1,HISTORICAL_RECONSTRUCTION
OFH14-20260731112000--1,OFH14,2026-07-31 11:20:00,2026-07-31 11:20:00,2026-07-31 11:20:00,1.2295974953,LOW,1.9231193600,MEDIUM,RVMR-V1,HISTORICAL_RECONSTRUCTION
OFH14-20260731124900-+1,OFH14,2026-07-31 12:49:00,2026-07-31 12:49:00,2026-07-31 12:49:00,0.7754674645,LOW,1.0235153162,LOW,RVMR-V1,HISTORICAL_RECONSTRUCTION
OFH14-20260803132600-+1,OFH14,2026-08-03 13:26:00,2026-08-03 13:26:00,2026-08-03 13:26:00,0.4256275050,LOW,1.0484776521,LOW,RVMR-V1,HISTORICAL_RECONSTRUCTION
OFH14-20260803140900-+1,OFH14,2026-08-03 14:09:00,2026-08-03 14:09:00,2026-08-03 14:09:00,1.1161438779,LOW,2.1139758852,MEDIUM,RVMR-V1,HISTORICAL_RECONSTRUCTION
OFH14-20260804101000-+1,OFH14,2026-08-04 10:10:00,2026-08-04 10:10:00,2026-08-04 10:10:00,2.1238653276,MEDIUM,3.8568689421,HIGH,RVMR-V1,HISTORICAL_RECONSTRUCTION
OFH14-20260804120300-+1,OFH14,2026-08-04 12:03:00,2026-08-04 12:03:00,2026-08-04 12:03:00,0.8170866554,LOW,1.2830591405,MEDIUM,RVMR-V1,HISTORICAL_RECONSTRUCTION
OFH14-20260804123900-+1,OFH14,2026-08-04 12:39:00,2026-08-04 12:39:00,2026-08-04 12:39:00,1.4982386777,MEDIUM,2.7523484074,HIGH,RVMR-V1,HISTORICAL_RECONSTRUCTION
OFH14-20260804131000-+1,OFH14,2026-08-04 13:10:00,2026-08-04 13:10:00,2026-08-04 13:10:00,0.9261281204,LOW,1.1347330884,LOW,RVMR-V1,HISTORICAL_RECONSTRUCTION
OFH14-20260805100400--1,OFH14,2026-08-05 10:04:00,2026-08-05 10:04:00,2026-08-05 10:04:00,3.1823843774,HIGH,6.3088813241,HIGH,RVMR-V1,HISTORICAL_RECONSTRUCTION
OFH14-20260805105800--1,OFH14,2026-08-05 10:58:00,2026-08-05 10:58:00,2026-08-05 10:58:00,2.8205992995,HIGH,4.1369309092,HIGH,RVMR-V1,HISTORICAL_RECONSTRUCTION
OFH14-20260805115900--1,OFH14,2026-08-05 11:59:00,2026-08-05 11:59:00,2026-08-05 11:59:00,2.3912875570,HIGH,2.5934940323,HIGH,RVMR-V1,HISTORICAL_RECONSTRUCTION
OFH14-20260805122900-+1,OFH14,2026-08-05 12:29:00,2026-08-05 12:29:00,2026-08-05 12:29:00,1.0579517386,LOW,1.3463029259,MEDIUM,RVMR-V1,HISTORICAL_RECONSTRUCTION
OFH14-20260805133300--1,OFH14,2026-08-05 13:33:00,2026-08-05 13:33:00,2026-08-05 13:33:00,1.0148995363,LOW,1.1426806067,LOW,RVMR-V1,HISTORICAL_RECONSTRUCTION
OFH14-20260806102500-+1,OFH14,2026-08-06 10:25:00,2026-08-06 10:25:00,2026-08-06 10:25:00,2.1051712852,MEDIUM,3.1546277262,HIGH,RVMR-V1,HISTORICAL_RECONSTRUCTION
OFH14-20260806121400--1,OFH14,2026-08-06 12:14:00,2026-08-06 12:14:00,2026-08-06 12:14:00,1.8042646255,MEDIUM,1.7201720927,MEDIUM,RVMR-V1,HISTORICAL_RECONSTRUCTION
OFH14-20260807101400--1,OFH14,2026-08-07 10:14:00,2026-08-07 10:14:00,2026-08-07 10:14:00,2.2903461439,MEDIUM,4.5490604684,HIGH,RVMR-V1,HISTORICAL_RECONSTRUCTION
OFH14-20260807113300-+1,OFH14,2026-08-07 11:33:00,2026-08-07 11:33:00,2026-08-07 11:33:00,0.8619451228,LOW,1.6172776524,MEDIUM,RVMR-V1,HISTORICAL_RECONSTRUCTION
OFH14-20260807124000--1,OFH14,2026-08-07 12:40:00,2026-08-07 12:40:00,2026-08-07 12:40:00,1.9583116979,MEDIUM,2.6754303973,HIGH,RVMR-V1,HISTORICAL_RECONSTRUCTION
OFH14-20260810101700-+1,OFH14,2026-08-10 10:17:00,2026-08-10 10:17:00,2026-08-10 10:17:00,1.6279486579,MEDIUM,3.1659880770,HIGH,RVMR-V1,HISTORICAL_RECONSTRUCTION
OFH14-20260810121000-+1,OFH14,2026-08-10 12:10:00,2026-08-10 12:10:00,2026-08-10 12:10:00,1.2140349801,LOW,2.3149439161,MEDIUM,RVMR-V1,HISTORICAL_RECONSTRUCTION
OFH14-20260810124600--1,OFH14,2026-08-10 12:46:00,2026-08-10 12:46:00,2026-08-10 12:46:00,1.1520354472,LOW,2.4334284772,HIGH,RVMR-V1,HISTORICAL_RECONSTRUCTION
OFH14-20260812102200--1,OFH14,2026-08-12 10:22:00,2026-08-12 10:22:00,2026-08-12 10:22:00,1.8277051789,MEDIUM,2.9636489371,HIGH,RVMR-V1,HISTORICAL_RECONSTRUCTION
OFH14-20260812114300--1,OFH14,2026-08-12 11:43:00,2026-08-12 11:43:00,2026-08-12 11:43:00,1.2145882612,LOW,1.8802503358,MEDIUM,RVMR-V1,HISTORICAL_RECONSTRUCTION
OFH14-20260812125300-+1,OFH14,2026-08-12 12:53:00,2026-08-12 12:53:00,2026-08-12 12:53:00,1.2434532860,LOW,1.7927785555,MEDIUM,RVMR-V1,HISTORICAL_RECONSTRUCTION
OFH14-20260813102100-+1,OFH14,2026-08-13 10:21:00,2026-08-13 10:21:00,2026-08-13 10:21:00,1.3769261888,MEDIUM,3.5842303401,HIGH,RVMR-V1,HISTORICAL_RECONSTRUCTION
OFH14-20260813113100--1,OFH14,2026-08-13 11:31:00,2026-08-13 11:31:00,2026-08-13 11:31:00,1.6807376571,MEDIUM,3.8944855812,HIGH,RVMR-V1,HISTORICAL_RECONSTRUCTION
OFH14-20260813124600-+1,OFH14,2026-08-13 12:46:00,2026-08-13 12:46:00,2026-08-13 12:46:00,1.0431632961,LOW,1.3009415744,MEDIUM,RVMR-V1,HISTORICAL_RECONSTRUCTION
OFH14-20260814115400--1,OFH14,2026-08-14 11:54:00,2026-08-14 11:54:00,2026-08-14 11:54:00,0.9490464225,LOW,1.9248367044,MEDIUM,RVMR-V1,HISTORICAL_RECONSTRUCTION
OFH14-20260817101900--1,OFH14,2026-08-17 10:19:00,2026-08-17 10:19:00,2026-08-17 10:19:00,2.6645359351,HIGH,3.2448480385,HIGH,RVMR-V1,HISTORICAL_RECONSTRUCTION
OFH14-20260817110100-+1,OFH14,2026-08-17 11:01:00,2026-08-17 11:01:00,2026-08-17 11:01:00,1.9380046887,MEDIUM,3.7195890770,HIGH,RVMR-V1,HISTORICAL_RECONSTRUCTION
OFH14-20260817114300--1,OFH14,2026-08-17 11:43:00,2026-08-17 11:43:00,2026-08-17 11:43:00,1.6477820907,MEDIUM,3.4584741806,HIGH,RVMR-V1,HISTORICAL_RECONSTRUCTION
OFH14-20260817123600--1,OFH14,2026-08-17 12:36:00,2026-08-17 12:36:00,2026-08-17 12:36:00,0.8615611193,LOW,1.0524007893,LOW,RVMR-V1,HISTORICAL_RECONSTRUCTION
OFH14-20260818101900-+1,OFH14,2026-08-18 10:19:00,2026-08-18 10:19:00,2026-08-18 10:19:00,4.0432467323,HIGH,4.7816976818,HIGH,RVMR-V1,HISTORICAL_RECONSTRUCTION
OFH14-20260818113100-+1,OFH14,2026-08-18 11:31:00,2026-08-18 11:31:00,2026-08-18 11:31:00,2.2624273150,MEDIUM,3.0918307884,HIGH,RVMR-V1,HISTORICAL_RECONSTRUCTION
OFH14-20260818125100-+1,OFH14,2026-08-18 12:51:00,2026-08-18 12:51:00,2026-08-18 12:51:00,1.1722640787,LOW,1.4824422737,MEDIUM,RVMR-V1,HISTORICAL_RECONSTRUCTION
OFH14-20260819101600--1,OFH14,2026-08-19 10:16:00,2026-08-19 10:16:00,2026-08-19 10:16:00,3.6301044956,HIGH,5.0564023721,HIGH,RVMR-V1,HISTORICAL_RECONSTRUCTION
OFH14-20260819105600-+1,OFH14,2026-08-19 10:56:00,2026-08-19 10:56:00,2026-08-19 10:56:00,1.6743506889,MEDIUM,3.3242465551,HIGH,RVMR-V1,HISTORICAL_RECONSTRUCTION
OFH14-20260819122100-+1,OFH14,2026-08-19 12:21:00,2026-08-19 12:21:00,2026-08-19 12:21:00,0.6275744753,LOW,0.9839857462,LOW,RVMR-V1,HISTORICAL_RECONSTRUCTION
G4-20250820113200-+1,G4,2025-08-20 11:32:00,2025-08-20 11:32:00,2025-08-20 11:32:00,2.3143583172,MEDIUM,3.2721523955,HIGH,RVMR-V1,HISTORICAL_RECONSTRUCTION
G4-20250821111500--1,G4,2025-08-21 11:15:00,2025-08-21 11:15:00,2025-08-21 11:15:00,1.9071017274,MEDIUM,4.1119533193,HIGH,RVMR-V1,HISTORICAL_RECONSTRUCTION
G4-20250822132900-+1,G4,2025-08-22 13:29:00,2025-08-22 13:29:00,2025-08-22 13:29:00,0.7505537940,LOW,0.8065728394,LOW,RVMR-V1,HISTORICAL_RECONSTRUCTION
G4-20250827102700-+1,G4,2025-08-27 10:27:00,2025-08-27 10:27:00,2025-08-27 10:27:00,1.6022118075,MEDIUM,3.0451184887,HIGH,RVMR-V1,HISTORICAL_RECONSTRUCTION
G4-20250829100900--1,G4,2025-08-29 10:09:00,2025-08-29 10:09:00,2025-08-29 10:09:00,4.6729905142,HIGH,6.4649465745,HIGH,RVMR-V1,HISTORICAL_RECONSTRUCTION
G4-20250829105300--1,G4,2025-08-29 10:53:00,2025-08-29 10:53:00,2025-08-29 10:53:00,2.7307206068,HIGH,4.7119403509,HIGH,RVMR-V1,HISTORICAL_RECONSTRUCTION
G4-20250903102400-+1,G4,2025-09-03 10:24:00,2025-09-03 10:24:00,2025-09-03 10:24:00,1.1248337450,LOW,2.5435589299,HIGH,RVMR-V1,HISTORICAL_RECONSTRUCTION
G4-20250904103600-+1,G4,2025-09-04 10:36:00,2025-09-04 10:36:00,2025-09-04 10:36:00,1.7949622522,MEDIUM,2.9126528738,HIGH,RVMR-V1,HISTORICAL_RECONSTRUCTION
G4-20250905100600--1,G4,2025-09-05 10:06:00,2025-09-05 10:06:00,2025-09-05 10:06:00,5.1432810396,HIGH,5.4571144291,HIGH,RVMR-V1,HISTORICAL_RECONSTRUCTION
G4-20250905104000--1,G4,2025-09-05 10:40:00,2025-09-05 10:40:00,2025-09-05 10:40:00,4.8536389328,HIGH,6.5400186231,HIGH,RVMR-V1,HISTORICAL_RECONSTRUCTION
G4-20250909100300--1,G4,2025-09-09 10:03:00,2025-09-09 10:03:00,2025-09-09 10:03:00,3.2803869558,HIGH,5.9981712892,HIGH,RVMR-V1,HISTORICAL_RECONSTRUCTION
G4-20250910112500--1,G4,2025-09-10 11:25:00,2025-09-10 11:25:00,2025-09-10 11:25:00,1.8280739935,MEDIUM,2.5833695866,HIGH,RVMR-V1,HISTORICAL_RECONSTRUCTION
G4-20250924110100--1,G4,2025-09-24 11:01:00,2025-09-24 11:01:00,2025-09-24 11:01:00,2.5002367648,HIGH,3.9326034002,HIGH,RVMR-V1,HISTORICAL_RECONSTRUCTION
G4-20250924120300--1,G4,2025-09-24 12:03:00,2025-09-24 12:03:00,2025-09-24 12:03:00,2.3149665868,MEDIUM,5.4376548890,HIGH,RVMR-V1,HISTORICAL_RECONSTRUCTION
G4-20250925102000-+1,G4,2025-09-25 10:20:00,2025-09-25 10:20:00,2025-09-25 10:20:00,2.2875605816,MEDIUM,3.2364688277,HIGH,RVMR-V1,HISTORICAL_RECONSTRUCTION
G4-20250925114600-+1,G4,2025-09-25 11:46:00,2025-09-25 11:46:00,2025-09-25 11:46:00,1.7066554294,MEDIUM,2.4130574635,HIGH,RVMR-V1,HISTORICAL_RECONSTRUCTION
G4-20250930113800--1,G4,2025-09-30 11:38:00,2025-09-30 11:38:00,2025-09-30 11:38:00,2.5240676321,HIGH,2.5482873672,HIGH,RVMR-V1,HISTORICAL_RECONSTRUCTION
G4-20251002105100--1,G4,2025-10-02 10:51:00,2025-10-02 10:51:00,2025-10-02 10:51:00,3.4847843185,HIGH,4.6393924264,HIGH,RVMR-V1,HISTORICAL_RECONSTRUCTION
G4-20251003132600--1,G4,2025-10-03 13:26:00,2025-10-03 13:26:00,2025-10-03 13:26:00,3.6399177648,HIGH,5.0203765154,HIGH,RVMR-V1,HISTORICAL_RECONSTRUCTION
G4-20251003140900--1,G4,2025-10-03 14:09:00,2025-10-03 14:09:00,2025-10-03 14:09:00,2.4875239923,HIGH,2.9761223761,HIGH,RVMR-V1,HISTORICAL_RECONSTRUCTION
G4-20251008100100-+1,G4,2025-10-08 10:01:00,2025-10-08 10:01:00,2025-10-08 10:01:00,3.9404304583,HIGH,9.0555237891,HIGH,RVMR-V1,HISTORICAL_RECONSTRUCTION
G4-20251009103500--1,G4,2025-10-09 10:35:00,2025-10-09 10:35:00,2025-10-09 10:35:00,2.7011731790,HIGH,3.0069785346,HIGH,RVMR-V1,HISTORICAL_RECONSTRUCTION
G4-20251010110500--1,G4,2025-10-10 11:05:00,2025-10-10 11:05:00,2025-10-10 11:05:00,13.6702966968,HIGH,12.8893675012,HIGH,RVMR-V1,HISTORICAL_RECONSTRUCTION
G4-20251010113500--1,G4,2025-10-10 11:35:00,2025-10-10 11:35:00,2025-10-10 11:35:00,8.2998063561,HIGH,9.3593074371,HIGH,RVMR-V1,HISTORICAL_RECONSTRUCTION
G4-20251013104900--1,G4,2025-10-13 10:49:00,2025-10-13 10:49:00,2025-10-13 10:49:00,2.2939068100,MEDIUM,2.5511226354,HIGH,RVMR-V1,HISTORICAL_RECONSTRUCTION
G4-20251014101800-+1,G4,2025-10-14 10:18:00,2025-10-14 10:18:00,2025-10-14 10:18:00,1.1492251437,LOW,2.7658972540,HIGH,RVMR-V1,HISTORICAL_RECONSTRUCTION
G4-20251015100100-+1,G4,2025-10-15 10:01:00,2025-10-15 10:01:00,2025-10-15 10:01:00,2.0229792785,MEDIUM,6.3608975347,HIGH,RVMR-V1,HISTORICAL_RECONSTRUCTION
G4-20251015131400--1,G4,2025-10-15 13:14:00,2025-10-15 13:14:00,2025-10-15 13:14:00,3.5643564356,HIGH,4.8661502823,HIGH,RVMR-V1,HISTORICAL_RECONSTRUCTION
G4-20251016113100--1,G4,2025-10-16 11:31:00,2025-10-16 11:31:00,2025-10-16 11:31:00,3.4255340093,HIGH,7.3289653349,HIGH,RVMR-V1,HISTORICAL_RECONSTRUCTION
G4-20251016123500--1,G4,2025-10-16 12:35:00,2025-10-16 12:35:00,2025-10-16 12:35:00,3.6873225010,HIGH,4.5677654517,HIGH,RVMR-V1,HISTORICAL_RECONSTRUCTION
G4-20251016141600--1,G4,2025-10-16 14:16:00,2025-10-16 14:16:00,2025-10-16 14:16:00,2.4892332911,HIGH,4.0648019740,HIGH,RVMR-V1,HISTORICAL_RECONSTRUCTION
G4-20251022103600--1,G4,2025-10-22 10:36:00,2025-10-22 10:36:00,2025-10-22 10:36:00,4.4082324683,HIGH,6.4935955824,HIGH,RVMR-V1,HISTORICAL_RECONSTRUCTION
G4-20251022115600-+1,G4,2025-10-22 11:56:00,2025-10-22 11:56:00,2025-10-22 11:56:00,2.0964990104,MEDIUM,3.4670754332,HIGH,RVMR-V1,HISTORICAL_RECONSTRUCTION
G4-20251029101400-+1,G4,2025-10-29 10:14:00,2025-10-29 10:14:00,2025-10-29 10:14:00,1.9374230670,MEDIUM,4.5666823974,HIGH,RVMR-V1,HISTORICAL_RECONSTRUCTION
G4-20251031114000--1,G4,2025-10-31 11:40:00,2025-10-31 11:40:00,2025-10-31 11:40:00,1.4457009718,MEDIUM,3.1911438420,HIGH,RVMR-V1,HISTORICAL_RECONSTRUCTION
G4-20251031122300--1,G4,2025-10-31 12:23:00,2025-10-31 12:23:00,2025-10-31 12:23:00,2.1180064491,MEDIUM,2.5607197087,HIGH,RVMR-V1,HISTORICAL_RECONSTRUCTION
G4-20251103103100--1,G4,2025-11-03 10:31:00,2025-11-03 10:31:00,2025-11-03 10:31:00,2.3318283134,MEDIUM,4.1498249105,HIGH,RVMR-V1,HISTORICAL_RECONSTRUCTION
G4-20251106100500--1,G4,2025-11-06 10:05:00,2025-11-06 10:05:00,2025-11-06 10:05:00,3.6792860227,HIGH,7.2740736619,HIGH,RVMR-V1,HISTORICAL_RECONSTRUCTION
G4-20251106103600--1,G4,2025-11-06 10:36:00,2025-11-06 10:36:00,2025-11-06 10:36:00,2.1143156791,MEDIUM,3.9111070357,HIGH,RVMR-V1,HISTORICAL_RECONSTRUCTION
G4-20251106134000-+1,G4,2025-11-06 13:40:00,2025-11-06 13:40:00,2025-11-06 13:40:00,1.9248826291,MEDIUM,1.7085191357,MEDIUM,RVMR-V1,HISTORICAL_RECONSTRUCTION
G4-20251110105500--1,G4,2025-11-10 10:55:00,2025-11-10 10:55:00,2025-11-10 10:55:00,1.6753293847,MEDIUM,3.2891918912,HIGH,RVMR-V1,HISTORICAL_RECONSTRUCTION
G4-20251111104000--1,G4,2025-11-11 10:40:00,2025-11-11 10:40:00,2025-11-11 10:40:00,2.2856705743,MEDIUM,2.7250132615,HIGH,RVMR-V1,HISTORICAL_RECONSTRUCTION
G4-20251111125600-+1,G4,2025-11-11 12:56:00,2025-11-11 12:56:00,2025-11-11 12:56:00,2.1576010883,MEDIUM,3.3481396185,HIGH,RVMR-V1,HISTORICAL_RECONSTRUCTION
G4-20251113105000--1,G4,2025-11-13 10:50:00,2025-11-13 10:50:00,2025-11-13 10:50:00,1.8372033682,MEDIUM,3.5231616066,HIGH,RVMR-V1,HISTORICAL_RECONSTRUCTION
G4-20251114103400-+1,G4,2025-11-14 10:34:00,2025-11-14 10:34:00,2025-11-14 10:34:00,1.8583023154,MEDIUM,2.5612463486,HIGH,RVMR-V1,HISTORICAL_RECONSTRUCTION
G4-20251114110800--1,G4,2025-11-14 11:08:00,2025-11-14 11:08:00,2025-11-14 11:08:00,1.6117089970,MEDIUM,1.9262254821,MEDIUM,RVMR-V1,HISTORICAL_RECONSTRUCTION
G4-20251117141900--1,G4,2025-11-17 14:19:00,2025-11-17 14:19:00,2025-11-17 14:19:00,1.2591297192,LOW,1.7454002312,MEDIUM,RVMR-V1,HISTORICAL_RECONSTRUCTION
G4-20251119111100--1,G4,2025-11-19 11:11:00,2025-11-19 11:11:00,2025-11-19 11:11:00,1.7511612607,MEDIUM,3.7708391366,HIGH,RVMR-V1,HISTORICAL_RECONSTRUCTION
G4-20251120110800--1,G4,2025-11-20 11:08:00,2025-11-20 11:08:00,2025-11-20 11:08:00,2.0871892073,MEDIUM,3.2448720010,HIGH,RVMR-V1,HISTORICAL_RECONSTRUCTION
G4-20251120114100--1,G4,2025-11-20 11:41:00,2025-11-20 11:41:00,2025-11-20 11:41:00,3.6483166068,HIGH,4.7731065795,HIGH,RVMR-V1,HISTORICAL_RECONSTRUCTION
G4-20251120121700--1,G4,2025-11-20 12:17:00,2025-11-20 12:17:00,2025-11-20 12:17:00,4.8943048993,HIGH,4.2637924136,HIGH,RVMR-V1,HISTORICAL_RECONSTRUCTION
G4-20251125112900--1,G4,2025-11-25 11:29:00,2025-11-25 11:29:00,2025-11-25 11:29:00,1.8565074454,MEDIUM,2.0427036608,MEDIUM,RVMR-V1,HISTORICAL_RECONSTRUCTION
G4-20251126103900-+1,G4,2025-11-26 10:39:00,2025-11-26 10:39:00,2025-11-26 10:39:00,0.9503824545,LOW,1.9272034609,MEDIUM,RVMR-V1,HISTORICAL_RECONSTRUCTION
G4-20251202111000--1,G4,2025-12-02 11:10:00,2025-12-02 11:10:00,2025-12-02 11:10:00,3.9636012571,HIGH,5.6984442289,HIGH,RVMR-V1,HISTORICAL_RECONSTRUCTION
G4-20251203102700-+1,G4,2025-12-03 10:27:00,2025-12-03 10:27:00,2025-12-03 10:27:00,1.9949203417,MEDIUM,1.8800896400,MEDIUM,RVMR-V1,HISTORICAL_RECONSTRUCTION
G4-20251204105000--1,G4,2025-12-04 10:50:00,2025-12-04 10:50:00,2025-12-04 10:50:00,2.7318989376,HIGH,4.7670968887,HIGH,RVMR-V1,HISTORICAL_RECONSTRUCTION
G4-20251209110600-+1,G4,2025-12-09 11:06:00,2025-12-09 11:06:00,2025-12-09 11:06:00,1.6197610852,MEDIUM,2.2892956505,MEDIUM,RVMR-V1,HISTORICAL_RECONSTRUCTION
G4-20251212102000--1,G4,2025-12-12 10:20:00,2025-12-12 10:20:00,2025-12-12 10:20:00,1.5544212086,MEDIUM,2.6482752511,HIGH,RVMR-V1,HISTORICAL_RECONSTRUCTION
G4-20251212110400--1,G4,2025-12-12 11:04:00,2025-12-12 11:04:00,2025-12-12 11:04:00,3.0492461948,HIGH,6.6532927580,HIGH,RVMR-V1,HISTORICAL_RECONSTRUCTION
G4-20251217103900--1,G4,2025-12-17 10:39:00,2025-12-17 10:39:00,2025-12-17 10:39:00,3.1245868659,HIGH,4.0396964738,HIGH,RVMR-V1,HISTORICAL_RECONSTRUCTION
G4-20251218103800-+1,G4,2025-12-18 10:38:00,2025-12-18 10:38:00,2025-12-18 10:38:00,2.0892125626,MEDIUM,4.3242087597,HIGH,RVMR-V1,HISTORICAL_RECONSTRUCTION
G4-20251226101600--1,G4,2025-12-26 10:16:00,2025-12-26 10:16:00,2025-12-26 10:16:00,2.7699107801,HIGH,8.3273732650,HIGH,RVMR-V1,HISTORICAL_RECONSTRUCTION
G4-20260106100100-+1,G4,2026-01-06 10:01:00,2026-01-06 10:01:00,2026-01-06 10:01:00,2.6163318865,HIGH,7.8551675861,HIGH,RVMR-V1,HISTORICAL_RECONSTRUCTION
G4-20260106105600--1,G4,2026-01-06 10:56:00,2026-01-06 10:56:00,2026-01-06 10:56:00,3.8108214333,HIGH,7.4068920416,HIGH,RVMR-V1,HISTORICAL_RECONSTRUCTION
G4-20260106135200-+1,G4,2026-01-06 13:52:00,2026-01-06 13:52:00,2026-01-06 13:52:00,0.6458123108,LOW,0.9828211456,LOW,RVMR-V1,HISTORICAL_RECONSTRUCTION
G4-20260107141400--1,G4,2026-01-07 14:14:00,2026-01-07 14:14:00,2026-01-07 14:14:00,2.8410372041,HIGH,4.9563000355,HIGH,RVMR-V1,HISTORICAL_RECONSTRUCTION
G4-20260108110800--1,G4,2026-01-08 11:08:00,2026-01-08 11:08:00,2026-01-08 11:08:00,2.7571570278,HIGH,2.6172393648,HIGH,RVMR-V1,HISTORICAL_RECONSTRUCTION
G4-20260109102000-+1,G4,2026-01-09 10:20:00,2026-01-09 10:20:00,2026-01-09 10:20:00,1.7665868914,MEDIUM,3.7820677091,HIGH,RVMR-V1,HISTORICAL_RECONSTRUCTION
G4-20260112104600--1,G4,2026-01-12 10:46:00,2026-01-12 10:46:00,2026-01-12 10:46:00,2.8445877847,HIGH,3.9699278010,HIGH,RVMR-V1,HISTORICAL_RECONSTRUCTION
G4-20260113100700--1,G4,2026-01-13 10:07:00,2026-01-13 10:07:00,2026-01-13 10:07:00,3.3049295603,HIGH,7.0749293646,HIGH,RVMR-V1,HISTORICAL_RECONSTRUCTION
G4-20260113135600--1,G4,2026-01-13 13:56:00,2026-01-13 13:56:00,2026-01-13 13:56:00,2.7683218455,HIGH,2.0727674143,MEDIUM,RVMR-V1,HISTORICAL_RECONSTRUCTION
G4-20260114101900-+1,G4,2026-01-14 10:19:00,2026-01-14 10:19:00,2026-01-14 10:19:00,3.6371861570,HIGH,4.1586467795,HIGH,RVMR-V1,HISTORICAL_RECONSTRUCTION
G4-20260114105200--1,G4,2026-01-14 10:52:00,2026-01-14 10:52:00,2026-01-14 10:52:00,2.5695448825,HIGH,3.9245715290,HIGH,RVMR-V1,HISTORICAL_RECONSTRUCTION
G4-20260116103400--1,G4,2026-01-16 10:34:00,2026-01-16 10:34:00,2026-01-16 10:34:00,2.1228047686,MEDIUM,4.6942415537,HIGH,RVMR-V1,HISTORICAL_RECONSTRUCTION
G4-20260121114500--1,G4,2026-01-21 11:45:00,2026-01-21 11:45:00,2026-01-21 11:45:00,3.0979439007,HIGH,5.3810801427,HIGH,RVMR-V1,HISTORICAL_RECONSTRUCTION
G4-20260121143500-+1,G4,2026-01-21 14:35:00,2026-01-21 14:35:00,2026-01-21 14:35:00,3.6844732901,HIGH,3.4185941269,HIGH,RVMR-V1,HISTORICAL_RECONSTRUCTION
G4-20260122103900-+1,G4,2026-01-22 10:39:00,2026-01-22 10:39:00,2026-01-22 10:39:00,1.3066547731,MEDIUM,1.8934570312,MEDIUM,RVMR-V1,HISTORICAL_RECONSTRUCTION
G4-20260123100700-+1,G4,2026-01-23 10:07:00,2026-01-23 10:07:00,2026-01-23 10:07:00,2.1434525463,MEDIUM,4.7957390316,HIGH,RVMR-V1,HISTORICAL_RECONSTRUCTION
G4-20260123111400-+1,G4,2026-01-23 11:14:00,2026-01-23 11:14:00,2026-01-23 11:14:00,1.3083340216,MEDIUM,2.0047496921,MEDIUM,RVMR-V1,HISTORICAL_RECONSTRUCTION
G4-20260126135500-+1,G4,2026-01-26 13:55:00,2026-01-26 13:55:00,2026-01-26 13:55:00,0.4690553746,LOW,0.6049379422,LOW,RVMR-V1,HISTORICAL_RECONSTRUCTION
G4-20260129100400--1,G4,2026-01-29 10:04:00,2026-01-29 10:04:00,2026-01-29 10:04:00,4.3707291183,HIGH,7.5342706081,HIGH,RVMR-V1,HISTORICAL_RECONSTRUCTION
G4-20260129103600--1,G4,2026-01-29 10:36:00,2026-01-29 10:36:00,2026-01-29 10:36:00,2.6442094599,HIGH,5.1652725259,HIGH,RVMR-V1,HISTORICAL_RECONSTRUCTION
G4-20260130102900--1,G4,2026-01-30 10:29:00,2026-01-30 10:29:00,2026-01-30 10:29:00,1.9103843985,MEDIUM,2.6939069880,HIGH,RVMR-V1,HISTORICAL_RECONSTRUCTION
G4-20260130110000--1,G4,2026-01-30 11:00:00,2026-01-30 11:00:00,2026-01-30 11:00:00,1.1601727726,LOW,2.0322257542,MEDIUM,RVMR-V1,HISTORICAL_RECONSTRUCTION
G4-20260202101800-+1,G4,2026-02-02 10:18:00,2026-02-02 10:18:00,2026-02-02 10:18:00,1.0066053410,LOW,2.5570244659,HIGH,RVMR-V1,HISTORICAL_RECONSTRUCTION
G4-20260202122400-+1,G4,2026-02-02 12:24:00,2026-02-02 12:24:00,2026-02-02 12:24:00,0.6464965014,LOW,0.7558078711,LOW,RVMR-V1,HISTORICAL_RECONSTRUCTION
G4-20260204100100--1,G4,2026-02-04 10:01:00,2026-02-04 10:01:00,2026-02-04 10:01:00,3.8985518351,HIGH,6.7994333010,HIGH,RVMR-V1,HISTORICAL_RECONSTRUCTION
G4-20260204110500--1,G4,2026-02-04 11:05:00,2026-02-04 11:05:00,2026-02-04 11:05:00,1.4635031639,MEDIUM,3.3853398275,HIGH,RVMR-V1,HISTORICAL_RECONSTRUCTION
G4-20260205100400--1,G4,2026-02-05 10:04:00,2026-02-05 10:04:00,2026-02-05 10:04:00,1.9057604221,MEDIUM,3.2031757833,HIGH,RVMR-V1,HISTORICAL_RECONSTRUCTION
G4-20260205113300-+1,G4,2026-02-05 11:33:00,2026-02-05 11:33:00,2026-02-05 11:33:00,1.5120756038,MEDIUM,2.1448132746,MEDIUM,RVMR-V1,HISTORICAL_RECONSTRUCTION
G4-20260206100700--1,G4,2026-02-06 10:07:00,2026-02-06 10:07:00,2026-02-06 10:07:00,2.5601233119,HIGH,4.7791961940,HIGH,RVMR-V1,HISTORICAL_RECONSTRUCTION
G4-20260206111100-+1,G4,2026-02-06 11:11:00,2026-02-06 11:11:00,2026-02-06 11:11:00,0.8866678565,LOW,1.9335784070,MEDIUM,RVMR-V1,HISTORICAL_RECONSTRUCTION
G4-20260209115600-+1,G4,2026-02-09 11:56:00,2026-02-09 11:56:00,2026-02-09 11:56:00,0.7213153397,LOW,0.9131030850,LOW,RVMR-V1,HISTORICAL_RECONSTRUCTION
G4-20260210101100-+1,G4,2026-02-10 10:11:00,2026-02-10 10:11:00,2026-02-10 10:11:00,1.3714285714,MEDIUM,4.0917678868,HIGH,RVMR-V1,HISTORICAL_RECONSTRUCTION
G4-20260211100300--1,G4,2026-02-11 10:03:00,2026-02-11 10:03:00,2026-02-11 10:03:00,5.2278515308,HIGH,7.2117166227,HIGH,RVMR-V1,HISTORICAL_RECONSTRUCTION
G4-20260212111900--1,G4,2026-02-12 11:19:00,2026-02-12 11:19:00,2026-02-12 11:19:00,3.7669833069,HIGH,4.6611049497,HIGH,RVMR-V1,HISTORICAL_RECONSTRUCTION
G4-20260213103400-+1,G4,2026-02-13 10:34:00,2026-02-13 10:34:00,2026-02-13 10:34:00,2.2259358289,MEDIUM,4.1086280084,HIGH,RVMR-V1,HISTORICAL_RECONSTRUCTION
G4-20260217101000--1,G4,2026-02-17 10:10:00,2026-02-17 10:10:00,2026-02-17 10:10:00,2.6178478025,HIGH,5.7753275109,HIGH,RVMR-V1,HISTORICAL_RECONSTRUCTION
G4-20260218102100-+1,G4,2026-02-18 10:21:00,2026-02-18 10:21:00,2026-02-18 10:21:00,1.1259989662,LOW,2.3573237100,HIGH,RVMR-V1,HISTORICAL_RECONSTRUCTION
G4-20260219113500-+1,G4,2026-02-19 11:35:00,2026-02-19 11:35:00,2026-02-19 11:35:00,1.6638880177,MEDIUM,2.3369331880,HIGH,RVMR-V1,HISTORICAL_RECONSTRUCTION
G4-20260220102200-+1,G4,2026-02-20 10:22:00,2026-02-20 10:22:00,2026-02-20 10:22:00,4.8300726993,HIGH,4.5439367504,HIGH,RVMR-V1,HISTORICAL_RECONSTRUCTION
G4-20260220135800-+1,G4,2026-02-20 13:58:00,2026-02-20 13:58:00,2026-02-20 13:58:00,1.1517252024,LOW,1.0762167333,LOW,RVMR-V1,HISTORICAL_RECONSTRUCTION
G4-20260223102800--1,G4,2026-02-23 10:28:00,2026-02-23 10:28:00,2026-02-23 10:28:00,1.8513238289,MEDIUM,2.2619782366,MEDIUM,RVMR-V1,HISTORICAL_RECONSTRUCTION
G4-20260224101900--1,G4,2026-02-24 10:19:00,2026-02-24 10:19:00,2026-02-24 10:19:00,2.2172678718,MEDIUM,3.4124344852,HIGH,RVMR-V1,HISTORICAL_RECONSTRUCTION
G4-20260225102000--1,G4,2026-02-25 10:20:00,2026-02-25 10:20:00,2026-02-25 10:20:00,1.8592276693,MEDIUM,3.0037954720,HIGH,RVMR-V1,HISTORICAL_RECONSTRUCTION
G4-20260226102500--1,G4,2026-02-26 10:25:00,2026-02-26 10:25:00,2026-02-26 10:25:00,4.9386546902,HIGH,10.0174454284,HIGH,RVMR-V1,HISTORICAL_RECONSTRUCTION
G4-20260302142100-+1,G4,2026-03-02 14:21:00,2026-03-02 14:21:00,2026-03-02 14:21:00,0.9049730832,LOW,1.8920630431,MEDIUM,RVMR-V1,HISTORICAL_RECONSTRUCTION
G4-20260303102600--1,G4,2026-03-03 10:26:00,2026-03-03 10:26:00,2026-03-03 10:26:00,2.3409690700,HIGH,5.6028771230,HIGH,RVMR-V1,HISTORICAL_RECONSTRUCTION
G4-20260304101300-+1,G4,2026-03-04 10:13:00,2026-03-04 10:13:00,2026-03-04 10:13:00,0.9179516080,LOW,2.6108164700,HIGH,RVMR-V1,HISTORICAL_RECONSTRUCTION
G4-20260305112000--1,G4,2026-03-05 11:20:00,2026-03-05 11:20:00,2026-03-05 11:20:00,2.5603298332,HIGH,3.6790587778,HIGH,RVMR-V1,HISTORICAL_RECONSTRUCTION
G4-20260313101400--1,G4,2026-03-13 10:14:00,2026-03-13 10:14:00,2026-03-13 10:14:00,1.5352822713,MEDIUM,2.3445467243,HIGH,RVMR-V1,HISTORICAL_RECONSTRUCTION
G4-20260323114400--1,G4,2026-03-23 11:44:00,2026-03-23 11:44:00,2026-03-23 11:44:00,0.8598259359,LOW,2.2226703816,MEDIUM,RVMR-V1,HISTORICAL_RECONSTRUCTION
G4-20260326135900--1,G4,2026-03-26 13:59:00,2026-03-26 13:59:00,2026-03-26 13:59:00,1.3151256850,MEDIUM,1.9994048727,MEDIUM,RVMR-V1,HISTORICAL_RECONSTRUCTION
G4-20260331104800--1,G4,2026-03-31 10:48:00,2026-03-31 10:48:00,2026-03-31 10:48:00,1.9096108079,MEDIUM,2.8783033408,HIGH,RVMR-V1,HISTORICAL_RECONSTRUCTION
G4-20260331124400-+1,G4,2026-03-31 12:44:00,2026-03-31 12:44:00,2026-03-31 12:44:00,4.4141339733,HIGH,9.5406522776,HIGH,RVMR-V1,HISTORICAL_RECONSTRUCTION
G4-20260401100600-+1,G4,2026-04-01 10:06:00,2026-04-01 10:06:00,2026-04-01 10:06:00,1.2808109853,MEDIUM,3.0319844235,HIGH,RVMR-V1,HISTORICAL_RECONSTRUCTION
G4-20260401140800--1,G4,2026-04-01 14:08:00,2026-04-01 14:08:00,2026-04-01 14:08:00,1.1346890250,LOW,1.4159112722,MEDIUM,RVMR-V1,HISTORICAL_RECONSTRUCTION
G4-20260402101200-+1,G4,2026-04-02 10:12:00,2026-04-02 10:12:00,2026-04-02 10:12:00,3.1487018718,HIGH,5.0929808558,HIGH,RVMR-V1,HISTORICAL_RECONSTRUCTION
G4-20260407110900--1,G4,2026-04-07 11:09:00,2026-04-07 11:09:00,2026-04-07 11:09:00,1.3201320132,MEDIUM,2.0220379436,MEDIUM,RVMR-V1,HISTORICAL_RECONSTRUCTION
G4-20260409113700-+1,G4,2026-04-09 11:37:00,2026-04-09 11:37:00,2026-04-09 11:37:00,2.6603180649,HIGH,3.8561923924,HIGH,RVMR-V1,HISTORICAL_RECONSTRUCTION
G4-20260413102500-+1,G4,2026-04-13 10:25:00,2026-04-13 10:25:00,2026-04-13 10:25:00,2.4675503732,HIGH,2.8315416161,HIGH,RVMR-V1,HISTORICAL_RECONSTRUCTION
G4-20260413123400-+1,G4,2026-04-13 12:34:00,2026-04-13 12:34:00,2026-04-13 12:34:00,4.7340371225,HIGH,6.3887131648,HIGH,RVMR-V1,HISTORICAL_RECONSTRUCTION
G4-20260415104900-+1,G4,2026-04-15 10:49:00,2026-04-15 10:49:00,2026-04-15 10:49:00,1.6314467268,MEDIUM,1.9329983399,MEDIUM,RVMR-V1,HISTORICAL_RECONSTRUCTION
G4-20260415122400-+1,G4,2026-04-15 12:24:00,2026-04-15 12:24:00,2026-04-15 12:24:00,1.2981419342,MEDIUM,2.2557194821,MEDIUM,RVMR-V1,HISTORICAL_RECONSTRUCTION
G4-20260415141600-+1,G4,2026-04-15 14:16:00,2026-04-15 14:16:00,2026-04-15 14:16:00,1.2080826482,LOW,1.8576470915,MEDIUM,RVMR-V1,HISTORICAL_RECONSTRUCTION
G4-20260416130000--1,G4,2026-04-16 13:00:00,2026-04-16 13:00:00,2026-04-16 13:00:00,1.6656656657,MEDIUM,2.2261668665,MEDIUM,RVMR-V1,HISTORICAL_RECONSTRUCTION
G4-20260416142700--1,G4,2026-04-16 14:27:00,2026-04-16 14:27:00,2026-04-16 14:27:00,1.0398932096,LOW,1.6498152756,MEDIUM,RVMR-V1,HISTORICAL_RECONSTRUCTION
G4-20260417100500-+1,G4,2026-04-17 10:05:00,2026-04-17 10:05:00,2026-04-17 10:05:00,1.8684499451,MEDIUM,2.8527575957,HIGH,RVMR-V1,HISTORICAL_RECONSTRUCTION
G4-20260417104700-+1,G4,2026-04-17 10:47:00,2026-04-17 10:47:00,2026-04-17 10:47:00,1.5811223573,MEDIUM,1.9984584514,MEDIUM,RVMR-V1,HISTORICAL_RECONSTRUCTION
G4-20260417132500--1,G4,2026-04-17 13:25:00,2026-04-17 13:25:00,2026-04-17 13:25:00,9.8993516517,HIGH,12.1142305502,HIGH,RVMR-V1,HISTORICAL_RECONSTRUCTION
G4-20260420105900--1,G4,2026-04-20 10:59:00,2026-04-20 10:59:00,2026-04-20 10:59:00,1.5167474194,MEDIUM,2.3916031419,HIGH,RVMR-V1,HISTORICAL_RECONSTRUCTION
G4-20260421101200-+1,G4,2026-04-21 10:12:00,2026-04-21 10:12:00,2026-04-21 10:12:00,2.1550244289,MEDIUM,5.0224413794,HIGH,RVMR-V1,HISTORICAL_RECONSTRUCTION
G4-20260421110600--1,G4,2026-04-21 11:06:00,2026-04-21 11:06:00,2026-04-21 11:06:00,4.2590385379,HIGH,7.4795045072,HIGH,RVMR-V1,HISTORICAL_RECONSTRUCTION
G4-20260421131100--1,G4,2026-04-21 13:11:00,2026-04-21 13:11:00,2026-04-21 13:11:00,5.4136557034,HIGH,7.2285546612,HIGH,RVMR-V1,HISTORICAL_RECONSTRUCTION
G4-20260422101800-+1,G4,2026-04-22 10:18:00,2026-04-22 10:18:00,2026-04-22 10:18:00,1.2743796589,MEDIUM,2.0531380615,MEDIUM,RVMR-V1,HISTORICAL_RECONSTRUCTION
G4-20260423103700-+1,G4,2026-04-23 10:37:00,2026-04-23 10:37:00,2026-04-23 10:37:00,1.3543027326,MEDIUM,2.3309895824,MEDIUM,RVMR-V1,HISTORICAL_RECONSTRUCTION
G4-20260423112400-+1,G4,2026-04-23 11:24:00,2026-04-23 11:24:00,2026-04-23 11:24:00,1.5043558326,MEDIUM,2.6773776316,HIGH,RVMR-V1,HISTORICAL_RECONSTRUCTION
G4-20260424114800-+1,G4,2026-04-24 11:48:00,2026-04-24 11:48:00,2026-04-24 11:48:00,1.9287723424,MEDIUM,3.6822282520,HIGH,RVMR-V1,HISTORICAL_RECONSTRUCTION
G4-20260428101700--1,G4,2026-04-28 10:17:00,2026-04-28 10:17:00,2026-04-28 10:17:00,2.5242181013,HIGH,5.2199488274,HIGH,RVMR-V1,HISTORICAL_RECONSTRUCTION
G4-20260428142400-+1,G4,2026-04-28 14:24:00,2026-04-28 14:24:00,2026-04-28 14:24:00,2.8156280271,HIGH,6.0630124046,HIGH,RVMR-V1,HISTORICAL_RECONSTRUCTION
G4-20260430105800-+1,G4,2026-04-30 10:58:00,2026-04-30 10:58:00,2026-04-30 10:58:00,1.2246385615,LOW,2.7189264091,HIGH,RVMR-V1,HISTORICAL_RECONSTRUCTION
G4-20260504111800--1,G4,2026-05-04 11:18:00,2026-05-04 11:18:00,2026-05-04 11:18:00,2.6838937941,HIGH,4.5861308577,HIGH,RVMR-V1,HISTORICAL_RECONSTRUCTION
G4-20260507112900--1,G4,2026-05-07 11:29:00,2026-05-07 11:29:00,2026-05-07 11:29:00,1.8421460692,MEDIUM,3.9526933412,HIGH,RVMR-V1,HISTORICAL_RECONSTRUCTION
G4-20260507121200--1,G4,2026-05-07 12:12:00,2026-05-07 12:12:00,2026-05-07 12:12:00,2.5761772853,HIGH,4.3723423649,HIGH,RVMR-V1,HISTORICAL_RECONSTRUCTION
G4-20260507124400--1,G4,2026-05-07 12:44:00,2026-05-07 12:44:00,2026-05-07 12:44:00,3.4553089382,HIGH,3.1858144603,HIGH,RVMR-V1,HISTORICAL_RECONSTRUCTION
G4-20260512112900--1,G4,2026-05-12 11:29:00,2026-05-12 11:29:00,2026-05-12 11:29:00,3.2200744387,HIGH,3.9449326395,HIGH,RVMR-V1,HISTORICAL_RECONSTRUCTION
G4-20260512125100--1,G4,2026-05-12 12:51:00,2026-05-12 12:51:00,2026-05-12 12:51:00,1.7326739937,MEDIUM,1.6279847479,MEDIUM,RVMR-V1,HISTORICAL_RECONSTRUCTION
G4-20260512143100-+1,G4,2026-05-12 14:31:00,2026-05-12 14:31:00,2026-05-12 14:31:00,1.4974785606,MEDIUM,1.9769191179,MEDIUM,RVMR-V1,HISTORICAL_RECONSTRUCTION
G4-20260513101200--1,G4,2026-05-13 10:12:00,2026-05-13 10:12:00,2026-05-13 10:12:00,1.6458470599,MEDIUM,2.5247115119,HIGH,RVMR-V1,HISTORICAL_RECONSTRUCTION
G4-20260513123300-+1,G4,2026-05-13 12:33:00,2026-05-13 12:33:00,2026-05-13 12:33:00,0.7740698232,LOW,1.5060093165,MEDIUM,RVMR-V1,HISTORICAL_RECONSTRUCTION
G4-20260514105000-+1,G4,2026-05-14 10:50:00,2026-05-14 10:50:00,2026-05-14 10:50:00,1.1387135759,LOW,1.6733249015,MEDIUM,RVMR-V1,HISTORICAL_RECONSTRUCTION
G4-20260514131900--1,G4,2026-05-14 13:19:00,2026-05-14 13:19:00,2026-05-14 13:19:00,2.0611227331,MEDIUM,3.2242954412,HIGH,RVMR-V1,HISTORICAL_RECONSTRUCTION
G4-20260515110300--1,G4,2026-05-15 11:03:00,2026-05-15 11:03:00,2026-05-15 11:03:00,2.1734531994,MEDIUM,2.7340674033,HIGH,RVMR-V1,HISTORICAL_RECONSTRUCTION
G4-20260518103600--1,G4,2026-05-18 10:36:00,2026-05-18 10:36:00,2026-05-18 10:36:00,3.4808551171,HIGH,5.7484388441,HIGH,RVMR-V1,HISTORICAL_RECONSTRUCTION
G4-20260518122900--1,G4,2026-05-18 12:29:00,2026-05-18 12:29:00,2026-05-18 12:29:00,3.0947719263,HIGH,5.4040418075,HIGH,RVMR-V1,HISTORICAL_RECONSTRUCTION
G4-20260521114000-+1,G4,2026-05-21 11:40:00,2026-05-21 11:40:00,2026-05-21 11:40:00,1.7476701072,MEDIUM,2.0081492170,MEDIUM,RVMR-V1,HISTORICAL_RECONSTRUCTION
G4-20260521131600-+1,G4,2026-05-21 13:16:00,2026-05-21 13:16:00,2026-05-21 13:16:00,3.1921501553,HIGH,4.0368185341,HIGH,RVMR-V1,HISTORICAL_RECONSTRUCTION
G4-20260526101500-+1,G4,2026-05-26 10:15:00,2026-05-26 10:15:00,2026-05-26 10:15:00,3.1563565514,HIGH,10.3067088569,HIGH,RVMR-V1,HISTORICAL_RECONSTRUCTION
G4-20260526111100--1,G4,2026-05-26 11:11:00,2026-05-26 11:11:00,2026-05-26 11:11:00,3.9960773677,HIGH,6.5995795790,HIGH,RVMR-V1,HISTORICAL_RECONSTRUCTION
G4-20260527102500--1,G4,2026-05-27 10:25:00,2026-05-27 10:25:00,2026-05-27 10:25:00,2.3379306952,HIGH,3.3233086226,HIGH,RVMR-V1,HISTORICAL_RECONSTRUCTION
G4-20260527115800-+1,G4,2026-05-27 11:58:00,2026-05-27 11:58:00,2026-05-27 11:58:00,1.5764172048,MEDIUM,2.1132925304,MEDIUM,RVMR-V1,HISTORICAL_RECONSTRUCTION
G4-20260528101300-+1,G4,2026-05-28 10:13:00,2026-05-28 10:13:00,2026-05-28 10:13:00,8.6750302490,HIGH,8.2844502882,HIGH,RVMR-V1,HISTORICAL_RECONSTRUCTION
G4-20260529104000--1,G4,2026-05-29 10:40:00,2026-05-29 10:40:00,2026-05-29 10:40:00,3.0635092247,HIGH,5.0361977524,HIGH,RVMR-V1,HISTORICAL_RECONSTRUCTION
G4-20260529132600--1,G4,2026-05-29 13:26:00,2026-05-29 13:26:00,2026-05-29 13:26:00,3.2900370597,HIGH,2.8108401145,HIGH,RVMR-V1,HISTORICAL_RECONSTRUCTION
G4-20260601113300-+1,G4,2026-06-01 11:33:00,2026-06-01 11:33:00,2026-06-01 11:33:00,1.3666915609,MEDIUM,2.7931868487,HIGH,RVMR-V1,HISTORICAL_RECONSTRUCTION
G4-20260601132600-+1,G4,2026-06-01 13:26:00,2026-06-01 13:26:00,2026-06-01 13:26:00,1.2158940397,LOW,1.0110624533,LOW,RVMR-V1,HISTORICAL_RECONSTRUCTION
G4-20260602124000--1,G4,2026-06-02 12:40:00,2026-06-02 12:40:00,2026-06-02 12:40:00,1.3376913814,MEDIUM,1.3086949113,MEDIUM,RVMR-V1,HISTORICAL_RECONSTRUCTION
G4-20260603114300--1,G4,2026-06-03 11:43:00,2026-06-03 11:43:00,2026-06-03 11:43:00,1.5574670880,MEDIUM,1.9127041884,MEDIUM,RVMR-V1,HISTORICAL_RECONSTRUCTION
G4-20260604100800--1,G4,2026-06-04 10:08:00,2026-06-04 10:08:00,2026-06-04 10:08:00,2.2367194781,MEDIUM,4.3973529276,HIGH,RVMR-V1,HISTORICAL_RECONSTRUCTION
G4-20260605100200--1,G4,2026-06-05 10:02:00,2026-06-05 10:02:00,2026-06-05 10:02:00,2.3411093047,HIGH,6.3753877973,HIGH,RVMR-V1,HISTORICAL_RECONSTRUCTION
G4-20260605113700--1,G4,2026-06-05 11:37:00,2026-06-05 11:37:00,2026-06-05 11:37:00,1.9351678577,MEDIUM,3.1246143889,HIGH,RVMR-V1,HISTORICAL_RECONSTRUCTION
G4-20260605124600--1,G4,2026-06-05 12:46:00,2026-06-05 12:46:00,2026-06-05 12:46:00,3.7082763464,HIGH,5.4456619646,HIGH,RVMR-V1,HISTORICAL_RECONSTRUCTION
G4-20260605143900--1,G4,2026-06-05 14:39:00,2026-06-05 14:39:00,2026-06-05 14:39:00,1.6215470883,MEDIUM,2.5045398449,HIGH,RVMR-V1,HISTORICAL_RECONSTRUCTION
G4-20260608105200-+1,G4,2026-06-08 10:52:00,2026-06-08 10:52:00,2026-06-08 10:52:00,1.4100690805,MEDIUM,1.7780687386,MEDIUM,RVMR-V1,HISTORICAL_RECONSTRUCTION
G4-20260608113300--1,G4,2026-06-08 11:33:00,2026-06-08 11:33:00,2026-06-08 11:33:00,1.5452445937,MEDIUM,2.3322094807,MEDIUM,RVMR-V1,HISTORICAL_RECONSTRUCTION
G4-20260609101400--1,G4,2026-06-09 10:14:00,2026-06-09 10:14:00,2026-06-09 10:14:00,3.5749824486,HIGH,6.7741239078,HIGH,RVMR-V1,HISTORICAL_RECONSTRUCTION
G4-20260609105100--1,G4,2026-06-09 10:51:00,2026-06-09 10:51:00,2026-06-09 10:51:00,2.5460649827,HIGH,5.0506098593,HIGH,RVMR-V1,HISTORICAL_RECONSTRUCTION
G4-20260609112700--1,G4,2026-06-09 11:27:00,2026-06-09 11:27:00,2026-06-09 11:27:00,3.2553666154,HIGH,4.9253236309,HIGH,RVMR-V1,HISTORICAL_RECONSTRUCTION
G4-20260610111600--1,G4,2026-06-10 11:16:00,2026-06-10 11:16:00,2026-06-10 11:16:00,1.8474399164,MEDIUM,3.1149674400,HIGH,RVMR-V1,HISTORICAL_RECONSTRUCTION
G4-20260616103400--1,G4,2026-06-16 10:34:00,2026-06-16 10:34:00,2026-06-16 10:34:00,3.3670922393,HIGH,7.5300896530,HIGH,RVMR-V1,HISTORICAL_RECONSTRUCTION
G4-20260616114900--1,G4,2026-06-16 11:49:00,2026-06-16 11:49:00,2026-06-16 11:49:00,2.0783377871,MEDIUM,4.5327731963,HIGH,RVMR-V1,HISTORICAL_RECONSTRUCTION
G4-20260617105100--1,G4,2026-06-17 10:51:00,2026-06-17 10:51:00,2026-06-17 10:51:00,2.5356170962,HIGH,3.3359500451,HIGH,RVMR-V1,HISTORICAL_RECONSTRUCTION
G4-20260623100500-+1,G4,2026-06-23 10:05:00,2026-06-23 10:05:00,2026-06-23 10:05:00,1.9540315939,MEDIUM,3.9238805705,HIGH,RVMR-V1,HISTORICAL_RECONSTRUCTION
G4-20260623103600--1,G4,2026-06-23 10:36:00,2026-06-23 10:36:00,2026-06-23 10:36:00,1.9607879217,MEDIUM,3.9574773318,HIGH,RVMR-V1,HISTORICAL_RECONSTRUCTION
G4-20260624102000--1,G4,2026-06-24 10:20:00,2026-06-24 10:20:00,2026-06-24 10:20:00,1.4688923659,MEDIUM,3.1344866997,HIGH,RVMR-V1,HISTORICAL_RECONSTRUCTION
G4-20260624132100--1,G4,2026-06-24 13:21:00,2026-06-24 13:21:00,2026-06-24 13:21:00,2.0851211257,MEDIUM,3.5701620123,HIGH,RVMR-V1,HISTORICAL_RECONSTRUCTION
G4-20260630102800-+1,G4,2026-06-30 10:28:00,2026-06-30 10:28:00,2026-06-30 10:28:00,1.0649061133,LOW,1.7793878173,MEDIUM,RVMR-V1,HISTORICAL_RECONSTRUCTION
G4-20260701103600--1,G4,2026-07-01 10:36:00,2026-07-01 10:36:00,2026-07-01 10:36:00,2.6516877749,HIGH,4.5144815488,HIGH,RVMR-V1,HISTORICAL_RECONSTRUCTION
G4-20260702112000--1,G4,2026-07-02 11:20:00,2026-07-02 11:20:00,2026-07-02 11:20:00,1.9302199083,MEDIUM,3.3701583030,HIGH,RVMR-V1,HISTORICAL_RECONSTRUCTION
G4-20260708101600--1,G4,2026-07-08 10:16:00,2026-07-08 10:16:00,2026-07-08 10:16:00,2.1115143517,MEDIUM,4.3378513116,HIGH,RVMR-V1,HISTORICAL_RECONSTRUCTION
G4-20260709103500--1,G4,2026-07-09 10:35:00,2026-07-09 10:35:00,2026-07-09 10:35:00,1.4548624180,MEDIUM,2.6189473324,HIGH,RVMR-V1,HISTORICAL_RECONSTRUCTION
G4-20260713125600--1,G4,2026-07-13 12:56:00,2026-07-13 12:56:00,2026-07-13 12:56:00,1.3446682594,MEDIUM,2.3658380560,HIGH,RVMR-V1,HISTORICAL_RECONSTRUCTION
G4-20260714101900--1,G4,2026-07-14 10:19:00,2026-07-14 10:19:00,2026-07-14 10:19:00,1.6050955414,MEDIUM,3.0224422797,HIGH,RVMR-V1,HISTORICAL_RECONSTRUCTION
G4-20260717100600-+1,G4,2026-07-17 10:06:00,2026-07-17 10:06:00,2026-07-17 10:06:00,3.6590436590,HIGH,5.4566786942,HIGH,RVMR-V1,HISTORICAL_RECONSTRUCTION
G4-20260717105500--1,G4,2026-07-17 10:55:00,2026-07-17 10:55:00,2026-07-17 10:55:00,1.3199160268,MEDIUM,3.1741482299,HIGH,RVMR-V1,HISTORICAL_RECONSTRUCTION
G4-20260720100100--1,G4,2026-07-20 10:01:00,2026-07-20 10:01:00,2026-07-20 10:01:00,1.5491982712,MEDIUM,4.5749662010,HIGH,RVMR-V1,HISTORICAL_RECONSTRUCTION
G4-20260721102300-+1,G4,2026-07-21 10:23:00,2026-07-21 10:23:00,2026-07-21 10:23:00,2.4279268582,HIGH,3.4199570447,HIGH,RVMR-V1,HISTORICAL_RECONSTRUCTION
G4-20260723105400--1,G4,2026-07-23 10:54:00,2026-07-23 10:54:00,2026-07-23 10:54:00,1.7413724260,MEDIUM,2.6898388695,HIGH,RVMR-V1,HISTORICAL_RECONSTRUCTION
G4-20260723120300-+1,G4,2026-07-23 12:03:00,2026-07-23 12:03:00,2026-07-23 12:03:00,2.2930979571,MEDIUM,2.6940804390,HIGH,RVMR-V1,HISTORICAL_RECONSTRUCTION
G4-20260727104100--1,G4,2026-07-27 10:41:00,2026-07-27 10:41:00,2026-07-27 10:41:00,3.6726392252,HIGH,5.6868191871,HIGH,RVMR-V1,HISTORICAL_RECONSTRUCTION
G4-20260728105400-+1,G4,2026-07-28 10:54:00,2026-07-28 10:54:00,2026-07-28 10:54:00,1.8278145695,MEDIUM,2.7634723653,HIGH,RVMR-V1,HISTORICAL_RECONSTRUCTION
G4-20260730102000-+1,G4,2026-07-30 10:20:00,2026-07-30 10:20:00,2026-07-30 10:20:00,1.3292569454,MEDIUM,2.5572376694,HIGH,RVMR-V1,HISTORICAL_RECONSTRUCTION
G4-20260803105600-+1,G4,2026-08-03 10:56:00,2026-08-03 10:56:00,2026-08-03 10:56:00,1.3062145982,MEDIUM,2.8213509604,HIGH,RVMR-V1,HISTORICAL_RECONSTRUCTION
G4-20260804101200-+1,G4,2026-08-04 10:12:00,2026-08-04 10:12:00,2026-08-04 10:12:00,1.5424577565,MEDIUM,2.9728933164,HIGH,RVMR-V1,HISTORICAL_RECONSTRUCTION
G4-20260805100700--1,G4,2026-08-05 10:07:00,2026-08-05 10:07:00,2026-08-05 10:07:00,2.8377406727,HIGH,5.3975261932,HIGH,RVMR-V1,HISTORICAL_RECONSTRUCTION
G4-20260807100300--1,G4,2026-08-07 10:03:00,2026-08-07 10:03:00,2026-08-07 10:03:00,2.8243736172,HIGH,5.1934956788,HIGH,RVMR-V1,HISTORICAL_RECONSTRUCTION
G4-20260810105800--1,G4,2026-08-10 10:58:00,2026-08-10 10:58:00,2026-08-10 10:58:00,1.5802300227,MEDIUM,3.5140426441,HIGH,RVMR-V1,HISTORICAL_RECONSTRUCTION
G4-20260811100400-+1,G4,2026-08-11 10:04:00,2026-08-11 10:04:00,2026-08-11 10:04:00,2.3675468913,HIGH,4.6935866983,HIGH,RVMR-V1,HISTORICAL_RECONSTRUCTION
G4-20260811122900--1,G4,2026-08-11 12:29:00,2026-08-11 12:29:00,2026-08-11 12:29:00,1.4664213103,MEDIUM,1.8223505127,MEDIUM,RVMR-V1,HISTORICAL_RECONSTRUCTION
G4-20260812103500--1,G4,2026-08-12 10:35:00,2026-08-12 10:35:00,2026-08-12 10:35:00,3.5100080064,HIGH,3.5224301036,HIGH,RVMR-V1,HISTORICAL_RECONSTRUCTION
G4-20260813100300-+1,G4,2026-08-13 10:03:00,2026-08-13 10:03:00,2026-08-13 10:03:00,2.0578682653,MEDIUM,3.4462814862,HIGH,RVMR-V1,HISTORICAL_RECONSTRUCTION
G4-20260813103500-+1,G4,2026-08-13 10:35:00,2026-08-13 10:35:00,2026-08-13 10:35:00,1.6547429292,MEDIUM,3.0099278524,HIGH,RVMR-V1,HISTORICAL_RECONSTRUCTION
G4-20260813113700--1,G4,2026-08-13 11:37:00,2026-08-13 11:37:00,2026-08-13 11:37:00,2.8770665204,HIGH,6.2805857345,HIGH,RVMR-V1,HISTORICAL_RECONSTRUCTION
G4-20260814112700--1,G4,2026-08-14 11:27:00,2026-08-14 11:27:00,2026-08-14 11:27:00,2.3170706550,MEDIUM,4.5283413932,HIGH,RVMR-V1,HISTORICAL_RECONSTRUCTION
G4-20260818103100-+1,G4,2026-08-18 10:31:00,2026-08-18 10:31:00,2026-08-18 10:31:00,2.6764523662,HIGH,5.0024997571,HIGH,RVMR-V1,HISTORICAL_RECONSTRUCTION
G4-20260818113400-+1,G4,2026-08-18 11:34:00,2026-08-18 11:34:00,2026-08-18 11:34:00,1.4440993789,MEDIUM,2.1844000370,MEDIUM,RVMR-V1,HISTORICAL_RECONSTRUCTION
G4-20260819101500--1,G4,2026-08-19 10:15:00,2026-08-19 10:15:00,2026-08-19 10:15:00,2.6581969216,HIGH,4.0370193712,HIGH,RVMR-V1,HISTORICAL_RECONSTRUCTION
G4-20260819132500--1,G4,2026-08-19 13:25:00,2026-08-19 13:25:00,2026-08-19 13:25:00,0.8787465940,LOW,1.1461402817,LOW,RVMR-V1,HISTORICAL_RECONSTRUCTION
G3-20250819102500-+1,G3,2025-08-19 10:25:00,2025-08-19 10:25:00,,,UNAVAILABLE,,UNAVAILABLE,RVMR-V1,HISTORICAL_RECONSTRUCTION
G3-20250821102000--1,G3,2025-08-21 10:20:00,2025-08-21 10:20:00,2025-08-21 10:20:00,1.4935546007,MEDIUM,1.9911921853,MEDIUM,RVMR-V1,HISTORICAL_RECONSTRUCTION
G3-20250821105000-+1,G3,2025-08-21 10:50:00,2025-08-21 10:50:00,2025-08-21 10:50:00,1.7707886941,MEDIUM,2.7349413711,HIGH,RVMR-V1,HISTORICAL_RECONSTRUCTION
G3-20250821113200--1,G3,2025-08-21 11:32:00,2025-08-21 11:32:00,2025-08-21 11:32:00,2.0061531317,MEDIUM,2.1962467115,MEDIUM,RVMR-V1,HISTORICAL_RECONSTRUCTION
G3-20250822102000--1,G3,2025-08-22 10:20:00,2025-08-22 10:20:00,2025-08-22 10:20:00,3.3970624436,HIGH,6.8339282158,HIGH,RVMR-V1,HISTORICAL_RECONSTRUCTION
G3-20250822124100--1,G3,2025-08-22 12:41:00,2025-08-22 12:41:00,2025-08-22 12:41:00,1.7266556752,MEDIUM,1.2129499296,LOW,RVMR-V1,HISTORICAL_RECONSTRUCTION
G3-20250826105200-+1,G3,2025-08-26 10:52:00,2025-08-26 10:52:00,2025-08-26 10:52:00,1.8063976584,MEDIUM,1.8850353776,MEDIUM,RVMR-V1,HISTORICAL_RECONSTRUCTION
G3-20250827121700-+1,G3,2025-08-27 12:17:00,2025-08-27 12:17:00,2025-08-27 12:17:00,1.4602268459,MEDIUM,2.5391663954,HIGH,RVMR-V1,HISTORICAL_RECONSTRUCTION
G3-20250827124700--1,G3,2025-08-27 12:47:00,2025-08-27 12:47:00,2025-08-27 12:47:00,1.0283008231,LOW,1.0368153248,LOW,RVMR-V1,HISTORICAL_RECONSTRUCTION
G3-20250828102000--1,G3,2025-08-28 10:20:00,2025-08-28 10:20:00,2025-08-28 10:20:00,2.4282100878,HIGH,2.8936883582,HIGH,RVMR-V1,HISTORICAL_RECONSTRUCTION
G3-20250828113700-+1,G3,2025-08-28 11:37:00,2025-08-28 11:37:00,2025-08-28 11:37:00,0.9972545819,LOW,1.4998646332,MEDIUM,RVMR-V1,HISTORICAL_RECONSTRUCTION
G3-20250829133200--1,G3,2025-08-29 13:32:00,2025-08-29 13:32:00,2025-08-29 13:32:00,1.7991109045,MEDIUM,2.3181482208,MEDIUM,RVMR-V1,HISTORICAL_RECONSTRUCTION
G3-20250902103600--1,G3,2025-09-02 10:36:00,2025-09-02 10:36:00,2025-09-02 10:36:00,2.5443058307,HIGH,5.1861149889,HIGH,RVMR-V1,HISTORICAL_RECONSTRUCTION
G3-20250904114800-+1,G3,2025-09-04 11:48:00,2025-09-04 11:48:00,2025-09-04 11:48:00,1.6407411077,MEDIUM,1.7277751094,MEDIUM,RVMR-V1,HISTORICAL_RECONSTRUCTION
G3-20250905112900--1,G3,2025-09-05 11:29:00,2025-09-05 11:29:00,2025-09-05 11:29:00,2.4414191002,HIGH,4.1037942226,HIGH,RVMR-V1,HISTORICAL_RECONSTRUCTION
G3-20250905121900--1,G3,2025-09-05 12:19:00,2025-09-05 12:19:00,2025-09-05 12:19:00,2.2843545509,MEDIUM,2.5397253042,HIGH,RVMR-V1,HISTORICAL_RECONSTRUCTION
G3-20250908104100--1,G3,2025-09-08 10:41:00,2025-09-08 10:41:00,2025-09-08 10:41:00,0.8110742835,LOW,1.5899741335,MEDIUM,RVMR-V1,HISTORICAL_RECONSTRUCTION
G3-20250908120800--1,G3,2025-09-08 12:08:00,2025-09-08 12:08:00,2025-09-08 12:08:00,1.2973297630,MEDIUM,1.8240089154,MEDIUM,RVMR-V1,HISTORICAL_RECONSTRUCTION
G3-20250909102100--1,G3,2025-09-09 10:21:00,2025-09-09 10:21:00,2025-09-09 10:21:00,1.8427226471,MEDIUM,2.7254698463,HIGH,RVMR-V1,HISTORICAL_RECONSTRUCTION
G3-20250910102000--1,G3,2025-09-10 10:20:00,2025-09-10 10:20:00,2025-09-10 10:20:00,3.5150873478,HIGH,3.4985497629,HIGH,RVMR-V1,HISTORICAL_RECONSTRUCTION
G3-20250910114100--1,G3,2025-09-10 11:41:00,2025-09-10 11:41:00,2025-09-10 11:41:00,1.6696671040,MEDIUM,2.4388205099,HIGH,RVMR-V1,HISTORICAL_RECONSTRUCTION
G3-20250910134400--1,G3,2025-09-10 13:44:00,2025-09-10 13:44:00,2025-09-10 13:44:00,1.1704389146,LOW,1.3272161680,MEDIUM,RVMR-V1,HISTORICAL_RECONSTRUCTION
G3-20250911102000-+1,G3,2025-09-11 10:20:00,2025-09-11 10:20:00,2025-09-11 10:20:00,3.0271923119,HIGH,4.0483994275,HIGH,RVMR-V1,HISTORICAL_RECONSTRUCTION
G3-20250911105500-+1,G3,2025-09-11 10:55:00,2025-09-11 10:55:00,2025-09-11 10:55:00,1.6958752769,MEDIUM,3.5315457807,HIGH,RVMR-V1,HISTORICAL_RECONSTRUCTION
G3-20250911120700--1,G3,2025-09-11 12:07:00,2025-09-11 12:07:00,2025-09-11 12:07:00,0.5427660191,LOW,0.9915342195,LOW,RVMR-V1,HISTORICAL_RECONSTRUCTION
G3-20250912111900-+1,G3,2025-09-12 11:19:00,2025-09-12 11:19:00,2025-09-12 11:19:00,2.1964285714,MEDIUM,3.8035873470,HIGH,RVMR-V1,HISTORICAL_RECONSTRUCTION
G3-20250918105100-+1,G3,2025-09-18 10:51:00,2025-09-18 10:51:00,2025-09-18 10:51:00,1.6523063443,MEDIUM,2.1073956871,MEDIUM,RVMR-V1,HISTORICAL_RECONSTRUCTION
G3-20250919102100-+1,G3,2025-09-19 10:21:00,2025-09-19 10:21:00,2025-09-19 10:21:00,2.2090729783,MEDIUM,6.1173563235,HIGH,RVMR-V1,HISTORICAL_RECONSTRUCTION
G3-20250923123000--1,G3,2025-09-23 12:30:00,2025-09-23 12:30:00,2025-09-23 12:30:00,1.4015416959,MEDIUM,2.6956348015,HIGH,RVMR-V1,HISTORICAL_RECONSTRUCTION
G3-20250924102500-+1,G3,2025-09-24 10:25:00,2025-09-24 10:25:00,2025-09-24 10:25:00,1.4380227188,MEDIUM,2.6464548447,HIGH,RVMR-V1,HISTORICAL_RECONSTRUCTION
G3-20250924105500--1,G3,2025-09-24 10:55:00,2025-09-24 10:55:00,2025-09-24 10:55:00,2.9057888763,HIGH,4.1074686154,HIGH,RVMR-V1,HISTORICAL_RECONSTRUCTION
G3-20250924123000--1,G3,2025-09-24 12:30:00,2025-09-24 12:30:00,2025-09-24 12:30:00,0.9341117598,LOW,1.5215644254,MEDIUM,RVMR-V1,HISTORICAL_RECONSTRUCTION
G3-20250926110100-+1,G3,2025-09-26 11:01:00,2025-09-26 11:01:00,2025-09-26 11:01:00,1.7188721959,MEDIUM,2.9737207235,HIGH,RVMR-V1,HISTORICAL_RECONSTRUCTION
G3-20250926115100-+1,G3,2025-09-26 11:51:00,2025-09-26 11:51:00,2025-09-26 11:51:00,3.0200589725,HIGH,2.2838274480,MEDIUM,RVMR-V1,HISTORICAL_RECONSTRUCTION
G3-20250929103000-+1,G3,2025-09-29 10:30:00,2025-09-29 10:30:00,2025-09-29 10:30:00,1.1743418538,LOW,2.0671109017,MEDIUM,RVMR-V1,HISTORICAL_RECONSTRUCTION
G3-20250929132400--1,G3,2025-09-29 13:24:00,2025-09-29 13:24:00,2025-09-29 13:24:00,1.4726583649,MEDIUM,0.8944203218,LOW,RVMR-V1,HISTORICAL_RECONSTRUCTION
G3-20251001102000--1,G3,2025-10-01 10:20:00,2025-10-01 10:20:00,2025-10-01 10:20:00,1.8908761603,MEDIUM,4.8850066461,HIGH,RVMR-V1,HISTORICAL_RECONSTRUCTION
G3-20251001112200-+1,G3,2025-10-01 11:22:00,2025-10-01 11:22:00,2025-10-01 11:22:00,1.0806500786,LOW,2.0297937365,MEDIUM,RVMR-V1,HISTORICAL_RECONSTRUCTION
G3-20251002121600-+1,G3,2025-10-02 12:16:00,2025-10-02 12:16:00,2025-10-02 12:16:00,1.3701236917,MEDIUM,1.2126715606,LOW,RVMR-V1,HISTORICAL_RECONSTRUCTION
G3-20251003114600-+1,G3,2025-10-03 11:46:00,2025-10-03 11:46:00,2025-10-03 11:46:00,1.5987460815,MEDIUM,1.8291150359,MEDIUM,RVMR-V1,HISTORICAL_RECONSTRUCTION
G3-20251003121800-+1,G3,2025-10-03 12:18:00,2025-10-03 12:18:00,2025-10-03 12:18:00,1.3612424038,MEDIUM,1.1624584207,LOW,RVMR-V1,HISTORICAL_RECONSTRUCTION
G3-20251003141400--1,G3,2025-10-03 14:14:00,2025-10-03 14:14:00,2025-10-03 14:14:00,2.1493902439,MEDIUM,3.1964391939,HIGH,RVMR-V1,HISTORICAL_RECONSTRUCTION
G3-20251006105700--1,G3,2025-10-06 10:57:00,2025-10-06 10:57:00,2025-10-06 10:57:00,1.5210885038,MEDIUM,1.6335473087,MEDIUM,RVMR-V1,HISTORICAL_RECONSTRUCTION
G3-20251006134700-+1,G3,2025-10-06 13:47:00,2025-10-06 13:47:00,2025-10-06 13:47:00,1.0312450268,LOW,1.0245488159,LOW,RVMR-V1,HISTORICAL_RECONSTRUCTION
G3-20251007124000--1,G3,2025-10-07 12:40:00,2025-10-07 12:40:00,2025-10-07 12:40:00,1.6048676165,MEDIUM,1.6375409477,MEDIUM,RVMR-V1,HISTORICAL_RECONSTRUCTION
G3-20251007142400--1,G3,2025-10-07 14:24:00,2025-10-07 14:24:00,2025-10-07 14:24:00,1.0605330992,LOW,0.7304519886,LOW,RVMR-V1,HISTORICAL_RECONSTRUCTION
G3-20251008111200--1,G3,2025-10-08 11:12:00,2025-10-08 11:12:00,2025-10-08 11:12:00,1.3704134504,MEDIUM,2.2448232866,MEDIUM,RVMR-V1,HISTORICAL_RECONSTRUCTION
G3-20251008114600-+1,G3,2025-10-08 11:46:00,2025-10-08 11:46:00,2025-10-08 11:46:00,0.9624124472,LOW,1.0097406382,LOW,RVMR-V1,HISTORICAL_RECONSTRUCTION
G3-20251009105200--1,G3,2025-10-09 10:52:00,2025-10-09 10:52:00,2025-10-09 10:52:00,1.9258693160,MEDIUM,3.2794885885,HIGH,RVMR-V1,HISTORICAL_RECONSTRUCTION
G3-20251009112200-+1,G3,2025-10-09 11:22:00,2025-10-09 11:22:00,2025-10-09 11:22:00,2.8159261396,HIGH,3.8401320981,HIGH,RVMR-V1,HISTORICAL_RECONSTRUCTION
G3-20251009115200--1,G3,2025-10-09 11:52:00,2025-10-09 11:52:00,2025-10-09 11:52:00,1.6563358681,MEDIUM,2.5437482749,HIGH,RVMR-V1,HISTORICAL_RECONSTRUCTION
G3-20251010102200--1,G3,2025-10-10 10:22:00,2025-10-10 10:22:00,2025-10-10 10:22:00,1.5515151515,MEDIUM,2.9654495134,HIGH,RVMR-V1,HISTORICAL_RECONSTRUCTION
G3-20251010115200--1,G3,2025-10-10 11:52:00,2025-10-10 11:52:00,2025-10-10 11:52:00,6.4779289314,HIGH,6.7220400729,HIGH,RVMR-V1,HISTORICAL_RECONSTRUCTION
G3-20251010135000-+1,G3,2025-10-10 13:50:00,2025-10-10 13:50:00,2025-10-10 13:50:00,1.3353698451,MEDIUM,1.8071643426,MEDIUM,RVMR-V1,HISTORICAL_RECONSTRUCTION
G3-20251013102100-+1,G3,2025-10-13 10:21:00,2025-10-13 10:21:00,2025-10-13 10:21:00,1.5572499072,MEDIUM,3.4093662330,HIGH,RVMR-V1,HISTORICAL_RECONSTRUCTION
G3-20251013112100--1,G3,2025-10-13 11:21:00,2025-10-13 11:21:00,2025-10-13 11:21:00,0.6957193932,LOW,1.7324393981,MEDIUM,RVMR-V1,HISTORICAL_RECONSTRUCTION
G3-20251013131700-+1,G3,2025-10-13 13:17:00,2025-10-13 13:17:00,2025-10-13 13:17:00,1.0193107731,LOW,1.1708512477,LOW,RVMR-V1,HISTORICAL_RECONSTRUCTION
G3-20251014112600-+1,G3,2025-10-14 11:26:00,2025-10-14 11:26:00,2025-10-14 11:26:00,0.9631963850,LOW,1.6028350850,MEDIUM,RVMR-V1,HISTORICAL_RECONSTRUCTION
G3-20251014120700-+1,G3,2025-10-14 12:07:00,2025-10-14 12:07:00,2025-10-14 12:07:00,1.2977454677,MEDIUM,1.7669119260,MEDIUM,RVMR-V1,HISTORICAL_RECONSTRUCTION
G3-20251016102100--1,G3,2025-10-16 10:21:00,2025-10-16 10:21:00,2025-10-16 10:21:00,1.4374314749,MEDIUM,2.6858473592,HIGH,RVMR-V1,HISTORICAL_RECONSTRUCTION
G3-20251016110200-+1,G3,2025-10-16 11:02:00,2025-10-16 11:02:00,2025-10-16 11:02:00,1.5662233648,MEDIUM,2.4572550247,HIGH,RVMR-V1,HISTORICAL_RECONSTRUCTION
G3-20251021111900-+1,G3,2025-10-21 11:19:00,2025-10-21 11:19:00,2025-10-21 11:19:00,1.8666225385,MEDIUM,2.8390607441,HIGH,RVMR-V1,HISTORICAL_RECONSTRUCTION
G3-20251021132200--1,G3,2025-10-21 13:22:00,2025-10-21 13:22:00,2025-10-21 13:22:00,2.8016342867,HIGH,2.5396825397,HIGH,RVMR-V1,HISTORICAL_RECONSTRUCTION
G3-20251022110300--1,G3,2025-10-22 11:03:00,2025-10-22 11:03:00,2025-10-22 11:03:00,2.6157428971,HIGH,3.9001237297,HIGH,RVMR-V1,HISTORICAL_RECONSTRUCTION
G3-20251022120700-+1,G3,2025-10-22 12:07:00,2025-10-22 12:07:00,2025-10-22 12:07:00,4.0091446162,HIGH,3.6763621389,HIGH,RVMR-V1,HISTORICAL_RECONSTRUCTION
G3-20251022125100--1,G3,2025-10-22 12:51:00,2025-10-22 12:51:00,2025-10-22 12:51:00,4.4075073862,HIGH,4.6346388803,HIGH,RVMR-V1,HISTORICAL_RECONSTRUCTION
G3-20251023103100--1,G3,2025-10-23 10:31:00,2025-10-23 10:31:00,2025-10-23 10:31:00,1.9251639692,MEDIUM,4.2584361555,HIGH,RVMR-V1,HISTORICAL_RECONSTRUCTION
G3-20251023115200-+1,G3,2025-10-23 11:52:00,2025-10-23 11:52:00,2025-10-23 11:52:00,1.2162162162,LOW,1.3365080604,MEDIUM,RVMR-V1,HISTORICAL_RECONSTRUCTION
G3-20251024105100--1,G3,2025-10-24 10:51:00,2025-10-24 10:51:00,2025-10-24 10:51:00,1.7838452787,MEDIUM,2.5628125459,HIGH,RVMR-V1,HISTORICAL_RECONSTRUCTION
G3-20251024112100--1,G3,2025-10-24 11:21:00,2025-10-24 11:21:00,2025-10-24 11:21:00,2.0294682896,MEDIUM,2.7004931617,HIGH,RVMR-V1,HISTORICAL_RECONSTRUCTION
G3-20251027102200-+1,G3,2025-10-27 10:22:00,2025-10-27 10:22:00,2025-10-27 10:22:00,2.2616984402,MEDIUM,2.4473664869,HIGH,RVMR-V1,HISTORICAL_RECONSTRUCTION
G3-20251027105500-+1,G3,2025-10-27 10:55:00,2025-10-27 10:55:00,2025-10-27 10:55:00,2.2405601400,MEDIUM,2.3438939531,HIGH,RVMR-V1,HISTORICAL_RECONSTRUCTION
G3-20251028110600--1,G3,2025-10-28 11:06:00,2025-10-28 11:06:00,2025-10-28 11:06:00,1.5355393382,MEDIUM,2.2902328786,MEDIUM,RVMR-V1,HISTORICAL_RECONSTRUCTION
G3-20251028122200-+1,G3,2025-10-28 12:22:00,2025-10-28 12:22:00,2025-10-28 12:22:00,1.4417400311,MEDIUM,1.8292566475,MEDIUM,RVMR-V1,HISTORICAL_RECONSTRUCTION
G3-20251029102000-+1,G3,2025-10-29 10:20:00,2025-10-29 10:20:00,2025-10-29 10:20:00,2.4249343532,HIGH,2.7651519611,HIGH,RVMR-V1,HISTORICAL_RECONSTRUCTION
G3-20251030102000-+1,G3,2025-10-30 10:20:00,2025-10-30 10:20:00,2025-10-30 10:20:00,2.0344255496,MEDIUM,2.4925662789,HIGH,RVMR-V1,HISTORICAL_RECONSTRUCTION
G3-20251030105000--1,G3,2025-10-30 10:50:00,2025-10-30 10:50:00,2025-10-30 10:50:00,1.6824138982,MEDIUM,2.1763003355,MEDIUM,RVMR-V1,HISTORICAL_RECONSTRUCTION
G3-20251030112000--1,G3,2025-10-30 11:20:00,2025-10-30 11:20:00,2025-10-30 11:20:00,1.0323229782,LOW,1.2028528821,LOW,RVMR-V1,HISTORICAL_RECONSTRUCTION
G3-20251030123400-+1,G3,2025-10-30 12:34:00,2025-10-30 12:34:00,2025-10-30 12:34:00,1.0173398942,LOW,1.4337523442,MEDIUM,RVMR-V1,HISTORICAL_RECONSTRUCTION
G3-20251030143600--1,G3,2025-10-30 14:36:00,2025-10-30 14:36:00,2025-10-30 14:36:00,0.5739546344,LOW,0.7029635902,LOW,RVMR-V1,HISTORICAL_RECONSTRUCTION
G3-20251031102500--1,G3,2025-10-31 10:25:00,2025-10-31 10:25:00,2025-10-31 10:25:00,1.3649289100,MEDIUM,3.0557725005,HIGH,RVMR-V1,HISTORICAL_RECONSTRUCTION
G3-20251031125300-+1,G3,2025-10-31 12:53:00,2025-10-31 12:53:00,2025-10-31 12:53:00,1.5694233046,MEDIUM,2.0272686068,MEDIUM,RVMR-V1,HISTORICAL_RECONSTRUCTION
G3-20251103105100--1,G3,2025-11-03 10:51:00,2025-11-03 10:51:00,2025-11-03 10:51:00,2.3780213181,HIGH,2.8808314463,HIGH,RVMR-V1,HISTORICAL_RECONSTRUCTION
G3-20251104102000-+1,G3,2025-11-04 10:20:00,2025-11-04 10:20:00,2025-11-04 10:20:00,2.9823202559,HIGH,4.4284607890,HIGH,RVMR-V1,HISTORICAL_RECONSTRUCTION
G3-20251104124000--1,G3,2025-11-04 12:40:00,2025-11-04 12:40:00,2025-11-04 12:40:00,1.6128703798,MEDIUM,2.0459448208,MEDIUM,RVMR-V1,HISTORICAL_RECONSTRUCTION
G3-20251104141500-+1,G3,2025-11-04 14:15:00,2025-11-04 14:15:00,2025-11-04 14:15:00,1.3313961168,MEDIUM,1.1893029012,LOW,RVMR-V1,HISTORICAL_RECONSTRUCTION
G3-20251105102000-+1,G3,2025-11-05 10:20:00,2025-11-05 10:20:00,2025-11-05 10:20:00,2.2123456790,MEDIUM,2.7482301898,HIGH,RVMR-V1,HISTORICAL_RECONSTRUCTION
G3-20251106123200-+1,G3,2025-11-06 12:32:00,2025-11-06 12:32:00,2025-11-06 12:32:00,2.0260030851,MEDIUM,2.2865331516,MEDIUM,RVMR-V1,HISTORICAL_RECONSTRUCTION
G3-20251106131500-+1,G3,2025-11-06 13:15:00,2025-11-06 13:15:00,2025-11-06 13:15:00,1.2154110949,LOW,1.5075199156,MEDIUM,RVMR-V1,HISTORICAL_RECONSTRUCTION
G3-20251106135700-+1,G3,2025-11-06 13:57:00,2025-11-06 13:57:00,2025-11-06 13:57:00,1.7620634691,MEDIUM,3.1380351672,HIGH,RVMR-V1,HISTORICAL_RECONSTRUCTION
G3-20251107102700--1,G3,2025-11-07 10:27:00,2025-11-07 10:27:00,2025-11-07 10:27:00,2.1475493271,MEDIUM,4.4419337179,HIGH,RVMR-V1,HISTORICAL_RECONSTRUCTION
G3-20251107113700--1,G3,2025-11-07 11:37:00,2025-11-07 11:37:00,2025-11-07 11:37:00,1.4581926897,MEDIUM,1.9787952920,MEDIUM,RVMR-V1,HISTORICAL_RECONSTRUCTION
G3-20251107122800--1,G3,2025-11-07 12:28:00,2025-11-07 12:28:00,2025-11-07 12:28:00,1.6863905325,MEDIUM,2.1140386200,MEDIUM,RVMR-V1,HISTORICAL_RECONSTRUCTION
G3-20251107130900--1,G3,2025-11-07 13:09:00,2025-11-07 13:09:00,2025-11-07 13:09:00,1.5788096632,MEDIUM,2.3368183648,HIGH,RVMR-V1,HISTORICAL_RECONSTRUCTION
G3-20251110122400-+1,G3,2025-11-10 12:24:00,2025-11-10 12:24:00,2025-11-10 12:24:00,0.7778589813,LOW,1.1743789153,LOW,RVMR-V1,HISTORICAL_RECONSTRUCTION
G3-20251111111700--1,G3,2025-11-11 11:17:00,2025-11-11 11:17:00,2025-11-11 11:17:00,1.4912835855,MEDIUM,1.6777076732,MEDIUM,RVMR-V1,HISTORICAL_RECONSTRUCTION
G3-20251111135700--1,G3,2025-11-11 13:57:00,2025-11-11 13:57:00,2025-11-11 13:57:00,0.7126596061,LOW,1.0851019873,LOW,RVMR-V1,HISTORICAL_RECONSTRUCTION
G3-20251112105700--1,G3,2025-11-12 10:57:00,2025-11-12 10:57:00,2025-11-12 10:57:00,1.8887122417,MEDIUM,2.5791660696,HIGH,RVMR-V1,HISTORICAL_RECONSTRUCTION
G3-20251112114800-+1,G3,2025-11-12 11:48:00,2025-11-12 11:48:00,2025-11-12 11:48:00,2.9296591733,HIGH,4.7171271474,HIGH,RVMR-V1,HISTORICAL_RECONSTRUCTION
G3-20251112130000-+1,G3,2025-11-12 13:00:00,2025-11-12 13:00:00,2025-11-12 13:00:00,1.2130937099,LOW,1.7160182944,MEDIUM,RVMR-V1,HISTORICAL_RECONSTRUCTION
G3-20251113145000-+1,G3,2025-11-13 14:50:00,2025-11-13 14:50:00,2025-11-13 14:50:00,1.0075143781,LOW,1.2485995632,LOW,RVMR-V1,HISTORICAL_RECONSTRUCTION
G3-20251114112200--1,G3,2025-11-14 11:22:00,2025-11-14 11:22:00,2025-11-14 11:22:00,1.5990167858,MEDIUM,1.6487874460,MEDIUM,RVMR-V1,HISTORICAL_RECONSTRUCTION
G3-20251117110900-+1,G3,2025-11-17 11:09:00,2025-11-17 11:09:00,2025-11-17 11:09:00,1.5412058509,MEDIUM,3.2663612561,HIGH,RVMR-V1,HISTORICAL_RECONSTRUCTION
G3-20251118105100-+1,G3,2025-11-18 10:51:00,2025-11-18 10:51:00,2025-11-18 10:51:00,2.5856694677,HIGH,3.6967557621,HIGH,RVMR-V1,HISTORICAL_RECONSTRUCTION
G3-20251118112200--1,G3,2025-11-18 11:22:00,2025-11-18 11:22:00,2025-11-18 11:22:00,1.7572568868,MEDIUM,2.4723165503,HIGH,RVMR-V1,HISTORICAL_RECONSTRUCTION
G3-20251118115200-+1,G3,2025-11-18 11:52:00,2025-11-18 11:52:00,2025-11-18 11:52:00,2.7882187378,HIGH,1.9373388666,MEDIUM,RVMR-V1,HISTORICAL_RECONSTRUCTION
G3-20251119115700--1,G3,2025-11-19 11:57:00,2025-11-19 11:57:00,2025-11-19 11:57:00,1.0407739724,LOW,2.1651069745,MEDIUM,RVMR-V1,HISTORICAL_RECONSTRUCTION
G3-20251119122900--1,G3,2025-11-19 12:29:00,2025-11-19 12:29:00,2025-11-19 12:29:00,2.5155601117,HIGH,3.3044111952,HIGH,RVMR-V1,HISTORICAL_RECONSTRUCTION
G3-20251119125900--1,G3,2025-11-19 12:59:00,2025-11-19 12:59:00,2025-11-19 12:59:00,1.1915660253,LOW,2.0182531623,MEDIUM,RVMR-V1,HISTORICAL_RECONSTRUCTION
G3-20251120102000-+1,G3,2025-11-20 10:20:00,2025-11-20 10:20:00,2025-11-20 10:20:00,1.8316152723,MEDIUM,2.8950772984,HIGH,RVMR-V1,HISTORICAL_RECONSTRUCTION
G3-20251120105200-+1,G3,2025-11-20 10:52:00,2025-11-20 10:52:00,2025-11-20 10:52:00,1.1714623220,LOW,1.8946636570,MEDIUM,RVMR-V1,HISTORICAL_RECONSTRUCTION
G3-20251120130500--1,G3,2025-11-20 13:05:00,2025-11-20 13:05:00,2025-11-20 13:05:00,1.3113455942,MEDIUM,2.3464522351,HIGH,RVMR-V1,HISTORICAL_RECONSTRUCTION
G3-20251121110100--1,G3,2025-11-21 11:01:00,2025-11-21 11:01:00,2025-11-21 11:01:00,1.4293907443,MEDIUM,1.7869910406,MEDIUM,RVMR-V1,HISTORICAL_RECONSTRUCTION
G3-20251121122000-+1,G3,2025-11-21 12:20:00,2025-11-21 12:20:00,2025-11-21 12:20:00,1.5172874853,MEDIUM,1.7551472730,MEDIUM,RVMR-V1,HISTORICAL_RECONSTRUCTION
G3-20251124110000-+1,G3,2025-11-24 11:00:00,2025-11-24 11:00:00,2025-11-24 11:00:00,0.7963215189,LOW,0.8682252349,LOW,RVMR-V1,HISTORICAL_RECONSTRUCTION
G3-20251124130100-+1,G3,2025-11-24 13:01:00,2025-11-24 13:01:00,2025-11-24 13:01:00,0.6534121440,LOW,1.0046652377,LOW,RVMR-V1,HISTORICAL_RECONSTRUCTION
G3-20251125102100-+1,G3,2025-11-25 10:21:00,2025-11-25 10:21:00,2025-11-25 10:21:00,3.9293375394,HIGH,5.4614074876,HIGH,RVMR-V1,HISTORICAL_RECONSTRUCTION
G3-20251125105100-+1,G3,2025-11-25 10:51:00,2025-11-25 10:51:00,2025-11-25 10:51:00,2.7256810259,HIGH,4.9825296634,HIGH,RVMR-V1,HISTORICAL_RECONSTRUCTION
G3-20251125112200--1,G3,2025-11-25 11:22:00,2025-11-25 11:22:00,2025-11-25 11:22:00,1.9414483821,MEDIUM,3.7517655817,HIGH,RVMR-V1,HISTORICAL_RECONSTRUCTION
G3-20251125125800-+1,G3,2025-11-25 12:58:00,2025-11-25 12:58:00,2025-11-25 12:58:00,1.7387047824,MEDIUM,1.9572351848,MEDIUM,RVMR-V1,HISTORICAL_RECONSTRUCTION
G3-20251126102100--1,G3,2025-11-26 10:21:00,2025-11-26 10:21:00,2025-11-26 10:21:00,2.5840090738,HIGH,2.6698571038,HIGH,RVMR-V1,HISTORICAL_RECONSTRUCTION
G3-20251126133000--1,G3,2025-11-26 13:30:00,2025-11-26 13:30:00,2025-11-26 13:30:00,0.9024562822,LOW,1.1913015766,LOW,RVMR-V1,HISTORICAL_RECONSTRUCTION
G3-20251201105500--1,G3,2025-12-01 10:55:00,2025-12-01 10:55:00,2025-12-01 10:55:00,1.8317328365,MEDIUM,4.5722814589,HIGH,RVMR-V1,HISTORICAL_RECONSTRUCTION
G3-20251201112500-+1,G3,2025-12-01 11:25:00,2025-12-01 11:25:00,2025-12-01 11:25:00,1.4055881892,MEDIUM,2.3258397197,MEDIUM,RVMR-V1,HISTORICAL_RECONSTRUCTION
G3-20251202102200-+1,G3,2025-12-02 10:22:00,2025-12-02 10:22:00,2025-12-02 10:22:00,1.5004508566,MEDIUM,2.5119586055,HIGH,RVMR-V1,HISTORICAL_RECONSTRUCTION
G3-20251202105200--1,G3,2025-12-02 10:52:00,2025-12-02 10:52:00,2025-12-02 10:52:00,1.5799097891,MEDIUM,4.4562648850,HIGH,RVMR-V1,HISTORICAL_RECONSTRUCTION
G3-20251202115600--1,G3,2025-12-02 11:56:00,2025-12-02 11:56:00,2025-12-02 11:56:00,2.0871695417,MEDIUM,4.1193256350,HIGH,RVMR-V1,HISTORICAL_RECONSTRUCTION
G3-20251202124200-+1,G3,2025-12-02 12:42:00,2025-12-02 12:42:00,2025-12-02 12:42:00,2.1927279462,MEDIUM,1.8121800465,MEDIUM,RVMR-V1,HISTORICAL_RECONSTRUCTION
G3-20251202131900--1,G3,2025-12-02 13:19:00,2025-12-02 13:19:00,2025-12-02 13:19:00,1.5575192343,MEDIUM,1.0939524488,LOW,RVMR-V1,HISTORICAL_RECONSTRUCTION
G3-20251203102500-+1,G3,2025-12-03 10:25:00,2025-12-03 10:25:00,2025-12-03 10:25:00,1.9710815500,MEDIUM,2.3782895133,HIGH,RVMR-V1,HISTORICAL_RECONSTRUCTION
G3-20251203105800-+1,G3,2025-12-03 10:58:00,2025-12-03 10:58:00,2025-12-03 10:58:00,1.7529079878,MEDIUM,1.8632486340,MEDIUM,RVMR-V1,HISTORICAL_RECONSTRUCTION
G3-20251203113600--1,G3,2025-12-03 11:36:00,2025-12-03 11:36:00,2025-12-03 11:36:00,1.3430747707,MEDIUM,2.4459731620,HIGH,RVMR-V1,HISTORICAL_RECONSTRUCTION
G3-20251203121600--1,G3,2025-12-03 12:16:00,2025-12-03 12:16:00,2025-12-03 12:16:00,1.3342007215,MEDIUM,1.8243670427,MEDIUM,RVMR-V1,HISTORICAL_RECONSTRUCTION
G3-20251204104600--1,G3,2025-12-04 10:46:00,2025-12-04 10:46:00,2025-12-04 10:46:00,1.2821368948,MEDIUM,2.7815172353,HIGH,RVMR-V1,HISTORICAL_RECONSTRUCTION
G3-20251204121800-+1,G3,2025-12-04 12:18:00,2025-12-04 12:18:00,2025-12-04 12:18:00,1.5316976315,MEDIUM,1.2886678462,MEDIUM,RVMR-V1,HISTORICAL_RECONSTRUCTION
G3-20251204144200--1,G3,2025-12-04 14:42:00,2025-12-04 14:42:00,2025-12-04 14:42:00,2.0195873348,MEDIUM,2.9846599669,HIGH,RVMR-V1,HISTORICAL_RECONSTRUCTION
G3-20251205121500-+1,G3,2025-12-05 12:15:00,2025-12-05 12:15:00,2025-12-05 12:15:00,1.7668302621,MEDIUM,1.4085198197,MEDIUM,RVMR-V1,HISTORICAL_RECONSTRUCTION
G3-20251208122100--1,G3,2025-12-08 12:21:00,2025-12-08 12:21:00,2025-12-08 12:21:00,1.5964523282,MEDIUM,2.5414858757,HIGH,RVMR-V1,HISTORICAL_RECONSTRUCTION
G3-20251208131900-+1,G3,2025-12-08 13:19:00,2025-12-08 13:19:00,2025-12-08 13:19:00,1.8307822705,MEDIUM,2.9963826576,HIGH,RVMR-V1,HISTORICAL_RECONSTRUCTION
G3-20251208141900--1,G3,2025-12-08 14:19:00,2025-12-08 14:19:00,2025-12-08 14:19:00,1.4553701284,MEDIUM,1.8062705490,MEDIUM,RVMR-V1,HISTORICAL_RECONSTRUCTION
G3-20251209102400-+1,G3,2025-12-09 10:24:00,2025-12-09 10:24:00,2025-12-09 10:24:00,1.4727130299,MEDIUM,1.6891721106,MEDIUM,RVMR-V1,HISTORICAL_RECONSTRUCTION
G3-20251209122400-+1,G3,2025-12-09 12:24:00,2025-12-09 12:24:00,2025-12-09 12:24:00,1.4317503906,MEDIUM,2.8302933930,HIGH,RVMR-V1,HISTORICAL_RECONSTRUCTION
G3-20251210112700--1,G3,2025-12-10 11:27:00,2025-12-10 11:27:00,2025-12-10 11:27:00,2.2526701910,MEDIUM,2.2211272951,MEDIUM,RVMR-V1,HISTORICAL_RECONSTRUCTION
G3-20251211102000--1,G3,2025-12-11 10:20:00,2025-12-11 10:20:00,2025-12-11 10:20:00,1.0545419811,LOW,1.7332182445,MEDIUM,RVMR-V1,HISTORICAL_RECONSTRUCTION
G3-20251211114000--1,G3,2025-12-11 11:40:00,2025-12-11 11:40:00,2025-12-11 11:40:00,1.1973079397,LOW,1.7182875981,MEDIUM,RVMR-V1,HISTORICAL_RECONSTRUCTION
G3-20251211121700--1,G3,2025-12-11 12:17:00,2025-12-11 12:17:00,2025-12-11 12:17:00,1.6681277395,MEDIUM,1.7887081053,MEDIUM,RVMR-V1,HISTORICAL_RECONSTRUCTION
G3-20251212133700-+1,G3,2025-12-12 13:37:00,2025-12-12 13:37:00,2025-12-12 13:37:00,1.3152532846,MEDIUM,1.3364169362,MEDIUM,RVMR-V1,HISTORICAL_RECONSTRUCTION
G3-20251216102000-+1,G3,2025-12-16 10:20:00,2025-12-16 10:20:00,2025-12-16 10:20:00,1.5390096188,MEDIUM,3.1881381767,HIGH,RVMR-V1,HISTORICAL_RECONSTRUCTION
G3-20251216111400-+1,G3,2025-12-16 11:14:00,2025-12-16 11:14:00,2025-12-16 11:14:00,2.3834651350,HIGH,4.3164563346,HIGH,RVMR-V1,HISTORICAL_RECONSTRUCTION
G3-20251218102100-+1,G3,2025-12-18 10:21:00,2025-12-18 10:21:00,2025-12-18 10:21:00,1.8279324509,MEDIUM,2.8459668710,HIGH,RVMR-V1,HISTORICAL_RECONSTRUCTION
G3-20251218113300-+1,G3,2025-12-18 11:33:00,2025-12-18 11:33:00,2025-12-18 11:33:00,0.9392232434,LOW,1.3124495032,MEDIUM,RVMR-V1,HISTORICAL_RECONSTRUCTION
G3-20251219104600--1,G3,2025-12-19 10:46:00,2025-12-19 10:46:00,2025-12-19 10:46:00,1.7530595246,MEDIUM,2.9671923951,HIGH,RVMR-V1,HISTORICAL_RECONSTRUCTION
G3-20251219113300-+1,G3,2025-12-19 11:33:00,2025-12-19 11:33:00,2025-12-19 11:33:00,0.6937683784,LOW,0.7993800267,LOW,RVMR-V1,HISTORICAL_RECONSTRUCTION
G3-20251222105700--1,G3,2025-12-22 10:57:00,2025-12-22 10:57:00,2025-12-22 10:57:00,1.1790808241,LOW,1.5070479236,MEDIUM,RVMR-V1,HISTORICAL_RECONSTRUCTION
G3-20251222113700-+1,G3,2025-12-22 11:37:00,2025-12-22 11:37:00,2025-12-22 11:37:00,1.3246362268,MEDIUM,1.8421338842,MEDIUM,RVMR-V1,HISTORICAL_RECONSTRUCTION
G3-20251222131800-+1,G3,2025-12-22 13:18:00,2025-12-22 13:18:00,2025-12-22 13:18:00,1.3051359517,MEDIUM,1.4362710782,MEDIUM,RVMR-V1,HISTORICAL_RECONSTRUCTION
G3-20251223102200--1,G3,2025-12-23 10:22:00,2025-12-23 10:22:00,2025-12-23 10:22:00,2.1168999177,MEDIUM,3.0402724378,HIGH,RVMR-V1,HISTORICAL_RECONSTRUCTION
G3-20251226102100--1,G3,2025-12-26 10:21:00,2025-12-26 10:21:00,2025-12-26 10:21:00,4.2089879430,HIGH,10.2609600482,HIGH,RVMR-V1,HISTORICAL_RECONSTRUCTION
G3-20251226113500--1,G3,2025-12-26 11:35:00,2025-12-26 11:35:00,2025-12-26 11:35:00,0.8688110411,LOW,0.8146675206,LOW,RVMR-V1,HISTORICAL_RECONSTRUCTION
G3-20251230102000-+1,G3,2025-12-30 10:20:00,2025-12-30 10:20:00,2025-12-30 10:20:00,1.7427084594,MEDIUM,2.2320776526,MEDIUM,RVMR-V1,HISTORICAL_RECONSTRUCTION
G3-20260105133700--1,G3,2026-01-05 13:37:00,2026-01-05 13:37:00,2026-01-05 13:37:00,1.8424202402,MEDIUM,2.7103143031,HIGH,RVMR-V1,HISTORICAL_RECONSTRUCTION
G3-20260106114300-+1,G3,2026-01-06 11:43:00,2026-01-06 11:43:00,2026-01-06 11:43:00,2.7208680865,HIGH,3.9717283558,HIGH,RVMR-V1,HISTORICAL_RECONSTRUCTION
G3-20260106140800-+1,G3,2026-01-06 14:08:00,2026-01-06 14:08:00,2026-01-06 14:08:00,1.2170042539,LOW,1.4232545806,MEDIUM,RVMR-V1,HISTORICAL_RECONSTRUCTION
G3-20260107102200--1,G3,2026-01-07 10:22:00,2026-01-07 10:22:00,2026-01-07 10:22:00,2.8585202620,HIGH,4.5067873635,HIGH,RVMR-V1,HISTORICAL_RECONSTRUCTION
G3-20260107112200-+1,G3,2026-01-07 11:22:00,2026-01-07 11:22:00,2026-01-07 11:22:00,1.0637669168,LOW,1.7767909056,MEDIUM,RVMR-V1,HISTORICAL_RECONSTRUCTION
G3-20260108102200--1,G3,2026-01-08 10:22:00,2026-01-08 10:22:00,2026-01-08 10:22:00,2.2294627383,MEDIUM,2.4267348067,HIGH,RVMR-V1,HISTORICAL_RECONSTRUCTION
G3-20260109110700--1,G3,2026-01-09 11:07:00,2026-01-09 11:07:00,2026-01-09 11:07:00,1.8643266682,MEDIUM,2.9101724962,HIGH,RVMR-V1,HISTORICAL_RECONSTRUCTION
G3-20260112110400--1,G3,2026-01-12 11:04:00,2026-01-12 11:04:00,2026-01-12 11:04:00,1.1714643304,LOW,1.6157862393,MEDIUM,RVMR-V1,HISTORICAL_RECONSTRUCTION
G3-20260112113600-+1,G3,2026-01-12 11:36:00,2026-01-12 11:36:00,2026-01-12 11:36:00,1.1613156346,LOW,1.9227544254,MEDIUM,RVMR-V1,HISTORICAL_RECONSTRUCTION
G3-20260113105300--1,G3,2026-01-13 10:53:00,2026-01-13 10:53:00,2026-01-13 10:53:00,1.8061652757,MEDIUM,3.1047813951,HIGH,RVMR-V1,HISTORICAL_RECONSTRUCTION
G3-20260113123800--1,G3,2026-01-13 12:38:00,2026-01-13 12:38:00,2026-01-13 12:38:00,1.5392838055,MEDIUM,1.6847671669,MEDIUM,RVMR-V1,HISTORICAL_RECONSTRUCTION
G3-20260114103500-+1,G3,2026-01-14 10:35:00,2026-01-14 10:35:00,2026-01-14 10:35:00,1.2339331620,LOW,2.1831548418,MEDIUM,RVMR-V1,HISTORICAL_RECONSTRUCTION
G3-20260114115000-+1,G3,2026-01-14 11:50:00,2026-01-14 11:50:00,2026-01-14 11:50:00,1.6958838520,MEDIUM,3.0320926785,HIGH,RVMR-V1,HISTORICAL_RECONSTRUCTION
G3-20260115110700--1,G3,2026-01-15 11:07:00,2026-01-15 11:07:00,2026-01-15 11:07:00,1.0563380282,LOW,1.8772154219,MEDIUM,RVMR-V1,HISTORICAL_RECONSTRUCTION
G3-20260116143900--1,G3,2026-01-16 14:39:00,2026-01-16 14:39:00,2026-01-16 14:39:00,1.6981532583,MEDIUM,1.3039918625,MEDIUM,RVMR-V1,HISTORICAL_RECONSTRUCTION
G3-20260119102000-+1,G3,2026-01-19 10:20:00,2026-01-19 10:20:00,2026-01-19 10:20:00,0.7385021155,LOW,1.1377250519,LOW,RVMR-V1,HISTORICAL_RECONSTRUCTION
G3-20260120102700--1,G3,2026-01-20 10:27:00,2026-01-20 10:27:00,2026-01-20 10:27:00,2.1739205023,MEDIUM,7.4122557884,HIGH,RVMR-V1,HISTORICAL_RECONSTRUCTION
G3-20260120110800--1,G3,2026-01-20 11:08:00,2026-01-20 11:08:00,2026-01-20 11:08:00,1.7923823749,MEDIUM,4.3220792972,HIGH,RVMR-V1,HISTORICAL_RECONSTRUCTION
G3-20260120114600--1,G3,2026-01-20 11:46:00,2026-01-20 11:46:00,2026-01-20 11:46:00,1.6736347641,MEDIUM,4.4070297190,HIGH,RVMR-V1,HISTORICAL_RECONSTRUCTION
G3-20260121123300--1,G3,2026-01-21 12:33:00,2026-01-21 12:33:00,2026-01-21 12:33:00,1.5501043841,MEDIUM,3.0898339340,HIGH,RVMR-V1,HISTORICAL_RECONSTRUCTION
G3-20260121141200-+1,G3,2026-01-21 14:12:00,2026-01-21 14:12:00,2026-01-21 14:12:00,1.1747768500,LOW,1.0430799894,LOW,RVMR-V1,HISTORICAL_RECONSTRUCTION
G3-20260122102100--1,G3,2026-01-22 10:21:00,2026-01-22 10:21:00,2026-01-22 10:21:00,3.0203821075,HIGH,3.0797807568,HIGH,RVMR-V1,HISTORICAL_RECONSTRUCTION
G3-20260122105500-+1,G3,2026-01-22 10:55:00,2026-01-22 10:55:00,2026-01-22 10:55:00,1.4415090798,MEDIUM,1.9135615024,MEDIUM,RVMR-V1,HISTORICAL_RECONSTRUCTION
G3-20260122112500--1,G3,2026-01-22 11:25:00,2026-01-22 11:25:00,2026-01-22 11:25:00,0.4795356877,LOW,0.7149724507,LOW,RVMR-V1,HISTORICAL_RECONSTRUCTION
G3-20260123112100-+1,G3,2026-01-23 11:21:00,2026-01-23 11:21:00,2026-01-23 11:21:00,1.4122065728,MEDIUM,1.7603705864,MEDIUM,RVMR-V1,HISTORICAL_RECONSTRUCTION
G3-20260126111700-+1,G3,2026-01-26 11:17:00,2026-01-26 11:17:00,2026-01-26 11:17:00,1.1047786059,LOW,1.8478730592,MEDIUM,RVMR-V1,HISTORICAL_RECONSTRUCTION
G3-20260126115100-+1,G3,2026-01-26 11:51:00,2026-01-26 11:51:00,2026-01-26 11:51:00,0.8749608735,LOW,1.4101492177,MEDIUM,RVMR-V1,HISTORICAL_RECONSTRUCTION
G3-20260126134500-+1,G3,2026-01-26 13:45:00,2026-01-26 13:45:00,2026-01-26 13:45:00,0.7665107791,LOW,1.0772437833,LOW,RVMR-V1,HISTORICAL_RECONSTRUCTION
G3-20260127105900-+1,G3,2026-01-27 10:59:00,2026-01-27 10:59:00,2026-01-27 10:59:00,1.1266389683,LOW,1.6778461215,MEDIUM,RVMR-V1,HISTORICAL_RECONSTRUCTION
G3-20260128120500--1,G3,2026-01-28 12:05:00,2026-01-28 12:05:00,2026-01-28 12:05:00,1.7436052671,MEDIUM,3.1553404333,HIGH,RVMR-V1,HISTORICAL_RECONSTRUCTION
G3-20260129114900--1,G3,2026-01-29 11:49:00,2026-01-29 11:49:00,2026-01-29 11:49:00,1.7033408653,MEDIUM,3.5957443213,HIGH,RVMR-V1,HISTORICAL_RECONSTRUCTION
G3-20260129130800--1,G3,2026-01-29 13:08:00,2026-01-29 13:08:00,2026-01-29 13:08:00,1.7952742047,MEDIUM,2.5367191467,HIGH,RVMR-V1,HISTORICAL_RECONSTRUCTION
G3-20260130102000--1,G3,2026-01-30 10:20:00,2026-01-30 10:20:00,2026-01-30 10:20:00,1.7485267415,MEDIUM,2.3179431287,MEDIUM,RVMR-V1,HISTORICAL_RECONSTRUCTION
G3-20260130105000--1,G3,2026-01-30 10:50:00,2026-01-30 10:50:00,2026-01-30 10:50:00,1.2197405376,LOW,2.1016200088,MEDIUM,RVMR-V1,HISTORICAL_RECONSTRUCTION
G3-20260130114200--1,G3,2026-01-30 11:42:00,2026-01-30 11:42:00,2026-01-30 11:42:00,1.4453049260,MEDIUM,1.7008157384,MEDIUM,RVMR-V1,HISTORICAL_RECONSTRUCTION
G3-20260130122500--1,G3,2026-01-30 12:25:00,2026-01-30 12:25:00,2026-01-30 12:25:00,1.2299027020,LOW,2.2882811269,MEDIUM,RVMR-V1,HISTORICAL_RECONSTRUCTION
G3-20260130134100--1,G3,2026-01-30 13:41:00,2026-01-30 13:41:00,2026-01-30 13:41:00,1.0027855153,LOW,1.9761498891,MEDIUM,RVMR-V1,HISTORICAL_RECONSTRUCTION
G3-20260202122200-+1,G3,2026-02-02 12:22:00,2026-02-02 12:22:00,2026-02-02 12:22:00,1.0391087106,LOW,1.7335469417,MEDIUM,RVMR-V1,HISTORICAL_RECONSTRUCTION
G3-20260203105200--1,G3,2026-02-03 10:52:00,2026-02-03 10:52:00,2026-02-03 10:52:00,2.1303696754,MEDIUM,4.9384014086,HIGH,RVMR-V1,HISTORICAL_RECONSTRUCTION
G3-20260203121200--1,G3,2026-02-03 12:12:00,2026-02-03 12:12:00,2026-02-03 12:12:00,1.8554708472,MEDIUM,2.0292692368,MEDIUM,RVMR-V1,HISTORICAL_RECONSTRUCTION
G3-20260204120400--1,G3,2026-02-04 12:04:00,2026-02-04 12:04:00,2026-02-04 12:04:00,2.2349044960,MEDIUM,2.6816770150,HIGH,RVMR-V1,HISTORICAL_RECONSTRUCTION
G3-20260205105900-+1,G3,2026-02-05 10:59:00,2026-02-05 10:59:00,2026-02-05 10:59:00,2.8493873513,HIGH,2.4149991217,HIGH,RVMR-V1,HISTORICAL_RECONSTRUCTION
G3-20260205121600-+1,G3,2026-02-05 12:16:00,2026-02-05 12:16:00,2026-02-05 12:16:00,1.1898572929,LOW,1.1732725208,LOW,RVMR-V1,HISTORICAL_RECONSTRUCTION
G3-20260209102800-+1,G3,2026-02-09 10:28:00,2026-02-09 10:28:00,2026-02-09 10:28:00,1.8238796615,MEDIUM,4.0215825133,HIGH,RVMR-V1,HISTORICAL_RECONSTRUCTION
G3-20260210123800-+1,G3,2026-02-10 12:38:00,2026-02-10 12:38:00,2026-02-10 12:38:00,0.8797418813,LOW,0.9630477835,LOW,RVMR-V1,HISTORICAL_RECONSTRUCTION
G3-20260211105000--1,G3,2026-02-11 10:50:00,2026-02-11 10:50:00,2026-02-11 10:50:00,2.8117224219,HIGH,5.6457386249,HIGH,RVMR-V1,HISTORICAL_RECONSTRUCTION
G3-20260211112800--1,G3,2026-02-11 11:28:00,2026-02-11 11:28:00,2026-02-11 11:28:00,2.5179619466,HIGH,3.8641869254,HIGH,RVMR-V1,HISTORICAL_RECONSTRUCTION
G3-20260212132100--1,G3,2026-02-12 13:21:00,2026-02-12 13:21:00,2026-02-12 13:21:00,2.5266851879,HIGH,2.2562419930,MEDIUM,RVMR-V1,HISTORICAL_RECONSTRUCTION
G3-20260213105100-+1,G3,2026-02-13 10:51:00,2026-02-13 10:51:00,2026-02-13 10:51:00,2.0898545580,MEDIUM,3.4173505044,HIGH,RVMR-V1,HISTORICAL_RECONSTRUCTION
G3-20260217102000--1,G3,2026-02-17 10:20:00,2026-02-17 10:20:00,2026-02-17 10:20:00,3.0144818859,HIGH,9.3752106387,HIGH,RVMR-V1,HISTORICAL_RECONSTRUCTION
G3-20260217105400--1,G3,2026-02-17 10:54:00,2026-02-17 10:54:00,2026-02-17 10:54:00,1.7831502911,MEDIUM,3.2039045171,HIGH,RVMR-V1,HISTORICAL_RECONSTRUCTION
G3-20260218105200--1,G3,2026-02-18 10:52:00,2026-02-18 10:52:00,2026-02-18 10:52:00,1.2902336481,MEDIUM,2.2800775576,MEDIUM,RVMR-V1,HISTORICAL_RECONSTRUCTION
G3-20260218112800-+1,G3,2026-02-18 11:28:00,2026-02-18 11:28:00,2026-02-18 11:28:00,1.0027709672,LOW,1.5959402797,MEDIUM,RVMR-V1,HISTORICAL_RECONSTRUCTION
G3-20260218122800-+1,G3,2026-02-18 12:28:00,2026-02-18 12:28:00,2026-02-18 12:28:00,0.6225200327,LOW,0.7898398900,LOW,RVMR-V1,HISTORICAL_RECONSTRUCTION
G3-20260218141200--1,G3,2026-02-18 14:12:00,2026-02-18 14:12:00,2026-02-18 14:12:00,0.9189071185,LOW,1.2078186321,LOW,RVMR-V1,HISTORICAL_RECONSTRUCTION
G3-20260219105100--1,G3,2026-02-19 10:51:00,2026-02-19 10:51:00,2026-02-19 10:51:00,4.5418405230,HIGH,5.0688590167,HIGH,RVMR-V1,HISTORICAL_RECONSTRUCTION
G3-20260219114100-+1,G3,2026-02-19 11:41:00,2026-02-19 11:41:00,2026-02-19 11:41:00,1.3556410722,MEDIUM,1.7242066133,MEDIUM,RVMR-V1,HISTORICAL_RECONSTRUCTION
G3-20260219121100--1,G3,2026-02-19 12:11:00,2026-02-19 12:11:00,2026-02-19 12:11:00,1.7641870038,MEDIUM,2.3659801818,HIGH,RVMR-V1,HISTORICAL_RECONSTRUCTION
G3-20260219130900--1,G3,2026-02-19 13:09:00,2026-02-19 13:09:00,2026-02-19 13:09:00,1.1512263759,LOW,1.7205725626,MEDIUM,RVMR-V1,HISTORICAL_RECONSTRUCTION
G3-20260220102200-+1,G3,2026-02-20 10:22:00,2026-02-20 10:22:00,2026-02-20 10:22:00,4.8300726993,HIGH,4.5439367504,HIGH,RVMR-V1,HISTORICAL_RECONSTRUCTION
G3-20260220113800--1,G3,2026-02-20 11:38:00,2026-02-20 11:38:00,2026-02-20 11:38:00,1.2290848086,LOW,1.7189782312,MEDIUM,RVMR-V1,HISTORICAL_RECONSTRUCTION
G3-20260220140600-+1,G3,2026-02-20 14:06:00,2026-02-20 14:06:00,2026-02-20 14:06:00,1.2338811631,LOW,1.3709152880,MEDIUM,RVMR-V1,HISTORICAL_RECONSTRUCTION
G3-20260223102600--1,G3,2026-02-23 10:26:00,2026-02-23 10:26:00,2026-02-23 10:26:00,1.5037823795,MEDIUM,2.6319744188,HIGH,RVMR-V1,HISTORICAL_RECONSTRUCTION
G3-20260223112700--1,G3,2026-02-23 11:27:00,2026-02-23 11:27:00,2026-02-23 11:27:00,1.5632815721,MEDIUM,2.7945747228,HIGH,RVMR-V1,HISTORICAL_RECONSTRUCTION
G3-20260224102100--1,G3,2026-02-24 10:21:00,2026-02-24 10:21:00,2026-02-24 10:21:00,2.6255937815,HIGH,4.2408341381,HIGH,RVMR-V1,HISTORICAL_RECONSTRUCTION
G3-20260224105100-+1,G3,2026-02-24 10:51:00,2026-02-24 10:51:00,2026-02-24 10:51:00,1.7403233709,MEDIUM,2.6065805137,HIGH,RVMR-V1,HISTORICAL_RECONSTRUCTION
G3-20260224113200-+1,G3,2026-02-24 11:32:00,2026-02-24 11:32:00,2026-02-24 11:32:00,1.6521005568,MEDIUM,3.8991067773,HIGH,RVMR-V1,HISTORICAL_RECONSTRUCTION
G3-20260224123100-+1,G3,2026-02-24 12:31:00,2026-02-24 12:31:00,2026-02-24 12:31:00,1.0058148672,LOW,1.6111097651,MEDIUM,RVMR-V1,HISTORICAL_RECONSTRUCTION
G3-20260225103700--1,G3,2026-02-25 10:37:00,2026-02-25 10:37:00,2026-02-25 10:37:00,1.2188256599,LOW,3.0823941445,HIGH,RVMR-V1,HISTORICAL_RECONSTRUCTION
G3-20260225111600--1,G3,2026-02-25 11:16:00,2026-02-25 11:16:00,2026-02-25 11:16:00,1.8455720139,MEDIUM,1.8291119424,MEDIUM,RVMR-V1,HISTORICAL_RECONSTRUCTION
G3-20260226105100--1,G3,2026-02-26 10:51:00,2026-02-26 10:51:00,2026-02-26 10:51:00,2.7461808935,HIGH,4.7744101610,HIGH,RVMR-V1,HISTORICAL_RECONSTRUCTION
G3-20260227121000--1,G3,2026-02-27 12:10:00,2026-02-27 12:10:00,2026-02-27 12:10:00,0.7087268141,LOW,1.4227787455,MEDIUM,RVMR-V1,HISTORICAL_RECONSTRUCTION
G3-20260227124300--1,G3,2026-02-27 12:43:00,2026-02-27 12:43:00,2026-02-27 12:43:00,1.7861353996,MEDIUM,2.0881622099,MEDIUM,RVMR-V1,HISTORICAL_RECONSTRUCTION
G3-20260302102800-+1,G3,2026-03-02 10:28:00,2026-03-02 10:28:00,2026-03-02 10:28:00,1.9544756692,MEDIUM,3.0861696946,HIGH,RVMR-V1,HISTORICAL_RECONSTRUCTION
G3-20260302114700--1,G3,2026-03-02 11:47:00,2026-03-02 11:47:00,2026-03-02 11:47:00,0.8121827411,LOW,2.0155869568,MEDIUM,RVMR-V1,HISTORICAL_RECONSTRUCTION
G3-20260303104200--1,G3,2026-03-03 10:42:00,2026-03-03 10:42:00,2026-03-03 10:42:00,1.4191702432,MEDIUM,3.3691917926,HIGH,RVMR-V1,HISTORICAL_RECONSTRUCTION
G3-20260303115400--1,G3,2026-03-03 11:54:00,2026-03-03 11:54:00,2026-03-03 11:54:00,1.1288972699,LOW,1.4206816195,MEDIUM,RVMR-V1,HISTORICAL_RECONSTRUCTION
G3-20260304105000-+1,G3,2026-03-04 10:50:00,2026-03-04 10:50:00,2026-03-04 10:50:00,1.1822213834,LOW,2.3373762273,HIGH,RVMR-V1,HISTORICAL_RECONSTRUCTION
G3-20260304112100-+1,G3,2026-03-04 11:21:00,2026-03-04 11:21:00,2026-03-04 11:21:00,1.5178709578,MEDIUM,2.2103639809,MEDIUM,RVMR-V1,HISTORICAL_RECONSTRUCTION
G3-20260304135800-+1,G3,2026-03-04 13:58:00,2026-03-04 13:58:00,2026-03-04 13:58:00,0.5018269373,LOW,1.2130613375,LOW,RVMR-V1,HISTORICAL_RECONSTRUCTION
G3-20260305102000-+1,G3,2026-03-05 10:20:00,2026-03-05 10:20:00,2026-03-05 10:20:00,1.8050596369,MEDIUM,2.6792029993,HIGH,RVMR-V1,HISTORICAL_RECONSTRUCTION
G3-20260305105000--1,G3,2026-03-05 10:50:00,2026-03-05 10:50:00,2026-03-05 10:50:00,2.0412228948,MEDIUM,2.8444618680,HIGH,RVMR-V1,HISTORICAL_RECONSTRUCTION
G3-20260305131600--1,G3,2026-03-05 13:16:00,2026-03-05 13:16:00,2026-03-05 13:16:00,1.7834805118,MEDIUM,2.0522472495,MEDIUM,RVMR-V1,HISTORICAL_RECONSTRUCTION
G3-20260306110700--1,G3,2026-03-06 11:07:00,2026-03-06 11:07:00,2026-03-06 11:07:00,2.5495982204,HIGH,2.7630785519,HIGH,RVMR-V1,HISTORICAL_RECONSTRUCTION
G3-20260306133400-+1,G3,2026-03-06 13:34:00,2026-03-06 13:34:00,2026-03-06 13:34:00,1.0320432792,LOW,1.6627152453,MEDIUM,RVMR-V1,HISTORICAL_RECONSTRUCTION
G3-20260309102500-+1,G3,2026-03-09 10:25:00,2026-03-09 10:25:00,2026-03-09 10:25:00,1.4644776987,MEDIUM,2.7658632437,HIGH,RVMR-V1,HISTORICAL_RECONSTRUCTION
G3-20260310102100--1,G3,2026-03-10 10:21:00,2026-03-10 10:21:00,2026-03-10 10:21:00,1.7672390178,MEDIUM,3.8111815002,HIGH,RVMR-V1,HISTORICAL_RECONSTRUCTION
G3-20260310134800-+1,G3,2026-03-10 13:48:00,2026-03-10 13:48:00,2026-03-10 13:48:00,1.7218289650,MEDIUM,2.1898132159,MEDIUM,RVMR-V1,HISTORICAL_RECONSTRUCTION
G3-20260310143500--1,G3,2026-03-10 14:35:00,2026-03-10 14:35:00,2026-03-10 14:35:00,1.3577157225,MEDIUM,1.8548113806,MEDIUM,RVMR-V1,HISTORICAL_RECONSTRUCTION
G3-20260311102100-+1,G3,2026-03-11 10:21:00,2026-03-11 10:21:00,2026-03-11 10:21:00,1.6766562140,MEDIUM,2.0712222233,MEDIUM,RVMR-V1,HISTORICAL_RECONSTRUCTION
G3-20260311105100--1,G3,2026-03-11 10:51:00,2026-03-11 10:51:00,2026-03-11 10:51:00,1.2568313348,LOW,2.0187409014,MEDIUM,RVMR-V1,HISTORICAL_RECONSTRUCTION
G3-20260311125500-+1,G3,2026-03-11 12:55:00,2026-03-11 12:55:00,2026-03-11 12:55:00,1.0500445621,LOW,1.0551923382,LOW,RVMR-V1,HISTORICAL_RECONSTRUCTION
G3-20260311140300--1,G3,2026-03-11 14:03:00,2026-03-11 14:03:00,2026-03-11 14:03:00,1.1574942393,LOW,1.1411614149,LOW,RVMR-V1,HISTORICAL_RECONSTRUCTION
G3-20260312114800-+1,G3,2026-03-12 11:48:00,2026-03-12 11:48:00,2026-03-12 11:48:00,2.2807484757,MEDIUM,3.5096134541,HIGH,RVMR-V1,HISTORICAL_RECONSTRUCTION
G3-20260317102400--1,G3,2026-03-17 10:24:00,2026-03-17 10:24:00,2026-03-17 10:24:00,1.7541692403,MEDIUM,3.7543066623,HIGH,RVMR-V1,HISTORICAL_RECONSTRUCTION
G3-20260318112100-+1,G3,2026-03-18 11:21:00,2026-03-18 11:21:00,2026-03-18 11:21:00,2.0842255532,MEDIUM,3.0711169785,HIGH,RVMR-V1,HISTORICAL_RECONSTRUCTION
G3-20260319102100-+1,G3,2026-03-19 10:21:00,2026-03-19 10:21:00,2026-03-19 10:21:00,2.0688018980,MEDIUM,3.0211741673,HIGH,RVMR-V1,HISTORICAL_RECONSTRUCTION
G3-20260319105700-+1,G3,2026-03-19 10:57:00,2026-03-19 10:57:00,2026-03-19 10:57:00,1.8770530267,MEDIUM,1.7132209607,MEDIUM,RVMR-V1,HISTORICAL_RECONSTRUCTION
G3-20260319122800-+1,G3,2026-03-19 12:28:00,2026-03-19 12:28:00,2026-03-19 12:28:00,1.4304143661,MEDIUM,1.8711830237,MEDIUM,RVMR-V1,HISTORICAL_RECONSTRUCTION
G3-20260320135700--1,G3,2026-03-20 13:57:00,2026-03-20 13:57:00,2026-03-20 13:57:00,0.8002334014,LOW,1.2812843633,MEDIUM,RVMR-V1,HISTORICAL_RECONSTRUCTION
G3-20260323104000-+1,G3,2026-03-23 10:40:00,2026-03-23 10:40:00,2026-03-23 10:40:00,1.2529826513,LOW,2.2644609025,MEDIUM,RVMR-V1,HISTORICAL_RECONSTRUCTION
G3-20260323135600-+1,G3,2026-03-23 13:56:00,2026-03-23 13:56:00,2026-03-23 13:56:00,0.9598890795,LOW,1.3191585980,MEDIUM,RVMR-V1,HISTORICAL_RECONSTRUCTION
G3-20260324102500-+1,G3,2026-03-24 10:25:00,2026-03-24 10:25:00,2026-03-24 10:25:00,0.8834729627,LOW,1.9258580193,MEDIUM,RVMR-V1,HISTORICAL_RECONSTRUCTION
G3-20260324122600--1,G3,2026-03-24 12:26:00,2026-03-24 12:26:00,2026-03-24 12:26:00,1.2312221308,LOW,1.8575018850,MEDIUM,RVMR-V1,HISTORICAL_RECONSTRUCTION
G3-20260324125800--1,G3,2026-03-24 12:58:00,2026-03-24 12:58:00,2026-03-24 12:58:00,1.5728250778,MEDIUM,1.4341442281,MEDIUM,RVMR-V1,HISTORICAL_RECONSTRUCTION
G3-20260324142100-+1,G3,2026-03-24 14:21:00,2026-03-24 14:21:00,2026-03-24 14:21:00,1.4678736441,MEDIUM,1.8837250335,MEDIUM,RVMR-V1,HISTORICAL_RECONSTRUCTION
G3-20260325102000--1,G3,2026-03-25 10:20:00,2026-03-25 10:20:00,2026-03-25 10:20:00,1.4341965072,MEDIUM,2.2873560362,MEDIUM,RVMR-V1,HISTORICAL_RECONSTRUCTION
G3-20260325113100--1,G3,2026-03-25 11:31:00,2026-03-25 11:31:00,2026-03-25 11:31:00,1.4917304693,MEDIUM,3.5916622127,HIGH,RVMR-V1,HISTORICAL_RECONSTRUCTION
G3-20260326111600--1,G3,2026-03-26 11:16:00,2026-03-26 11:16:00,2026-03-26 11:16:00,0.9673041333,LOW,1.5730377654,MEDIUM,RVMR-V1,HISTORICAL_RECONSTRUCTION
G3-20260326120700-+1,G3,2026-03-26 12:07:00,2026-03-26 12:07:00,2026-03-26 12:07:00,1.0440020077,LOW,1.4498767283,MEDIUM,RVMR-V1,HISTORICAL_RECONSTRUCTION
G3-20260326141400--1,G3,2026-03-26 14:14:00,2026-03-26 14:14:00,2026-03-26 14:14:00,0.8380010184,LOW,1.0085903083,LOW,RVMR-V1,HISTORICAL_RECONSTRUCTION
G3-20260327102000--1,G3,2026-03-27 10:20:00,2026-03-27 10:20:00,2026-03-27 10:20:00,1.2058698426,LOW,1.7251678594,MEDIUM,RVMR-V1,HISTORICAL_RECONSTRUCTION
G3-20260330102000--1,G3,2026-03-30 10:20:00,2026-03-30 10:20:00,2026-03-30 10:20:00,2.2132178287,MEDIUM,4.4210857850,HIGH,RVMR-V1,HISTORICAL_RECONSTRUCTION
G3-20260330110200--1,G3,2026-03-30 11:02:00,2026-03-30 11:02:00,2026-03-30 11:02:00,1.5096076401,MEDIUM,3.2465901498,HIGH,RVMR-V1,HISTORICAL_RECONSTRUCTION
G3-20260331102000-+1,G3,2026-03-31 10:20:00,2026-03-31 10:20:00,2026-03-31 10:20:00,1.3139464609,MEDIUM,2.4969349621,HIGH,RVMR-V1,HISTORICAL_RECONSTRUCTION
G3-20260331113400-+1,G3,2026-03-31 11:34:00,2026-03-31 11:34:00,2026-03-31 11:34:00,1.2486191783,LOW,2.0264545266,MEDIUM,RVMR-V1,HISTORICAL_RECONSTRUCTION
G3-20260401105800--1,G3,2026-04-01 10:58:00,2026-04-01 10:58:00,2026-04-01 10:58:00,1.0458529027,LOW,2.1360284314,MEDIUM,RVMR-V1,HISTORICAL_RECONSTRUCTION
G3-20260406102000-+1,G3,2026-04-06 10:20:00,2026-04-06 10:20:00,2026-04-06 10:20:00,2.7818987042,HIGH,7.3296888884,HIGH,RVMR-V1,HISTORICAL_RECONSTRUCTION
G3-20260406105900--1,G3,2026-04-06 10:59:00,2026-04-06 10:59:00,2026-04-06 10:59:00,1.5891847151,MEDIUM,2.6073016918,HIGH,RVMR-V1,HISTORICAL_RECONSTRUCTION
G3-20260406121300-+1,G3,2026-04-06 12:13:00,2026-04-06 12:13:00,2026-04-06 12:13:00,1.1554522082,LOW,1.8364866374,MEDIUM,RVMR-V1,HISTORICAL_RECONSTRUCTION
G3-20260407105400-+1,G3,2026-04-07 10:54:00,2026-04-07 10:54:00,2026-04-07 10:54:00,2.4129360181,HIGH,3.1916506402,HIGH,RVMR-V1,HISTORICAL_RECONSTRUCTION
G3-20260407112400--1,G3,2026-04-07 11:24:00,2026-04-07 11:24:00,2026-04-07 11:24:00,1.2399249044,LOW,1.7493017913,MEDIUM,RVMR-V1,HISTORICAL_RECONSTRUCTION
G3-20260407135600-+1,G3,2026-04-07 13:56:00,2026-04-07 13:56:00,2026-04-07 13:56:00,0.8256765261,LOW,1.2471945793,LOW,RVMR-V1,HISTORICAL_RECONSTRUCTION
G3-20260408111600--1,G3,2026-04-08 11:16:00,2026-04-08 11:16:00,2026-04-08 11:16:00,1.0318819457,LOW,1.7783771208,MEDIUM,RVMR-V1,HISTORICAL_RECONSTRUCTION
G3-20260408123700--1,G3,2026-04-08 12:37:00,2026-04-08 12:37:00,2026-04-08 12:37:00,0.6402195038,LOW,1.2364512304,LOW,RVMR-V1,HISTORICAL_RECONSTRUCTION
G3-20260410102200--1,G3,2026-04-10 10:22:00,2026-04-10 10:22:00,2026-04-10 10:22:00,1.7105581058,MEDIUM,2.3030879772,MEDIUM,RVMR-V1,HISTORICAL_RECONSTRUCTION
G3-20260410105300-+1,G3,2026-04-10 10:53:00,2026-04-10 10:53:00,2026-04-10 10:53:00,1.9629704985,MEDIUM,3.4602021140,HIGH,RVMR-V1,HISTORICAL_RECONSTRUCTION
G3-20260410123400-+1,G3,2026-04-10 12:34:00,2026-04-10 12:34:00,2026-04-10 12:34:00,1.4488743554,MEDIUM,2.3414328551,HIGH,RVMR-V1,HISTORICAL_RECONSTRUCTION
G3-20260410130400--1,G3,2026-04-10 13:04:00,2026-04-10 13:04:00,2026-04-10 13:04:00,1.3507290867,MEDIUM,2.0078804348,MEDIUM,RVMR-V1,HISTORICAL_RECONSTRUCTION
G3-20260413102000-+1,G3,2026-04-13 10:20:00,2026-04-13 10:20:00,2026-04-13 10:20:00,2.5133880757,HIGH,3.4433622269,HIGH,RVMR-V1,HISTORICAL_RECONSTRUCTION
G3-20260414102000--1,G3,2026-04-14 10:20:00,2026-04-14 10:20:00,2026-04-14 10:20:00,1.2044889519,LOW,1.5949459915,MEDIUM,RVMR-V1,HISTORICAL_RECONSTRUCTION
G3-20260414113000--1,G3,2026-04-14 11:30:00,2026-04-14 11:30:00,2026-04-14 11:30:00,1.0672464055,LOW,1.7550206633,MEDIUM,RVMR-V1,HISTORICAL_RECONSTRUCTION
G3-20260414144100--1,G3,2026-04-14 14:41:00,2026-04-14 14:41:00,2026-04-14 14:41:00,1.6939786064,MEDIUM,2.5295717204,HIGH,RVMR-V1,HISTORICAL_RECONSTRUCTION
G3-20260415124100-+1,G3,2026-04-15 12:41:00,2026-04-15 12:41:00,2026-04-15 12:41:00,2.7642600718,HIGH,6.4025107885,HIGH,RVMR-V1,HISTORICAL_RECONSTRUCTION
G3-20260415131200--1,G3,2026-04-15 13:12:00,2026-04-15 13:12:00,2026-04-15 13:12:00,2.4276778733,HIGH,2.6788714713,HIGH,RVMR-V1,HISTORICAL_RECONSTRUCTION
G3-20260416102000--1,G3,2026-04-16 10:20:00,2026-04-16 10:20:00,2026-04-16 10:20:00,2.9292107404,HIGH,3.4656251847,HIGH,RVMR-V1,HISTORICAL_RECONSTRUCTION
G3-20260416125100--1,G3,2026-04-16 12:51:00,2026-04-16 12:51:00,2026-04-16 12:51:00,1.9280549853,MEDIUM,1.5524433177,MEDIUM,RVMR-V1,HISTORICAL_RECONSTRUCTION
G3-20260417142900--1,G3,2026-04-17 14:29:00,2026-04-17 14:29:00,2026-04-17 14:29:00,2.2944925641,MEDIUM,3.1652186072,HIGH,RVMR-V1,HISTORICAL_RECONSTRUCTION
G3-20260421112100--1,G3,2026-04-21 11:21:00,2026-04-21 11:21:00,2026-04-21 11:21:00,1.4610582968,MEDIUM,3.5190698200,HIGH,RVMR-V1,HISTORICAL_RECONSTRUCTION
G3-20260421135900-+1,G3,2026-04-21 13:59:00,2026-04-21 13:59:00,2026-04-21 13:59:00,1.1880414251,LOW,1.0561040277,LOW,RVMR-V1,HISTORICAL_RECONSTRUCTION
G3-20260423135500-+1,G3,2026-04-23 13:55:00,2026-04-23 13:55:00,2026-04-23 13:55:00,4.7609120521,HIGH,6.5807305225,HIGH,RVMR-V1,HISTORICAL_RECONSTRUCTION
G3-20260424102100--1,G3,2026-04-24 10:21:00,2026-04-24 10:21:00,2026-04-24 10:21:00,1.5318017286,MEDIUM,2.1359482690,MEDIUM,RVMR-V1,HISTORICAL_RECONSTRUCTION
G3-20260424105100--1,G3,2026-04-24 10:51:00,2026-04-24 10:51:00,2026-04-24 10:51:00,0.9724016442,LOW,2.5715983582,HIGH,RVMR-V1,HISTORICAL_RECONSTRUCTION
G3-20260424114400-+1,G3,2026-04-24 11:44:00,2026-04-24 11:44:00,2026-04-24 11:44:00,0.9493557087,LOW,1.3571196237,MEDIUM,RVMR-V1,HISTORICAL_RECONSTRUCTION
G3-20260424141500-+1,G3,2026-04-24 14:15:00,2026-04-24 14:15:00,2026-04-24 14:15:00,0.8111317480,LOW,0.7183635270,LOW,RVMR-V1,HISTORICAL_RECONSTRUCTION
G3-20260427105200--1,G3,2026-04-27 10:52:00,2026-04-27 10:52:00,2026-04-27 10:52:00,1.7749556448,MEDIUM,2.0545874242,MEDIUM,RVMR-V1,HISTORICAL_RECONSTRUCTION
G3-20260427120200-+1,G3,2026-04-27 12:02:00,2026-04-27 12:02:00,2026-04-27 12:02:00,1.3111898494,MEDIUM,1.6467701167,MEDIUM,RVMR-V1,HISTORICAL_RECONSTRUCTION
G3-20260427135400-+1,G3,2026-04-27 13:54:00,2026-04-27 13:54:00,2026-04-27 13:54:00,1.1697806661,LOW,1.2359877907,LOW,RVMR-V1,HISTORICAL_RECONSTRUCTION
G3-20260428115400--1,G3,2026-04-28 11:54:00,2026-04-28 11:54:00,2026-04-28 11:54:00,1.3809075776,MEDIUM,1.6042821403,MEDIUM,RVMR-V1,HISTORICAL_RECONSTRUCTION
G3-20260428125600--1,G3,2026-04-28 12:56:00,2026-04-28 12:56:00,2026-04-28 12:56:00,1.3508686475,MEDIUM,2.0322708167,MEDIUM,RVMR-V1,HISTORICAL_RECONSTRUCTION
G3-20260429113000--1,G3,2026-04-29 11:30:00,2026-04-29 11:30:00,2026-04-29 11:30:00,2.3916156005,HIGH,3.1908838928,HIGH,RVMR-V1,HISTORICAL_RECONSTRUCTION
G3-20260429121500--1,G3,2026-04-29 12:15:00,2026-04-29 12:15:00,2026-04-29 12:15:00,1.2855102365,MEDIUM,1.7511715144,MEDIUM,RVMR-V1,HISTORICAL_RECONSTRUCTION
G3-20260429125200--1,G3,2026-04-29 12:52:00,2026-04-29 12:52:00,2026-04-29 12:52:00,1.2160450387,LOW,1.8280551089,MEDIUM,RVMR-V1,HISTORICAL_RECONSTRUCTION
G3-20260430112200-+1,G3,2026-04-30 11:22:00,2026-04-30 11:22:00,2026-04-30 11:22:00,1.5326745607,MEDIUM,1.6063831077,MEDIUM,RVMR-V1,HISTORICAL_RECONSTRUCTION
G3-20260430120600--1,G3,2026-04-30 12:06:00,2026-04-30 12:06:00,2026-04-30 12:06:00,1.1255681955,LOW,1.4072136709,MEDIUM,RVMR-V1,HISTORICAL_RECONSTRUCTION
G3-20260430131600--1,G3,2026-04-30 13:16:00,2026-04-30 13:16:00,2026-04-30 13:16:00,0.8546615148,LOW,1.3913261087,MEDIUM,RVMR-V1,HISTORICAL_RECONSTRUCTION
G3-20260430142400-+1,G3,2026-04-30 14:24:00,2026-04-30 14:24:00,2026-04-30 14:24:00,0.7191230207,LOW,0.6991597480,LOW,RVMR-V1,HISTORICAL_RECONSTRUCTION
G3-20260501105500--1,G3,2026-05-01 10:55:00,2026-05-01 10:55:00,2026-05-01 10:55:00,1.7351857102,MEDIUM,1.8421111989,MEDIUM,RVMR-V1,HISTORICAL_RECONSTRUCTION
G3-20260501112500--1,G3,2026-05-01 11:25:00,2026-05-01 11:25:00,2026-05-01 11:25:00,1.4224563714,MEDIUM,1.6229456812,MEDIUM,RVMR-V1,HISTORICAL_RECONSTRUCTION
G3-20260501120800-+1,G3,2026-05-01 12:08:00,2026-05-01 12:08:00,2026-05-01 12:08:00,1.7460497897,MEDIUM,2.0970467448,MEDIUM,RVMR-V1,HISTORICAL_RECONSTRUCTION
G3-20260504122800--1,G3,2026-05-04 12:28:00,2026-05-04 12:28:00,2026-05-04 12:28:00,2.5158761508,HIGH,3.0155749202,HIGH,RVMR-V1,HISTORICAL_RECONSTRUCTION
G3-20260504133800-+1,G3,2026-05-04 13:38:00,2026-05-04 13:38:00,2026-05-04 13:38:00,1.0482415566,LOW,1.8554015602,MEDIUM,RVMR-V1,HISTORICAL_RECONSTRUCTION
G3-20260505103400--1,G3,2026-05-05 10:34:00,2026-05-05 10:34:00,2026-05-05 10:34:00,1.4869003658,MEDIUM,1.9584731782,MEDIUM,RVMR-V1,HISTORICAL_RECONSTRUCTION
G3-20260505110800--1,G3,2026-05-05 11:08:00,2026-05-05 11:08:00,2026-05-05 11:08:00,1.4427050720,MEDIUM,2.1918052815,MEDIUM,RVMR-V1,HISTORICAL_RECONSTRUCTION
G3-20260505125200--1,G3,2026-05-05 12:52:00,2026-05-05 12:52:00,2026-05-05 12:52:00,1.0442963544,LOW,1.1530906111,LOW,RVMR-V1,HISTORICAL_RECONSTRUCTION
G3-20260506120400--1,G3,2026-05-06 12:04:00,2026-05-06 12:04:00,2026-05-06 12:04:00,0.6664793296,LOW,1.4177229953,MEDIUM,RVMR-V1,HISTORICAL_RECONSTRUCTION
G3-20260507124100--1,G3,2026-05-07 12:41:00,2026-05-07 12:41:00,2026-05-07 12:41:00,2.1089789327,MEDIUM,3.2925608077,HIGH,RVMR-V1,HISTORICAL_RECONSTRUCTION
G3-20260507134100--1,G3,2026-05-07 13:41:00,2026-05-07 13:41:00,2026-05-07 13:41:00,2.5749796395,HIGH,2.9031713101,HIGH,RVMR-V1,HISTORICAL_RECONSTRUCTION
G3-20260507142700-+1,G3,2026-05-07 14:27:00,2026-05-07 14:27:00,2026-05-07 14:27:00,1.6389880490,MEDIUM,1.5590645821,MEDIUM,RVMR-V1,HISTORICAL_RECONSTRUCTION
G3-20260508105800--1,G3,2026-05-08 10:58:00,2026-05-08 10:58:00,2026-05-08 10:58:00,0.9508516545,LOW,1.4601684733,MEDIUM,RVMR-V1,HISTORICAL_RECONSTRUCTION
G3-20260511102000--1,G3,2026-05-11 10:20:00,2026-05-11 10:20:00,2026-05-11 10:20:00,1.0443037975,LOW,1.7537080225,MEDIUM,RVMR-V1,HISTORICAL_RECONSTRUCTION
G3-20260511105000--1,G3,2026-05-11 10:50:00,2026-05-11 10:50:00,2026-05-11 10:50:00,2.3860224756,HIGH,3.5825607751,HIGH,RVMR-V1,HISTORICAL_RECONSTRUCTION
G3-20260511130200--1,G3,2026-05-11 13:02:00,2026-05-11 13:02:00,2026-05-11 13:02:00,0.8338016656,LOW,1.2584997179,LOW,RVMR-V1,HISTORICAL_RECONSTRUCTION
G3-20260512102000--1,G3,2026-05-12 10:20:00,2026-05-12 10:20:00,2026-05-12 10:20:00,3.2245190184,HIGH,5.3049916336,HIGH,RVMR-V1,HISTORICAL_RECONSTRUCTION
G3-20260512114300--1,G3,2026-05-12 11:43:00,2026-05-12 11:43:00,2026-05-12 11:43:00,1.9553114769,MEDIUM,2.6512306218,HIGH,RVMR-V1,HISTORICAL_RECONSTRUCTION
G3-20260512121900--1,G3,2026-05-12 12:19:00,2026-05-12 12:19:00,2026-05-12 12:19:00,2.1464345337,MEDIUM,1.7375927732,MEDIUM,RVMR-V1,HISTORICAL_RECONSTRUCTION
G3-20260512144700-+1,G3,2026-05-12 14:47:00,2026-05-12 14:47:00,2026-05-12 14:47:00,1.1638756150,LOW,2.0403309165,MEDIUM,RVMR-V1,HISTORICAL_RECONSTRUCTION
G3-20260513102800--1,G3,2026-05-13 10:28:00,2026-05-13 10:28:00,2026-05-13 10:28:00,2.2745493642,MEDIUM,2.6440448932,HIGH,RVMR-V1,HISTORICAL_RECONSTRUCTION
G3-20260513120300-+1,G3,2026-05-13 12:03:00,2026-05-13 12:03:00,2026-05-13 12:03:00,1.1913898121,LOW,1.9783914266,MEDIUM,RVMR-V1,HISTORICAL_RECONSTRUCTION
G3-20260514102000--1,G3,2026-05-14 10:20:00,2026-05-14 10:20:00,2026-05-14 10:20:00,1.4194288741,MEDIUM,4.1702696410,HIGH,RVMR-V1,HISTORICAL_RECONSTRUCTION
G3-20260514110100-+1,G3,2026-05-14 11:01:00,2026-05-14 11:01:00,2026-05-14 11:01:00,1.6588604429,MEDIUM,2.7697983319,HIGH,RVMR-V1,HISTORICAL_RECONSTRUCTION
G3-20260514125400--1,G3,2026-05-14 12:54:00,2026-05-14 12:54:00,2026-05-14 12:54:00,1.1631479751,LOW,1.3954849246,MEDIUM,RVMR-V1,HISTORICAL_RECONSTRUCTION
G3-20260514142200--1,G3,2026-05-14 14:22:00,2026-05-14 14:22:00,2026-05-14 14:22:00,1.0639083857,LOW,1.2431837417,LOW,RVMR-V1,HISTORICAL_RECONSTRUCTION
G3-20260515111100--1,G3,2026-05-15 11:11:00,2026-05-15 11:11:00,2026-05-15 11:11:00,0.8865337892,LOW,2.6513267005,HIGH,RVMR-V1,HISTORICAL_RECONSTRUCTION
G3-20260515114200-+1,G3,2026-05-15 11:42:00,2026-05-15 11:42:00,2026-05-15 11:42:00,1.2574634604,LOW,2.0077137728,MEDIUM,RVMR-V1,HISTORICAL_RECONSTRUCTION
G3-20260515121200--1,G3,2026-05-15 12:12:00,2026-05-15 12:12:00,2026-05-15 12:12:00,1.7695184918,MEDIUM,2.1726055198,MEDIUM,RVMR-V1,HISTORICAL_RECONSTRUCTION
G3-20260518102600--1,G3,2026-05-18 10:26:00,2026-05-18 10:26:00,2026-05-18 10:26:00,1.6955947255,MEDIUM,2.8384361350,HIGH,RVMR-V1,HISTORICAL_RECONSTRUCTION
G3-20260518105600--1,G3,2026-05-18 10:56:00,2026-05-18 10:56:00,2026-05-18 10:56:00,1.1834618789,LOW,2.2835640861,MEDIUM,RVMR-V1,HISTORICAL_RECONSTRUCTION
G3-20260518124700--1,G3,2026-05-18 12:47:00,2026-05-18 12:47:00,2026-05-18 12:47:00,1.0611643331,LOW,0.9698147533,LOW,RVMR-V1,HISTORICAL_RECONSTRUCTION
G3-20260519113100-+1,G3,2026-05-19 11:31:00,2026-05-19 11:31:00,2026-05-19 11:31:00,1.9004296184,MEDIUM,2.9004819374,HIGH,RVMR-V1,HISTORICAL_RECONSTRUCTION
G3-20260519133600-+1,G3,2026-05-19 13:36:00,2026-05-19 13:36:00,2026-05-19 13:36:00,0.7416798732,LOW,1.2677600940,LOW,RVMR-V1,HISTORICAL_RECONSTRUCTION
G3-20260520102200--1,G3,2026-05-20 10:22:00,2026-05-20 10:22:00,2026-05-20 10:22:00,3.1826897846,HIGH,3.4007912131,HIGH,RVMR-V1,HISTORICAL_RECONSTRUCTION
G3-20260520113700-+1,G3,2026-05-20 11:37:00,2026-05-20 11:37:00,2026-05-20 11:37:00,0.8217875147,LOW,1.1351298870,LOW,RVMR-V1,HISTORICAL_RECONSTRUCTION
G3-20260520124600--1,G3,2026-05-20 12:46:00,2026-05-20 12:46:00,2026-05-20 12:46:00,1.4180517107,MEDIUM,1.8712219735,MEDIUM,RVMR-V1,HISTORICAL_RECONSTRUCTION
G3-20260521102000-+1,G3,2026-05-21 10:20:00,2026-05-21 10:20:00,2026-05-21 10:20:00,2.7247072562,HIGH,3.8405404141,HIGH,RVMR-V1,HISTORICAL_RECONSTRUCTION
G3-20260521105000--1,G3,2026-05-21 10:50:00,2026-05-21 10:50:00,2026-05-21 10:50:00,2.3852674657,HIGH,3.0235451224,HIGH,RVMR-V1,HISTORICAL_RECONSTRUCTION
G3-20260521124500--1,G3,2026-05-21 12:45:00,2026-05-21 12:45:00,2026-05-21 12:45:00,0.6999773909,LOW,0.9531595693,LOW,RVMR-V1,HISTORICAL_RECONSTRUCTION
G3-20260522135500-+1,G3,2026-05-22 13:55:00,2026-05-22 13:55:00,2026-05-22 13:55:00,1.7065703523,MEDIUM,2.4899461938,HIGH,RVMR-V1,HISTORICAL_RECONSTRUCTION
G3-20260526130900--1,G3,2026-05-26 13:09:00,2026-05-26 13:09:00,2026-05-26 13:09:00,1.8625576426,MEDIUM,2.4447257410,HIGH,RVMR-V1,HISTORICAL_RECONSTRUCTION
G3-20260527110100-+1,G3,2026-05-27 11:01:00,2026-05-27 11:01:00,2026-05-27 11:01:00,3.1036997423,HIGH,4.1293351641,HIGH,RVMR-V1,HISTORICAL_RECONSTRUCTION
G3-20260527115500-+1,G3,2026-05-27 11:55:00,2026-05-27 11:55:00,2026-05-27 11:55:00,2.6539139829,HIGH,2.6553235639,HIGH,RVMR-V1,HISTORICAL_RECONSTRUCTION
G3-20260528123900-+1,G3,2026-05-28 12:39:00,2026-05-28 12:39:00,2026-05-28 12:39:00,0.9583096483,LOW,1.3683306945,MEDIUM,RVMR-V1,HISTORICAL_RECONSTRUCTION
G3-20260528141100-+1,G3,2026-05-28 14:11:00,2026-05-28 14:11:00,2026-05-28 14:11:00,0.8170866554,LOW,1.4985804179,MEDIUM,RVMR-V1,HISTORICAL_RECONSTRUCTION
G3-20260529102100-+1,G3,2026-05-29 10:21:00,2026-05-29 10:21:00,2026-05-29 10:21:00,3.0542986425,HIGH,5.6803860818,HIGH,RVMR-V1,HISTORICAL_RECONSTRUCTION
G3-20260529105800--1,G3,2026-05-29 10:58:00,2026-05-29 10:58:00,2026-05-29 10:58:00,1.7425277024,MEDIUM,3.0908813602,HIGH,RVMR-V1,HISTORICAL_RECONSTRUCTION
G3-20260529113600-+1,G3,2026-05-29 11:36:00,2026-05-29 11:36:00,2026-05-29 11:36:00,1.2397316784,LOW,1.7242273255,MEDIUM,RVMR-V1,HISTORICAL_RECONSTRUCTION
G3-20260529120700--1,G3,2026-05-29 12:07:00,2026-05-29 12:07:00,2026-05-29 12:07:00,1.4061737102,MEDIUM,1.4135217094,MEDIUM,RVMR-V1,HISTORICAL_RECONSTRUCTION
G3-20260529131600--1,G3,2026-05-29 13:16:00,2026-05-29 13:16:00,2026-05-29 13:16:00,1.1410459588,LOW,0.8518053801,LOW,RVMR-V1,HISTORICAL_RECONSTRUCTION
G3-20260601102000--1,G3,2026-06-01 10:20:00,2026-06-01 10:20:00,2026-06-01 10:20:00,1.6680129856,MEDIUM,1.8587817727,MEDIUM,RVMR-V1,HISTORICAL_RECONSTRUCTION
G3-20260601123600--1,G3,2026-06-01 12:36:00,2026-06-01 12:36:00,2026-06-01 12:36:00,0.6829443799,LOW,1.0691592543,LOW,RVMR-V1,HISTORICAL_RECONSTRUCTION
G3-20260601131600-+1,G3,2026-06-01 13:16:00,2026-06-01 13:16:00,2026-06-01 13:16:00,1.3568736362,MEDIUM,1.1966641527,LOW,RVMR-V1,HISTORICAL_RECONSTRUCTION
G3-20260602105000--1,G3,2026-06-02 10:50:00,2026-06-02 10:50:00,2026-06-02 10:50:00,1.5830478770,MEDIUM,1.6803691418,MEDIUM,RVMR-V1,HISTORICAL_RECONSTRUCTION
G3-20260602132100-+1,G3,2026-06-02 13:21:00,2026-06-02 13:21:00,2026-06-02 13:21:00,1.1267801561,LOW,1.7850141386,MEDIUM,RVMR-V1,HISTORICAL_RECONSTRUCTION
G3-20260603102800--1,G3,2026-06-03 10:28:00,2026-06-03 10:28:00,2026-06-03 10:28:00,1.2255523663,LOW,2.2395631456,MEDIUM,RVMR-V1,HISTORICAL_RECONSTRUCTION
G3-20260603110900--1,G3,2026-06-03 11:09:00,2026-06-03 11:09:00,2026-06-03 11:09:00,2.3526208305,HIGH,2.1290265484,MEDIUM,RVMR-V1,HISTORICAL_RECONSTRUCTION
G3-20260603124800--1,G3,2026-06-03 12:48:00,2026-06-03 12:48:00,2026-06-03 12:48:00,1.1136341199,LOW,2.5218699504,HIGH,RVMR-V1,HISTORICAL_RECONSTRUCTION
G3-20260604102700--1,G3,2026-06-04 10:27:00,2026-06-04 10:27:00,2026-06-04 10:27:00,1.1068659146,LOW,2.7318314791,HIGH,RVMR-V1,HISTORICAL_RECONSTRUCTION
G3-20260605102000--1,G3,2026-06-05 10:20:00,2026-06-05 10:20:00,2026-06-05 10:20:00,2.2005595061,MEDIUM,3.4725761927,HIGH,RVMR-V1,HISTORICAL_RECONSTRUCTION
G3-20260605130100--1,G3,2026-06-05 13:01:00,2026-06-05 13:01:00,2026-06-05 13:01:00,2.1776406454,MEDIUM,2.7099585594,HIGH,RVMR-V1,HISTORICAL_RECONSTRUCTION
G3-20260608102000--1,G3,2026-06-08 10:20:00,2026-06-08 10:20:00,2026-06-08 10:20:00,1.4017337718,MEDIUM,1.7843390712,MEDIUM,RVMR-V1,HISTORICAL_RECONSTRUCTION
G3-20260608121600--1,G3,2026-06-08 12:16:00,2026-06-08 12:16:00,2026-06-08 12:16:00,1.3937695628,MEDIUM,1.4783761231,MEDIUM,RVMR-V1,HISTORICAL_RECONSTRUCTION
G3-20260608132300--1,G3,2026-06-08 13:23:00,2026-06-08 13:23:00,2026-06-08 13:23:00,1.1042339924,LOW,1.3636339998,MEDIUM,RVMR-V1,HISTORICAL_RECONSTRUCTION
G3-20260608140400--1,G3,2026-06-08 14:04:00,2026-06-08 14:04:00,2026-06-08 14:04:00,0.9041037836,LOW,0.8409684994,LOW,RVMR-V1,HISTORICAL_RECONSTRUCTION
G3-20260609121400-+1,G3,2026-06-09 12:14:00,2026-06-09 12:14:00,2026-06-09 12:14:00,2.1785379968,MEDIUM,2.9735618354,HIGH,RVMR-V1,HISTORICAL_RECONSTRUCTION
G3-20260609125200-+1,G3,2026-06-09 12:52:00,2026-06-09 12:52:00,2026-06-09 12:52:00,3.1479075768,HIGH,2.8987522430,HIGH,RVMR-V1,HISTORICAL_RECONSTRUCTION
G3-20260610102000--1,G3,2026-06-10 10:20:00,2026-06-10 10:20:00,2026-06-10 10:20:00,1.6608500263,MEDIUM,1.6448980205,MEDIUM,RVMR-V1,HISTORICAL_RECONSTRUCTION
G3-20260610105500-+1,G3,2026-06-10 10:55:00,2026-06-10 10:55:00,2026-06-10 10:55:00,1.7604735777,MEDIUM,1.9507842847,MEDIUM,RVMR-V1,HISTORICAL_RECONSTRUCTION
G3-20260610122400-+1,G3,2026-06-10 12:24:00,2026-06-10 12:24:00,2026-06-10 12:24:00,1.2387704672,LOW,1.0210449539,LOW,RVMR-V1,HISTORICAL_RECONSTRUCTION
G3-20260611122900-+1,G3,2026-06-11 12:29:00,2026-06-11 12:29:00,2026-06-11 12:29:00,1.0919599123,LOW,1.4659470454,MEDIUM,RVMR-V1,HISTORICAL_RECONSTRUCTION
G3-20260611135400-+1,G3,2026-06-11 13:54:00,2026-06-11 13:54:00,2026-06-11 13:54:00,1.0756621661,LOW,1.6566219422,MEDIUM,RVMR-V1,HISTORICAL_RECONSTRUCTION
G3-20260616105200--1,G3,2026-06-16 10:52:00,2026-06-16 10:52:00,2026-06-16 10:52:00,2.2289424276,MEDIUM,4.3210126901,HIGH,RVMR-V1,HISTORICAL_RECONSTRUCTION
G3-20260616113100-+1,G3,2026-06-16 11:31:00,2026-06-16 11:31:00,2026-06-16 11:31:00,1.8962012996,MEDIUM,3.9767693993,HIGH,RVMR-V1,HISTORICAL_RECONSTRUCTION
G3-20260616120700--1,G3,2026-06-16 12:07:00,2026-06-16 12:07:00,2026-06-16 12:07:00,1.4870561607,MEDIUM,2.2538764981,MEDIUM,RVMR-V1,HISTORICAL_RECONSTRUCTION
G3-20260617102000--1,G3,2026-06-17 10:20:00,2026-06-17 10:20:00,2026-06-17 10:20:00,2.1673259198,MEDIUM,2.7097526362,HIGH,RVMR-V1,HISTORICAL_RECONSTRUCTION
G3-20260617142600--1,G3,2026-06-17 14:26:00,2026-06-17 14:26:00,2026-06-17 14:26:00,2.9985346667,HIGH,5.5208487051,HIGH,RVMR-V1,HISTORICAL_RECONSTRUCTION
G3-20260618103000-+1,G3,2026-06-18 10:30:00,2026-06-18 10:30:00,2026-06-18 10:30:00,1.5625463719,MEDIUM,2.9664661024,HIGH,RVMR-V1,HISTORICAL_RECONSTRUCTION
G3-20260618110000--1,G3,2026-06-18 11:00:00,2026-06-18 11:00:00,2026-06-18 11:00:00,1.7508253757,MEDIUM,2.0032378676,MEDIUM,RVMR-V1,HISTORICAL_RECONSTRUCTION
G3-20260618121900-+1,G3,2026-06-18 12:19:00,2026-06-18 12:19:00,2026-06-18 12:19:00,0.8688490049,LOW,0.8668040739,LOW,RVMR-V1,HISTORICAL_RECONSTRUCTION
G3-20260622102000-+1,G3,2026-06-22 10:20:00,2026-06-22 10:20:00,2026-06-22 10:20:00,1.8021479088,MEDIUM,5.2759074535,HIGH,RVMR-V1,HISTORICAL_RECONSTRUCTION
G3-20260622120600-+1,G3,2026-06-22 12:06:00,2026-06-22 12:06:00,2026-06-22 12:06:00,1.7845689975,MEDIUM,3.4626825364,HIGH,RVMR-V1,HISTORICAL_RECONSTRUCTION
G3-20260623141600--1,G3,2026-06-23 14:16:00,2026-06-23 14:16:00,2026-06-23 14:16:00,1.1438622372,LOW,1.4631571648,MEDIUM,RVMR-V1,HISTORICAL_RECONSTRUCTION
G3-20260624120600--1,G3,2026-06-24 12:06:00,2026-06-24 12:06:00,2026-06-24 12:06:00,1.1394126904,LOW,1.6303171458,MEDIUM,RVMR-V1,HISTORICAL_RECONSTRUCTION
G3-20260625123600-+1,G3,2026-06-25 12:36:00,2026-06-25 12:36:00,2026-06-25 12:36:00,1.7640839752,MEDIUM,2.0391936939,MEDIUM,RVMR-V1,HISTORICAL_RECONSTRUCTION
G3-20260626105800--1,G3,2026-06-26 10:58:00,2026-06-26 10:58:00,2026-06-26 10:58:00,1.3836690779,MEDIUM,1.6910384287,MEDIUM,RVMR-V1,HISTORICAL_RECONSTRUCTION
G3-20260629112100-+1,G3,2026-06-29 11:21:00,2026-06-29 11:21:00,2026-06-29 11:21:00,1.2239116064,LOW,2.4042584331,HIGH,RVMR-V1,HISTORICAL_RECONSTRUCTION
G3-20260630105100-+1,G3,2026-06-30 10:51:00,2026-06-30 10:51:00,2026-06-30 10:51:00,1.8747310701,MEDIUM,2.7478991828,HIGH,RVMR-V1,HISTORICAL_RECONSTRUCTION
G3-20260702113600--1,G3,2026-07-02 11:36:00,2026-07-02 11:36:00,2026-07-02 11:36:00,2.6604824819,HIGH,3.3782067832,HIGH,RVMR-V1,HISTORICAL_RECONSTRUCTION
G3-20260706113700--1,G3,2026-07-06 11:37:00,2026-07-06 11:37:00,2026-07-06 11:37:00,1.3130405632,MEDIUM,2.3829838811,HIGH,RVMR-V1,HISTORICAL_RECONSTRUCTION
G3-20260706131600--1,G3,2026-07-06 13:16:00,2026-07-06 13:16:00,2026-07-06 13:16:00,0.8576977858,LOW,1.3207549661,MEDIUM,RVMR-V1,HISTORICAL_RECONSTRUCTION
G3-20260707105600--1,G3,2026-07-07 10:56:00,2026-07-07 10:56:00,2026-07-07 10:56:00,1.9614035511,MEDIUM,4.0085956276,HIGH,RVMR-V1,HISTORICAL_RECONSTRUCTION
G3-20260708103400--1,G3,2026-07-08 10:34:00,2026-07-08 10:34:00,2026-07-08 10:34:00,3.1054167195,HIGH,3.6602015042,HIGH,RVMR-V1,HISTORICAL_RECONSTRUCTION
G3-20260708110800--1,G3,2026-07-08 11:08:00,2026-07-08 11:08:00,2026-07-08 11:08:00,0.8948594928,LOW,1.6488308352,MEDIUM,RVMR-V1,HISTORICAL_RECONSTRUCTION
G3-20260708113800--1,G3,2026-07-08 11:38:00,2026-07-08 11:38:00,2026-07-08 11:38:00,1.2030516971,LOW,2.2851814431,MEDIUM,RVMR-V1,HISTORICAL_RECONSTRUCTION
G3-20260708134600-+1,G3,2026-07-08 13:46:00,2026-07-08 13:46:00,2026-07-08 13:46:00,1.8096971825,MEDIUM,2.0968504128,MEDIUM,RVMR-V1,HISTORICAL_RECONSTRUCTION
G3-20260710102800--1,G3,2026-07-10 10:28:00,2026-07-10 10:28:00,2026-07-10 10:28:00,3.2353822272,HIGH,4.1911942154,HIGH,RVMR-V1,HISTORICAL_RECONSTRUCTION
G3-20260710120600--1,G3,2026-07-10 12:06:00,2026-07-10 12:06:00,2026-07-10 12:06:00,1.6925714918,MEDIUM,2.4103792932,HIGH,RVMR-V1,HISTORICAL_RECONSTRUCTION
G3-20260710124100-+1,G3,2026-07-10 12:41:00,2026-07-10 12:41:00,2026-07-10 12:41:00,1.3217623498,MEDIUM,1.8585629874,MEDIUM,RVMR-V1,HISTORICAL_RECONSTRUCTION
G3-20260713103700--1,G3,2026-07-13 10:37:00,2026-07-13 10:37:00,2026-07-13 10:37:00,1.4381696023,MEDIUM,3.2712190098,HIGH,RVMR-V1,HISTORICAL_RECONSTRUCTION
G3-20260713110700--1,G3,2026-07-13 11:07:00,2026-07-13 11:07:00,2026-07-13 11:07:00,0.9741331866,LOW,1.9474682722,MEDIUM,RVMR-V1,HISTORICAL_RECONSTRUCTION
G3-20260714102600--1,G3,2026-07-14 10:26:00,2026-07-14 10:26:00,2026-07-14 10:26:00,1.8059011731,MEDIUM,3.5019485311,HIGH,RVMR-V1,HISTORICAL_RECONSTRUCTION
G3-20260714105600-+1,G3,2026-07-14 10:56:00,2026-07-14 10:56:00,2026-07-14 10:56:00,1.0000595274,LOW,2.8052911552,HIGH,RVMR-V1,HISTORICAL_RECONSTRUCTION
G3-20260715102200-+1,G3,2026-07-15 10:22:00,2026-07-15 10:22:00,2026-07-15 10:22:00,1.9128586610,MEDIUM,5.4217627433,HIGH,RVMR-V1,HISTORICAL_RECONSTRUCTION
G3-20260716115200-+1,G3,2026-07-16 11:52:00,2026-07-16 11:52:00,2026-07-16 11:52:00,1.0592011412,LOW,1.9002475673,MEDIUM,RVMR-V1,HISTORICAL_RECONSTRUCTION
G3-20260716140200--1,G3,2026-07-16 14:02:00,2026-07-16 14:02:00,2026-07-16 14:02:00,0.7573228454,LOW,1.0491327536,LOW,RVMR-V1,HISTORICAL_RECONSTRUCTION
G3-20260717105300--1,G3,2026-07-17 10:53:00,2026-07-17 10:53:00,2026-07-17 10:53:00,3.0912242004,HIGH,3.2250062317,HIGH,RVMR-V1,HISTORICAL_RECONSTRUCTION
G3-20260720105600-+1,G3,2026-07-20 10:56:00,2026-07-20 10:56:00,2026-07-20 10:56:00,1.2204526404,LOW,2.1896891441,MEDIUM,RVMR-V1,HISTORICAL_RECONSTRUCTION
G3-20260720122600-+1,G3,2026-07-20 12:26:00,2026-07-20 12:26:00,2026-07-20 12:26:00,1.6830691261,MEDIUM,1.6928455090,MEDIUM,RVMR-V1,HISTORICAL_RECONSTRUCTION
G3-20260721102100-+1,G3,2026-07-21 10:21:00,2026-07-21 10:21:00,2026-07-21 10:21:00,2.3996286289,HIGH,4.7302116556,HIGH,RVMR-V1,HISTORICAL_RECONSTRUCTION
G3-20260721112400--1,G3,2026-07-21 11:24:00,2026-07-21 11:24:00,2026-07-21 11:24:00,0.8936480896,LOW,1.4507564844,MEDIUM,RVMR-V1,HISTORICAL_RECONSTRUCTION
G3-20260721120200--1,G3,2026-07-21 12:02:00,2026-07-21 12:02:00,2026-07-21 12:02:00,0.5958770126,LOW,1.2020734400,LOW,RVMR-V1,HISTORICAL_RECONSTRUCTION
G3-20260722102000-+1,G3,2026-07-22 10:20:00,2026-07-22 10:20:00,2026-07-22 10:20:00,3.6193676838,HIGH,4.3274107689,HIGH,RVMR-V1,HISTORICAL_RECONSTRUCTION
G3-20260722110800--1,G3,2026-07-22 11:08:00,2026-07-22 11:08:00,2026-07-22 11:08:00,1.0577407786,LOW,2.1901224715,MEDIUM,RVMR-V1,HISTORICAL_RECONSTRUCTION
G3-20260722120000--1,G3,2026-07-22 12:00:00,2026-07-22 12:00:00,2026-07-22 12:00:00,1.0724819019,LOW,1.6995209106,MEDIUM,RVMR-V1,HISTORICAL_RECONSTRUCTION
G3-20260723131400--1,G3,2026-07-23 13:14:00,2026-07-23 13:14:00,2026-07-23 13:14:00,1.4717874085,MEDIUM,1.5280377139,MEDIUM,RVMR-V1,HISTORICAL_RECONSTRUCTION
G3-20260724102000--1,G3,2026-07-24 10:20:00,2026-07-24 10:20:00,2026-07-24 10:20:00,2.2616243025,MEDIUM,5.0909318109,HIGH,RVMR-V1,HISTORICAL_RECONSTRUCTION
G3-20260724105900--1,G3,2026-07-24 10:59:00,2026-07-24 10:59:00,2026-07-24 10:59:00,2.3334399868,MEDIUM,3.4858628053,HIGH,RVMR-V1,HISTORICAL_RECONSTRUCTION
G3-20260727105600--1,G3,2026-07-27 10:56:00,2026-07-27 10:56:00,2026-07-27 10:56:00,2.9320987654,HIGH,4.0797952135,HIGH,RVMR-V1,HISTORICAL_RECONSTRUCTION
G3-20260727125000-+1,G3,2026-07-27 12:50:00,2026-07-27 12:50:00,2026-07-27 12:50:00,1.2389829574,LOW,1.0570632454,LOW,RVMR-V1,HISTORICAL_RECONSTRUCTION
G3-20260727132300--1,G3,2026-07-27 13:23:00,2026-07-27 13:23:00,2026-07-27 13:23:00,1.6975893526,MEDIUM,1.3887963898,MEDIUM,RVMR-V1,HISTORICAL_RECONSTRUCTION
G3-20260728103800--1,G3,2026-07-28 10:38:00,2026-07-28 10:38:00,2026-07-28 10:38:00,1.5295442683,MEDIUM,1.9862084476,MEDIUM,RVMR-V1,HISTORICAL_RECONSTRUCTION
G3-20260728110800-+1,G3,2026-07-28 11:08:00,2026-07-28 11:08:00,2026-07-28 11:08:00,1.7285478167,MEDIUM,2.5796043163,HIGH,RVMR-V1,HISTORICAL_RECONSTRUCTION
G3-20260728120900-+1,G3,2026-07-28 12:09:00,2026-07-28 12:09:00,2026-07-28 12:09:00,0.5638214565,LOW,1.8502362426,MEDIUM,RVMR-V1,HISTORICAL_RECONSTRUCTION
G3-20260729110900--1,G3,2026-07-29 11:09:00,2026-07-29 11:09:00,2026-07-29 11:09:00,1.6889954647,MEDIUM,2.7937909773,HIGH,RVMR-V1,HISTORICAL_RECONSTRUCTION
G3-20260729122500--1,G3,2026-07-29 12:25:00,2026-07-29 12:25:00,2026-07-29 12:25:00,1.0291503256,LOW,1.7178213807,MEDIUM,RVMR-V1,HISTORICAL_RECONSTRUCTION
G3-20260729142200-+1,G3,2026-07-29 14:22:00,2026-07-29 14:22:00,2026-07-29 14:22:00,1.6264118158,MEDIUM,1.9745582171,MEDIUM,RVMR-V1,HISTORICAL_RECONSTRUCTION
G3-20260730102000-+1,G3,2026-07-30 10:20:00,2026-07-30 10:20:00,2026-07-30 10:20:00,1.3292569454,MEDIUM,2.5572376694,HIGH,RVMR-V1,HISTORICAL_RECONSTRUCTION
G3-20260730105000-+1,G3,2026-07-30 10:50:00,2026-07-30 10:50:00,2026-07-30 10:50:00,1.4085285267,MEDIUM,2.6411079731,HIGH,RVMR-V1,HISTORICAL_RECONSTRUCTION
G3-20260730113000-+1,G3,2026-07-30 11:30:00,2026-07-30 11:30:00,2026-07-30 11:30:00,1.1102211909,LOW,1.7156187114,MEDIUM,RVMR-V1,HISTORICAL_RECONSTRUCTION
G3-20260730130300--1,G3,2026-07-30 13:03:00,2026-07-30 13:03:00,2026-07-30 13:03:00,1.1455058629,LOW,1.1595322975,LOW,RVMR-V1,HISTORICAL_RECONSTRUCTION
G3-20260803112000-+1,G3,2026-08-03 11:20:00,2026-08-03 11:20:00,2026-08-03 11:20:00,0.6778526298,LOW,1.2098457689,LOW,RVMR-V1,HISTORICAL_RECONSTRUCTION
G3-20260803123900-+1,G3,2026-08-03 12:39:00,2026-08-03 12:39:00,2026-08-03 12:39:00,0.8020460358,LOW,1.5825359410,MEDIUM,RVMR-V1,HISTORICAL_RECONSTRUCTION
G3-20260803142500-+1,G3,2026-08-03 14:25:00,2026-08-03 14:25:00,2026-08-03 14:25:00,1.0143554616,LOW,1.1955360512,LOW,RVMR-V1,HISTORICAL_RECONSTRUCTION
G3-20260804140600-+1,G3,2026-08-04 14:06:00,2026-08-04 14:06:00,2026-08-04 14:06:00,1.7044950138,MEDIUM,2.4066030397,HIGH,RVMR-V1,HISTORICAL_RECONSTRUCTION
G3-20260805124700-+1,G3,2026-08-05 12:47:00,2026-08-05 12:47:00,2026-08-05 12:47:00,1.0876406757,LOW,1.0383730438,LOW,RVMR-V1,HISTORICAL_RECONSTRUCTION
G3-20260806103200-+1,G3,2026-08-06 10:32:00,2026-08-06 10:32:00,2026-08-06 10:32:00,1.6754017789,MEDIUM,3.5050167224,HIGH,RVMR-V1,HISTORICAL_RECONSTRUCTION
G3-20260806110700--1,G3,2026-08-06 11:07:00,2026-08-06 11:07:00,2026-08-06 11:07:00,1.5522587098,MEDIUM,2.8293492661,HIGH,RVMR-V1,HISTORICAL_RECONSTRUCTION
G3-20260806132100-+1,G3,2026-08-06 13:21:00,2026-08-06 13:21:00,2026-08-06 13:21:00,0.8622853787,LOW,1.1539108384,LOW,RVMR-V1,HISTORICAL_RECONSTRUCTION
G3-20260807102000--1,G3,2026-08-07 10:20:00,2026-08-07 10:20:00,2026-08-07 10:20:00,2.0535359439,MEDIUM,4.5854624009,HIGH,RVMR-V1,HISTORICAL_RECONSTRUCTION
G3-20260807105000-+1,G3,2026-08-07 10:50:00,2026-08-07 10:50:00,2026-08-07 10:50:00,1.5509974712,MEDIUM,2.2233181207,MEDIUM,RVMR-V1,HISTORICAL_RECONSTRUCTION
G3-20260807114800-+1,G3,2026-08-07 11:48:00,2026-08-07 11:48:00,2026-08-07 11:48:00,0.7148478648,LOW,0.9673222176,LOW,RVMR-V1,HISTORICAL_RECONSTRUCTION
G3-20260807124500--1,G3,2026-08-07 12:45:00,2026-08-07 12:45:00,2026-08-07 12:45:00,1.0158918758,LOW,1.4228169800,MEDIUM,RVMR-V1,HISTORICAL_RECONSTRUCTION
G3-20260810102800-+1,G3,2026-08-10 10:28:00,2026-08-10 10:28:00,2026-08-10 10:28:00,1.3828678044,MEDIUM,2.7951286584,HIGH,RVMR-V1,HISTORICAL_RECONSTRUCTION
G3-20260810121200-+1,G3,2026-08-10 12:12:00,2026-08-10 12:12:00,2026-08-10 12:12:00,1.3478594445,MEDIUM,1.7215677385,MEDIUM,RVMR-V1,HISTORICAL_RECONSTRUCTION
G3-20260810130400--1,G3,2026-08-10 13:04:00,2026-08-10 13:04:00,2026-08-10 13:04:00,1.1554129120,LOW,1.7487450531,MEDIUM,RVMR-V1,HISTORICAL_RECONSTRUCTION
G3-20260811133500--1,G3,2026-08-11 13:35:00,2026-08-11 13:35:00,2026-08-11 13:35:00,1.0710398375,LOW,0.9755180895,LOW,RVMR-V1,HISTORICAL_RECONSTRUCTION
G3-20260811144900--1,G3,2026-08-11 14:49:00,2026-08-11 14:49:00,2026-08-11 14:49:00,1.3652773220,MEDIUM,1.5930501730,MEDIUM,RVMR-V1,HISTORICAL_RECONSTRUCTION
G3-20260812102400--1,G3,2026-08-12 10:24:00,2026-08-12 10:24:00,2026-08-12 10:24:00,2.0543914400,MEDIUM,2.1194411145,MEDIUM,RVMR-V1,HISTORICAL_RECONSTRUCTION
G3-20260812115400--1,G3,2026-08-12 11:54:00,2026-08-12 11:54:00,2026-08-12 11:54:00,0.7684522386,LOW,1.4984019718,MEDIUM,RVMR-V1,HISTORICAL_RECONSTRUCTION
G3-20260812131100-+1,G3,2026-08-12 13:11:00,2026-08-12 13:11:00,2026-08-12 13:11:00,0.9772281707,LOW,1.6565463065,MEDIUM,RVMR-V1,HISTORICAL_RECONSTRUCTION
G3-20260813105200-+1,G3,2026-08-13 10:52:00,2026-08-13 10:52:00,2026-08-13 10:52:00,1.6654026998,MEDIUM,2.7962311197,HIGH,RVMR-V1,HISTORICAL_RECONSTRUCTION
G3-20260817120000--1,G3,2026-08-17 12:00:00,2026-08-17 12:00:00,2026-08-17 12:00:00,1.2026545077,LOW,0.8947182083,LOW,RVMR-V1,HISTORICAL_RECONSTRUCTION
G3-20260818102500-+1,G3,2026-08-18 10:25:00,2026-08-18 10:25:00,2026-08-18 10:25:00,4.5551419488,HIGH,7.3619920617,HIGH,RVMR-V1,HISTORICAL_RECONSTRUCTION
G3-20260818105500-+1,G3,2026-08-18 10:55:00,2026-08-18 10:55:00,2026-08-18 10:55:00,2.0475367190,MEDIUM,3.5909722608,HIGH,RVMR-V1,HISTORICAL_RECONSTRUCTION
G3-20260818130900-+1,G3,2026-08-18 13:09:00,2026-08-18 13:09:00,2026-08-18 13:09:00,0.7107827527,LOW,0.9742570243,LOW,RVMR-V1,HISTORICAL_RECONSTRUCTION
G3-20260818144500-+1,G3,2026-08-18 14:45:00,2026-08-18 14:45:00,2026-08-18 14:45:00,0.8004701174,LOW,1.3497296434,MEDIUM,RVMR-V1,HISTORICAL_RECONSTRUCTION
G3-20260819122800-+1,G3,2026-08-19 12:28:00,2026-08-19 12:28:00,2026-08-19 12:28:00,1.4186792771,MEDIUM,1.7158412437,MEDIUM,RVMR-V1,HISTORICAL_RECONSTRUCTION
G3-20260819143800--1,G3,2026-08-19 14:38:00,2026-08-19 14:38:00,2026-08-19 14:38:00,0.9324980643,LOW,1.2300663234,LOW,RVMR-V1,HISTORICAL_RECONSTRUCTION
G1-20250819100600-+1,G1,2025-08-19 10:06:00,2025-08-19 10:06:00,,,UNAVAILABLE,,UNAVAILABLE,RVMR-V1,HISTORICAL_RECONSTRUCTION
G1-20250819104200--1,G1,2025-08-19 10:42:00,2025-08-19 10:42:00,,,UNAVAILABLE,,UNAVAILABLE,RVMR-V1,HISTORICAL_RECONSTRUCTION
G1-20250819124300--1,G1,2025-08-19 12:43:00,2025-08-19 12:43:00,,,UNAVAILABLE,,UNAVAILABLE,RVMR-V1,HISTORICAL_RECONSTRUCTION
G1-20250820100100--1,G1,2025-08-20 10:01:00,2025-08-20 10:01:00,2025-08-20 10:01:00,5.4966857143,HIGH,9.7756017860,HIGH,RVMR-V1,HISTORICAL_RECONSTRUCTION
G1-20250820104200--1,G1,2025-08-20 10:42:00,2025-08-20 10:42:00,2025-08-20 10:42:00,3.8750000000,HIGH,6.2158316765,HIGH,RVMR-V1,HISTORICAL_RECONSTRUCTION
G1-20250820140400--1,G1,2025-08-20 14:04:00,2025-08-20 14:04:00,2025-08-20 14:04:00,2.7391638882,HIGH,5.6753014338,HIGH,RVMR-V1,HISTORICAL_RECONSTRUCTION
G1-20250821100100--1,G1,2025-08-21 10:01:00,2025-08-21 10:01:00,2025-08-21 10:01:00,6.9901587121,HIGH,12.0734255358,HIGH,RVMR-V1,HISTORICAL_RECONSTRUCTION
G1-20250821103100-+1,G1,2025-08-21 10:31:00,2025-08-21 10:31:00,2025-08-21 10:31:00,2.9981758886,HIGH,4.6859893839,HIGH,RVMR-V1,HISTORICAL_RECONSTRUCTION
G1-20250821112200--1,G1,2025-08-21 11:22:00,2025-08-21 11:22:00,2025-08-21 11:22:00,2.3126934985,MEDIUM,2.5655747294,HIGH,RVMR-V1,HISTORICAL_RECONSTRUCTION
G1-20250822100100--1,G1,2025-08-22 10:01:00,2025-08-22 10:01:00,2025-08-22 10:01:00,24.7598682057,HIGH,18.2255299991,HIGH,RVMR-V1,HISTORICAL_RECONSTRUCTION
G1-20250822115200--1,G1,2025-08-22 11:52:00,2025-08-22 11:52:00,2025-08-22 11:52:00,1.1263080013,LOW,1.8605692353,MEDIUM,RVMR-V1,HISTORICAL_RECONSTRUCTION
G1-20250822122300--1,G1,2025-08-22 12:23:00,2025-08-22 12:23:00,2025-08-22 12:23:00,1.7144679494,MEDIUM,2.1947867729,MEDIUM,RVMR-V1,HISTORICAL_RECONSTRUCTION
G1-20250822131400-+1,G1,2025-08-22 13:14:00,2025-08-22 13:14:00,2025-08-22 13:14:00,1.4951977157,MEDIUM,1.2477937857,LOW,RVMR-V1,HISTORICAL_RECONSTRUCTION
G1-20250825100200-+1,G1,2025-08-25 10:02:00,2025-08-25 10:02:00,2025-08-25 10:02:00,2.8254887416,HIGH,6.2217934465,HIGH,RVMR-V1,HISTORICAL_RECONSTRUCTION
G1-20250826101300-+1,G1,2025-08-26 10:13:00,2025-08-26 10:13:00,2025-08-26 10:13:00,3.3552529384,HIGH,6.0441581205,HIGH,RVMR-V1,HISTORICAL_RECONSTRUCTION
G1-20250826103300-+1,G1,2025-08-26 10:33:00,2025-08-26 10:33:00,2025-08-26 10:33:00,1.8876265872,MEDIUM,3.2634136484,HIGH,RVMR-V1,HISTORICAL_RECONSTRUCTION
G1-20250827120000-+1,G1,2025-08-27 12:00:00,2025-08-27 12:00:00,2025-08-27 12:00:00,1.4456218628,MEDIUM,1.9524522869,MEDIUM,RVMR-V1,HISTORICAL_RECONSTRUCTION
G1-20250827122800--1,G1,2025-08-27 12:28:00,2025-08-27 12:28:00,2025-08-27 12:28:00,2.6504394861,HIGH,5.5334978896,HIGH,RVMR-V1,HISTORICAL_RECONSTRUCTION
G1-20250828100300--1,G1,2025-08-28 10:03:00,2025-08-28 10:03:00,2025-08-28 10:03:00,2.5594799787,HIGH,6.1827798251,HIGH,RVMR-V1,HISTORICAL_RECONSTRUCTION
G1-20250828111900-+1,G1,2025-08-28 11:19:00,2025-08-28 11:19:00,2025-08-28 11:19:00,1.9732908112,MEDIUM,3.0389254209,HIGH,RVMR-V1,HISTORICAL_RECONSTRUCTION
G1-20250829100100--1,G1,2025-08-29 10:01:00,2025-08-29 10:01:00,2025-08-29 10:01:00,7.8686296716,HIGH,9.7746392266,HIGH,RVMR-V1,HISTORICAL_RECONSTRUCTION
G1-20250829111100--1,G1,2025-08-29 11:11:00,2025-08-29 11:11:00,2025-08-29 11:11:00,1.8677569435,MEDIUM,3.2114980698,HIGH,RVMR-V1,HISTORICAL_RECONSTRUCTION
G1-20250829131300--1,G1,2025-08-29 13:13:00,2025-08-29 13:13:00,2025-08-29 13:13:00,1.2173862344,LOW,2.0138503597,MEDIUM,RVMR-V1,HISTORICAL_RECONSTRUCTION
G1-20250902101700--1,G1,2025-09-02 10:17:00,2025-09-02 10:17:00,2025-09-02 10:17:00,3.4516012152,HIGH,8.6758294850,HIGH,RVMR-V1,HISTORICAL_RECONSTRUCTION
G1-20250902104700--1,G1,2025-09-02 10:47:00,2025-09-02 10:47:00,2025-09-02 10:47:00,3.1860924536,HIGH,6.9898995182,HIGH,RVMR-V1,HISTORICAL_RECONSTRUCTION
G1-20250903101300-+1,G1,2025-09-03 10:13:00,2025-09-03 10:13:00,2025-09-03 10:13:00,4.4503175753,HIGH,8.1020711996,HIGH,RVMR-V1,HISTORICAL_RECONSTRUCTION
G1-20250903103900-+1,G1,2025-09-03 10:39:00,2025-09-03 10:39:00,2025-09-03 10:39:00,1.5437392796,MEDIUM,2.7044375063,HIGH,RVMR-V1,HISTORICAL_RECONSTRUCTION
G1-20250903134700--1,G1,2025-09-03 13:47:00,2025-09-03 13:47:00,2025-09-03 13:47:00,2.1319295937,MEDIUM,4.2251821465,HIGH,RVMR-V1,HISTORICAL_RECONSTRUCTION
G1-20250904101300--1,G1,2025-09-04 10:13:00,2025-09-04 10:13:00,2025-09-04 10:13:00,3.1147346153,HIGH,7.6458818479,HIGH,RVMR-V1,HISTORICAL_RECONSTRUCTION
G1-20250904103400-+1,G1,2025-09-04 10:34:00,2025-09-04 10:34:00,2025-09-04 10:34:00,2.0956270685,MEDIUM,3.5330532418,HIGH,RVMR-V1,HISTORICAL_RECONSTRUCTION
G1-20250904113000-+1,G1,2025-09-04 11:30:00,2025-09-04 11:30:00,2025-09-04 11:30:00,1.0654039657,LOW,1.4781723290,MEDIUM,RVMR-V1,HISTORICAL_RECONSTRUCTION
G1-20250905100300--1,G1,2025-09-05 10:03:00,2025-09-05 10:03:00,2025-09-05 10:03:00,4.6944413747,HIGH,5.4695935599,HIGH,RVMR-V1,HISTORICAL_RECONSTRUCTION
G1-20250905111400--1,G1,2025-09-05 11:14:00,2025-09-05 11:14:00,2025-09-05 11:14:00,4.0531494066,HIGH,5.4866185308,HIGH,RVMR-V1,HISTORICAL_RECONSTRUCTION
G1-20250905120000--1,G1,2025-09-05 12:00:00,2025-09-05 12:00:00,2025-09-05 12:00:00,2.5208192663,HIGH,2.8165715600,HIGH,RVMR-V1,HISTORICAL_RECONSTRUCTION
G1-20250908102300--1,G1,2025-09-08 10:23:00,2025-09-08 10:23:00,2025-09-08 10:23:00,2.0020533881,MEDIUM,2.8807044517,HIGH,RVMR-V1,HISTORICAL_RECONSTRUCTION
G1-20250908114900--1,G1,2025-09-08 11:49:00,2025-09-08 11:49:00,2025-09-08 11:49:00,2.1328671329,MEDIUM,3.3016541877,HIGH,RVMR-V1,HISTORICAL_RECONSTRUCTION
G1-20250909100200--1,G1,2025-09-09 10:02:00,2025-09-09 10:02:00,2025-09-09 10:02:00,4.7743267336,HIGH,9.5572881795,HIGH,RVMR-V1,HISTORICAL_RECONSTRUCTION
G1-20250909105700--1,G1,2025-09-09 10:57:00,2025-09-09 10:57:00,2025-09-09 10:57:00,2.7498690979,HIGH,4.5783177178,HIGH,RVMR-V1,HISTORICAL_RECONSTRUCTION
G1-20250909115800-+1,G1,2025-09-09 11:58:00,2025-09-09 11:58:00,2025-09-09 11:58:00,3.6807980050,HIGH,4.5132182343,HIGH,RVMR-V1,HISTORICAL_RECONSTRUCTION
G1-20250910100100--1,G1,2025-09-10 10:01:00,2025-09-10 10:01:00,2025-09-10 10:01:00,4.0707016604,HIGH,6.5288693134,HIGH,RVMR-V1,HISTORICAL_RECONSTRUCTION
G1-20250910112200--1,G1,2025-09-10 11:22:00,2025-09-10 11:22:00,2025-09-10 11:22:00,1.4781716080,MEDIUM,3.2457244308,HIGH,RVMR-V1,HISTORICAL_RECONSTRUCTION
G1-20250910132500--1,G1,2025-09-10 13:25:00,2025-09-10 13:25:00,2025-09-10 13:25:00,1.5393322015,MEDIUM,1.8949401116,MEDIUM,RVMR-V1,HISTORICAL_RECONSTRUCTION
G1-20250911100100-+1,G1,2025-09-11 10:01:00,2025-09-11 10:01:00,2025-09-11 10:01:00,3.0367944947,HIGH,4.5964975003,HIGH,RVMR-V1,HISTORICAL_RECONSTRUCTION
G1-20250911105200-+1,G1,2025-09-11 10:52:00,2025-09-11 10:52:00,2025-09-11 10:52:00,2.3704695740,HIGH,3.9593315593,HIGH,RVMR-V1,HISTORICAL_RECONSTRUCTION
G1-20250911111800-+1,G1,2025-09-11 11:18:00,2025-09-11 11:18:00,2025-09-11 11:18:00,1.6805191848,MEDIUM,4.1321985999,HIGH,RVMR-V1,HISTORICAL_RECONSTRUCTION
G1-20250911114800--1,G1,2025-09-11 11:48:00,2025-09-11 11:48:00,2025-09-11 11:48:00,1.8624435950,MEDIUM,2.8025982922,HIGH,RVMR-V1,HISTORICAL_RECONSTRUCTION
G1-20250912110300-+1,G1,2025-09-12 11:03:00,2025-09-12 11:03:00,2025-09-12 11:03:00,2.7421540264,HIGH,5.2258862304,HIGH,RVMR-V1,HISTORICAL_RECONSTRUCTION
G1-20250917100800--1,G1,2025-09-17 10:08:00,2025-09-17 10:08:00,2025-09-17 10:08:00,2.8067019004,HIGH,4.3521174687,HIGH,RVMR-V1,HISTORICAL_RECONSTRUCTION
G1-20250918103400-+1,G1,2025-09-18 10:34:00,2025-09-18 10:34:00,2025-09-18 10:34:00,1.5566273075,MEDIUM,2.4814498303,HIGH,RVMR-V1,HISTORICAL_RECONSTRUCTION
G1-20250919101100-+1,G1,2025-09-19 10:11:00,2025-09-19 10:11:00,2025-09-19 10:11:00,2.2181878198,MEDIUM,4.4531744448,HIGH,RVMR-V1,HISTORICAL_RECONSTRUCTION
G1-20250919111800--1,G1,2025-09-19 11:18:00,2025-09-19 11:18:00,2025-09-19 11:18:00,1.1508491508,LOW,2.2423139328,MEDIUM,RVMR-V1,HISTORICAL_RECONSTRUCTION
G1-20250922100500-+1,G1,2025-09-22 10:05:00,2025-09-22 10:05:00,2025-09-22 10:05:00,2.1275775679,MEDIUM,2.8073455842,HIGH,RVMR-V1,HISTORICAL_RECONSTRUCTION
G1-20250922121300-+1,G1,2025-09-22 12:13:00,2025-09-22 12:13:00,2025-09-22 12:13:00,1.7036083371,MEDIUM,3.7226754286,HIGH,RVMR-V1,HISTORICAL_RECONSTRUCTION
G1-20250923121100--1,G1,2025-09-23 12:11:00,2025-09-23 12:11:00,2025-09-23 12:11:00,1.4594784236,MEDIUM,3.7500661864,HIGH,RVMR-V1,HISTORICAL_RECONSTRUCTION
G1-20250923130600--1,G1,2025-09-23 13:06:00,2025-09-23 13:06:00,2025-09-23 13:06:00,2.1637449432,MEDIUM,4.1560179860,HIGH,RVMR-V1,HISTORICAL_RECONSTRUCTION
G1-20250924100600-+1,G1,2025-09-24 10:06:00,2025-09-24 10:06:00,2025-09-24 10:06:00,4.3602983362,HIGH,6.3184838186,HIGH,RVMR-V1,HISTORICAL_RECONSTRUCTION
G1-20250924103600--1,G1,2025-09-24 10:36:00,2025-09-24 10:36:00,2025-09-24 10:36:00,3.8141535010,HIGH,4.9341238903,HIGH,RVMR-V1,HISTORICAL_RECONSTRUCTION
G1-20250924113700--1,G1,2025-09-24 11:37:00,2025-09-24 11:37:00,2025-09-24 11:37:00,1.1970840261,LOW,2.6503000069,HIGH,RVMR-V1,HISTORICAL_RECONSTRUCTION
G1-20250924121900--1,G1,2025-09-24 12:19:00,2025-09-24 12:19:00,2025-09-24 12:19:00,2.2408266160,MEDIUM,5.2081502734,HIGH,RVMR-V1,HISTORICAL_RECONSTRUCTION
G1-20250924131400-+1,G1,2025-09-24 13:14:00,2025-09-24 13:14:00,2025-09-24 13:14:00,2.6769061986,HIGH,3.6474894069,HIGH,RVMR-V1,HISTORICAL_RECONSTRUCTION
G1-20250925121000-+1,G1,2025-09-25 12:10:00,2025-09-25 12:10:00,2025-09-25 12:10:00,1.3556485356,MEDIUM,1.8624934930,MEDIUM,RVMR-V1,HISTORICAL_RECONSTRUCTION
G1-20250926104600-+1,G1,2025-09-26 10:46:00,2025-09-26 10:46:00,2025-09-26 10:46:00,4.4227855359,HIGH,5.2216337241,HIGH,RVMR-V1,HISTORICAL_RECONSTRUCTION
G1-20250926113200-+1,G1,2025-09-26 11:32:00,2025-09-26 11:32:00,2025-09-26 11:32:00,2.1788786403,MEDIUM,2.5704290151,HIGH,RVMR-V1,HISTORICAL_RECONSTRUCTION
G1-20250926122800-+1,G1,2025-09-26 12:28:00,2025-09-26 12:28:00,2025-09-26 12:28:00,2.0696550575,MEDIUM,2.4649968624,HIGH,RVMR-V1,HISTORICAL_RECONSTRUCTION
G1-20250929101100-+1,G1,2025-09-29 10:11:00,2025-09-29 10:11:00,2025-09-29 10:11:00,1.8474328381,MEDIUM,3.4516446827,HIGH,RVMR-V1,HISTORICAL_RECONSTRUCTION
G1-20250929111700--1,G1,2025-09-29 11:17:00,2025-09-29 11:17:00,2025-09-29 11:17:00,2.4400109319,HIGH,4.6422720944,HIGH,RVMR-V1,HISTORICAL_RECONSTRUCTION
G1-20250929130500--1,G1,2025-09-29 13:05:00,2025-09-29 13:05:00,2025-09-29 13:05:00,2.7883698761,HIGH,4.4073778171,HIGH,RVMR-V1,HISTORICAL_RECONSTRUCTION
G1-20250930100100--1,G1,2025-09-30 10:01:00,2025-09-30 10:01:00,2025-09-30 10:01:00,2.8914049863,HIGH,5.1069858421,HIGH,RVMR-V1,HISTORICAL_RECONSTRUCTION
G1-20250930105100-+1,G1,2025-09-30 10:51:00,2025-09-30 10:51:00,2025-09-30 10:51:00,2.2594346003,MEDIUM,4.1536013440,HIGH,RVMR-V1,HISTORICAL_RECONSTRUCTION
G1-20250930112200--1,G1,2025-09-30 11:22:00,2025-09-30 11:22:00,2025-09-30 11:22:00,1.8378319665,MEDIUM,4.3403359828,HIGH,RVMR-V1,HISTORICAL_RECONSTRUCTION
G1-20251001100100--1,G1,2025-10-01 10:01:00,2025-10-01 10:01:00,2025-10-01 10:01:00,5.3907811029,HIGH,4.7709820524,HIGH,RVMR-V1,HISTORICAL_RECONSTRUCTION
G1-20251001103200-+1,G1,2025-10-01 10:32:00,2025-10-01 10:32:00,2025-10-01 10:32:00,1.5910884615,MEDIUM,3.0450907919,HIGH,RVMR-V1,HISTORICAL_RECONSTRUCTION
G1-20251001110400-+1,G1,2025-10-01 11:04:00,2025-10-01 11:04:00,2025-10-01 11:04:00,2.2693983499,MEDIUM,3.3915887199,HIGH,RVMR-V1,HISTORICAL_RECONSTRUCTION
G1-20251001114000-+1,G1,2025-10-01 11:40:00,2025-10-01 11:40:00,2025-10-01 11:40:00,1.1295728446,LOW,1.7988221502,MEDIUM,RVMR-V1,HISTORICAL_RECONSTRUCTION
G1-20251001131100-+1,G1,2025-10-01 13:11:00,2025-10-01 13:11:00,2025-10-01 13:11:00,1.1318171446,LOW,2.3420005552,HIGH,RVMR-V1,HISTORICAL_RECONSTRUCTION
G1-20251001140300-+1,G1,2025-10-01 14:03:00,2025-10-01 14:03:00,2025-10-01 14:03:00,2.7428571429,HIGH,3.9467841471,HIGH,RVMR-V1,HISTORICAL_RECONSTRUCTION
G1-20251002104800--1,G1,2025-10-02 10:48:00,2025-10-02 10:48:00,2025-10-02 10:48:00,2.7708959711,HIGH,5.0242096943,HIGH,RVMR-V1,HISTORICAL_RECONSTRUCTION
G1-20251002120600-+1,G1,2025-10-02 12:06:00,2025-10-02 12:06:00,2025-10-02 12:06:00,4.3748849199,HIGH,6.9760860026,HIGH,RVMR-V1,HISTORICAL_RECONSTRUCTION
G1-20251003101700--1,G1,2025-10-03 10:17:00,2025-10-03 10:17:00,2025-10-03 10:17:00,3.4794461138,HIGH,6.5172752148,HIGH,RVMR-V1,HISTORICAL_RECONSTRUCTION
G1-20251003104400-+1,G1,2025-10-03 10:44:00,2025-10-03 10:44:00,2025-10-03 10:44:00,2.7073509015,HIGH,4.2113297593,HIGH,RVMR-V1,HISTORICAL_RECONSTRUCTION
G1-20251003112700-+1,G1,2025-10-03 11:27:00,2025-10-03 11:27:00,2025-10-03 11:27:00,4.4745104386,HIGH,6.8478801559,HIGH,RVMR-V1,HISTORICAL_RECONSTRUCTION
G1-20251003115900-+1,G1,2025-10-03 11:59:00,2025-10-03 11:59:00,2025-10-03 11:59:00,1.5257267731,MEDIUM,1.5161870130,MEDIUM,RVMR-V1,HISTORICAL_RECONSTRUCTION
G1-20251003131200--1,G1,2025-10-03 13:12:00,2025-10-03 13:12:00,2025-10-03 13:12:00,3.2408102026,HIGH,5.5252673431,HIGH,RVMR-V1,HISTORICAL_RECONSTRUCTION
G1-20251003135600--1,G1,2025-10-03 13:56:00,2025-10-03 13:56:00,2025-10-03 13:56:00,9.0939432610,HIGH,11.1837898849,HIGH,RVMR-V1,HISTORICAL_RECONSTRUCTION
G1-20251006103900--1,G1,2025-10-06 10:39:00,2025-10-06 10:39:00,2025-10-06 10:39:00,2.3040000000,MEDIUM,2.5357978785,HIGH,RVMR-V1,HISTORICAL_RECONSTRUCTION
G1-20251006132800-+1,G1,2025-10-06 13:28:00,2025-10-06 13:28:00,2025-10-06 13:28:00,1.3769655759,MEDIUM,2.0016464070,MEDIUM,RVMR-V1,HISTORICAL_RECONSTRUCTION
G1-20251007103900--1,G1,2025-10-07 10:39:00,2025-10-07 10:39:00,2025-10-07 10:39:00,1.9044546950,MEDIUM,4.8740033063,HIGH,RVMR-V1,HISTORICAL_RECONSTRUCTION
G1-20251007110800--1,G1,2025-10-07 11:08:00,2025-10-07 11:08:00,2025-10-07 11:08:00,5.3319227718,HIGH,14.1154580109,HIGH,RVMR-V1,HISTORICAL_RECONSTRUCTION
G1-20251007114200--1,G1,2025-10-07 11:42:00,2025-10-07 11:42:00,2025-10-07 11:42:00,3.5292994239,HIGH,7.6384550872,HIGH,RVMR-V1,HISTORICAL_RECONSTRUCTION
G1-20251007122100--1,G1,2025-10-07 12:21:00,2025-10-07 12:21:00,2025-10-07 12:21:00,2.8320324504,HIGH,2.6597698888,HIGH,RVMR-V1,HISTORICAL_RECONSTRUCTION
G1-20251007140500--1,G1,2025-10-07 14:05:00,2025-10-07 14:05:00,2025-10-07 14:05:00,2.3108003553,MEDIUM,1.9210213720,MEDIUM,RVMR-V1,HISTORICAL_RECONSTRUCTION
G1-20251008105900--1,G1,2025-10-08 10:59:00,2025-10-08 10:59:00,2025-10-08 10:59:00,2.1986469055,MEDIUM,3.7624611201,HIGH,RVMR-V1,HISTORICAL_RECONSTRUCTION
G1-20251008112700-+1,G1,2025-10-08 11:27:00,2025-10-08 11:27:00,2025-10-08 11:27:00,1.2939373117,MEDIUM,3.5090936372,HIGH,RVMR-V1,HISTORICAL_RECONSTRUCTION
G1-20251009103300--1,G1,2025-10-09 10:33:00,2025-10-09 10:33:00,2025-10-09 10:33:00,2.0581882861,MEDIUM,5.0509919961,HIGH,RVMR-V1,HISTORICAL_RECONSTRUCTION
G1-20251009110300-+1,G1,2025-10-09 11:03:00,2025-10-09 11:03:00,2025-10-09 11:03:00,3.8779174147,HIGH,4.8416015331,HIGH,RVMR-V1,HISTORICAL_RECONSTRUCTION
G1-20251009113300--1,G1,2025-10-09 11:33:00,2025-10-09 11:33:00,2025-10-09 11:33:00,1.6629242317,MEDIUM,2.2359717018,MEDIUM,RVMR-V1,HISTORICAL_RECONSTRUCTION
G1-20251009130400--1,G1,2025-10-09 13:04:00,2025-10-09 13:04:00,2025-10-09 13:04:00,3.4616465299,HIGH,4.8548682421,HIGH,RVMR-V1,HISTORICAL_RECONSTRUCTION
G1-20251010100300--1,G1,2025-10-10 10:03:00,2025-10-10 10:03:00,2025-10-10 10:03:00,4.0857253044,HIGH,6.0661941173,HIGH,RVMR-V1,HISTORICAL_RECONSTRUCTION
G1-20251010103300-+1,G1,2025-10-10 10:33:00,2025-10-10 10:33:00,2025-10-10 10:33:00,1.8152558738,MEDIUM,1.5930712151,MEDIUM,RVMR-V1,HISTORICAL_RECONSTRUCTION
G1-20251010110700--1,G1,2025-10-10 11:07:00,2025-10-10 11:07:00,2025-10-10 11:07:00,9.2983844210,HIGH,11.6688758959,HIGH,RVMR-V1,HISTORICAL_RECONSTRUCTION
G1-20251010114500--1,G1,2025-10-10 11:45:00,2025-10-10 11:45:00,2025-10-10 11:45:00,10.9894569677,HIGH,10.4615473220,HIGH,RVMR-V1,HISTORICAL_RECONSTRUCTION
G1-20251010133200-+1,G1,2025-10-10 13:32:00,2025-10-10 13:32:00,2025-10-10 13:32:00,2.6850792010,HIGH,2.5776129364,HIGH,RVMR-V1,HISTORICAL_RECONSTRUCTION
G1-20251013100300-+1,G1,2025-10-13 10:03:00,2025-10-13 10:03:00,2025-10-13 10:03:00,1.8658220559,MEDIUM,3.6793052564,HIGH,RVMR-V1,HISTORICAL_RECONSTRUCTION
G1-20251013103300--1,G1,2025-10-13 10:33:00,2025-10-13 10:33:00,2025-10-13 10:33:00,2.2762607999,MEDIUM,2.8351716090,HIGH,RVMR-V1,HISTORICAL_RECONSTRUCTION
G1-20251013110900--1,G1,2025-10-13 11:09:00,2025-10-13 11:09:00,2025-10-13 11:09:00,1.7019264862,MEDIUM,1.7603431115,MEDIUM,RVMR-V1,HISTORICAL_RECONSTRUCTION
G1-20251013131200-+1,G1,2025-10-13 13:12:00,2025-10-13 13:12:00,2025-10-13 13:12:00,0.4625077208,LOW,0.9335305419,LOW,RVMR-V1,HISTORICAL_RECONSTRUCTION
G1-20251014101000-+1,G1,2025-10-14 10:10:00,2025-10-14 10:10:00,2025-10-14 10:10:00,2.7107959023,HIGH,3.9749116834,HIGH,RVMR-V1,HISTORICAL_RECONSTRUCTION
G1-20251014110700-+1,G1,2025-10-14 11:07:00,2025-10-14 11:07:00,2025-10-14 11:07:00,1.3398118474,MEDIUM,2.8313635068,HIGH,RVMR-V1,HISTORICAL_RECONSTRUCTION
G1-20251014120500-+1,G1,2025-10-14 12:05:00,2025-10-14 12:05:00,2025-10-14 12:05:00,1.9460336051,MEDIUM,2.4919387659,HIGH,RVMR-V1,HISTORICAL_RECONSTRUCTION
G1-20251014122300-+1,G1,2025-10-14 12:23:00,2025-10-14 12:23:00,2025-10-14 12:23:00,2.3340837461,MEDIUM,3.4100362806,HIGH,RVMR-V1,HISTORICAL_RECONSTRUCTION
G1-20251015113900--1,G1,2025-10-15 11:39:00,2025-10-15 11:39:00,2025-10-15 11:39:00,2.7971440571,HIGH,5.9269429060,HIGH,RVMR-V1,HISTORICAL_RECONSTRUCTION
G1-20251015130200--1,G1,2025-10-15 13:02:00,2025-10-15 13:02:00,2025-10-15 13:02:00,2.2267009521,MEDIUM,4.6895426197,HIGH,RVMR-V1,HISTORICAL_RECONSTRUCTION
G1-20251016100600--1,G1,2025-10-16 10:06:00,2025-10-16 10:06:00,2025-10-16 10:06:00,2.9052105044,HIGH,4.1369762478,HIGH,RVMR-V1,HISTORICAL_RECONSTRUCTION
G1-20251016104800-+1,G1,2025-10-16 10:48:00,2025-10-16 10:48:00,2025-10-16 10:48:00,2.0570415250,MEDIUM,3.0242202074,HIGH,RVMR-V1,HISTORICAL_RECONSTRUCTION
G1-20251016113600--1,G1,2025-10-16 11:36:00,2025-10-16 11:36:00,2025-10-16 11:36:00,2.6291508404,HIGH,3.5007323441,HIGH,RVMR-V1,HISTORICAL_RECONSTRUCTION
G1-20251016122800--1,G1,2025-10-16 12:28:00,2025-10-16 12:28:00,2025-10-16 12:28:00,2.1891701277,MEDIUM,3.4369227159,HIGH,RVMR-V1,HISTORICAL_RECONSTRUCTION
G1-20251016141400--1,G1,2025-10-16 14:14:00,2025-10-16 14:14:00,2025-10-16 14:14:00,1.6062106813,MEDIUM,2.5969001392,HIGH,RVMR-V1,HISTORICAL_RECONSTRUCTION
G1-20251017100100-+1,G1,2025-10-17 10:01:00,2025-10-17 10:01:00,2025-10-17 10:01:00,3.0256595284,HIGH,5.2071099031,HIGH,RVMR-V1,HISTORICAL_RECONSTRUCTION
G1-20251017104100--1,G1,2025-10-17 10:41:00,2025-10-17 10:41:00,2025-10-17 10:41:00,2.8293676511,HIGH,4.3691781439,HIGH,RVMR-V1,HISTORICAL_RECONSTRUCTION
G1-20251020103200-+1,G1,2025-10-20 10:32:00,2025-10-20 10:32:00,2025-10-20 10:32:00,1.3290671917,MEDIUM,3.1097236074,HIGH,RVMR-V1,HISTORICAL_RECONSTRUCTION
G1-20251021102700-+1,G1,2025-10-21 10:27:00,2025-10-21 10:27:00,2025-10-21 10:27:00,5.8668549855,HIGH,9.1528035997,HIGH,RVMR-V1,HISTORICAL_RECONSTRUCTION
G1-20251021110100-+1,G1,2025-10-21 11:01:00,2025-10-21 11:01:00,2025-10-21 11:01:00,3.3292048551,HIGH,7.1898568357,HIGH,RVMR-V1,HISTORICAL_RECONSTRUCTION
G1-20251021115700-+1,G1,2025-10-21 11:57:00,2025-10-21 11:57:00,2025-10-21 11:57:00,2.0662821822,MEDIUM,2.4589420927,HIGH,RVMR-V1,HISTORICAL_RECONSTRUCTION
G1-20251021130700--1,G1,2025-10-21 13:07:00,2025-10-21 13:07:00,2025-10-21 13:07:00,2.8124215284,HIGH,4.2971066031,HIGH,RVMR-V1,HISTORICAL_RECONSTRUCTION
G1-20251022104600--1,G1,2025-10-22 10:46:00,2025-10-22 10:46:00,2025-10-22 10:46:00,4.0056100982,HIGH,7.1678043138,HIGH,RVMR-V1,HISTORICAL_RECONSTRUCTION
G1-20251022111900--1,G1,2025-10-22 11:19:00,2025-10-22 11:19:00,2025-10-22 11:19:00,1.4364922863,MEDIUM,2.3472141599,HIGH,RVMR-V1,HISTORICAL_RECONSTRUCTION
G1-20251022120200-+1,G1,2025-10-22 12:02:00,2025-10-22 12:02:00,2025-10-22 12:02:00,2.4500907441,HIGH,3.3882352941,HIGH,RVMR-V1,HISTORICAL_RECONSTRUCTION
G1-20251022123200--1,G1,2025-10-22 12:32:00,2025-10-22 12:32:00,2025-10-22 12:32:00,7.3656473506,HIGH,11.6143085004,HIGH,RVMR-V1,HISTORICAL_RECONSTRUCTION
G1-20251023101300--1,G1,2025-10-23 10:13:00,2025-10-23 10:13:00,2025-10-23 10:13:00,2.1633024884,MEDIUM,4.5891159620,HIGH,RVMR-V1,HISTORICAL_RECONSTRUCTION
G1-20251023104300-+1,G1,2025-10-23 10:43:00,2025-10-23 10:43:00,2025-10-23 10:43:00,1.1177644711,LOW,1.4543507905,MEDIUM,RVMR-V1,HISTORICAL_RECONSTRUCTION
G1-20251023113300-+1,G1,2025-10-23 11:33:00,2025-10-23 11:33:00,2025-10-23 11:33:00,1.0400449402,LOW,1.7174411693,MEDIUM,RVMR-V1,HISTORICAL_RECONSTRUCTION
G1-20251023134100-+1,G1,2025-10-23 13:41:00,2025-10-23 13:41:00,2025-10-23 13:41:00,1.7708389028,MEDIUM,3.2259183667,HIGH,RVMR-V1,HISTORICAL_RECONSTRUCTION
G1-20251024103200--1,G1,2025-10-24 10:32:00,2025-10-24 10:32:00,2025-10-24 10:32:00,2.7917381254,HIGH,5.1473892974,HIGH,RVMR-V1,HISTORICAL_RECONSTRUCTION
G1-20251024110400--1,G1,2025-10-24 11:04:00,2025-10-24 11:04:00,2025-10-24 11:04:00,2.5881578614,HIGH,3.6798977566,HIGH,RVMR-V1,HISTORICAL_RECONSTRUCTION
G1-20251027101100-+1,G1,2025-10-27 10:11:00,2025-10-27 10:11:00,2025-10-27 10:11:00,2.8726805673,HIGH,5.1022051642,HIGH,RVMR-V1,HISTORICAL_RECONSTRUCTION
G1-20251027105100-+1,G1,2025-10-27 10:51:00,2025-10-27 10:51:00,2025-10-27 10:51:00,1.8321117411,MEDIUM,2.3318929127,MEDIUM,RVMR-V1,HISTORICAL_RECONSTRUCTION
G1-20251028104700--1,G1,2025-10-28 10:47:00,2025-10-28 10:47:00,2025-10-28 10:47:00,2.3250296560,MEDIUM,3.8417804951,HIGH,RVMR-V1,HISTORICAL_RECONSTRUCTION
G1-20251028120500-+1,G1,2025-10-28 12:05:00,2025-10-28 12:05:00,2025-10-28 12:05:00,1.5333356233,MEDIUM,2.9350798186,HIGH,RVMR-V1,HISTORICAL_RECONSTRUCTION
G1-20251029100300-+1,G1,2025-10-29 10:03:00,2025-10-29 10:03:00,2025-10-29 10:03:00,1.5716460350,MEDIUM,3.3427993045,HIGH,RVMR-V1,HISTORICAL_RECONSTRUCTION
G1-20251029105100--1,G1,2025-10-29 10:51:00,2025-10-29 10:51:00,2025-10-29 10:51:00,3.9134960102,HIGH,9.5913004078,HIGH,RVMR-V1,HISTORICAL_RECONSTRUCTION
G1-20251030100400-+1,G1,2025-10-30 10:04:00,2025-10-30 10:04:00,2025-10-30 10:04:00,2.9475251210,HIGH,5.0145275121,HIGH,RVMR-V1,HISTORICAL_RECONSTRUCTION
G1-20251030103100--1,G1,2025-10-30 10:31:00,2025-10-30 10:31:00,2025-10-30 10:31:00,3.0463881837,HIGH,3.3899164858,HIGH,RVMR-V1,HISTORICAL_RECONSTRUCTION
G1-20251030110100--1,G1,2025-10-30 11:01:00,2025-10-30 11:01:00,2025-10-30 11:01:00,1.2006973747,LOW,2.5604457400,HIGH,RVMR-V1,HISTORICAL_RECONSTRUCTION
G1-20251030121700-+1,G1,2025-10-30 12:17:00,2025-10-30 12:17:00,2025-10-30 12:17:00,0.9846704711,LOW,1.8444246363,MEDIUM,RVMR-V1,HISTORICAL_RECONSTRUCTION
G1-20251030141700--1,G1,2025-10-30 14:17:00,2025-10-30 14:17:00,2025-10-30 14:17:00,0.9442966957,LOW,1.8614745690,MEDIUM,RVMR-V1,HISTORICAL_RECONSTRUCTION
G1-20251031100600--1,G1,2025-10-31 10:06:00,2025-10-31 10:06:00,2025-10-31 10:06:00,2.5585284281,HIGH,6.3037194027,HIGH,RVMR-V1,HISTORICAL_RECONSTRUCTION
G1-20251031113200--1,G1,2025-10-31 11:32:00,2025-10-31 11:32:00,2025-10-31 11:32:00,1.5984948260,MEDIUM,3.0907191465,HIGH,RVMR-V1,HISTORICAL_RECONSTRUCTION
G1-20251031120300--1,G1,2025-10-31 12:03:00,2025-10-31 12:03:00,2025-10-31 12:03:00,1.9057702488,MEDIUM,2.9184522209,HIGH,RVMR-V1,HISTORICAL_RECONSTRUCTION
G1-20251031123400-+1,G1,2025-10-31 12:34:00,2025-10-31 12:34:00,2025-10-31 12:34:00,1.6806596137,MEDIUM,1.7667600896,MEDIUM,RVMR-V1,HISTORICAL_RECONSTRUCTION
G1-20251031135300-+1,G1,2025-10-31 13:53:00,2025-10-31 13:53:00,2025-10-31 13:53:00,1.7316017316,MEDIUM,1.9194846828,MEDIUM,RVMR-V1,HISTORICAL_RECONSTRUCTION
G1-20251103100400--1,G1,2025-11-03 10:04:00,2025-11-03 10:04:00,2025-11-03 10:04:00,1.8813618814,MEDIUM,2.6491653148,HIGH,RVMR-V1,HISTORICAL_RECONSTRUCTION
G1-20251103103300--1,G1,2025-11-03 10:33:00,2025-11-03 10:33:00,2025-11-03 10:33:00,2.2469600959,MEDIUM,3.6149131905,HIGH,RVMR-V1,HISTORICAL_RECONSTRUCTION
G1-20251104100700-+1,G1,2025-11-04 10:07:00,2025-11-04 10:07:00,2025-11-04 10:07:00,2.0313748152,MEDIUM,5.6242899907,HIGH,RVMR-V1,HISTORICAL_RECONSTRUCTION
G1-20251104110100--1,G1,2025-11-04 11:01:00,2025-11-04 11:01:00,2025-11-04 11:01:00,3.2327324286,HIGH,5.7713577407,HIGH,RVMR-V1,HISTORICAL_RECONSTRUCTION
G1-20251104122100--1,G1,2025-11-04 12:21:00,2025-11-04 12:21:00,2025-11-04 12:21:00,2.2987568779,MEDIUM,6.5155853840,HIGH,RVMR-V1,HISTORICAL_RECONSTRUCTION
G1-20251104135600-+1,G1,2025-11-04 13:56:00,2025-11-04 13:56:00,2025-11-04 13:56:00,0.9598880131,LOW,2.1870265016,MEDIUM,RVMR-V1,HISTORICAL_RECONSTRUCTION
G1-20251105100100-+1,G1,2025-11-05 10:01:00,2025-11-05 10:01:00,2025-11-05 10:01:00,3.0288762902,HIGH,5.6166367494,HIGH,RVMR-V1,HISTORICAL_RECONSTRUCTION
G1-20251106102300--1,G1,2025-11-06 10:23:00,2025-11-06 10:23:00,2025-11-06 10:23:00,3.0525043359,HIGH,4.9948638673,HIGH,RVMR-V1,HISTORICAL_RECONSTRUCTION
G1-20251106113700--1,G1,2025-11-06 11:37:00,2025-11-06 11:37:00,2025-11-06 11:37:00,2.9983480176,HIGH,4.9184829690,HIGH,RVMR-V1,HISTORICAL_RECONSTRUCTION
G1-20251106121300-+1,G1,2025-11-06 12:13:00,2025-11-06 12:13:00,2025-11-06 12:13:00,1.9835048040,MEDIUM,2.9285997225,HIGH,RVMR-V1,HISTORICAL_RECONSTRUCTION
G1-20251106125800-+1,G1,2025-11-06 12:58:00,2025-11-06 12:58:00,2025-11-06 12:58:00,2.0667901667,MEDIUM,1.7245773348,MEDIUM,RVMR-V1,HISTORICAL_RECONSTRUCTION
G1-20251106133900-+1,G1,2025-11-06 13:39:00,2025-11-06 13:39:00,2025-11-06 13:39:00,1.6915471587,MEDIUM,2.2587521205,MEDIUM,RVMR-V1,HISTORICAL_RECONSTRUCTION
G1-20251107100900--1,G1,2025-11-07 10:09:00,2025-11-07 10:09:00,2025-11-07 10:09:00,3.2397517932,HIGH,4.3175058293,HIGH,RVMR-V1,HISTORICAL_RECONSTRUCTION
G1-20251107111800--1,G1,2025-11-07 11:18:00,2025-11-07 11:18:00,2025-11-07 11:18:00,1.4524146874,MEDIUM,2.5768948208,HIGH,RVMR-V1,HISTORICAL_RECONSTRUCTION
G1-20251107120900--1,G1,2025-11-07 12:09:00,2025-11-07 12:09:00,2025-11-07 12:09:00,1.2505045316,LOW,1.7839705843,MEDIUM,RVMR-V1,HISTORICAL_RECONSTRUCTION
G1-20251107125200--1,G1,2025-11-07 12:52:00,2025-11-07 12:52:00,2025-11-07 12:52:00,2.5847982174,HIGH,3.2144230812,HIGH,RVMR-V1,HISTORICAL_RECONSTRUCTION
G1-20251110111300--1,G1,2025-11-10 11:13:00,2025-11-10 11:13:00,2025-11-10 11:13:00,0.9506409764,LOW,2.8747220711,HIGH,RVMR-V1,HISTORICAL_RECONSTRUCTION
G1-20251110121000-+1,G1,2025-11-10 12:10:00,2025-11-10 12:10:00,2025-11-10 12:10:00,1.5504710633,MEDIUM,2.1694550202,MEDIUM,RVMR-V1,HISTORICAL_RECONSTRUCTION
G1-20251111105800--1,G1,2025-11-11 10:58:00,2025-11-11 10:58:00,2025-11-11 10:58:00,2.3385555980,HIGH,2.5329943264,HIGH,RVMR-V1,HISTORICAL_RECONSTRUCTION
G1-20251111114300--1,G1,2025-11-11 11:43:00,2025-11-11 11:43:00,2025-11-11 11:43:00,1.7614005581,MEDIUM,2.5106176989,HIGH,RVMR-V1,HISTORICAL_RECONSTRUCTION
G1-20251111133800--1,G1,2025-11-11 13:38:00,2025-11-11 13:38:00,2025-11-11 13:38:00,2.6824144901,HIGH,3.4663304986,HIGH,RVMR-V1,HISTORICAL_RECONSTRUCTION
G1-20251112100100--1,G1,2025-11-12 10:01:00,2025-11-12 10:01:00,2025-11-12 10:01:00,3.9345878873,HIGH,7.2352910755,HIGH,RVMR-V1,HISTORICAL_RECONSTRUCTION
G1-20251112103800--1,G1,2025-11-12 10:38:00,2025-11-12 10:38:00,2025-11-12 10:38:00,3.8571428571,HIGH,5.4993166646,HIGH,RVMR-V1,HISTORICAL_RECONSTRUCTION
G1-20251112112900-+1,G1,2025-11-12 11:29:00,2025-11-12 11:29:00,2025-11-12 11:29:00,1.9978686184,MEDIUM,3.5456166153,HIGH,RVMR-V1,HISTORICAL_RECONSTRUCTION
G1-20251112124400-+1,G1,2025-11-12 12:44:00,2025-11-12 12:44:00,2025-11-12 12:44:00,1.9968648258,MEDIUM,3.4624218899,HIGH,RVMR-V1,HISTORICAL_RECONSTRUCTION
G1-20251113100200-+1,G1,2025-11-13 10:02:00,2025-11-13 10:02:00,2025-11-13 10:02:00,3.5427663848,HIGH,5.6751993527,HIGH,RVMR-V1,HISTORICAL_RECONSTRUCTION
G1-20251113124900--1,G1,2025-11-13 12:49:00,2025-11-13 12:49:00,2025-11-13 12:49:00,2.6513911620,HIGH,3.4501364936,HIGH,RVMR-V1,HISTORICAL_RECONSTRUCTION
G1-20251113143100-+1,G1,2025-11-13 14:31:00,2025-11-13 14:31:00,2025-11-13 14:31:00,3.2019034670,HIGH,3.4306566235,HIGH,RVMR-V1,HISTORICAL_RECONSTRUCTION
G1-20251114103200-+1,G1,2025-11-14 10:32:00,2025-11-14 10:32:00,2025-11-14 10:32:00,2.2727224254,MEDIUM,3.4461168291,HIGH,RVMR-V1,HISTORICAL_RECONSTRUCTION
G1-20251114111800--1,G1,2025-11-14 11:18:00,2025-11-14 11:18:00,2025-11-14 11:18:00,1.6601838184,MEDIUM,2.3812007389,HIGH,RVMR-V1,HISTORICAL_RECONSTRUCTION
G1-20251114122800--1,G1,2025-11-14 12:28:00,2025-11-14 12:28:00,2025-11-14 12:28:00,0.9614184863,LOW,1.6880369340,MEDIUM,RVMR-V1,HISTORICAL_RECONSTRUCTION
G1-20251114131300--1,G1,2025-11-14 13:13:00,2025-11-14 13:13:00,2025-11-14 13:13:00,2.9185116648,HIGH,3.0673533443,HIGH,RVMR-V1,HISTORICAL_RECONSTRUCTION
G1-20251117100700--1,G1,2025-11-17 10:07:00,2025-11-17 10:07:00,2025-11-17 10:07:00,1.2494347970,LOW,3.3710278936,HIGH,RVMR-V1,HISTORICAL_RECONSTRUCTION
G1-20251117105000-+1,G1,2025-11-17 10:50:00,2025-11-17 10:50:00,2025-11-17 10:50:00,3.4997326593,HIGH,3.7050377967,HIGH,RVMR-V1,HISTORICAL_RECONSTRUCTION
G1-20251117124700--1,G1,2025-11-17 12:47:00,2025-11-17 12:47:00,2025-11-17 12:47:00,1.6928188091,MEDIUM,2.6338370772,HIGH,RVMR-V1,HISTORICAL_RECONSTRUCTION
G1-20251117135800--1,G1,2025-11-17 13:58:00,2025-11-17 13:58:00,2025-11-17 13:58:00,2.2495102245,MEDIUM,3.0165627133,HIGH,RVMR-V1,HISTORICAL_RECONSTRUCTION
G1-20251118100100--1,G1,2025-11-18 10:01:00,2025-11-18 10:01:00,2025-11-18 10:01:00,3.0151646539,HIGH,5.0847992197,HIGH,RVMR-V1,HISTORICAL_RECONSTRUCTION
G1-20251118103200-+1,G1,2025-11-18 10:32:00,2025-11-18 10:32:00,2025-11-18 10:32:00,3.7046226434,HIGH,3.3439813444,HIGH,RVMR-V1,HISTORICAL_RECONSTRUCTION
G1-20251118110300--1,G1,2025-11-18 11:03:00,2025-11-18 11:03:00,2025-11-18 11:03:00,1.9179810726,MEDIUM,4.6555111749,HIGH,RVMR-V1,HISTORICAL_RECONSTRUCTION
G1-20251118113500-+1,G1,2025-11-18 11:35:00,2025-11-18 11:35:00,2025-11-18 11:35:00,1.8042218792,MEDIUM,2.1454397479,MEDIUM,RVMR-V1,HISTORICAL_RECONSTRUCTION
G1-20251118124600-+1,G1,2025-11-18 12:46:00,2025-11-18 12:46:00,2025-11-18 12:46:00,2.2664528995,MEDIUM,2.8295788097,HIGH,RVMR-V1,HISTORICAL_RECONSTRUCTION
G1-20251119100500-+1,G1,2025-11-19 10:05:00,2025-11-19 10:05:00,2025-11-19 10:05:00,1.4828919502,MEDIUM,3.1052321248,HIGH,RVMR-V1,HISTORICAL_RECONSTRUCTION
G1-20251119105200--1,G1,2025-11-19 10:52:00,2025-11-19 10:52:00,2025-11-19 10:52:00,1.6364283173,MEDIUM,4.5250276104,HIGH,RVMR-V1,HISTORICAL_RECONSTRUCTION
G1-20251119113900--1,G1,2025-11-19 11:39:00,2025-11-19 11:39:00,2025-11-19 11:39:00,1.0733978679,LOW,2.0034249033,MEDIUM,RVMR-V1,HISTORICAL_RECONSTRUCTION
G1-20251119122400--1,G1,2025-11-19 12:24:00,2025-11-19 12:24:00,2025-11-19 12:24:00,2.1835294118,MEDIUM,2.6011703360,HIGH,RVMR-V1,HISTORICAL_RECONSTRUCTION
G1-20251119124200--1,G1,2025-11-19 12:42:00,2025-11-19 12:42:00,2025-11-19 12:42:00,3.2257929446,HIGH,4.0226142135,HIGH,RVMR-V1,HISTORICAL_RECONSTRUCTION
G1-20251120100400-+1,G1,2025-11-20 10:04:00,2025-11-20 10:04:00,2025-11-20 10:04:00,2.1968702675,MEDIUM,3.2061085964,HIGH,RVMR-V1,HISTORICAL_RECONSTRUCTION
G1-20251120103400-+1,G1,2025-11-20 10:34:00,2025-11-20 10:34:00,2025-11-20 10:34:00,1.9524455174,MEDIUM,2.9836024508,HIGH,RVMR-V1,HISTORICAL_RECONSTRUCTION
G1-20251120113300--1,G1,2025-11-20 11:33:00,2025-11-20 11:33:00,2025-11-20 11:33:00,1.8661043753,MEDIUM,3.0538350921,HIGH,RVMR-V1,HISTORICAL_RECONSTRUCTION
G1-20251120120400--1,G1,2025-11-20 12:04:00,2025-11-20 12:04:00,2025-11-20 12:04:00,4.4518538840,HIGH,4.7544449223,HIGH,RVMR-V1,HISTORICAL_RECONSTRUCTION
G1-20251120125100--1,G1,2025-11-20 12:51:00,2025-11-20 12:51:00,2025-11-20 12:51:00,3.5757411913,HIGH,3.7513387893,HIGH,RVMR-V1,HISTORICAL_RECONSTRUCTION
G1-20251121102400--1,G1,2025-11-21 10:24:00,2025-11-21 10:24:00,2025-11-21 10:24:00,2.1238938053,MEDIUM,3.1805142242,HIGH,RVMR-V1,HISTORICAL_RECONSTRUCTION
G1-20251121104200--1,G1,2025-11-21 10:42:00,2025-11-21 10:42:00,2025-11-21 10:42:00,2.3309237660,MEDIUM,3.1015662575,HIGH,RVMR-V1,HISTORICAL_RECONSTRUCTION
G1-20251121113200-+1,G1,2025-11-21 11:32:00,2025-11-21 11:32:00,2025-11-21 11:32:00,1.8276777638,MEDIUM,2.6303050539,HIGH,RVMR-V1,HISTORICAL_RECONSTRUCTION
G1-20251121120100-+1,G1,2025-11-21 12:01:00,2025-11-21 12:01:00,2025-11-21 12:01:00,1.7319982031,MEDIUM,3.0411176009,HIGH,RVMR-V1,HISTORICAL_RECONSTRUCTION
G1-20251121130700--1,G1,2025-11-21 13:07:00,2025-11-21 13:07:00,2025-11-21 13:07:00,1.5941559664,MEDIUM,2.3824259573,HIGH,RVMR-V1,HISTORICAL_RECONSTRUCTION
G1-20251121135500-+1,G1,2025-11-21 13:55:00,2025-11-21 13:55:00,2025-11-21 13:55:00,2.3231417905,MEDIUM,3.3552660376,HIGH,RVMR-V1,HISTORICAL_RECONSTRUCTION
G1-20251124101200-+1,G1,2025-11-24 10:12:00,2025-11-24 10:12:00,2025-11-24 10:12:00,2.4538564423,HIGH,4.7178900377,HIGH,RVMR-V1,HISTORICAL_RECONSTRUCTION
G1-20251124104100-+1,G1,2025-11-24 10:41:00,2025-11-24 10:41:00,2025-11-24 10:41:00,1.2630194058,LOW,2.6582134868,HIGH,RVMR-V1,HISTORICAL_RECONSTRUCTION
G1-20251124111100-+1,G1,2025-11-24 11:11:00,2025-11-24 11:11:00,2025-11-24 11:11:00,1.0347197634,LOW,1.8923086630,MEDIUM,RVMR-V1,HISTORICAL_RECONSTRUCTION
G1-20251124124200-+1,G1,2025-11-24 12:42:00,2025-11-24 12:42:00,2025-11-24 12:42:00,0.9296538448,LOW,1.6886095595,MEDIUM,RVMR-V1,HISTORICAL_RECONSTRUCTION
G1-20251125100200-+1,G1,2025-11-25 10:02:00,2025-11-25 10:02:00,2025-11-25 10:02:00,3.5176077120,HIGH,7.2557380779,HIGH,RVMR-V1,HISTORICAL_RECONSTRUCTION
G1-20251125103400-+1,G1,2025-11-25 10:34:00,2025-11-25 10:34:00,2025-11-25 10:34:00,2.2848964734,MEDIUM,4.0863341619,HIGH,RVMR-V1,HISTORICAL_RECONSTRUCTION
G1-20251125110500--1,G1,2025-11-25 11:05:00,2025-11-25 11:05:00,2025-11-25 11:05:00,2.6072041166,HIGH,3.4335227719,HIGH,RVMR-V1,HISTORICAL_RECONSTRUCTION
G1-20251125120800-+1,G1,2025-11-25 12:08:00,2025-11-25 12:08:00,2025-11-25 12:08:00,1.0545501888,LOW,2.0345491722,MEDIUM,RVMR-V1,HISTORICAL_RECONSTRUCTION
G1-20251125123900-+1,G1,2025-11-25 12:39:00,2025-11-25 12:39:00,2025-11-25 12:39:00,1.2672544450,LOW,2.5880790277,HIGH,RVMR-V1,HISTORICAL_RECONSTRUCTION
G1-20251126100200--1,G1,2025-11-26 10:02:00,2025-11-26 10:02:00,2025-11-26 10:02:00,2.6662052258,HIGH,4.9274197678,HIGH,RVMR-V1,HISTORICAL_RECONSTRUCTION
G1-20251126103800-+1,G1,2025-11-26 10:38:00,2025-11-26 10:38:00,2025-11-26 10:38:00,2.2158341506,MEDIUM,3.1477294311,HIGH,RVMR-V1,HISTORICAL_RECONSTRUCTION
G1-20251126111300-+1,G1,2025-11-26 11:13:00,2025-11-26 11:13:00,2025-11-26 11:13:00,1.3201747290,MEDIUM,2.3116399031,MEDIUM,RVMR-V1,HISTORICAL_RECONSTRUCTION
G1-20251126131100--1,G1,2025-11-26 13:11:00,2025-11-26 13:11:00,2025-11-26 13:11:00,2.7158791320,HIGH,3.8036686739,HIGH,RVMR-V1,HISTORICAL_RECONSTRUCTION
G1-20251201100400-+1,G1,2025-12-01 10:04:00,2025-12-01 10:04:00,2025-12-01 10:04:00,1.9571959110,MEDIUM,6.7269159475,HIGH,RVMR-V1,HISTORICAL_RECONSTRUCTION
G1-20251201103600--1,G1,2025-12-01 10:36:00,2025-12-01 10:36:00,2025-12-01 10:36:00,3.4894351330,HIGH,9.3754316888,HIGH,RVMR-V1,HISTORICAL_RECONSTRUCTION
G1-20251201110600-+1,G1,2025-12-01 11:06:00,2025-12-01 11:06:00,2025-12-01 11:06:00,2.0247396992,MEDIUM,3.9154429643,HIGH,RVMR-V1,HISTORICAL_RECONSTRUCTION
G1-20251202100400-+1,G1,2025-12-02 10:04:00,2025-12-02 10:04:00,2025-12-02 10:04:00,1.3413794500,MEDIUM,3.0394433657,HIGH,RVMR-V1,HISTORICAL_RECONSTRUCTION
G1-20251202104100--1,G1,2025-12-02 10:41:00,2025-12-02 10:41:00,2025-12-02 10:41:00,4.4455135915,HIGH,6.0614577688,HIGH,RVMR-V1,HISTORICAL_RECONSTRUCTION
G1-20251202110700--1,G1,2025-12-02 11:07:00,2025-12-02 11:07:00,2025-12-02 11:07:00,2.7215579933,HIGH,6.4618490551,HIGH,RVMR-V1,HISTORICAL_RECONSTRUCTION
G1-20251202113800--1,G1,2025-12-02 11:38:00,2025-12-02 11:38:00,2025-12-02 11:38:00,3.1654793405,HIGH,5.0730132924,HIGH,RVMR-V1,HISTORICAL_RECONSTRUCTION
G1-20251202122300-+1,G1,2025-12-02 12:23:00,2025-12-02 12:23:00,2025-12-02 12:23:00,1.5345205648,MEDIUM,2.8881112913,HIGH,RVMR-V1,HISTORICAL_RECONSTRUCTION
G1-20251202130100--1,G1,2025-12-02 13:01:00,2025-12-02 13:01:00,2025-12-02 13:01:00,3.9280513567,HIGH,6.0844710482,HIGH,RVMR-V1,HISTORICAL_RECONSTRUCTION
G1-20251203100600-+1,G1,2025-12-03 10:06:00,2025-12-03 10:06:00,2025-12-03 10:06:00,2.5374198147,HIGH,4.0671729167,HIGH,RVMR-V1,HISTORICAL_RECONSTRUCTION
G1-20251203103900-+1,G1,2025-12-03 10:39:00,2025-12-03 10:39:00,2025-12-03 10:39:00,4.7029893184,HIGH,5.1772066174,HIGH,RVMR-V1,HISTORICAL_RECONSTRUCTION
G1-20251203111700--1,G1,2025-12-03 11:17:00,2025-12-03 11:17:00,2025-12-03 11:17:00,1.7006117866,MEDIUM,1.5094402520,MEDIUM,RVMR-V1,HISTORICAL_RECONSTRUCTION
G1-20251203120000--1,G1,2025-12-03 12:00:00,2025-12-03 12:00:00,2025-12-03 12:00:00,1.6288639688,MEDIUM,2.8472739509,HIGH,RVMR-V1,HISTORICAL_RECONSTRUCTION
G1-20251204102700--1,G1,2025-12-04 10:27:00,2025-12-04 10:27:00,2025-12-04 10:27:00,3.5532467532,HIGH,6.5296313666,HIGH,RVMR-V1,HISTORICAL_RECONSTRUCTION
G1-20251204112500--1,G1,2025-12-04 11:25:00,2025-12-04 11:25:00,2025-12-04 11:25:00,1.2222986924,LOW,2.3813587272,HIGH,RVMR-V1,HISTORICAL_RECONSTRUCTION
G1-20251204120100-+1,G1,2025-12-04 12:01:00,2025-12-04 12:01:00,2025-12-04 12:01:00,1.8260379485,MEDIUM,3.4095416205,HIGH,RVMR-V1,HISTORICAL_RECONSTRUCTION
G1-20251204142600--1,G1,2025-12-04 14:26:00,2025-12-04 14:26:00,2025-12-04 14:26:00,3.5719102206,HIGH,6.3019911192,HIGH,RVMR-V1,HISTORICAL_RECONSTRUCTION
G1-20251205100100-+1,G1,2025-12-05 10:01:00,2025-12-05 10:01:00,2025-12-05 10:01:00,5.8276001619,HIGH,7.0009988467,HIGH,RVMR-V1,HISTORICAL_RECONSTRUCTION
G1-20251205104700--1,G1,2025-12-05 10:47:00,2025-12-05 10:47:00,2025-12-05 10:47:00,3.0846481631,HIGH,4.6467172234,HIGH,RVMR-V1,HISTORICAL_RECONSTRUCTION
G1-20251205112200--1,G1,2025-12-05 11:22:00,2025-12-05 11:22:00,2025-12-05 11:22:00,2.2594489824,MEDIUM,3.7495389412,HIGH,RVMR-V1,HISTORICAL_RECONSTRUCTION
G1-20251205120100-+1,G1,2025-12-05 12:01:00,2025-12-05 12:01:00,2025-12-05 12:01:00,1.9864808939,MEDIUM,3.4780156123,HIGH,RVMR-V1,HISTORICAL_RECONSTRUCTION
G1-20251208100300--1,G1,2025-12-08 10:03:00,2025-12-08 10:03:00,2025-12-08 10:03:00,3.7862112293,HIGH,5.5566677500,HIGH,RVMR-V1,HISTORICAL_RECONSTRUCTION
G1-20251208103300--1,G1,2025-12-08 10:33:00,2025-12-08 10:33:00,2025-12-08 10:33:00,1.6760235520,MEDIUM,3.8391339520,HIGH,RVMR-V1,HISTORICAL_RECONSTRUCTION
G1-20251208112400--1,G1,2025-12-08 11:24:00,2025-12-08 11:24:00,2025-12-08 11:24:00,1.8186921134,MEDIUM,1.9132374986,MEDIUM,RVMR-V1,HISTORICAL_RECONSTRUCTION
G1-20251208120200--1,G1,2025-12-08 12:02:00,2025-12-08 12:02:00,2025-12-08 12:02:00,1.2689037605,LOW,2.4613382597,HIGH,RVMR-V1,HISTORICAL_RECONSTRUCTION
G1-20251208130000-+1,G1,2025-12-08 13:00:00,2025-12-08 13:00:00,2025-12-08 13:00:00,2.3568505890,HIGH,4.1303103148,HIGH,RVMR-V1,HISTORICAL_RECONSTRUCTION
G1-20251208133000--1,G1,2025-12-08 13:30:00,2025-12-08 13:30:00,2025-12-08 13:30:00,2.7260499178,HIGH,4.2436715544,HIGH,RVMR-V1,HISTORICAL_RECONSTRUCTION
G1-20251208140000--1,G1,2025-12-08 14:00:00,2025-12-08 14:00:00,2025-12-08 14:00:00,2.8522617544,HIGH,3.6282609441,HIGH,RVMR-V1,HISTORICAL_RECONSTRUCTION
G1-20251209100500-+1,G1,2025-12-09 10:05:00,2025-12-09 10:05:00,2025-12-09 10:05:00,2.4134433026,HIGH,4.5612845503,HIGH,RVMR-V1,HISTORICAL_RECONSTRUCTION
G1-20251209104500-+1,G1,2025-12-09 10:45:00,2025-12-09 10:45:00,2025-12-09 10:45:00,1.5617529880,MEDIUM,3.2983270070,HIGH,RVMR-V1,HISTORICAL_RECONSTRUCTION
G1-20251209120800-+1,G1,2025-12-09 12:08:00,2025-12-09 12:08:00,2025-12-09 12:08:00,1.2794313638,MEDIUM,1.6748641294,MEDIUM,RVMR-V1,HISTORICAL_RECONSTRUCTION
G1-20251210104300--1,G1,2025-12-10 10:43:00,2025-12-10 10:43:00,2025-12-10 10:43:00,2.4238537993,HIGH,4.9179456234,HIGH,RVMR-V1,HISTORICAL_RECONSTRUCTION
G1-20251210110800--1,G1,2025-12-10 11:08:00,2025-12-10 11:08:00,2025-12-10 11:08:00,3.1824062096,HIGH,4.8760421940,HIGH,RVMR-V1,HISTORICAL_RECONSTRUCTION
G1-20251211100300--1,G1,2025-12-11 10:03:00,2025-12-11 10:03:00,2025-12-11 10:03:00,3.1287597490,HIGH,4.3261242751,HIGH,RVMR-V1,HISTORICAL_RECONSTRUCTION
G1-20251211103900--1,G1,2025-12-11 10:39:00,2025-12-11 10:39:00,2025-12-11 10:39:00,2.2844451495,MEDIUM,2.8755253580,HIGH,RVMR-V1,HISTORICAL_RECONSTRUCTION
G1-20251211112200--1,G1,2025-12-11 11:22:00,2025-12-11 11:22:00,2025-12-11 11:22:00,1.4533297589,MEDIUM,3.2926176768,HIGH,RVMR-V1,HISTORICAL_RECONSTRUCTION
G1-20251211115900--1,G1,2025-12-11 11:59:00,2025-12-11 11:59:00,2025-12-11 11:59:00,1.9620986688,MEDIUM,2.5212138902,HIGH,RVMR-V1,HISTORICAL_RECONSTRUCTION
G1-20251212101200--1,G1,2025-12-12 10:12:00,2025-12-12 10:12:00,2025-12-12 10:12:00,2.5242646787,HIGH,5.5794997620,HIGH,RVMR-V1,HISTORICAL_RECONSTRUCTION
G1-20251212103900--1,G1,2025-12-12 10:39:00,2025-12-12 10:39:00,2025-12-12 10:39:00,3.3616851859,HIGH,3.9201235426,HIGH,RVMR-V1,HISTORICAL_RECONSTRUCTION
G1-20251212110900--1,G1,2025-12-12 11:09:00,2025-12-12 11:09:00,2025-12-12 11:09:00,4.6198767168,HIGH,6.3009112175,HIGH,RVMR-V1,HISTORICAL_RECONSTRUCTION
G1-20251212131900-+1,G1,2025-12-12 13:19:00,2025-12-12 13:19:00,2025-12-12 13:19:00,1.5208054636,MEDIUM,2.0818120559,MEDIUM,RVMR-V1,HISTORICAL_RECONSTRUCTION
G1-20251216100300-+1,G1,2025-12-16 10:03:00,2025-12-16 10:03:00,2025-12-16 10:03:00,3.2723434201,HIGH,6.9771639354,HIGH,RVMR-V1,HISTORICAL_RECONSTRUCTION
G1-20251216110900-+1,G1,2025-12-16 11:09:00,2025-12-16 11:09:00,2025-12-16 11:09:00,2.0576376215,MEDIUM,4.1868082128,HIGH,RVMR-V1,HISTORICAL_RECONSTRUCTION
G1-20251217101400--1,G1,2025-12-17 10:14:00,2025-12-17 10:14:00,2025-12-17 10:14:00,2.3947013791,HIGH,2.6967215757,HIGH,RVMR-V1,HISTORICAL_RECONSTRUCTION
G1-20251217134200--1,G1,2025-12-17 13:42:00,2025-12-17 13:42:00,2025-12-17 13:42:00,2.8707286098,HIGH,4.3617472021,HIGH,RVMR-V1,HISTORICAL_RECONSTRUCTION
G1-20251218100200-+1,G1,2025-12-18 10:02:00,2025-12-18 10:02:00,2025-12-18 10:02:00,2.3352252983,HIGH,4.5397774878,HIGH,RVMR-V1,HISTORICAL_RECONSTRUCTION
G1-20251218111400-+1,G1,2025-12-18 11:14:00,2025-12-18 11:14:00,2025-12-18 11:14:00,0.7620951737,LOW,1.7903491097,MEDIUM,RVMR-V1,HISTORICAL_RECONSTRUCTION
G1-20251218120800--1,G1,2025-12-18 12:08:00,2025-12-18 12:08:00,2025-12-18 12:08:00,1.9873033398,MEDIUM,4.7930801791,HIGH,RVMR-V1,HISTORICAL_RECONSTRUCTION
G1-20251219102900--1,G1,2025-12-19 10:29:00,2025-12-19 10:29:00,2025-12-19 10:29:00,3.2831425450,HIGH,4.8914903197,HIGH,RVMR-V1,HISTORICAL_RECONSTRUCTION
G1-20251219111400-+1,G1,2025-12-19 11:14:00,2025-12-19 11:14:00,2025-12-19 11:14:00,2.9676153091,HIGH,3.9314555307,HIGH,RVMR-V1,HISTORICAL_RECONSTRUCTION
G1-20251222100800--1,G1,2025-12-22 10:08:00,2025-12-22 10:08:00,2025-12-22 10:08:00,2.0189660447,MEDIUM,3.8100504450,HIGH,RVMR-V1,HISTORICAL_RECONSTRUCTION
G1-20251222103800--1,G1,2025-12-22 10:38:00,2025-12-22 10:38:00,2025-12-22 10:38:00,2.9597656852,HIGH,4.9577135339,HIGH,RVMR-V1,HISTORICAL_RECONSTRUCTION
G1-20251222111800-+1,G1,2025-12-22 11:18:00,2025-12-22 11:18:00,2025-12-22 11:18:00,1.1340122200,LOW,2.3872647677,HIGH,RVMR-V1,HISTORICAL_RECONSTRUCTION
G1-20251222125900-+1,G1,2025-12-22 12:59:00,2025-12-22 12:59:00,2025-12-22 12:59:00,1.0805294594,LOW,1.8893814561,MEDIUM,RVMR-V1,HISTORICAL_RECONSTRUCTION
G1-20251223101700--1,G1,2025-12-23 10:17:00,2025-12-23 10:17:00,2025-12-23 10:17:00,2.8548601864,HIGH,5.0995012861,HIGH,RVMR-V1,HISTORICAL_RECONSTRUCTION
G1-20251223115300-+1,G1,2025-12-23 11:53:00,2025-12-23 11:53:00,2025-12-23 11:53:00,1.0273706058,LOW,2.0311767732,MEDIUM,RVMR-V1,HISTORICAL_RECONSTRUCTION
G1-20251226102100--1,G1,2025-12-26 10:21:00,2025-12-26 10:21:00,2025-12-26 10:21:00,4.2089879430,HIGH,10.2609600482,HIGH,RVMR-V1,HISTORICAL_RECONSTRUCTION
G1-20251226103300-+1,G1,2025-12-26 10:33:00,2025-12-26 10:33:00,2025-12-26 10:33:00,2.5792071326,HIGH,6.2365338661,HIGH,RVMR-V1,HISTORICAL_RECONSTRUCTION
G1-20251226111600--1,G1,2025-12-26 11:16:00,2025-12-26 11:16:00,2025-12-26 11:16:00,2.7605244997,HIGH,5.8240627766,HIGH,RVMR-V1,HISTORICAL_RECONSTRUCTION
G1-20251229102700-+1,G1,2025-12-29 10:27:00,2025-12-29 10:27:00,2025-12-29 10:27:00,1.8122014701,MEDIUM,4.2517631384,HIGH,RVMR-V1,HISTORICAL_RECONSTRUCTION
G1-20251230100100-+1,G1,2025-12-30 10:01:00,2025-12-30 10:01:00,2025-12-30 10:01:00,3.4655456041,HIGH,7.2079580094,HIGH,RVMR-V1,HISTORICAL_RECONSTRUCTION
G1-20251230110000-+1,G1,2025-12-30 11:00:00,2025-12-30 11:00:00,2025-12-30 11:00:00,2.0694280331,MEDIUM,4.0214233936,HIGH,RVMR-V1,HISTORICAL_RECONSTRUCTION
G1-20260105132400--1,G1,2026-01-05 13:24:00,2026-01-05 13:24:00,2026-01-05 13:24:00,1.4777718484,MEDIUM,2.0999176821,MEDIUM,RVMR-V1,HISTORICAL_RECONSTRUCTION
G1-20260106100500-+1,G1,2026-01-06 10:05:00,2026-01-06 10:05:00,2026-01-06 10:05:00,2.3591682420,HIGH,6.0207138501,HIGH,RVMR-V1,HISTORICAL_RECONSTRUCTION
G1-20260106104400--1,G1,2026-01-06 10:44:00,2026-01-06 10:44:00,2026-01-06 10:44:00,1.5137297131,MEDIUM,2.7458740494,HIGH,RVMR-V1,HISTORICAL_RECONSTRUCTION
G1-20260106112600-+1,G1,2026-01-06 11:26:00,2026-01-06 11:26:00,2026-01-06 11:26:00,3.5187025053,HIGH,4.9985280437,HIGH,RVMR-V1,HISTORICAL_RECONSTRUCTION
G1-20260106134900-+1,G1,2026-01-06 13:49:00,2026-01-06 13:49:00,2026-01-06 13:49:00,0.8867491463,LOW,1.9684560868,MEDIUM,RVMR-V1,HISTORICAL_RECONSTRUCTION
G1-20260107100300--1,G1,2026-01-07 10:03:00,2026-01-07 10:03:00,2026-01-07 10:03:00,3.1678582800,HIGH,5.5673356060,HIGH,RVMR-V1,HISTORICAL_RECONSTRUCTION
G1-20260107103900-+1,G1,2026-01-07 10:39:00,2026-01-07 10:39:00,2026-01-07 10:39:00,10.4745267619,HIGH,8.6833876474,HIGH,RVMR-V1,HISTORICAL_RECONSTRUCTION
G1-20260107112100-+1,G1,2026-01-07 11:21:00,2026-01-07 11:21:00,2026-01-07 11:21:00,2.3406330348,HIGH,3.8800451493,HIGH,RVMR-V1,HISTORICAL_RECONSTRUCTION
G1-20260107140900--1,G1,2026-01-07 14:09:00,2026-01-07 14:09:00,2026-01-07 14:09:00,1.4062057017,MEDIUM,1.4248578308,MEDIUM,RVMR-V1,HISTORICAL_RECONSTRUCTION
G1-20260108100500--1,G1,2026-01-08 10:05:00,2026-01-08 10:05:00,2026-01-08 10:05:00,4.9937056127,HIGH,6.6522284483,HIGH,RVMR-V1,HISTORICAL_RECONSTRUCTION
G1-20260108104000--1,G1,2026-01-08 10:40:00,2026-01-08 10:40:00,2026-01-08 10:40:00,4.6418456863,HIGH,5.4308660940,HIGH,RVMR-V1,HISTORICAL_RECONSTRUCTION
G1-20260108111900--1,G1,2026-01-08 11:19:00,2026-01-08 11:19:00,2026-01-08 11:19:00,2.6157135959,HIGH,3.3388523827,HIGH,RVMR-V1,HISTORICAL_RECONSTRUCTION
G1-20260109101800-+1,G1,2026-01-09 10:18:00,2026-01-09 10:18:00,2026-01-09 10:18:00,3.1943212067,HIGH,5.5712350945,HIGH,RVMR-V1,HISTORICAL_RECONSTRUCTION
G1-20260109104800--1,G1,2026-01-09 10:48:00,2026-01-09 10:48:00,2026-01-09 10:48:00,3.1864227857,HIGH,4.6642518807,HIGH,RVMR-V1,HISTORICAL_RECONSTRUCTION
G1-20260109115200-+1,G1,2026-01-09 11:52:00,2026-01-09 11:52:00,2026-01-09 11:52:00,1.4263435195,MEDIUM,2.2840841565,MEDIUM,RVMR-V1,HISTORICAL_RECONSTRUCTION
G1-20260109134400-+1,G1,2026-01-09 13:44:00,2026-01-09 13:44:00,2026-01-09 13:44:00,1.9294758704,MEDIUM,2.7431868319,HIGH,RVMR-V1,HISTORICAL_RECONSTRUCTION
G1-20260112100300-+1,G1,2026-01-12 10:03:00,2026-01-12 10:03:00,2026-01-12 10:03:00,2.6453145904,HIGH,4.1395377649,HIGH,RVMR-V1,HISTORICAL_RECONSTRUCTION
G1-20260112104500--1,G1,2026-01-12 10:45:00,2026-01-12 10:45:00,2026-01-12 10:45:00,2.2315247142,MEDIUM,2.6497695853,HIGH,RVMR-V1,HISTORICAL_RECONSTRUCTION
G1-20260112112200-+1,G1,2026-01-12 11:22:00,2026-01-12 11:22:00,2026-01-12 11:22:00,1.3916031354,MEDIUM,2.6091801429,HIGH,RVMR-V1,HISTORICAL_RECONSTRUCTION
G1-20260112130900-+1,G1,2026-01-12 13:09:00,2026-01-12 13:09:00,2026-01-12 13:09:00,0.8257827733,LOW,1.1686371793,LOW,RVMR-V1,HISTORICAL_RECONSTRUCTION
G1-20260113100400--1,G1,2026-01-13 10:04:00,2026-01-13 10:04:00,2026-01-13 10:04:00,5.0994761823,HIGH,10.9291529523,HIGH,RVMR-V1,HISTORICAL_RECONSTRUCTION
G1-20260113103400--1,G1,2026-01-13 10:34:00,2026-01-13 10:34:00,2026-01-13 10:34:00,3.3125658967,HIGH,6.1943147574,HIGH,RVMR-V1,HISTORICAL_RECONSTRUCTION
G1-20260113110500-+1,G1,2026-01-13 11:05:00,2026-01-13 11:05:00,2026-01-13 11:05:00,2.1222004784,MEDIUM,2.4895783390,HIGH,RVMR-V1,HISTORICAL_RECONSTRUCTION
G1-20260113121900--1,G1,2026-01-13 12:19:00,2026-01-13 12:19:00,2026-01-13 12:19:00,1.6609404143,MEDIUM,2.7255019034,HIGH,RVMR-V1,HISTORICAL_RECONSTRUCTION
G1-20260113135300--1,G1,2026-01-13 13:53:00,2026-01-13 13:53:00,2026-01-13 13:53:00,1.9943661972,MEDIUM,2.4273027839,HIGH,RVMR-V1,HISTORICAL_RECONSTRUCTION
G1-20260114101700-+1,G1,2026-01-14 10:17:00,2026-01-14 10:17:00,2026-01-14 10:17:00,2.9665469665,HIGH,4.8179883419,HIGH,RVMR-V1,HISTORICAL_RECONSTRUCTION
G1-20260114110500--1,G1,2026-01-14 11:05:00,2026-01-14 11:05:00,2026-01-14 11:05:00,1.9965811966,MEDIUM,3.4132449755,HIGH,RVMR-V1,HISTORICAL_RECONSTRUCTION
G1-20260114113100-+1,G1,2026-01-14 11:31:00,2026-01-14 11:31:00,2026-01-14 11:31:00,2.4941303260,HIGH,3.3913487748,HIGH,RVMR-V1,HISTORICAL_RECONSTRUCTION
G1-20260115100500--1,G1,2026-01-15 10:05:00,2026-01-15 10:05:00,2026-01-15 10:05:00,1.9998708094,MEDIUM,2.6586033353,HIGH,RVMR-V1,HISTORICAL_RECONSTRUCTION
G1-20260115104800--1,G1,2026-01-15 10:48:00,2026-01-15 10:48:00,2026-01-15 10:48:00,2.1375671620,MEDIUM,3.8909964037,HIGH,RVMR-V1,HISTORICAL_RECONSTRUCTION
G1-20260116100400--1,G1,2026-01-16 10:04:00,2026-01-16 10:04:00,2026-01-16 10:04:00,3.5233205898,HIGH,6.9730499472,HIGH,RVMR-V1,HISTORICAL_RECONSTRUCTION
G1-20260116110000--1,G1,2026-01-16 11:00:00,2026-01-16 11:00:00,2026-01-16 11:00:00,1.8551433500,MEDIUM,3.4430551533,HIGH,RVMR-V1,HISTORICAL_RECONSTRUCTION
G1-20260116110300-+1,G1,2026-01-16 11:03:00,2026-01-16 11:03:00,2026-01-16 11:03:00,2.3353569002,HIGH,3.2562284295,HIGH,RVMR-V1,HISTORICAL_RECONSTRUCTION
G1-20260116113300-+1,G1,2026-01-16 11:33:00,2026-01-16 11:33:00,2026-01-16 11:33:00,2.2001527884,MEDIUM,2.9546437086,HIGH,RVMR-V1,HISTORICAL_RECONSTRUCTION
G1-20260116120600--1,G1,2026-01-16 12:06:00,2026-01-16 12:06:00,2026-01-16 12:06:00,1.7660125879,MEDIUM,2.2562564831,MEDIUM,RVMR-V1,HISTORICAL_RECONSTRUCTION
G1-20260116142000--1,G1,2026-01-16 14:20:00,2026-01-16 14:20:00,2026-01-16 14:20:00,1.5677364385,MEDIUM,2.3297307812,MEDIUM,RVMR-V1,HISTORICAL_RECONSTRUCTION
G1-20260119101900-+1,G1,2026-01-19 10:19:00,2026-01-19 10:19:00,2026-01-19 10:19:00,1.6889947769,MEDIUM,2.0377898822,MEDIUM,RVMR-V1,HISTORICAL_RECONSTRUCTION
G1-20260120102300--1,G1,2026-01-20 10:23:00,2026-01-20 10:23:00,2026-01-20 10:23:00,2.4586516738,HIGH,10.0277778516,HIGH,RVMR-V1,HISTORICAL_RECONSTRUCTION
G1-20260120110100--1,G1,2026-01-20 11:01:00,2026-01-20 11:01:00,2026-01-20 11:01:00,2.2601058590,MEDIUM,6.2534282229,HIGH,RVMR-V1,HISTORICAL_RECONSTRUCTION
G1-20260120112700--1,G1,2026-01-20 11:27:00,2026-01-20 11:27:00,2026-01-20 11:27:00,2.0770025077,MEDIUM,4.2944145880,HIGH,RVMR-V1,HISTORICAL_RECONSTRUCTION
G1-20260121100600-+1,G1,2026-01-21 10:06:00,2026-01-21 10:06:00,2026-01-21 10:06:00,1.2245655266,LOW,3.5251428814,HIGH,RVMR-V1,HISTORICAL_RECONSTRUCTION
G1-20260121121800--1,G1,2026-01-21 12:18:00,2026-01-21 12:18:00,2026-01-21 12:18:00,2.8195212688,HIGH,4.7343526700,HIGH,RVMR-V1,HISTORICAL_RECONSTRUCTION
G1-20260121135300-+1,G1,2026-01-21 13:53:00,2026-01-21 13:53:00,2026-01-21 13:53:00,1.3861481446,MEDIUM,1.9230712866,MEDIUM,RVMR-V1,HISTORICAL_RECONSTRUCTION
G1-20260122101500--1,G1,2026-01-22 10:15:00,2026-01-22 10:15:00,2026-01-22 10:15:00,3.0734518401,HIGH,3.3877725963,HIGH,RVMR-V1,HISTORICAL_RECONSTRUCTION
G1-20260122105100-+1,G1,2026-01-22 10:51:00,2026-01-22 10:51:00,2026-01-22 10:51:00,2.8339815379,HIGH,5.1815141010,HIGH,RVMR-V1,HISTORICAL_RECONSTRUCTION
G1-20260122110700--1,G1,2026-01-22 11:07:00,2026-01-22 11:07:00,2026-01-22 11:07:00,1.3788556628,MEDIUM,2.3867877536,HIGH,RVMR-V1,HISTORICAL_RECONSTRUCTION
G1-20260123110600-+1,G1,2026-01-23 11:06:00,2026-01-23 11:06:00,2026-01-23 11:06:00,2.6578618158,HIGH,4.5093750146,HIGH,RVMR-V1,HISTORICAL_RECONSTRUCTION
G1-20260123124600--1,G1,2026-01-23 12:46:00,2026-01-23 12:46:00,2026-01-23 12:46:00,2.2696002215,MEDIUM,4.4565784557,HIGH,RVMR-V1,HISTORICAL_RECONSTRUCTION
G1-20260126102800-+1,G1,2026-01-26 10:28:00,2026-01-26 10:28:00,2026-01-26 10:28:00,1.9000703730,MEDIUM,4.0775524738,HIGH,RVMR-V1,HISTORICAL_RECONSTRUCTION
G1-20260126105800-+1,G1,2026-01-26 10:58:00,2026-01-26 10:58:00,2026-01-26 10:58:00,1.3789614426,MEDIUM,3.0342267668,HIGH,RVMR-V1,HISTORICAL_RECONSTRUCTION
G1-20260126113500-+1,G1,2026-01-26 11:35:00,2026-01-26 11:35:00,2026-01-26 11:35:00,1.2963439280,MEDIUM,2.4719029302,HIGH,RVMR-V1,HISTORICAL_RECONSTRUCTION
G1-20260126132700-+1,G1,2026-01-26 13:27:00,2026-01-26 13:27:00,2026-01-26 13:27:00,0.4627861693,LOW,1.1482098672,LOW,RVMR-V1,HISTORICAL_RECONSTRUCTION
G1-20260127100100-+1,G1,2026-01-27 10:01:00,2026-01-27 10:01:00,2026-01-27 10:01:00,4.1874851297,HIGH,6.7685181448,HIGH,RVMR-V1,HISTORICAL_RECONSTRUCTION
G1-20260127104000-+1,G1,2026-01-27 10:40:00,2026-01-27 10:40:00,2026-01-27 10:40:00,1.7870722433,MEDIUM,3.2798923727,HIGH,RVMR-V1,HISTORICAL_RECONSTRUCTION
G1-20260128101200--1,G1,2026-01-28 10:12:00,2026-01-28 10:12:00,2026-01-28 10:12:00,1.8696162393,MEDIUM,3.4970671204,HIGH,RVMR-V1,HISTORICAL_RECONSTRUCTION
G1-20260128114600--1,G1,2026-01-28 11:46:00,2026-01-28 11:46:00,2026-01-28 11:46:00,1.7490321111,MEDIUM,3.5179017627,HIGH,RVMR-V1,HISTORICAL_RECONSTRUCTION
G1-20260129113000--1,G1,2026-01-29 11:30:00,2026-01-29 11:30:00,2026-01-29 11:30:00,3.4670592565,HIGH,3.7675199805,HIGH,RVMR-V1,HISTORICAL_RECONSTRUCTION
G1-20260129124900--1,G1,2026-01-29 12:49:00,2026-01-29 12:49:00,2026-01-29 12:49:00,1.1105672970,LOW,2.0046035390,MEDIUM,RVMR-V1,HISTORICAL_RECONSTRUCTION
G1-20260130100100--1,G1,2026-01-30 10:01:00,2026-01-30 10:01:00,2026-01-30 10:01:00,1.8949302901,MEDIUM,4.4721018442,HIGH,RVMR-V1,HISTORICAL_RECONSTRUCTION
G1-20260130103200--1,G1,2026-01-30 10:32:00,2026-01-30 10:32:00,2026-01-30 10:32:00,2.1643366304,MEDIUM,3.8036823758,HIGH,RVMR-V1,HISTORICAL_RECONSTRUCTION
G1-20260130112300--1,G1,2026-01-30 11:23:00,2026-01-30 11:23:00,2026-01-30 11:23:00,1.4732797526,MEDIUM,3.1952549099,HIGH,RVMR-V1,HISTORICAL_RECONSTRUCTION
G1-20260130122200--1,G1,2026-01-30 12:22:00,2026-01-30 12:22:00,2026-01-30 12:22:00,2.3254740922,MEDIUM,2.7786005999,HIGH,RVMR-V1,HISTORICAL_RECONSTRUCTION
G1-20260130132400--1,G1,2026-01-30 13:24:00,2026-01-30 13:24:00,2026-01-30 13:24:00,2.7653139841,HIGH,3.9551071815,HIGH,RVMR-V1,HISTORICAL_RECONSTRUCTION
G1-20260202112800-+1,G1,2026-02-02 11:28:00,2026-02-02 11:28:00,2026-02-02 11:28:00,0.8385833025,LOW,1.3239316614,MEDIUM,RVMR-V1,HISTORICAL_RECONSTRUCTION
G1-20260202120400-+1,G1,2026-02-02 12:04:00,2026-02-02 12:04:00,2026-02-02 12:04:00,0.5919899604,LOW,1.1592670170,LOW,RVMR-V1,HISTORICAL_RECONSTRUCTION
G1-20260203103300--1,G1,2026-02-03 10:33:00,2026-02-03 10:33:00,2026-02-03 10:33:00,4.6196859990,HIGH,5.8758779001,HIGH,RVMR-V1,HISTORICAL_RECONSTRUCTION
G1-20260203111300--1,G1,2026-02-03 11:13:00,2026-02-03 11:13:00,2026-02-03 11:13:00,2.8401339003,HIGH,3.9174670038,HIGH,RVMR-V1,HISTORICAL_RECONSTRUCTION
G1-20260203115300--1,G1,2026-02-03 11:53:00,2026-02-03 11:53:00,2026-02-03 11:53:00,3.2155489657,HIGH,3.2588424274,HIGH,RVMR-V1,HISTORICAL_RECONSTRUCTION
G1-20260203122600--1,G1,2026-02-03 12:26:00,2026-02-03 12:26:00,2026-02-03 12:26:00,1.4988885360,MEDIUM,2.3469661224,HIGH,RVMR-V1,HISTORICAL_RECONSTRUCTION
G1-20260204100800--1,G1,2026-02-04 10:08:00,2026-02-04 10:08:00,2026-02-04 10:08:00,4.8986405311,HIGH,5.6320621435,HIGH,RVMR-V1,HISTORICAL_RECONSTRUCTION
G1-20260204110700--1,G1,2026-02-04 11:07:00,2026-02-04 11:07:00,2026-02-04 11:07:00,2.8438155009,HIGH,4.5366249944,HIGH,RVMR-V1,HISTORICAL_RECONSTRUCTION
G1-20260204115600--1,G1,2026-02-04 11:56:00,2026-02-04 11:56:00,2026-02-04 11:56:00,2.8182107298,HIGH,4.9639241204,HIGH,RVMR-V1,HISTORICAL_RECONSTRUCTION
G1-20260204123200--1,G1,2026-02-04 12:32:00,2026-02-04 12:32:00,2026-02-04 12:32:00,4.4929524457,HIGH,4.5956381133,HIGH,RVMR-V1,HISTORICAL_RECONSTRUCTION
G1-20260205100100--1,G1,2026-02-05 10:01:00,2026-02-05 10:01:00,2026-02-05 10:01:00,4.1902755351,HIGH,5.8099858140,HIGH,RVMR-V1,HISTORICAL_RECONSTRUCTION
G1-20260205104700-+1,G1,2026-02-05 10:47:00,2026-02-05 10:47:00,2026-02-05 10:47:00,1.8333740862,MEDIUM,3.2241486320,HIGH,RVMR-V1,HISTORICAL_RECONSTRUCTION
G1-20260205112400-+1,G1,2026-02-05 11:24:00,2026-02-05 11:24:00,2026-02-05 11:24:00,2.9062172680,HIGH,3.1777741237,HIGH,RVMR-V1,HISTORICAL_RECONSTRUCTION
G1-20260205115700-+1,G1,2026-02-05 11:57:00,2026-02-05 11:57:00,2026-02-05 11:57:00,2.8835146702,HIGH,3.1736145940,HIGH,RVMR-V1,HISTORICAL_RECONSTRUCTION
G1-20260206101200--1,G1,2026-02-06 10:12:00,2026-02-06 10:12:00,2026-02-06 10:12:00,2.0236723578,MEDIUM,5.5644334008,HIGH,RVMR-V1,HISTORICAL_RECONSTRUCTION
G1-20260209101000-+1,G1,2026-02-09 10:10:00,2026-02-09 10:10:00,2026-02-09 10:10:00,1.5132408575,MEDIUM,2.8588355374,HIGH,RVMR-V1,HISTORICAL_RECONSTRUCTION
G1-20260209115400-+1,G1,2026-02-09 11:54:00,2026-02-09 11:54:00,2026-02-09 11:54:00,0.9534740002,LOW,1.9153665665,MEDIUM,RVMR-V1,HISTORICAL_RECONSTRUCTION
G1-20260210101400-+1,G1,2026-02-10 10:14:00,2026-02-10 10:14:00,2026-02-10 10:14:00,7.1675877466,HIGH,12.8927314861,HIGH,RVMR-V1,HISTORICAL_RECONSTRUCTION
G1-20260210103900--1,G1,2026-02-10 10:39:00,2026-02-10 10:39:00,2026-02-10 10:39:00,1.9531507753,MEDIUM,3.1411090732,HIGH,RVMR-V1,HISTORICAL_RECONSTRUCTION
G1-20260210113600--1,G1,2026-02-10 11:36:00,2026-02-10 11:36:00,2026-02-10 11:36:00,2.6105375646,HIGH,4.2526835168,HIGH,RVMR-V1,HISTORICAL_RECONSTRUCTION
G1-20260210122100-+1,G1,2026-02-10 12:21:00,2026-02-10 12:21:00,2026-02-10 12:21:00,1.7359024894,MEDIUM,2.9680493885,HIGH,RVMR-V1,HISTORICAL_RECONSTRUCTION
G1-20260210133600--1,G1,2026-02-10 13:36:00,2026-02-10 13:36:00,2026-02-10 13:36:00,2.1977690684,MEDIUM,3.1486548874,HIGH,RVMR-V1,HISTORICAL_RECONSTRUCTION
G1-20260211100200--1,G1,2026-02-11 10:02:00,2026-02-11 10:02:00,2026-02-11 10:02:00,4.1436974029,HIGH,6.7724437894,HIGH,RVMR-V1,HISTORICAL_RECONSTRUCTION
G1-20260211103100--1,G1,2026-02-11 10:31:00,2026-02-11 10:31:00,2026-02-11 10:31:00,3.6501275969,HIGH,4.4495425496,HIGH,RVMR-V1,HISTORICAL_RECONSTRUCTION
G1-20260211111100--1,G1,2026-02-11 11:11:00,2026-02-11 11:11:00,2026-02-11 11:11:00,5.2510449456,HIGH,5.1719141785,HIGH,RVMR-V1,HISTORICAL_RECONSTRUCTION
G1-20260211122800-+1,G1,2026-02-11 12:28:00,2026-02-11 12:28:00,2026-02-11 12:28:00,1.7263821333,MEDIUM,2.9816131311,HIGH,RVMR-V1,HISTORICAL_RECONSTRUCTION
G1-20260212100200--1,G1,2026-02-12 10:02:00,2026-02-12 10:02:00,2026-02-12 10:02:00,5.9074267782,HIGH,7.9852732485,HIGH,RVMR-V1,HISTORICAL_RECONSTRUCTION
G1-20260212110900--1,G1,2026-02-12 11:09:00,2026-02-12 11:09:00,2026-02-12 11:09:00,1.8750000000,MEDIUM,3.9937337075,HIGH,RVMR-V1,HISTORICAL_RECONSTRUCTION
G1-20260212130200--1,G1,2026-02-12 13:02:00,2026-02-12 13:02:00,2026-02-12 13:02:00,1.7989486664,MEDIUM,2.5804985796,HIGH,RVMR-V1,HISTORICAL_RECONSTRUCTION
G1-20260213103200-+1,G1,2026-02-13 10:32:00,2026-02-13 10:32:00,2026-02-13 10:32:00,1.6679362628,MEDIUM,3.0327052750,HIGH,RVMR-V1,HISTORICAL_RECONSTRUCTION
G1-20260213114200-+1,G1,2026-02-13 11:42:00,2026-02-13 11:42:00,2026-02-13 11:42:00,1.5883289456,MEDIUM,1.4331842522,MEDIUM,RVMR-V1,HISTORICAL_RECONSTRUCTION
G1-20260217100200--1,G1,2026-02-17 10:02:00,2026-02-17 10:02:00,2026-02-17 10:02:00,4.6203208556,HIGH,9.2431397193,HIGH,RVMR-V1,HISTORICAL_RECONSTRUCTION
G1-20260217103600--1,G1,2026-02-17 10:36:00,2026-02-17 10:36:00,2026-02-17 10:36:00,3.8707913800,HIGH,7.9613269605,HIGH,RVMR-V1,HISTORICAL_RECONSTRUCTION
G1-20260217133600-+1,G1,2026-02-17 13:36:00,2026-02-17 13:36:00,2026-02-17 13:36:00,1.8524717108,MEDIUM,2.5549158091,HIGH,RVMR-V1,HISTORICAL_RECONSTRUCTION
G1-20260218103600--1,G1,2026-02-18 10:36:00,2026-02-18 10:36:00,2026-02-18 10:36:00,1.9917547370,MEDIUM,2.7585621964,HIGH,RVMR-V1,HISTORICAL_RECONSTRUCTION
G1-20260218110900-+1,G1,2026-02-18 11:09:00,2026-02-18 11:09:00,2026-02-18 11:09:00,1.1573604061,LOW,2.0681337505,MEDIUM,RVMR-V1,HISTORICAL_RECONSTRUCTION
G1-20260218120900-+1,G1,2026-02-18 12:09:00,2026-02-18 12:09:00,2026-02-18 12:09:00,1.2925014833,MEDIUM,2.3010177110,MEDIUM,RVMR-V1,HISTORICAL_RECONSTRUCTION
G1-20260218135500--1,G1,2026-02-18 13:55:00,2026-02-18 13:55:00,2026-02-18 13:55:00,2.8515800509,HIGH,4.1860380714,HIGH,RVMR-V1,HISTORICAL_RECONSTRUCTION
G1-20260219103200--1,G1,2026-02-19 10:32:00,2026-02-19 10:32:00,2026-02-19 10:32:00,3.9977662545,HIGH,6.4024534736,HIGH,RVMR-V1,HISTORICAL_RECONSTRUCTION
G1-20260219112200-+1,G1,2026-02-19 11:22:00,2026-02-19 11:22:00,2026-02-19 11:22:00,1.8375261012,MEDIUM,2.7725724670,HIGH,RVMR-V1,HISTORICAL_RECONSTRUCTION
G1-20260219115400--1,G1,2026-02-19 11:54:00,2026-02-19 11:54:00,2026-02-19 11:54:00,3.6991782897,HIGH,4.9337323643,HIGH,RVMR-V1,HISTORICAL_RECONSTRUCTION
G1-20260219125000--1,G1,2026-02-19 12:50:00,2026-02-19 12:50:00,2026-02-19 12:50:00,1.8545050629,MEDIUM,3.0251695952,HIGH,RVMR-V1,HISTORICAL_RECONSTRUCTION
G1-20260220100300-+1,G1,2026-02-20 10:03:00,2026-02-20 10:03:00,2026-02-20 10:03:00,9.4366417467,HIGH,10.5866999304,HIGH,RVMR-V1,HISTORICAL_RECONSTRUCTION
G1-20260220104700-+1,G1,2026-02-20 10:47:00,2026-02-20 10:47:00,2026-02-20 10:47:00,2.7229486974,HIGH,3.5459148071,HIGH,RVMR-V1,HISTORICAL_RECONSTRUCTION
G1-20260220111900--1,G1,2026-02-20 11:19:00,2026-02-20 11:19:00,2026-02-20 11:19:00,1.4386037082,MEDIUM,2.0702770514,MEDIUM,RVMR-V1,HISTORICAL_RECONSTRUCTION
G1-20260220134900-+1,G1,2026-02-20 13:49:00,2026-02-20 13:49:00,2026-02-20 13:49:00,3.1925462352,HIGH,2.5537956318,HIGH,RVMR-V1,HISTORICAL_RECONSTRUCTION
G1-20260223100700--1,G1,2026-02-23 10:07:00,2026-02-23 10:07:00,2026-02-23 10:07:00,3.0297006699,HIGH,5.4227668853,HIGH,RVMR-V1,HISTORICAL_RECONSTRUCTION
G1-20260223103800--1,G1,2026-02-23 10:38:00,2026-02-23 10:38:00,2026-02-23 10:38:00,1.9385858068,MEDIUM,4.3926517181,HIGH,RVMR-V1,HISTORICAL_RECONSTRUCTION
G1-20260223111100--1,G1,2026-02-23 11:11:00,2026-02-23 11:11:00,2026-02-23 11:11:00,1.7781356956,MEDIUM,4.1371390212,HIGH,RVMR-V1,HISTORICAL_RECONSTRUCTION
G1-20260224100200--1,G1,2026-02-24 10:02:00,2026-02-24 10:02:00,2026-02-24 10:02:00,2.6756556771,HIGH,4.3137721826,HIGH,RVMR-V1,HISTORICAL_RECONSTRUCTION
G1-20260224103200-+1,G1,2026-02-24 10:32:00,2026-02-24 10:32:00,2026-02-24 10:32:00,2.1750882437,MEDIUM,4.9598712728,HIGH,RVMR-V1,HISTORICAL_RECONSTRUCTION
G1-20260224112100-+1,G1,2026-02-24 11:21:00,2026-02-24 11:21:00,2026-02-24 11:21:00,2.1490374941,MEDIUM,3.5615842697,HIGH,RVMR-V1,HISTORICAL_RECONSTRUCTION
G1-20260224121500-+1,G1,2026-02-24 12:15:00,2026-02-24 12:15:00,2026-02-24 12:15:00,1.3919287465,MEDIUM,1.9376512784,MEDIUM,RVMR-V1,HISTORICAL_RECONSTRUCTION
G1-20260225101800--1,G1,2026-02-25 10:18:00,2026-02-25 10:18:00,2026-02-25 10:18:00,2.1724563569,MEDIUM,4.3008449179,HIGH,RVMR-V1,HISTORICAL_RECONSTRUCTION
G1-20260225105700--1,G1,2026-02-25 10:57:00,2026-02-25 10:57:00,2026-02-25 10:57:00,1.3478756308,MEDIUM,3.0595540619,HIGH,RVMR-V1,HISTORICAL_RECONSTRUCTION
G1-20260226100100--1,G1,2026-02-26 10:01:00,2026-02-26 10:01:00,2026-02-26 10:01:00,4.8011284704,HIGH,11.0094869732,HIGH,RVMR-V1,HISTORICAL_RECONSTRUCTION
G1-20260226103200--1,G1,2026-02-26 10:32:00,2026-02-26 10:32:00,2026-02-26 10:32:00,5.0414486922,HIGH,6.3578308172,HIGH,RVMR-V1,HISTORICAL_RECONSTRUCTION
G1-20260226114200--1,G1,2026-02-26 11:42:00,2026-02-26 11:42:00,2026-02-26 11:42:00,2.1188934667,MEDIUM,3.6517144519,HIGH,RVMR-V1,HISTORICAL_RECONSTRUCTION
G1-20260226125300--1,G1,2026-02-26 12:53:00,2026-02-26 12:53:00,2026-02-26 12:53:00,1.9644160935,MEDIUM,2.7064197931,HIGH,RVMR-V1,HISTORICAL_RECONSTRUCTION
G1-20260226134900-+1,G1,2026-02-26 13:49:00,2026-02-26 13:49:00,2026-02-26 13:49:00,2.0874219447,MEDIUM,2.6375089454,HIGH,RVMR-V1,HISTORICAL_RECONSTRUCTION
G1-20260227100400-+1,G1,2026-02-27 10:04:00,2026-02-27 10:04:00,2026-02-27 10:04:00,2.4699104276,HIGH,3.4391160484,HIGH,RVMR-V1,HISTORICAL_RECONSTRUCTION
G1-20260227115100--1,G1,2026-02-27 11:51:00,2026-02-27 11:51:00,2026-02-27 11:51:00,1.9974696279,MEDIUM,2.4695758427,HIGH,RVMR-V1,HISTORICAL_RECONSTRUCTION
G1-20260227122400--1,G1,2026-02-27 12:24:00,2026-02-27 12:24:00,2026-02-27 12:24:00,2.3510928330,HIGH,3.5541443317,HIGH,RVMR-V1,HISTORICAL_RECONSTRUCTION
G1-20260302101000-+1,G1,2026-03-02 10:10:00,2026-03-02 10:10:00,2026-03-02 10:10:00,1.6710041572,MEDIUM,3.3634006977,HIGH,RVMR-V1,HISTORICAL_RECONSTRUCTION
G1-20260302104900-+1,G1,2026-03-02 10:49:00,2026-03-02 10:49:00,2026-03-02 10:49:00,1.5972473741,MEDIUM,3.2443932465,HIGH,RVMR-V1,HISTORICAL_RECONSTRUCTION
G1-20260302113500--1,G1,2026-03-02 11:35:00,2026-03-02 11:35:00,2026-03-02 11:35:00,3.1720988167,HIGH,4.4686400663,HIGH,RVMR-V1,HISTORICAL_RECONSTRUCTION
G1-20260303103200--1,G1,2026-03-03 10:32:00,2026-03-03 10:32:00,2026-03-03 10:32:00,3.9812587058,HIGH,6.8200309004,HIGH,RVMR-V1,HISTORICAL_RECONSTRUCTION
G1-20260303113500--1,G1,2026-03-03 11:35:00,2026-03-03 11:35:00,2026-03-03 11:35:00,2.5210299330,HIGH,2.9243681939,HIGH,RVMR-V1,HISTORICAL_RECONSTRUCTION
G1-20260304100400-+1,G1,2026-03-04 10:04:00,2026-03-04 10:04:00,2026-03-04 10:04:00,3.5433070866,HIGH,5.1003796638,HIGH,RVMR-V1,HISTORICAL_RECONSTRUCTION
G1-20260304103100-+1,G1,2026-03-04 10:31:00,2026-03-04 10:31:00,2026-03-04 10:31:00,1.1945250933,LOW,4.2712071067,HIGH,RVMR-V1,HISTORICAL_RECONSTRUCTION
G1-20260304110600-+1,G1,2026-03-04 11:06:00,2026-03-04 11:06:00,2026-03-04 11:06:00,2.0252583238,MEDIUM,3.7140591717,HIGH,RVMR-V1,HISTORICAL_RECONSTRUCTION
G1-20260304133900-+1,G1,2026-03-04 13:39:00,2026-03-04 13:39:00,2026-03-04 13:39:00,0.7386470699,LOW,0.8978169324,LOW,RVMR-V1,HISTORICAL_RECONSTRUCTION
G1-20260305100500-+1,G1,2026-03-05 10:05:00,2026-03-05 10:05:00,2026-03-05 10:05:00,1.6577765839,MEDIUM,3.3788612079,HIGH,RVMR-V1,HISTORICAL_RECONSTRUCTION
G1-20260305103900--1,G1,2026-03-05 10:39:00,2026-03-05 10:39:00,2026-03-05 10:39:00,1.9746565428,MEDIUM,3.2378828262,HIGH,RVMR-V1,HISTORICAL_RECONSTRUCTION
G1-20260305113300--1,G1,2026-03-05 11:33:00,2026-03-05 11:33:00,2026-03-05 11:33:00,1.1640618985,LOW,2.2923184884,MEDIUM,RVMR-V1,HISTORICAL_RECONSTRUCTION
G1-20260305122100--1,G1,2026-03-05 12:21:00,2026-03-05 12:21:00,2026-03-05 12:21:00,1.5212687422,MEDIUM,2.8749320222,HIGH,RVMR-V1,HISTORICAL_RECONSTRUCTION
G1-20260305125800--1,G1,2026-03-05 12:58:00,2026-03-05 12:58:00,2026-03-05 12:58:00,1.5144230769,MEDIUM,2.5484669802,HIGH,RVMR-V1,HISTORICAL_RECONSTRUCTION
G1-20260306100400-+1,G1,2026-03-06 10:04:00,2026-03-06 10:04:00,2026-03-06 10:04:00,1.5476081588,MEDIUM,3.3583335935,HIGH,RVMR-V1,HISTORICAL_RECONSTRUCTION
G1-20260306105600--1,G1,2026-03-06 10:56:00,2026-03-06 10:56:00,2026-03-06 10:56:00,3.9433226902,HIGH,6.7551075014,HIGH,RVMR-V1,HISTORICAL_RECONSTRUCTION
G1-20260306131500-+1,G1,2026-03-06 13:15:00,2026-03-06 13:15:00,2026-03-06 13:15:00,1.0626938644,LOW,2.7594191927,HIGH,RVMR-V1,HISTORICAL_RECONSTRUCTION
G1-20260309100600-+1,G1,2026-03-09 10:06:00,2026-03-09 10:06:00,2026-03-09 10:06:00,5.1041676282,HIGH,5.4862621244,HIGH,RVMR-V1,HISTORICAL_RECONSTRUCTION
G1-20260309122800-+1,G1,2026-03-09 12:28:00,2026-03-09 12:28:00,2026-03-09 12:28:00,0.9282484430,LOW,2.0557734773,MEDIUM,RVMR-V1,HISTORICAL_RECONSTRUCTION
G1-20260310100200--1,G1,2026-03-10 10:02:00,2026-03-10 10:02:00,2026-03-10 10:02:00,2.4575557427,HIGH,4.9998198348,HIGH,RVMR-V1,HISTORICAL_RECONSTRUCTION
G1-20260310103200-+1,G1,2026-03-10 10:32:00,2026-03-10 10:32:00,2026-03-10 10:32:00,1.7653433159,MEDIUM,2.6353410934,HIGH,RVMR-V1,HISTORICAL_RECONSTRUCTION
G1-20260310110600-+1,G1,2026-03-10 11:06:00,2026-03-10 11:06:00,2026-03-10 11:06:00,1.3704496788,MEDIUM,2.9343497894,HIGH,RVMR-V1,HISTORICAL_RECONSTRUCTION
G1-20260310133100-+1,G1,2026-03-10 13:31:00,2026-03-10 13:31:00,2026-03-10 13:31:00,1.3310764577,MEDIUM,2.0173347097,MEDIUM,RVMR-V1,HISTORICAL_RECONSTRUCTION
G1-20260310141600--1,G1,2026-03-10 14:16:00,2026-03-10 14:16:00,2026-03-10 14:16:00,3.5395119634,HIGH,6.3607142117,HIGH,RVMR-V1,HISTORICAL_RECONSTRUCTION
G1-20260311100200-+1,G1,2026-03-11 10:02:00,2026-03-11 10:02:00,2026-03-11 10:02:00,3.4363834922,HIGH,8.0948525339,HIGH,RVMR-V1,HISTORICAL_RECONSTRUCTION
G1-20260311103200--1,G1,2026-03-11 10:32:00,2026-03-11 10:32:00,2026-03-11 10:32:00,3.1512754598,HIGH,4.6807360857,HIGH,RVMR-V1,HISTORICAL_RECONSTRUCTION
G1-20260311111400--1,G1,2026-03-11 11:14:00,2026-03-11 11:14:00,2026-03-11 11:14:00,2.7750183210,HIGH,4.6361372979,HIGH,RVMR-V1,HISTORICAL_RECONSTRUCTION
G1-20260311123700-+1,G1,2026-03-11 12:37:00,2026-03-11 12:37:00,2026-03-11 12:37:00,0.9908925319,LOW,1.2680151032,LOW,RVMR-V1,HISTORICAL_RECONSTRUCTION
G1-20260311134400--1,G1,2026-03-11 13:44:00,2026-03-11 13:44:00,2026-03-11 13:44:00,2.0368848594,MEDIUM,2.5530392162,HIGH,RVMR-V1,HISTORICAL_RECONSTRUCTION
G1-20260312103700--1,G1,2026-03-12 10:37:00,2026-03-12 10:37:00,2026-03-12 10:37:00,1.9328859060,MEDIUM,4.0350937284,HIGH,RVMR-V1,HISTORICAL_RECONSTRUCTION
G1-20260312113000-+1,G1,2026-03-12 11:30:00,2026-03-12 11:30:00,2026-03-12 11:30:00,1.8259178901,MEDIUM,2.6499604874,HIGH,RVMR-V1,HISTORICAL_RECONSTRUCTION
G1-20260313100500--1,G1,2026-03-13 10:05:00,2026-03-13 10:05:00,2026-03-13 10:05:00,1.9496396193,MEDIUM,3.5387329100,HIGH,RVMR-V1,HISTORICAL_RECONSTRUCTION
G1-20260313104300--1,G1,2026-03-13 10:43:00,2026-03-13 10:43:00,2026-03-13 10:43:00,2.2142200026,MEDIUM,4.7557144438,HIGH,RVMR-V1,HISTORICAL_RECONSTRUCTION
G1-20260313113800--1,G1,2026-03-13 11:38:00,2026-03-13 11:38:00,2026-03-13 11:38:00,2.4776064514,HIGH,3.7580927089,HIGH,RVMR-V1,HISTORICAL_RECONSTRUCTION
G1-20260317100500--1,G1,2026-03-17 10:05:00,2026-03-17 10:05:00,2026-03-17 10:05:00,1.5021906948,MEDIUM,5.1738653373,HIGH,RVMR-V1,HISTORICAL_RECONSTRUCTION
G1-20260317111200--1,G1,2026-03-17 11:12:00,2026-03-17 11:12:00,2026-03-17 11:12:00,2.1685227989,MEDIUM,4.9958303820,HIGH,RVMR-V1,HISTORICAL_RECONSTRUCTION
G1-20260318102500--1,G1,2026-03-18 10:25:00,2026-03-18 10:25:00,2026-03-18 10:25:00,1.6976794451,MEDIUM,1.9958168910,MEDIUM,RVMR-V1,HISTORICAL_RECONSTRUCTION
G1-20260318110200-+1,G1,2026-03-18 11:02:00,2026-03-18 11:02:00,2026-03-18 11:02:00,2.8753311455,HIGH,4.3917851687,HIGH,RVMR-V1,HISTORICAL_RECONSTRUCTION
G1-20260319100200-+1,G1,2026-03-19 10:02:00,2026-03-19 10:02:00,2026-03-19 10:02:00,1.7105561710,MEDIUM,3.6507817920,HIGH,RVMR-V1,HISTORICAL_RECONSTRUCTION
G1-20260319103800-+1,G1,2026-03-19 10:38:00,2026-03-19 10:38:00,2026-03-19 10:38:00,2.6145225126,HIGH,3.6140897881,HIGH,RVMR-V1,HISTORICAL_RECONSTRUCTION
G1-20260319112300--1,G1,2026-03-19 11:23:00,2026-03-19 11:23:00,2026-03-19 11:23:00,1.2402615198,LOW,2.3019193427,MEDIUM,RVMR-V1,HISTORICAL_RECONSTRUCTION
G1-20260319120900-+1,G1,2026-03-19 12:09:00,2026-03-19 12:09:00,2026-03-19 12:09:00,2.0933220845,MEDIUM,2.0113543088,MEDIUM,RVMR-V1,HISTORICAL_RECONSTRUCTION
G1-20260320133900--1,G1,2026-03-20 13:39:00,2026-03-20 13:39:00,2026-03-20 13:39:00,0.8383349736,LOW,1.2847433519,MEDIUM,RVMR-V1,HISTORICAL_RECONSTRUCTION
G1-20260320142400--1,G1,2026-03-20 14:24:00,2026-03-20 14:24:00,2026-03-20 14:24:00,1.6604843079,MEDIUM,3.8725702568,HIGH,RVMR-V1,HISTORICAL_RECONSTRUCTION
G1-20260323102100-+1,G1,2026-03-23 10:21:00,2026-03-23 10:21:00,2026-03-23 10:21:00,0.8518189885,LOW,1.6139444107,MEDIUM,RVMR-V1,HISTORICAL_RECONSTRUCTION
G1-20260323113900--1,G1,2026-03-23 11:39:00,2026-03-23 11:39:00,2026-03-23 11:39:00,1.5637726014,MEDIUM,2.7755030926,HIGH,RVMR-V1,HISTORICAL_RECONSTRUCTION
G1-20260323134000-+1,G1,2026-03-23 13:40:00,2026-03-23 13:40:00,2026-03-23 13:40:00,0.7819746998,LOW,1.6269436498,MEDIUM,RVMR-V1,HISTORICAL_RECONSTRUCTION
G1-20260324100600-+1,G1,2026-03-24 10:06:00,2026-03-24 10:06:00,2026-03-24 10:06:00,2.1821907283,MEDIUM,3.4817325365,HIGH,RVMR-V1,HISTORICAL_RECONSTRUCTION
G1-20260324105400-+1,G1,2026-03-24 10:54:00,2026-03-24 10:54:00,2026-03-24 10:54:00,3.0519251148,HIGH,5.9602352627,HIGH,RVMR-V1,HISTORICAL_RECONSTRUCTION
G1-20260324120800--1,G1,2026-03-24 12:08:00,2026-03-24 12:08:00,2026-03-24 12:08:00,1.0425085903,LOW,1.6361911808,MEDIUM,RVMR-V1,HISTORICAL_RECONSTRUCTION
G1-20260324124400--1,G1,2026-03-24 12:44:00,2026-03-24 12:44:00,2026-03-24 12:44:00,1.4533930955,MEDIUM,1.9486992526,MEDIUM,RVMR-V1,HISTORICAL_RECONSTRUCTION
G1-20260324140200-+1,G1,2026-03-24 14:02:00,2026-03-24 14:02:00,2026-03-24 14:02:00,1.5436983334,MEDIUM,2.5584532374,HIGH,RVMR-V1,HISTORICAL_RECONSTRUCTION
G1-20260325100200--1,G1,2026-03-25 10:02:00,2026-03-25 10:02:00,2026-03-25 10:02:00,2.8744192562,HIGH,4.8494550940,HIGH,RVMR-V1,HISTORICAL_RECONSTRUCTION
G1-20260325111200--1,G1,2026-03-25 11:12:00,2026-03-25 11:12:00,2026-03-25 11:12:00,1.7260449550,MEDIUM,2.8238903965,HIGH,RVMR-V1,HISTORICAL_RECONSTRUCTION
G1-20260326105700--1,G1,2026-03-26 10:57:00,2026-03-26 10:57:00,2026-03-26 10:57:00,3.6416043508,HIGH,6.6585302442,HIGH,RVMR-V1,HISTORICAL_RECONSTRUCTION
G1-20260326114800-+1,G1,2026-03-26 11:48:00,2026-03-26 11:48:00,2026-03-26 11:48:00,2.0625782228,MEDIUM,3.7636100214,HIGH,RVMR-V1,HISTORICAL_RECONSTRUCTION
G1-20260326133100--1,G1,2026-03-26 13:31:00,2026-03-26 13:31:00,2026-03-26 13:31:00,1.1207033220,LOW,2.4848017195,HIGH,RVMR-V1,HISTORICAL_RECONSTRUCTION
G1-20260326140200--1,G1,2026-03-26 14:02:00,2026-03-26 14:02:00,2026-03-26 14:02:00,1.1887727023,LOW,3.1076219936,HIGH,RVMR-V1,HISTORICAL_RECONSTRUCTION
G1-20260327100100--1,G1,2026-03-27 10:01:00,2026-03-27 10:01:00,2026-03-27 10:01:00,5.3187574413,HIGH,8.3511988130,HIGH,RVMR-V1,HISTORICAL_RECONSTRUCTION
G1-20260327113000-+1,G1,2026-03-27 11:30:00,2026-03-27 11:30:00,2026-03-27 11:30:00,1.7077706800,MEDIUM,2.0466897005,MEDIUM,RVMR-V1,HISTORICAL_RECONSTRUCTION
G1-20260327132500--1,G1,2026-03-27 13:25:00,2026-03-27 13:25:00,2026-03-27 13:25:00,0.7151528529,LOW,1.3673055823,MEDIUM,RVMR-V1,HISTORICAL_RECONSTRUCTION
G1-20260330100100--1,G1,2026-03-30 10:01:00,2026-03-30 10:01:00,2026-03-30 10:01:00,2.5848473581,HIGH,6.2837339107,HIGH,RVMR-V1,HISTORICAL_RECONSTRUCTION
G1-20260330104700--1,G1,2026-03-30 10:47:00,2026-03-30 10:47:00,2026-03-30 10:47:00,4.0628111835,HIGH,5.9072767305,HIGH,RVMR-V1,HISTORICAL_RECONSTRUCTION
G1-20260330120700--1,G1,2026-03-30 12:07:00,2026-03-30 12:07:00,2026-03-30 12:07:00,1.0642325545,LOW,1.4418098355,MEDIUM,RVMR-V1,HISTORICAL_RECONSTRUCTION
G1-20260330131900--1,G1,2026-03-30 13:19:00,2026-03-30 13:19:00,2026-03-30 13:19:00,1.0098443950,LOW,1.7674311014,MEDIUM,RVMR-V1,HISTORICAL_RECONSTRUCTION
G1-20260331100100-+1,G1,2026-03-31 10:01:00,2026-03-31 10:01:00,2026-03-31 10:01:00,2.3265276814,MEDIUM,4.0500287514,HIGH,RVMR-V1,HISTORICAL_RECONSTRUCTION
G1-20260331104700--1,G1,2026-03-31 10:47:00,2026-03-31 10:47:00,2026-03-31 10:47:00,1.9257032628,MEDIUM,3.1457096090,HIGH,RVMR-V1,HISTORICAL_RECONSTRUCTION
G1-20260331112100-+1,G1,2026-03-31 11:21:00,2026-03-31 11:21:00,2026-03-31 11:21:00,2.2926666984,MEDIUM,4.2255377922,HIGH,RVMR-V1,HISTORICAL_RECONSTRUCTION
G1-20260401100500-+1,G1,2026-04-01 10:05:00,2026-04-01 10:05:00,2026-04-01 10:05:00,1.8082512435,MEDIUM,2.6679168151,HIGH,RVMR-V1,HISTORICAL_RECONSTRUCTION
G1-20260401103900--1,G1,2026-04-01 10:39:00,2026-04-01 10:39:00,2026-04-01 10:39:00,2.3637043921,HIGH,4.6833759858,HIGH,RVMR-V1,HISTORICAL_RECONSTRUCTION
G1-20260401114800-+1,G1,2026-04-01 11:48:00,2026-04-01 11:48:00,2026-04-01 11:48:00,1.2103682278,LOW,1.7237552527,MEDIUM,RVMR-V1,HISTORICAL_RECONSTRUCTION
G1-20260401140200--1,G1,2026-04-01 14:02:00,2026-04-01 14:02:00,2026-04-01 14:02:00,1.2493802677,LOW,2.2309216672,MEDIUM,RVMR-V1,HISTORICAL_RECONSTRUCTION
G1-20260402100200-+1,G1,2026-04-02 10:02:00,2026-04-02 10:02:00,2026-04-02 10:02:00,1.6417435571,MEDIUM,4.3579250486,HIGH,RVMR-V1,HISTORICAL_RECONSTRUCTION
G1-20260406100100-+1,G1,2026-04-06 10:01:00,2026-04-06 10:01:00,2026-04-06 10:01:00,9.4256929820,HIGH,23.4202846496,HIGH,RVMR-V1,HISTORICAL_RECONSTRUCTION
G1-20260406104000--1,G1,2026-04-06 10:40:00,2026-04-06 10:40:00,2026-04-06 10:40:00,3.4137107475,HIGH,10.1590112207,HIGH,RVMR-V1,HISTORICAL_RECONSTRUCTION
G1-20260406115500-+1,G1,2026-04-06 11:55:00,2026-04-06 11:55:00,2026-04-06 11:55:00,0.9734542457,LOW,1.9176866003,MEDIUM,RVMR-V1,HISTORICAL_RECONSTRUCTION
G1-20260406130900--1,G1,2026-04-06 13:09:00,2026-04-06 13:09:00,2026-04-06 13:09:00,1.3765853037,MEDIUM,2.9151729439,HIGH,RVMR-V1,HISTORICAL_RECONSTRUCTION
G1-20260407102400--1,G1,2026-04-07 10:24:00,2026-04-07 10:24:00,2026-04-07 10:24:00,3.2643131618,HIGH,5.7234093148,HIGH,RVMR-V1,HISTORICAL_RECONSTRUCTION
G1-20260407103500-+1,G1,2026-04-07 10:35:00,2026-04-07 10:35:00,2026-04-07 10:35:00,2.1498182220,MEDIUM,3.9360803524,HIGH,RVMR-V1,HISTORICAL_RECONSTRUCTION
G1-20260407111100--1,G1,2026-04-07 11:11:00,2026-04-07 11:11:00,2026-04-07 11:11:00,2.8045613639,HIGH,6.0037108960,HIGH,RVMR-V1,HISTORICAL_RECONSTRUCTION
G1-20260407133700-+1,G1,2026-04-07 13:37:00,2026-04-07 13:37:00,2026-04-07 13:37:00,3.7473624982,HIGH,6.3646132722,HIGH,RVMR-V1,HISTORICAL_RECONSTRUCTION
G1-20260408100100--1,G1,2026-04-08 10:01:00,2026-04-08 10:01:00,2026-04-08 10:01:00,2.1594427245,MEDIUM,4.4055714281,HIGH,RVMR-V1,HISTORICAL_RECONSTRUCTION
G1-20260408105900--1,G1,2026-04-08 10:59:00,2026-04-08 10:59:00,2026-04-08 10:59:00,1.0952421195,LOW,3.2143693870,HIGH,RVMR-V1,HISTORICAL_RECONSTRUCTION
G1-20260408122000--1,G1,2026-04-08 12:20:00,2026-04-08 12:20:00,2026-04-08 12:20:00,1.4351133482,MEDIUM,1.8424469378,MEDIUM,RVMR-V1,HISTORICAL_RECONSTRUCTION
G1-20260408131900--1,G1,2026-04-08 13:19:00,2026-04-08 13:19:00,2026-04-08 13:19:00,0.9006684649,LOW,1.5889469362,MEDIUM,RVMR-V1,HISTORICAL_RECONSTRUCTION
G1-20260408142100--1,G1,2026-04-08 14:21:00,2026-04-08 14:21:00,2026-04-08 14:21:00,2.0679296988,MEDIUM,4.5646119462,HIGH,RVMR-V1,HISTORICAL_RECONSTRUCTION
G1-20260409100500--1,G1,2026-04-09 10:05:00,2026-04-09 10:05:00,2026-04-09 10:05:00,1.6195287437,MEDIUM,3.7346441991,HIGH,RVMR-V1,HISTORICAL_RECONSTRUCTION
G1-20260409104700-+1,G1,2026-04-09 10:47:00,2026-04-09 10:47:00,2026-04-09 10:47:00,1.4405602179,MEDIUM,2.5943835010,HIGH,RVMR-V1,HISTORICAL_RECONSTRUCTION
G1-20260409111700-+1,G1,2026-04-09 11:17:00,2026-04-09 11:17:00,2026-04-09 11:17:00,1.6673310176,MEDIUM,3.8689050318,HIGH,RVMR-V1,HISTORICAL_RECONSTRUCTION
G1-20260409140600--1,G1,2026-04-09 14:06:00,2026-04-09 14:06:00,2026-04-09 14:06:00,2.4292149909,HIGH,3.9242941771,HIGH,RVMR-V1,HISTORICAL_RECONSTRUCTION
G1-20260410100300--1,G1,2026-04-10 10:03:00,2026-04-10 10:03:00,2026-04-10 10:03:00,2.7038941954,HIGH,4.3855282464,HIGH,RVMR-V1,HISTORICAL_RECONSTRUCTION
G1-20260410103500-+1,G1,2026-04-10 10:35:00,2026-04-10 10:35:00,2026-04-10 10:35:00,1.3392369746,MEDIUM,2.4268057287,HIGH,RVMR-V1,HISTORICAL_RECONSTRUCTION
G1-20260410121500-+1,G1,2026-04-10 12:15:00,2026-04-10 12:15:00,2026-04-10 12:15:00,1.0463378176,LOW,1.9011398373,MEDIUM,RVMR-V1,HISTORICAL_RECONSTRUCTION
G1-20260410124600--1,G1,2026-04-10 12:46:00,2026-04-10 12:46:00,2026-04-10 12:46:00,1.4953587929,MEDIUM,3.2067116600,HIGH,RVMR-V1,HISTORICAL_RECONSTRUCTION
G1-20260413100300-+1,G1,2026-04-13 10:03:00,2026-04-13 10:03:00,2026-04-13 10:03:00,2.0229183809,MEDIUM,4.3934672420,HIGH,RVMR-V1,HISTORICAL_RECONSTRUCTION
G1-20260413105600-+1,G1,2026-04-13 10:56:00,2026-04-13 10:56:00,2026-04-13 10:56:00,1.2717784022,MEDIUM,3.1494197848,HIGH,RVMR-V1,HISTORICAL_RECONSTRUCTION
G1-20260414100200--1,G1,2026-04-14 10:02:00,2026-04-14 10:02:00,2026-04-14 10:02:00,2.1968736798,MEDIUM,4.1445996614,HIGH,RVMR-V1,HISTORICAL_RECONSTRUCTION
G1-20260414103700-+1,G1,2026-04-14 10:37:00,2026-04-14 10:37:00,2026-04-14 10:37:00,1.2767148857,MEDIUM,2.9639146537,HIGH,RVMR-V1,HISTORICAL_RECONSTRUCTION
G1-20260414111100--1,G1,2026-04-14 11:11:00,2026-04-14 11:11:00,2026-04-14 11:11:00,1.1241766284,LOW,1.7819515155,MEDIUM,RVMR-V1,HISTORICAL_RECONSTRUCTION
G1-20260414122900-+1,G1,2026-04-14 12:29:00,2026-04-14 12:29:00,2026-04-14 12:29:00,0.7694069155,LOW,1.7228985394,MEDIUM,RVMR-V1,HISTORICAL_RECONSTRUCTION
G1-20260414142300--1,G1,2026-04-14 14:23:00,2026-04-14 14:23:00,2026-04-14 14:23:00,2.0959547414,MEDIUM,3.5354481728,HIGH,RVMR-V1,HISTORICAL_RECONSTRUCTION
G1-20260415100100-+1,G1,2026-04-15 10:01:00,2026-04-15 10:01:00,2026-04-15 10:01:00,4.4284615957,HIGH,7.3012317772,HIGH,RVMR-V1,HISTORICAL_RECONSTRUCTION
G1-20260415103900-+1,G1,2026-04-15 10:39:00,2026-04-15 10:39:00,2026-04-15 10:39:00,3.1726602854,HIGH,3.7854502042,HIGH,RVMR-V1,HISTORICAL_RECONSTRUCTION
G1-20260415112400-+1,G1,2026-04-15 11:24:00,2026-04-15 11:24:00,2026-04-15 11:24:00,1.7191036387,MEDIUM,2.2692684762,MEDIUM,RVMR-V1,HISTORICAL_RECONSTRUCTION
G1-20260415122200-+1,G1,2026-04-15 12:22:00,2026-04-15 12:22:00,2026-04-15 12:22:00,1.2974596421,MEDIUM,2.6092213778,HIGH,RVMR-V1,HISTORICAL_RECONSTRUCTION
G1-20260415125900--1,G1,2026-04-15 12:59:00,2026-04-15 12:59:00,2026-04-15 12:59:00,1.5556865056,MEDIUM,2.7764113670,HIGH,RVMR-V1,HISTORICAL_RECONSTRUCTION
G1-20260415141900-+1,G1,2026-04-15 14:19:00,2026-04-15 14:19:00,2026-04-15 14:19:00,1.2073302192,LOW,1.8547149231,MEDIUM,RVMR-V1,HISTORICAL_RECONSTRUCTION
G1-20260416100500--1,G1,2026-04-16 10:05:00,2026-04-16 10:05:00,2026-04-16 10:05:00,2.7842099206,HIGH,5.2342456973,HIGH,RVMR-V1,HISTORICAL_RECONSTRUCTION
G1-20260416103300-+1,G1,2026-04-16 10:33:00,2026-04-16 10:33:00,2026-04-16 10:33:00,2.4528767062,HIGH,3.8373037479,HIGH,RVMR-V1,HISTORICAL_RECONSTRUCTION
G1-20260416124700--1,G1,2026-04-16 12:47:00,2026-04-16 12:47:00,2026-04-16 12:47:00,2.9546366921,HIGH,3.0158938183,HIGH,RVMR-V1,HISTORICAL_RECONSTRUCTION
G1-20260416130400--1,G1,2026-04-16 13:04:00,2026-04-16 13:04:00,2026-04-16 13:04:00,2.0155073204,MEDIUM,1.7673788708,MEDIUM,RVMR-V1,HISTORICAL_RECONSTRUCTION
G1-20260416133500-+1,G1,2026-04-16 13:35:00,2026-04-16 13:35:00,2026-04-16 13:35:00,2.0579569940,MEDIUM,1.4064439195,MEDIUM,RVMR-V1,HISTORICAL_RECONSTRUCTION
G1-20260417100300-+1,G1,2026-04-17 10:03:00,2026-04-17 10:03:00,2026-04-17 10:03:00,2.2746086018,MEDIUM,3.5244312404,HIGH,RVMR-V1,HISTORICAL_RECONSTRUCTION
G1-20260417131400--1,G1,2026-04-17 13:14:00,2026-04-17 13:14:00,2026-04-17 13:14:00,1.4921042815,MEDIUM,1.3080286815,MEDIUM,RVMR-V1,HISTORICAL_RECONSTRUCTION
G1-20260417141100--1,G1,2026-04-17 14:11:00,2026-04-17 14:11:00,2026-04-17 14:11:00,1.7398070977,MEDIUM,2.5406568019,HIGH,RVMR-V1,HISTORICAL_RECONSTRUCTION
G1-20260420101400--1,G1,2026-04-20 10:14:00,2026-04-20 10:14:00,2026-04-20 10:14:00,2.4687548218,HIGH,4.5418946984,HIGH,RVMR-V1,HISTORICAL_RECONSTRUCTION
G1-20260421100100-+1,G1,2026-04-21 10:01:00,2026-04-21 10:01:00,2026-04-21 10:01:00,3.3936830977,HIGH,8.9160930002,HIGH,RVMR-V1,HISTORICAL_RECONSTRUCTION
G1-20260421104200--1,G1,2026-04-21 10:42:00,2026-04-21 10:42:00,2026-04-21 10:42:00,4.6471121328,HIGH,7.9808135723,HIGH,RVMR-V1,HISTORICAL_RECONSTRUCTION
G1-20260421110900--1,G1,2026-04-21 11:09:00,2026-04-21 11:09:00,2026-04-21 11:09:00,3.2281318681,HIGH,6.1602823738,HIGH,RVMR-V1,HISTORICAL_RECONSTRUCTION
G1-20260421113200--1,G1,2026-04-21 11:32:00,2026-04-21 11:32:00,2026-04-21 11:32:00,1.6168020606,MEDIUM,4.0461971678,HIGH,RVMR-V1,HISTORICAL_RECONSTRUCTION
G1-20260421131000--1,G1,2026-04-21 13:10:00,2026-04-21 13:10:00,2026-04-21 13:10:00,5.0368966218,HIGH,6.4518847686,HIGH,RVMR-V1,HISTORICAL_RECONSTRUCTION
G1-20260421134000-+1,G1,2026-04-21 13:40:00,2026-04-21 13:40:00,2026-04-21 13:40:00,5.0235146056,HIGH,9.6164199088,HIGH,RVMR-V1,HISTORICAL_RECONSTRUCTION
G1-20260422131400-+1,G1,2026-04-22 13:14:00,2026-04-22 13:14:00,2026-04-22 13:14:00,1.4435958661,MEDIUM,1.9000236134,MEDIUM,RVMR-V1,HISTORICAL_RECONSTRUCTION
G1-20260423100500--1,G1,2026-04-23 10:05:00,2026-04-23 10:05:00,2026-04-23 10:05:00,2.1941992434,MEDIUM,4.4015873541,HIGH,RVMR-V1,HISTORICAL_RECONSTRUCTION
G1-20260423103500-+1,G1,2026-04-23 10:35:00,2026-04-23 10:35:00,2026-04-23 10:35:00,1.8039461322,MEDIUM,2.3143543136,MEDIUM,RVMR-V1,HISTORICAL_RECONSTRUCTION
G1-20260423110500-+1,G1,2026-04-23 11:05:00,2026-04-23 11:05:00,2026-04-23 11:05:00,1.0360257603,LOW,1.3841141616,MEDIUM,RVMR-V1,HISTORICAL_RECONSTRUCTION
G1-20260423115700--1,G1,2026-04-23 11:57:00,2026-04-23 11:57:00,2026-04-23 11:57:00,1.9280549853,MEDIUM,4.3303653121,HIGH,RVMR-V1,HISTORICAL_RECONSTRUCTION
G1-20260423130300--1,G1,2026-04-23 13:03:00,2026-04-23 13:03:00,2026-04-23 13:03:00,2.9270380144,HIGH,6.6352669038,HIGH,RVMR-V1,HISTORICAL_RECONSTRUCTION
G1-20260423133600-+1,G1,2026-04-23 13:36:00,2026-04-23 13:36:00,2026-04-23 13:36:00,3.3078101072,HIGH,6.9243255778,HIGH,RVMR-V1,HISTORICAL_RECONSTRUCTION
G1-20260424100200--1,G1,2026-04-24 10:02:00,2026-04-24 10:02:00,2026-04-24 10:02:00,5.4267538967,HIGH,6.6490153063,HIGH,RVMR-V1,HISTORICAL_RECONSTRUCTION
G1-20260424103500--1,G1,2026-04-24 10:35:00,2026-04-24 10:35:00,2026-04-24 10:35:00,2.4157162828,HIGH,3.0667196187,HIGH,RVMR-V1,HISTORICAL_RECONSTRUCTION
G1-20260424112500-+1,G1,2026-04-24 11:25:00,2026-04-24 11:25:00,2026-04-24 11:25:00,1.2462323555,LOW,1.7602584327,MEDIUM,RVMR-V1,HISTORICAL_RECONSTRUCTION
G1-20260424120200-+1,G1,2026-04-24 12:02:00,2026-04-24 12:02:00,2026-04-24 12:02:00,1.2616385263,LOW,1.7063002410,MEDIUM,RVMR-V1,HISTORICAL_RECONSTRUCTION
G1-20260424135800-+1,G1,2026-04-24 13:58:00,2026-04-24 13:58:00,2026-04-24 13:58:00,0.8376963351,LOW,0.8948722801,LOW,RVMR-V1,HISTORICAL_RECONSTRUCTION
G1-20260427103400--1,G1,2026-04-27 10:34:00,2026-04-27 10:34:00,2026-04-27 10:34:00,2.4498400429,HIGH,4.2135782482,HIGH,RVMR-V1,HISTORICAL_RECONSTRUCTION
G1-20260427114700-+1,G1,2026-04-27 11:47:00,2026-04-27 11:47:00,2026-04-27 11:47:00,1.1000979432,LOW,2.1789803140,MEDIUM,RVMR-V1,HISTORICAL_RECONSTRUCTION
G1-20260427133600-+1,G1,2026-04-27 13:36:00,2026-04-27 13:36:00,2026-04-27 13:36:00,1.1905007957,LOW,2.4623268119,HIGH,RVMR-V1,HISTORICAL_RECONSTRUCTION
G1-20260428100400--1,G1,2026-04-28 10:04:00,2026-04-28 10:04:00,2026-04-28 10:04:00,1.9527418636,MEDIUM,2.9085167731,HIGH,RVMR-V1,HISTORICAL_RECONSTRUCTION
G1-20260428113500--1,G1,2026-04-28 11:35:00,2026-04-28 11:35:00,2026-04-28 11:35:00,1.5599891667,MEDIUM,1.8614187969,MEDIUM,RVMR-V1,HISTORICAL_RECONSTRUCTION
G1-20260428123700--1,G1,2026-04-28 12:37:00,2026-04-28 12:37:00,2026-04-28 12:37:00,1.2537865733,LOW,2.0040809199,MEDIUM,RVMR-V1,HISTORICAL_RECONSTRUCTION
G1-20260428142300-+1,G1,2026-04-28 14:23:00,2026-04-28 14:23:00,2026-04-28 14:23:00,1.4988424887,MEDIUM,2.0575390080,MEDIUM,RVMR-V1,HISTORICAL_RECONSTRUCTION
G1-20260429111800--1,G1,2026-04-29 11:18:00,2026-04-29 11:18:00,2026-04-29 11:18:00,1.0926059410,LOW,2.8663601797,HIGH,RVMR-V1,HISTORICAL_RECONSTRUCTION
G1-20260429115600--1,G1,2026-04-29 11:56:00,2026-04-29 11:56:00,2026-04-29 11:56:00,3.3761869407,HIGH,5.5470302340,HIGH,RVMR-V1,HISTORICAL_RECONSTRUCTION
G1-20260429123300--1,G1,2026-04-29 12:33:00,2026-04-29 12:33:00,2026-04-29 12:33:00,2.1915613673,MEDIUM,3.6193725026,HIGH,RVMR-V1,HISTORICAL_RECONSTRUCTION
G1-20260430100100--1,G1,2026-04-30 10:01:00,2026-04-30 10:01:00,2026-04-30 10:01:00,2.3688671782,HIGH,5.5261159508,HIGH,RVMR-V1,HISTORICAL_RECONSTRUCTION
G1-20260430103400-+1,G1,2026-04-30 10:34:00,2026-04-30 10:34:00,2026-04-30 10:34:00,2.9311101360,HIGH,3.8168889749,HIGH,RVMR-V1,HISTORICAL_RECONSTRUCTION
G1-20260430110300-+1,G1,2026-04-30 11:03:00,2026-04-30 11:03:00,2026-04-30 11:03:00,2.0441392364,MEDIUM,2.8883789207,HIGH,RVMR-V1,HISTORICAL_RECONSTRUCTION
G1-20260430114900--1,G1,2026-04-30 11:49:00,2026-04-30 11:49:00,2026-04-30 11:49:00,2.5204910612,HIGH,2.6485520419,HIGH,RVMR-V1,HISTORICAL_RECONSTRUCTION
G1-20260430125700--1,G1,2026-04-30 12:57:00,2026-04-30 12:57:00,2026-04-30 12:57:00,0.7323984596,LOW,1.2994290395,MEDIUM,RVMR-V1,HISTORICAL_RECONSTRUCTION
G1-20260430140500-+1,G1,2026-04-30 14:05:00,2026-04-30 14:05:00,2026-04-30 14:05:00,0.9460199277,LOW,1.9851837703,MEDIUM,RVMR-V1,HISTORICAL_RECONSTRUCTION
G1-20260501100100-+1,G1,2026-05-01 10:01:00,2026-05-01 10:01:00,2026-05-01 10:01:00,3.7083289237,HIGH,6.1120181057,HIGH,RVMR-V1,HISTORICAL_RECONSTRUCTION
G1-20260501104400--1,G1,2026-05-01 10:44:00,2026-05-01 10:44:00,2026-05-01 10:44:00,3.1037201886,HIGH,5.2953302195,HIGH,RVMR-V1,HISTORICAL_RECONSTRUCTION
G1-20260501110700--1,G1,2026-05-01 11:07:00,2026-05-01 11:07:00,2026-05-01 11:07:00,2.1327623126,MEDIUM,2.9088785047,HIGH,RVMR-V1,HISTORICAL_RECONSTRUCTION
G1-20260501115100-+1,G1,2026-05-01 11:51:00,2026-05-01 11:51:00,2026-05-01 11:51:00,9.8362140539,HIGH,9.0056230639,HIGH,RVMR-V1,HISTORICAL_RECONSTRUCTION
G1-20260504102900-+1,G1,2026-05-04 10:29:00,2026-05-04 10:29:00,2026-05-04 10:29:00,1.6873525648,MEDIUM,2.4581093785,HIGH,RVMR-V1,HISTORICAL_RECONSTRUCTION
G1-20260504105900--1,G1,2026-05-04 10:59:00,2026-05-04 10:59:00,2026-05-04 10:59:00,1.4970937101,MEDIUM,2.4523460567,HIGH,RVMR-V1,HISTORICAL_RECONSTRUCTION
G1-20260504121000--1,G1,2026-05-04 12:10:00,2026-05-04 12:10:00,2026-05-04 12:10:00,3.2133458502,HIGH,5.0286779407,HIGH,RVMR-V1,HISTORICAL_RECONSTRUCTION
G1-20260504133600-+1,G1,2026-05-04 13:36:00,2026-05-04 13:36:00,2026-05-04 13:36:00,1.6831112056,MEDIUM,2.9193817962,HIGH,RVMR-V1,HISTORICAL_RECONSTRUCTION
G1-20260504142100--1,G1,2026-05-04 14:21:00,2026-05-04 14:21:00,2026-05-04 14:21:00,0.8578760846,LOW,0.9452934882,LOW,RVMR-V1,HISTORICAL_RECONSTRUCTION
G1-20260505101800--1,G1,2026-05-05 10:18:00,2026-05-05 10:18:00,2026-05-05 10:18:00,3.0730158730,HIGH,5.5397096337,HIGH,RVMR-V1,HISTORICAL_RECONSTRUCTION
G1-20260505104900--1,G1,2026-05-05 10:49:00,2026-05-05 10:49:00,2026-05-05 10:49:00,2.7052797618,HIGH,3.1201427336,HIGH,RVMR-V1,HISTORICAL_RECONSTRUCTION
G1-20260505123300--1,G1,2026-05-05 12:33:00,2026-05-05 12:33:00,2026-05-05 12:33:00,1.4878310118,MEDIUM,1.6832859624,MEDIUM,RVMR-V1,HISTORICAL_RECONSTRUCTION
G1-20260506100900--1,G1,2026-05-06 10:09:00,2026-05-06 10:09:00,2026-05-06 10:09:00,2.5076392311,HIGH,5.3590114463,HIGH,RVMR-V1,HISTORICAL_RECONSTRUCTION
G1-20260506114500--1,G1,2026-05-06 11:45:00,2026-05-06 11:45:00,2026-05-06 11:45:00,4.2752523586,HIGH,5.2698523023,HIGH,RVMR-V1,HISTORICAL_RECONSTRUCTION
G1-20260507113300--1,G1,2026-05-07 11:33:00,2026-05-07 11:33:00,2026-05-07 11:33:00,1.2310322719,LOW,3.9782576698,HIGH,RVMR-V1,HISTORICAL_RECONSTRUCTION
G1-20260507115200--1,G1,2026-05-07 11:52:00,2026-05-07 11:52:00,2026-05-07 11:52:00,2.1650329988,MEDIUM,3.0163601502,HIGH,RVMR-V1,HISTORICAL_RECONSTRUCTION
G1-20260507122300--1,G1,2026-05-07 12:23:00,2026-05-07 12:23:00,2026-05-07 12:23:00,2.5983399495,HIGH,3.8429500567,HIGH,RVMR-V1,HISTORICAL_RECONSTRUCTION
G1-20260507132200--1,G1,2026-05-07 13:22:00,2026-05-07 13:22:00,2026-05-07 13:22:00,2.0060121710,MEDIUM,2.5386223179,HIGH,RVMR-V1,HISTORICAL_RECONSTRUCTION
G1-20260507140900-+1,G1,2026-05-07 14:09:00,2026-05-07 14:09:00,2026-05-07 14:09:00,1.9106812389,MEDIUM,1.7630236316,MEDIUM,RVMR-V1,HISTORICAL_RECONSTRUCTION
G1-20260508100100-+1,G1,2026-05-08 10:01:00,2026-05-08 10:01:00,2026-05-08 10:01:00,4.6209036555,HIGH,8.6064951645,HIGH,RVMR-V1,HISTORICAL_RECONSTRUCTION
G1-20260508103900--1,G1,2026-05-08 10:39:00,2026-05-08 10:39:00,2026-05-08 10:39:00,1.6468141987,MEDIUM,2.5362169025,HIGH,RVMR-V1,HISTORICAL_RECONSTRUCTION
G1-20260511100100--1,G1,2026-05-11 10:01:00,2026-05-11 10:01:00,2026-05-11 10:01:00,3.2840591290,HIGH,5.4678885926,HIGH,RVMR-V1,HISTORICAL_RECONSTRUCTION
G1-20260511103100--1,G1,2026-05-11 10:31:00,2026-05-11 10:31:00,2026-05-11 10:31:00,3.3265613736,HIGH,6.3291731881,HIGH,RVMR-V1,HISTORICAL_RECONSTRUCTION
G1-20260511113200-+1,G1,2026-05-11 11:32:00,2026-05-11 11:32:00,2026-05-11 11:32:00,1.3239719157,MEDIUM,2.6706001030,HIGH,RVMR-V1,HISTORICAL_RECONSTRUCTION
G1-20260511124600--1,G1,2026-05-11 12:46:00,2026-05-11 12:46:00,2026-05-11 12:46:00,1.6191352346,MEDIUM,2.7380304273,HIGH,RVMR-V1,HISTORICAL_RECONSTRUCTION
G1-20260512100300--1,G1,2026-05-12 10:03:00,2026-05-12 10:03:00,2026-05-12 10:03:00,3.6993787659,HIGH,7.9591662840,HIGH,RVMR-V1,HISTORICAL_RECONSTRUCTION
G1-20260512104000--1,G1,2026-05-12 10:40:00,2026-05-12 10:40:00,2026-05-12 10:40:00,1.9812219350,MEDIUM,3.5945107656,HIGH,RVMR-V1,HISTORICAL_RECONSTRUCTION
G1-20260512113500--1,G1,2026-05-12 11:35:00,2026-05-12 11:35:00,2026-05-12 11:35:00,2.0621043111,MEDIUM,2.9779324834,HIGH,RVMR-V1,HISTORICAL_RECONSTRUCTION
G1-20260512120000--1,G1,2026-05-12 12:00:00,2026-05-12 12:00:00,2026-05-12 12:00:00,1.8177992847,MEDIUM,3.0444116004,HIGH,RVMR-V1,HISTORICAL_RECONSTRUCTION
G1-20260512123600--1,G1,2026-05-12 12:36:00,2026-05-12 12:36:00,2026-05-12 12:36:00,1.5975622384,MEDIUM,1.8420661221,MEDIUM,RVMR-V1,HISTORICAL_RECONSTRUCTION
G1-20260512143000-+1,G1,2026-05-12 14:30:00,2026-05-12 14:30:00,2026-05-12 14:30:00,1.8270464460,MEDIUM,2.4267775863,HIGH,RVMR-V1,HISTORICAL_RECONSTRUCTION
G1-20260513101100--1,G1,2026-05-13 10:11:00,2026-05-13 10:11:00,2026-05-13 10:11:00,2.9485538777,HIGH,4.1673723046,HIGH,RVMR-V1,HISTORICAL_RECONSTRUCTION
G1-20260513105900-+1,G1,2026-05-13 10:59:00,2026-05-13 10:59:00,2026-05-13 10:59:00,1.2140827067,LOW,2.0196894332,MEDIUM,RVMR-V1,HISTORICAL_RECONSTRUCTION
G1-20260513115100-+1,G1,2026-05-13 11:51:00,2026-05-13 11:51:00,2026-05-13 11:51:00,1.5320670137,MEDIUM,2.7100428367,HIGH,RVMR-V1,HISTORICAL_RECONSTRUCTION
G1-20260513130300-+1,G1,2026-05-13 13:03:00,2026-05-13 13:03:00,2026-05-13 13:03:00,0.9797077442,LOW,1.4868826964,MEDIUM,RVMR-V1,HISTORICAL_RECONSTRUCTION
G1-20260513143900-+1,G1,2026-05-13 14:39:00,2026-05-13 14:39:00,2026-05-13 14:39:00,1.4817355514,MEDIUM,1.8714391476,MEDIUM,RVMR-V1,HISTORICAL_RECONSTRUCTION
G1-20260514100100--1,G1,2026-05-14 10:01:00,2026-05-14 10:01:00,2026-05-14 10:01:00,5.1484733795,HIGH,8.2178643024,HIGH,RVMR-V1,HISTORICAL_RECONSTRUCTION
G1-20260514104400-+1,G1,2026-05-14 10:44:00,2026-05-14 10:44:00,2026-05-14 10:44:00,1.7693822262,MEDIUM,2.4929531088,HIGH,RVMR-V1,HISTORICAL_RECONSTRUCTION
G1-20260514123500--1,G1,2026-05-14 12:35:00,2026-05-14 12:35:00,2026-05-14 12:35:00,1.7600838135,MEDIUM,3.3233875706,HIGH,RVMR-V1,HISTORICAL_RECONSTRUCTION
G1-20260514131600--1,G1,2026-05-14 13:16:00,2026-05-14 13:16:00,2026-05-14 13:16:00,2.5447717626,HIGH,5.2082368477,HIGH,RVMR-V1,HISTORICAL_RECONSTRUCTION
G1-20260514140300--1,G1,2026-05-14 14:03:00,2026-05-14 14:03:00,2026-05-14 14:03:00,1.3408445458,MEDIUM,2.5768555050,HIGH,RVMR-V1,HISTORICAL_RECONSTRUCTION
G1-20260515105500--1,G1,2026-05-15 10:55:00,2026-05-15 10:55:00,2026-05-15 10:55:00,2.3884007030,HIGH,3.0048747665,HIGH,RVMR-V1,HISTORICAL_RECONSTRUCTION
G1-20260515112400-+1,G1,2026-05-15 11:24:00,2026-05-15 11:24:00,2026-05-15 11:24:00,2.3075150092,MEDIUM,2.4401602829,HIGH,RVMR-V1,HISTORICAL_RECONSTRUCTION
G1-20260515115800--1,G1,2026-05-15 11:58:00,2026-05-15 11:58:00,2026-05-15 11:58:00,2.5109387861,HIGH,3.0541389709,HIGH,RVMR-V1,HISTORICAL_RECONSTRUCTION
G1-20260518100700--1,G1,2026-05-18 10:07:00,2026-05-18 10:07:00,2026-05-18 10:07:00,5.8000732332,HIGH,6.3647747281,HIGH,RVMR-V1,HISTORICAL_RECONSTRUCTION
G1-20260518103700--1,G1,2026-05-18 10:37:00,2026-05-18 10:37:00,2026-05-18 10:37:00,2.4050644278,HIGH,4.6370229805,HIGH,RVMR-V1,HISTORICAL_RECONSTRUCTION
G1-20260518122800--1,G1,2026-05-18 12:28:00,2026-05-18 12:28:00,2026-05-18 12:28:00,1.6398371095,MEDIUM,2.8890514171,HIGH,RVMR-V1,HISTORICAL_RECONSTRUCTION
G1-20260519101100--1,G1,2026-05-19 10:11:00,2026-05-19 10:11:00,2026-05-19 10:11:00,2.5006500501,HIGH,4.7104552167,HIGH,RVMR-V1,HISTORICAL_RECONSTRUCTION
G1-20260519104100-+1,G1,2026-05-19 10:41:00,2026-05-19 10:41:00,2026-05-19 10:41:00,2.9686097011,HIGH,4.1547917349,HIGH,RVMR-V1,HISTORICAL_RECONSTRUCTION
G1-20260519111300-+1,G1,2026-05-19 11:13:00,2026-05-19 11:13:00,2026-05-19 11:13:00,1.5688173345,MEDIUM,2.0724881313,MEDIUM,RVMR-V1,HISTORICAL_RECONSTRUCTION
G1-20260519123100-+1,G1,2026-05-19 12:31:00,2026-05-19 12:31:00,2026-05-19 12:31:00,1.5971143924,MEDIUM,2.7746721523,HIGH,RVMR-V1,HISTORICAL_RECONSTRUCTION
G1-20260519132700-+1,G1,2026-05-19 13:27:00,2026-05-19 13:27:00,2026-05-19 13:27:00,1.3181751070,MEDIUM,3.2196769034,HIGH,RVMR-V1,HISTORICAL_RECONSTRUCTION
G1-20260519142700--1,G1,2026-05-19 14:27:00,2026-05-19 14:27:00,2026-05-19 14:27:00,1.4423076923,MEDIUM,2.2577880666,MEDIUM,RVMR-V1,HISTORICAL_RECONSTRUCTION
G1-20260520101500--1,G1,2026-05-20 10:15:00,2026-05-20 10:15:00,2026-05-20 10:15:00,6.2747023444,HIGH,8.8848304643,HIGH,RVMR-V1,HISTORICAL_RECONSTRUCTION
G1-20260520111800-+1,G1,2026-05-20 11:18:00,2026-05-20 11:18:00,2026-05-20 11:18:00,4.4141740686,HIGH,5.1752989674,HIGH,RVMR-V1,HISTORICAL_RECONSTRUCTION
G1-20260520122800--1,G1,2026-05-20 12:28:00,2026-05-20 12:28:00,2026-05-20 12:28:00,1.5987286798,MEDIUM,1.9591368867,MEDIUM,RVMR-V1,HISTORICAL_RECONSTRUCTION
G1-20260521100800-+1,G1,2026-05-21 10:08:00,2026-05-21 10:08:00,2026-05-21 10:08:00,1.6887885397,MEDIUM,3.7953324459,HIGH,RVMR-V1,HISTORICAL_RECONSTRUCTION
G1-20260521103100--1,G1,2026-05-21 10:31:00,2026-05-21 10:31:00,2026-05-21 10:31:00,3.0195138651,HIGH,5.3028628536,HIGH,RVMR-V1,HISTORICAL_RECONSTRUCTION
G1-20260521112600-+1,G1,2026-05-21 11:26:00,2026-05-21 11:26:00,2026-05-21 11:26:00,1.4196621435,MEDIUM,2.3421714808,HIGH,RVMR-V1,HISTORICAL_RECONSTRUCTION
G1-20260521123100--1,G1,2026-05-21 12:31:00,2026-05-21 12:31:00,2026-05-21 12:31:00,1.1063031714,LOW,1.4942987560,MEDIUM,RVMR-V1,HISTORICAL_RECONSTRUCTION
G1-20260521131300-+1,G1,2026-05-21 13:13:00,2026-05-21 13:13:00,2026-05-21 13:13:00,2.7935619946,HIGH,4.3544758918,HIGH,RVMR-V1,HISTORICAL_RECONSTRUCTION
G1-20260522103900-+1,G1,2026-05-22 10:39:00,2026-05-22 10:39:00,2026-05-22 10:39:00,1.3664091094,MEDIUM,2.2400782464,MEDIUM,RVMR-V1,HISTORICAL_RECONSTRUCTION
G1-20260522111200-+1,G1,2026-05-22 11:12:00,2026-05-22 11:12:00,2026-05-22 11:12:00,1.1148622922,LOW,1.6674678937,MEDIUM,RVMR-V1,HISTORICAL_RECONSTRUCTION
G1-20260522133700-+1,G1,2026-05-22 13:37:00,2026-05-22 13:37:00,2026-05-22 13:37:00,1.8193303853,MEDIUM,2.0111905020,MEDIUM,RVMR-V1,HISTORICAL_RECONSTRUCTION
G1-20260526100100-+1,G1,2026-05-26 10:01:00,2026-05-26 10:01:00,2026-05-26 10:01:00,4.2529590801,HIGH,14.9142438493,HIGH,RVMR-V1,HISTORICAL_RECONSTRUCTION
G1-20260526110900--1,G1,2026-05-26 11:09:00,2026-05-26 11:09:00,2026-05-26 11:09:00,3.7363465160,HIGH,7.4604123095,HIGH,RVMR-V1,HISTORICAL_RECONSTRUCTION
G1-20260526114200--1,G1,2026-05-26 11:42:00,2026-05-26 11:42:00,2026-05-26 11:42:00,2.3455126787,HIGH,3.5295281925,HIGH,RVMR-V1,HISTORICAL_RECONSTRUCTION
G1-20260526125000--1,G1,2026-05-26 12:50:00,2026-05-26 12:50:00,2026-05-26 12:50:00,1.3914625135,MEDIUM,2.2977128533,MEDIUM,RVMR-V1,HISTORICAL_RECONSTRUCTION
G1-20260527100900--1,G1,2026-05-27 10:09:00,2026-05-27 10:09:00,2026-05-27 10:09:00,4.2122959501,HIGH,7.7342570266,HIGH,RVMR-V1,HISTORICAL_RECONSTRUCTION
G1-20260527104300-+1,G1,2026-05-27 10:43:00,2026-05-27 10:43:00,2026-05-27 10:43:00,4.5072980863,HIGH,4.6636893069,HIGH,RVMR-V1,HISTORICAL_RECONSTRUCTION
G1-20260527113600-+1,G1,2026-05-27 11:36:00,2026-05-27 11:36:00,2026-05-27 11:36:00,3.5801934459,HIGH,3.0292852858,HIGH,RVMR-V1,HISTORICAL_RECONSTRUCTION
G1-20260527130300--1,G1,2026-05-27 13:03:00,2026-05-27 13:03:00,2026-05-27 13:03:00,1.9200308439,MEDIUM,1.6810142948,MEDIUM,RVMR-V1,HISTORICAL_RECONSTRUCTION
G1-20260528101100-+1,G1,2026-05-28 10:11:00,2026-05-28 10:11:00,2026-05-28 10:11:00,3.2540087836,HIGH,5.4838344321,HIGH,RVMR-V1,HISTORICAL_RECONSTRUCTION
G1-20260528122300-+1,G1,2026-05-28 12:23:00,2026-05-28 12:23:00,2026-05-28 12:23:00,1.0890190578,LOW,2.0642758883,MEDIUM,RVMR-V1,HISTORICAL_RECONSTRUCTION
G1-20260528135300-+1,G1,2026-05-28 13:53:00,2026-05-28 13:53:00,2026-05-28 13:53:00,0.9124686771,LOW,1.3485794437,MEDIUM,RVMR-V1,HISTORICAL_RECONSTRUCTION
G1-20260529100500-+1,G1,2026-05-29 10:05:00,2026-05-29 10:05:00,2026-05-29 10:05:00,2.6193134748,HIGH,5.7109362647,HIGH,RVMR-V1,HISTORICAL_RECONSTRUCTION
G1-20260529103900--1,G1,2026-05-29 10:39:00,2026-05-29 10:39:00,2026-05-29 10:39:00,3.0399357957,HIGH,5.1336887986,HIGH,RVMR-V1,HISTORICAL_RECONSTRUCTION
G1-20260529111700-+1,G1,2026-05-29 11:17:00,2026-05-29 11:17:00,2026-05-29 11:17:00,2.6532492382,HIGH,4.2135170323,HIGH,RVMR-V1,HISTORICAL_RECONSTRUCTION
G1-20260529114900--1,G1,2026-05-29 11:49:00,2026-05-29 11:49:00,2026-05-29 11:49:00,1.8978154902,MEDIUM,2.5227716413,HIGH,RVMR-V1,HISTORICAL_RECONSTRUCTION
G1-20260529125700--1,G1,2026-05-29 12:57:00,2026-05-29 12:57:00,2026-05-29 12:57:00,1.5054887611,MEDIUM,2.2363823227,MEDIUM,RVMR-V1,HISTORICAL_RECONSTRUCTION
G1-20260601100100--1,G1,2026-06-01 10:01:00,2026-06-01 10:01:00,2026-06-01 10:01:00,4.2247289728,HIGH,5.8407933530,HIGH,RVMR-V1,HISTORICAL_RECONSTRUCTION
G1-20260601112700-+1,G1,2026-06-01 11:27:00,2026-06-01 11:27:00,2026-06-01 11:27:00,1.5423063192,MEDIUM,1.7939642516,MEDIUM,RVMR-V1,HISTORICAL_RECONSTRUCTION
G1-20260601121700--1,G1,2026-06-01 12:17:00,2026-06-01 12:17:00,2026-06-01 12:17:00,1.0281374744,LOW,1.6172783580,MEDIUM,RVMR-V1,HISTORICAL_RECONSTRUCTION
G1-20260601125900-+1,G1,2026-06-01 12:59:00,2026-06-01 12:59:00,2026-06-01 12:59:00,1.0688659794,LOW,1.8022520491,MEDIUM,RVMR-V1,HISTORICAL_RECONSTRUCTION
G1-20260601133100-+1,G1,2026-06-01 13:31:00,2026-06-01 13:31:00,2026-06-01 13:31:00,3.1655151896,HIGH,7.1667403464,HIGH,RVMR-V1,HISTORICAL_RECONSTRUCTION
G1-20260602100100-+1,G1,2026-06-02 10:01:00,2026-06-02 10:01:00,2026-06-02 10:01:00,7.5130047065,HIGH,7.2059204782,HIGH,RVMR-V1,HISTORICAL_RECONSTRUCTION
G1-20260602103100--1,G1,2026-06-02 10:31:00,2026-06-02 10:31:00,2026-06-02 10:31:00,1.7232108167,MEDIUM,4.6890114435,HIGH,RVMR-V1,HISTORICAL_RECONSTRUCTION
G1-20260602122400--1,G1,2026-06-02 12:24:00,2026-06-02 12:24:00,2026-06-02 12:24:00,1.5763007560,MEDIUM,1.8233226355,MEDIUM,RVMR-V1,HISTORICAL_RECONSTRUCTION
G1-20260602130900-+1,G1,2026-06-02 13:09:00,2026-06-02 13:09:00,2026-06-02 13:09:00,1.6208914903,MEDIUM,2.8363949920,HIGH,RVMR-V1,HISTORICAL_RECONSTRUCTION
G1-20260603100900--1,G1,2026-06-03 10:09:00,2026-06-03 10:09:00,2026-06-03 10:09:00,3.8592146552,HIGH,4.0500745729,HIGH,RVMR-V1,HISTORICAL_RECONSTRUCTION
G1-20260603105200--1,G1,2026-06-03 10:52:00,2026-06-03 10:52:00,2026-06-03 10:52:00,4.0351114112,HIGH,5.1651284808,HIGH,RVMR-V1,HISTORICAL_RECONSTRUCTION
G1-20260603112500--1,G1,2026-06-03 11:25:00,2026-06-03 11:25:00,2026-06-03 11:25:00,2.0508994727,MEDIUM,4.4870676764,HIGH,RVMR-V1,HISTORICAL_RECONSTRUCTION
G1-20260603123100--1,G1,2026-06-03 12:31:00,2026-06-03 12:31:00,2026-06-03 12:31:00,2.3665338645,HIGH,3.5003659704,HIGH,RVMR-V1,HISTORICAL_RECONSTRUCTION
G1-20260604100800--1,G1,2026-06-04 10:08:00,2026-06-04 10:08:00,2026-06-04 10:08:00,2.2367194781,MEDIUM,4.3973529276,HIGH,RVMR-V1,HISTORICAL_RECONSTRUCTION
G1-20260604110200-+1,G1,2026-06-04 11:02:00,2026-06-04 11:02:00,2026-06-04 11:02:00,1.0996690811,LOW,2.3264123509,MEDIUM,RVMR-V1,HISTORICAL_RECONSTRUCTION
G1-20260605100100--1,G1,2026-06-05 10:01:00,2026-06-05 10:01:00,2026-06-05 10:01:00,2.4337209596,HIGH,8.2127226512,HIGH,RVMR-V1,HISTORICAL_RECONSTRUCTION
G1-20260605110800--1,G1,2026-06-05 11:08:00,2026-06-05 11:08:00,2026-06-05 11:08:00,1.5627182916,MEDIUM,2.7505508642,HIGH,RVMR-V1,HISTORICAL_RECONSTRUCTION
G1-20260605121000--1,G1,2026-06-05 12:10:00,2026-06-05 12:10:00,2026-06-05 12:10:00,1.5640449438,MEDIUM,2.8382049802,HIGH,RVMR-V1,HISTORICAL_RECONSTRUCTION
G1-20260605125300--1,G1,2026-06-05 12:53:00,2026-06-05 12:53:00,2026-06-05 12:53:00,3.1055017767,HIGH,4.2695124513,HIGH,RVMR-V1,HISTORICAL_RECONSTRUCTION
G1-20260608100200--1,G1,2026-06-08 10:02:00,2026-06-08 10:02:00,2026-06-08 10:02:00,1.9506422733,MEDIUM,3.2903037937,HIGH,RVMR-V1,HISTORICAL_RECONSTRUCTION
G1-20260608114700--1,G1,2026-06-08 11:47:00,2026-06-08 11:47:00,2026-06-08 11:47:00,0.8188318871,LOW,1.1809014906,LOW,RVMR-V1,HISTORICAL_RECONSTRUCTION
G1-20260608120400--1,G1,2026-06-08 12:04:00,2026-06-08 12:04:00,2026-06-08 12:04:00,1.4161060206,MEDIUM,2.0160684266,MEDIUM,RVMR-V1,HISTORICAL_RECONSTRUCTION
G1-20260608130400--1,G1,2026-06-08 13:04:00,2026-06-08 13:04:00,2026-06-08 13:04:00,1.0593787420,LOW,2.0929376578,MEDIUM,RVMR-V1,HISTORICAL_RECONSTRUCTION
G1-20260608134700--1,G1,2026-06-08 13:47:00,2026-06-08 13:47:00,2026-06-08 13:47:00,1.3377258037,MEDIUM,1.5870237283,MEDIUM,RVMR-V1,HISTORICAL_RECONSTRUCTION
G1-20260609100200--1,G1,2026-06-09 10:02:00,2026-06-09 10:02:00,2026-06-09 10:02:00,2.7155812036,HIGH,6.1013907364,HIGH,RVMR-V1,HISTORICAL_RECONSTRUCTION
G1-20260609104100--1,G1,2026-06-09 10:41:00,2026-06-09 10:41:00,2026-06-09 10:41:00,2.2991946831,MEDIUM,2.8865511811,HIGH,RVMR-V1,HISTORICAL_RECONSTRUCTION
G1-20260609115500-+1,G1,2026-06-09 11:55:00,2026-06-09 11:55:00,2026-06-09 11:55:00,3.5249548307,HIGH,3.2633642306,HIGH,RVMR-V1,HISTORICAL_RECONSTRUCTION
G1-20260609123900-+1,G1,2026-06-09 12:39:00,2026-06-09 12:39:00,2026-06-09 12:39:00,11.7741846476,HIGH,6.6497695675,HIGH,RVMR-V1,HISTORICAL_RECONSTRUCTION
G1-20260610100300--1,G1,2026-06-10 10:03:00,2026-06-10 10:03:00,2026-06-10 10:03:00,3.2164376225,HIGH,3.5936540745,HIGH,RVMR-V1,HISTORICAL_RECONSTRUCTION
G1-20260610103600-+1,G1,2026-06-10 10:36:00,2026-06-10 10:36:00,2026-06-10 10:36:00,1.5465779131,MEDIUM,2.3472527775,HIGH,RVMR-V1,HISTORICAL_RECONSTRUCTION
G1-20260610120900-+1,G1,2026-06-10 12:09:00,2026-06-10 12:09:00,2026-06-10 12:09:00,1.9774171028,MEDIUM,1.7114708137,MEDIUM,RVMR-V1,HISTORICAL_RECONSTRUCTION
G1-20260611121100-+1,G1,2026-06-11 12:11:00,2026-06-11 12:11:00,2026-06-11 12:11:00,1.6854069413,MEDIUM,2.2523597154,MEDIUM,RVMR-V1,HISTORICAL_RECONSTRUCTION
G1-20260611130500--1,G1,2026-06-11 13:05:00,2026-06-11 13:05:00,2026-06-11 13:05:00,1.1546184739,LOW,1.6030787494,MEDIUM,RVMR-V1,HISTORICAL_RECONSTRUCTION
G1-20260611133500-+1,G1,2026-06-11 13:35:00,2026-06-11 13:35:00,2026-06-11 13:35:00,3.8547851075,HIGH,3.6654212062,HIGH,RVMR-V1,HISTORICAL_RECONSTRUCTION
G1-20260615110500-+1,G1,2026-06-15 11:05:00,2026-06-15 11:05:00,2026-06-15 11:05:00,0.7297096054,LOW,3.5796741495,HIGH,RVMR-V1,HISTORICAL_RECONSTRUCTION
G1-20260616100500--1,G1,2026-06-16 10:05:00,2026-06-16 10:05:00,2026-06-16 10:05:00,2.5775147929,HIGH,6.4083875120,HIGH,RVMR-V1,HISTORICAL_RECONSTRUCTION
G1-20260616103300--1,G1,2026-06-16 10:33:00,2026-06-16 10:33:00,2026-06-16 10:33:00,2.9563269877,HIGH,9.4035347029,HIGH,RVMR-V1,HISTORICAL_RECONSTRUCTION
G1-20260616111200-+1,G1,2026-06-16 11:12:00,2026-06-16 11:12:00,2026-06-16 11:12:00,2.5114005118,HIGH,3.6702180557,HIGH,RVMR-V1,HISTORICAL_RECONSTRUCTION
G1-20260616114800--1,G1,2026-06-16 11:48:00,2026-06-16 11:48:00,2026-06-16 11:48:00,1.7287408890,MEDIUM,4.8776231375,HIGH,RVMR-V1,HISTORICAL_RECONSTRUCTION
G1-20260617100100--1,G1,2026-06-17 10:01:00,2026-06-17 10:01:00,2026-06-17 10:01:00,3.5305384940,HIGH,7.1474301495,HIGH,RVMR-V1,HISTORICAL_RECONSTRUCTION
G1-20260617104000--1,G1,2026-06-17 10:40:00,2026-06-17 10:40:00,2026-06-17 10:40:00,2.1020337473,MEDIUM,2.5819320786,HIGH,RVMR-V1,HISTORICAL_RECONSTRUCTION
G1-20260617140700--1,G1,2026-06-17 14:07:00,2026-06-17 14:07:00,2026-06-17 14:07:00,7.5468501853,HIGH,7.5905133648,HIGH,RVMR-V1,HISTORICAL_RECONSTRUCTION
G1-20260618101100-+1,G1,2026-06-18 10:11:00,2026-06-18 10:11:00,2026-06-18 10:11:00,1.8742926130,MEDIUM,3.8381092251,HIGH,RVMR-V1,HISTORICAL_RECONSTRUCTION
G1-20260618104700--1,G1,2026-06-18 10:47:00,2026-06-18 10:47:00,2026-06-18 10:47:00,1.7541053728,MEDIUM,2.8931121044,HIGH,RVMR-V1,HISTORICAL_RECONSTRUCTION
G1-20260618112800--1,G1,2026-06-18 11:28:00,2026-06-18 11:28:00,2026-06-18 11:28:00,1.3902903064,MEDIUM,1.9037175517,MEDIUM,RVMR-V1,HISTORICAL_RECONSTRUCTION
G1-20260618120600-+1,G1,2026-06-18 12:06:00,2026-06-18 12:06:00,2026-06-18 12:06:00,1.7605929775,MEDIUM,1.8113857949,MEDIUM,RVMR-V1,HISTORICAL_RECONSTRUCTION
G1-20260622100100-+1,G1,2026-06-22 10:01:00,2026-06-22 10:01:00,2026-06-22 10:01:00,3.7808170410,HIGH,11.7996731544,HIGH,RVMR-V1,HISTORICAL_RECONSTRUCTION
G1-20260622114700-+1,G1,2026-06-22 11:47:00,2026-06-22 11:47:00,2026-06-22 11:47:00,1.8002812940,MEDIUM,2.1485335937,MEDIUM,RVMR-V1,HISTORICAL_RECONSTRUCTION
G1-20260623103400--1,G1,2026-06-23 10:34:00,2026-06-23 10:34:00,2026-06-23 10:34:00,2.5404059431,HIGH,4.0471864607,HIGH,RVMR-V1,HISTORICAL_RECONSTRUCTION
G1-20260623140100--1,G1,2026-06-23 14:01:00,2026-06-23 14:01:00,2026-06-23 14:01:00,2.2897165302,MEDIUM,2.9558120247,HIGH,RVMR-V1,HISTORICAL_RECONSTRUCTION
G1-20260624100200--1,G1,2026-06-24 10:02:00,2026-06-24 10:02:00,2026-06-24 10:02:00,2.2464502596,MEDIUM,3.4016959646,HIGH,RVMR-V1,HISTORICAL_RECONSTRUCTION
G1-20260624103400-+1,G1,2026-06-24 10:34:00,2026-06-24 10:34:00,2026-06-24 10:34:00,1.5631946239,MEDIUM,3.3386069663,HIGH,RVMR-V1,HISTORICAL_RECONSTRUCTION
G1-20260624111700--1,G1,2026-06-24 11:17:00,2026-06-24 11:17:00,2026-06-24 11:17:00,2.4250291639,HIGH,3.0785096027,HIGH,RVMR-V1,HISTORICAL_RECONSTRUCTION
G1-20260624114900--1,G1,2026-06-24 11:49:00,2026-06-24 11:49:00,2026-06-24 11:49:00,1.6666961178,MEDIUM,2.5442146694,HIGH,RVMR-V1,HISTORICAL_RECONSTRUCTION
G1-20260624131800--1,G1,2026-06-24 13:18:00,2026-06-24 13:18:00,2026-06-24 13:18:00,1.5996587395,MEDIUM,3.3400872145,HIGH,RVMR-V1,HISTORICAL_RECONSTRUCTION
G1-20260625113300--1,G1,2026-06-25 11:33:00,2026-06-25 11:33:00,2026-06-25 11:33:00,2.3614614290,HIGH,3.0248813392,HIGH,RVMR-V1,HISTORICAL_RECONSTRUCTION
G1-20260625122000-+1,G1,2026-06-25 12:20:00,2026-06-25 12:20:00,2026-06-25 12:20:00,1.5466331026,MEDIUM,2.2994539850,MEDIUM,RVMR-V1,HISTORICAL_RECONSTRUCTION
G1-20260626100300-+1,G1,2026-06-26 10:03:00,2026-06-26 10:03:00,2026-06-26 10:03:00,1.9629418833,MEDIUM,3.4457648546,HIGH,RVMR-V1,HISTORICAL_RECONSTRUCTION
G1-20260626104300--1,G1,2026-06-26 10:43:00,2026-06-26 10:43:00,2026-06-26 10:43:00,2.0176297747,MEDIUM,2.8967548913,HIGH,RVMR-V1,HISTORICAL_RECONSTRUCTION
G1-20260626113200-+1,G1,2026-06-26 11:32:00,2026-06-26 11:32:00,2026-06-26 11:32:00,1.4607960549,MEDIUM,2.5651558658,HIGH,RVMR-V1,HISTORICAL_RECONSTRUCTION
G1-20260629110600-+1,G1,2026-06-29 11:06:00,2026-06-29 11:06:00,2026-06-29 11:06:00,1.6686371074,MEDIUM,3.3789183692,HIGH,RVMR-V1,HISTORICAL_RECONSTRUCTION
G1-20260629114100-+1,G1,2026-06-29 11:41:00,2026-06-29 11:41:00,2026-06-29 11:41:00,0.8582667779,LOW,1.5099665470,MEDIUM,RVMR-V1,HISTORICAL_RECONSTRUCTION
G1-20260630100100-+1,G1,2026-06-30 10:01:00,2026-06-30 10:01:00,2026-06-30 10:01:00,4.0935582654,HIGH,5.1300514098,HIGH,RVMR-V1,HISTORICAL_RECONSTRUCTION
G1-20260630103500-+1,G1,2026-06-30 10:35:00,2026-06-30 10:35:00,2026-06-30 10:35:00,1.7783555411,MEDIUM,2.2816049743,MEDIUM,RVMR-V1,HISTORICAL_RECONSTRUCTION
G1-20260630111200-+1,G1,2026-06-30 11:12:00,2026-06-30 11:12:00,2026-06-30 11:12:00,1.2442867863,LOW,2.0352794803,MEDIUM,RVMR-V1,HISTORICAL_RECONSTRUCTION
G1-20260630120000-+1,G1,2026-06-30 12:00:00,2026-06-30 12:00:00,2026-06-30 12:00:00,0.7736925012,LOW,1.7328132548,MEDIUM,RVMR-V1,HISTORICAL_RECONSTRUCTION
G1-20260630125800-+1,G1,2026-06-30 12:58:00,2026-06-30 12:58:00,2026-06-30 12:58:00,0.3515896065,LOW,1.0582127822,LOW,RVMR-V1,HISTORICAL_RECONSTRUCTION
G1-20260701100200-+1,G1,2026-07-01 10:02:00,2026-07-01 10:02:00,2026-07-01 10:02:00,4.0015572351,HIGH,5.1204154531,HIGH,RVMR-V1,HISTORICAL_RECONSTRUCTION
G1-20260701103800--1,G1,2026-07-01 10:38:00,2026-07-01 10:38:00,2026-07-01 10:38:00,2.6236484779,HIGH,4.7992356437,HIGH,RVMR-V1,HISTORICAL_RECONSTRUCTION
G1-20260701110900-+1,G1,2026-07-01 11:09:00,2026-07-01 11:09:00,2026-07-01 11:09:00,2.0000272335,MEDIUM,4.0941660905,HIGH,RVMR-V1,HISTORICAL_RECONSTRUCTION
G1-20260702101200--1,G1,2026-07-02 10:12:00,2026-07-02 10:12:00,2026-07-02 10:12:00,2.0528375140,MEDIUM,4.1893886928,HIGH,RVMR-V1,HISTORICAL_RECONSTRUCTION
G1-20260702112500--1,G1,2026-07-02 11:25:00,2026-07-02 11:25:00,2026-07-02 11:25:00,3.0272616303,HIGH,4.0712520969,HIGH,RVMR-V1,HISTORICAL_RECONSTRUCTION
G1-20260706102000-+1,G1,2026-07-06 10:20:00,2026-07-06 10:20:00,2026-07-06 10:20:00,1.7342184117,MEDIUM,5.6375208719,HIGH,RVMR-V1,HISTORICAL_RECONSTRUCTION
G1-20260706111800--1,G1,2026-07-06 11:18:00,2026-07-06 11:18:00,2026-07-06 11:18:00,1.5103592007,MEDIUM,4.0291385975,HIGH,RVMR-V1,HISTORICAL_RECONSTRUCTION
G1-20260706125800--1,G1,2026-07-06 12:58:00,2026-07-06 12:58:00,2026-07-06 12:58:00,0.9923803084,LOW,1.8164692026,MEDIUM,RVMR-V1,HISTORICAL_RECONSTRUCTION
G1-20260706133200--1,G1,2026-07-06 13:32:00,2026-07-06 13:32:00,2026-07-06 13:32:00,1.0914416382,LOW,2.5172138623,HIGH,RVMR-V1,HISTORICAL_RECONSTRUCTION
G1-20260706141000-+1,G1,2026-07-06 14:10:00,2026-07-06 14:10:00,2026-07-06 14:10:00,0.8555392628,LOW,1.5525976758,MEDIUM,RVMR-V1,HISTORICAL_RECONSTRUCTION
G1-20260707100100--1,G1,2026-07-07 10:01:00,2026-07-07 10:01:00,2026-07-07 10:01:00,3.8015428025,HIGH,6.8533752329,HIGH,RVMR-V1,HISTORICAL_RECONSTRUCTION
G1-20260707103700--1,G1,2026-07-07 10:37:00,2026-07-07 10:37:00,2026-07-07 10:37:00,3.0083920541,HIGH,4.8478832843,HIGH,RVMR-V1,HISTORICAL_RECONSTRUCTION
G1-20260707115600-+1,G1,2026-07-07 11:56:00,2026-07-07 11:56:00,2026-07-07 11:56:00,1.6694240825,MEDIUM,2.0205927441,MEDIUM,RVMR-V1,HISTORICAL_RECONSTRUCTION
G1-20260707123700-+1,G1,2026-07-07 12:37:00,2026-07-07 12:37:00,2026-07-07 12:37:00,1.4088147549,MEDIUM,2.9960919716,HIGH,RVMR-V1,HISTORICAL_RECONSTRUCTION
G1-20260708101800--1,G1,2026-07-08 10:18:00,2026-07-08 10:18:00,2026-07-08 10:18:00,3.2412549981,HIGH,3.7747330396,HIGH,RVMR-V1,HISTORICAL_RECONSTRUCTION
G1-20260708104900--1,G1,2026-07-08 10:49:00,2026-07-08 10:49:00,2026-07-08 10:49:00,1.4302376440,MEDIUM,2.8258807190,HIGH,RVMR-V1,HISTORICAL_RECONSTRUCTION
G1-20260708111900--1,G1,2026-07-08 11:19:00,2026-07-08 11:19:00,2026-07-08 11:19:00,1.2794020664,MEDIUM,2.2909973572,MEDIUM,RVMR-V1,HISTORICAL_RECONSTRUCTION
G1-20260708124600-+1,G1,2026-07-08 12:46:00,2026-07-08 12:46:00,2026-07-08 12:46:00,1.4265272427,MEDIUM,1.7009204502,MEDIUM,RVMR-V1,HISTORICAL_RECONSTRUCTION
G1-20260708132700-+1,G1,2026-07-08 13:27:00,2026-07-08 13:27:00,2026-07-08 13:27:00,1.0213518542,LOW,1.3915213040,MEDIUM,RVMR-V1,HISTORICAL_RECONSTRUCTION
G1-20260709101000--1,G1,2026-07-09 10:10:00,2026-07-09 10:10:00,2026-07-09 10:10:00,1.5190789077,MEDIUM,2.8562846024,HIGH,RVMR-V1,HISTORICAL_RECONSTRUCTION
G1-20260709104500-+1,G1,2026-07-09 10:45:00,2026-07-09 10:45:00,2026-07-09 10:45:00,1.3799712506,MEDIUM,3.0324540694,HIGH,RVMR-V1,HISTORICAL_RECONSTRUCTION
G1-20260709131300-+1,G1,2026-07-09 13:13:00,2026-07-09 13:13:00,2026-07-09 13:13:00,0.5824064712,LOW,1.0659709830,LOW,RVMR-V1,HISTORICAL_RECONSTRUCTION
G1-20260710100900--1,G1,2026-07-10 10:09:00,2026-07-10 10:09:00,2026-07-10 10:09:00,3.1590786021,HIGH,4.2031547505,HIGH,RVMR-V1,HISTORICAL_RECONSTRUCTION
G1-20260710104500--1,G1,2026-07-10 10:45:00,2026-07-10 10:45:00,2026-07-10 10:45:00,4.3698471950,HIGH,4.7407910072,HIGH,RVMR-V1,HISTORICAL_RECONSTRUCTION
G1-20260710114200-+1,G1,2026-07-10 11:42:00,2026-07-10 11:42:00,2026-07-10 11:42:00,3.6060430942,HIGH,5.0212810414,HIGH,RVMR-V1,HISTORICAL_RECONSTRUCTION
G1-20260710114700--1,G1,2026-07-10 11:47:00,2026-07-10 11:47:00,2026-07-10 11:47:00,2.0919045596,MEDIUM,3.6373170378,HIGH,RVMR-V1,HISTORICAL_RECONSTRUCTION
G1-20260710122200-+1,G1,2026-07-10 12:22:00,2026-07-10 12:22:00,2026-07-10 12:22:00,1.3391444355,MEDIUM,1.9219906008,MEDIUM,RVMR-V1,HISTORICAL_RECONSTRUCTION
G1-20260713101800--1,G1,2026-07-13 10:18:00,2026-07-13 10:18:00,2026-07-13 10:18:00,6.4160216807,HIGH,9.0338038413,HIGH,RVMR-V1,HISTORICAL_RECONSTRUCTION
G1-20260713104800--1,G1,2026-07-13 10:48:00,2026-07-13 10:48:00,2026-07-13 10:48:00,1.5330898767,MEDIUM,3.0189484225,HIGH,RVMR-V1,HISTORICAL_RECONSTRUCTION
G1-20260713111800--1,G1,2026-07-13 11:18:00,2026-07-13 11:18:00,2026-07-13 11:18:00,1.0605171402,LOW,2.0450666127,MEDIUM,RVMR-V1,HISTORICAL_RECONSTRUCTION
G1-20260713122900--1,G1,2026-07-13 12:29:00,2026-07-13 12:29:00,2026-07-13 12:29:00,1.1015992131,LOW,2.1458613548,MEDIUM,RVMR-V1,HISTORICAL_RECONSTRUCTION
G1-20260714100800--1,G1,2026-07-14 10:08:00,2026-07-14 10:08:00,2026-07-14 10:08:00,2.3511151873,HIGH,3.7028178547,HIGH,RVMR-V1,HISTORICAL_RECONSTRUCTION
G1-20260714103900-+1,G1,2026-07-14 10:39:00,2026-07-14 10:39:00,2026-07-14 10:39:00,2.0437006594,MEDIUM,3.1709177728,HIGH,RVMR-V1,HISTORICAL_RECONSTRUCTION
G1-20260714115400--1,G1,2026-07-14 11:54:00,2026-07-14 11:54:00,2026-07-14 11:54:00,1.0471976401,LOW,1.9507831323,MEDIUM,RVMR-V1,HISTORICAL_RECONSTRUCTION
G1-20260715100300-+1,G1,2026-07-15 10:03:00,2026-07-15 10:03:00,2026-07-15 10:03:00,2.2916693405,MEDIUM,5.1709443360,HIGH,RVMR-V1,HISTORICAL_RECONSTRUCTION
G1-20260715103400--1,G1,2026-07-15 10:34:00,2026-07-15 10:34:00,2026-07-15 10:34:00,2.4585409945,HIGH,4.5339253264,HIGH,RVMR-V1,HISTORICAL_RECONSTRUCTION
G1-20260715110600--1,G1,2026-07-15 11:06:00,2026-07-15 11:06:00,2026-07-15 11:06:00,2.6930955077,HIGH,2.9812988215,HIGH,RVMR-V1,HISTORICAL_RECONSTRUCTION
G1-20260715115000--1,G1,2026-07-15 11:50:00,2026-07-15 11:50:00,2026-07-15 11:50:00,1.6378183339,MEDIUM,2.0859863790,MEDIUM,RVMR-V1,HISTORICAL_RECONSTRUCTION
G1-20260715125300-+1,G1,2026-07-15 12:53:00,2026-07-15 12:53:00,2026-07-15 12:53:00,2.2881554612,MEDIUM,2.4208108742,HIGH,RVMR-V1,HISTORICAL_RECONSTRUCTION
G1-20260716113400-+1,G1,2026-07-16 11:34:00,2026-07-16 11:34:00,2026-07-16 11:34:00,1.0816303988,LOW,1.7585838433,MEDIUM,RVMR-V1,HISTORICAL_RECONSTRUCTION
G1-20260716120700--1,G1,2026-07-16 12:07:00,2026-07-16 12:07:00,2026-07-16 12:07:00,1.5792124081,MEDIUM,2.7071077812,HIGH,RVMR-V1,HISTORICAL_RECONSTRUCTION
G1-20260716134300--1,G1,2026-07-16 13:43:00,2026-07-16 13:43:00,2026-07-16 13:43:00,1.0783090154,LOW,2.2092187136,MEDIUM,RVMR-V1,HISTORICAL_RECONSTRUCTION
G1-20260717103500--1,G1,2026-07-17 10:35:00,2026-07-17 10:35:00,2026-07-17 10:35:00,2.1049327002,MEDIUM,3.3431489684,HIGH,RVMR-V1,HISTORICAL_RECONSTRUCTION
G1-20260717120200-+1,G1,2026-07-17 12:02:00,2026-07-17 12:02:00,2026-07-17 12:02:00,3.9408399775,HIGH,6.5635297862,HIGH,RVMR-V1,HISTORICAL_RECONSTRUCTION
G1-20260720100300--1,G1,2026-07-20 10:03:00,2026-07-20 10:03:00,2026-07-20 10:03:00,2.0050649945,MEDIUM,4.8566945893,HIGH,RVMR-V1,HISTORICAL_RECONSTRUCTION
G1-20260720103700-+1,G1,2026-07-20 10:37:00,2026-07-20 10:37:00,2026-07-20 10:37:00,1.6876141963,MEDIUM,2.3461806180,HIGH,RVMR-V1,HISTORICAL_RECONSTRUCTION
G1-20260720111200-+1,G1,2026-07-20 11:12:00,2026-07-20 11:12:00,2026-07-20 11:12:00,1.2689008671,LOW,2.0913275658,MEDIUM,RVMR-V1,HISTORICAL_RECONSTRUCTION
G1-20260720122600-+1,G1,2026-07-20 12:26:00,2026-07-20 12:26:00,2026-07-20 12:26:00,1.6830691261,MEDIUM,1.6928455090,MEDIUM,RVMR-V1,HISTORICAL_RECONSTRUCTION
G1-20260720124700--1,G1,2026-07-20 12:47:00,2026-07-20 12:47:00,2026-07-20 12:47:00,1.9528612863,MEDIUM,2.2659416333,MEDIUM,RVMR-V1,HISTORICAL_RECONSTRUCTION
G1-20260721100200-+1,G1,2026-07-21 10:02:00,2026-07-21 10:02:00,2026-07-21 10:02:00,2.2905434941,MEDIUM,4.5066774204,HIGH,RVMR-V1,HISTORICAL_RECONSTRUCTION
G1-20260721103900-+1,G1,2026-07-21 10:39:00,2026-07-21 10:39:00,2026-07-21 10:39:00,2.2731804586,MEDIUM,3.6785430056,HIGH,RVMR-V1,HISTORICAL_RECONSTRUCTION
G1-20260721110700--1,G1,2026-07-21 11:07:00,2026-07-21 11:07:00,2026-07-21 11:07:00,1.9695969861,MEDIUM,2.9252494937,HIGH,RVMR-V1,HISTORICAL_RECONSTRUCTION
G1-20260721114900--1,G1,2026-07-21 11:49:00,2026-07-21 11:49:00,2026-07-21 11:49:00,0.8770228951,LOW,1.8818297327,MEDIUM,RVMR-V1,HISTORICAL_RECONSTRUCTION
G1-20260722100100-+1,G1,2026-07-22 10:01:00,2026-07-22 10:01:00,2026-07-22 10:01:00,1.9666757716,MEDIUM,5.8822508326,HIGH,RVMR-V1,HISTORICAL_RECONSTRUCTION
G1-20260722104900--1,G1,2026-07-22 10:49:00,2026-07-22 10:49:00,2026-07-22 10:49:00,1.8392892623,MEDIUM,2.9581756561,HIGH,RVMR-V1,HISTORICAL_RECONSTRUCTION
G1-20260722114100--1,G1,2026-07-22 11:41:00,2026-07-22 11:41:00,2026-07-22 11:41:00,1.9775546367,MEDIUM,3.3930966299,HIGH,RVMR-V1,HISTORICAL_RECONSTRUCTION
G1-20260723100100--1,G1,2026-07-23 10:01:00,2026-07-23 10:01:00,2026-07-23 10:01:00,4.3141265506,HIGH,7.0589102827,HIGH,RVMR-V1,HISTORICAL_RECONSTRUCTION
G1-20260723103500--1,G1,2026-07-23 10:35:00,2026-07-23 10:35:00,2026-07-23 10:35:00,2.6488848011,HIGH,4.3439098549,HIGH,RVMR-V1,HISTORICAL_RECONSTRUCTION
G1-20260723120200-+1,G1,2026-07-23 12:02:00,2026-07-23 12:02:00,2026-07-23 12:02:00,1.7367558711,MEDIUM,1.9939816312,MEDIUM,RVMR-V1,HISTORICAL_RECONSTRUCTION
G1-20260723125600--1,G1,2026-07-23 12:56:00,2026-07-23 12:56:00,2026-07-23 12:56:00,1.6492437598,MEDIUM,2.1198038830,MEDIUM,RVMR-V1,HISTORICAL_RECONSTRUCTION
G1-20260724100100--1,G1,2026-07-24 10:01:00,2026-07-24 10:01:00,2026-07-24 10:01:00,4.3444621983,HIGH,6.6234285800,HIGH,RVMR-V1,HISTORICAL_RECONSTRUCTION
G1-20260724105000--1,G1,2026-07-24 10:50:00,2026-07-24 10:50:00,2026-07-24 10:50:00,2.8771228771,HIGH,3.0058595359,HIGH,RVMR-V1,HISTORICAL_RECONSTRUCTION
G1-20260724111800-+1,G1,2026-07-24 11:18:00,2026-07-24 11:18:00,2026-07-24 11:18:00,2.3955857736,HIGH,3.5956657374,HIGH,RVMR-V1,HISTORICAL_RECONSTRUCTION
G1-20260727100800--1,G1,2026-07-27 10:08:00,2026-07-27 10:08:00,2026-07-27 10:08:00,1.7274928461,MEDIUM,3.5860087007,HIGH,RVMR-V1,HISTORICAL_RECONSTRUCTION
G1-20260727105100--1,G1,2026-07-27 10:51:00,2026-07-27 10:51:00,2026-07-27 10:51:00,3.0358289457,HIGH,5.4311630099,HIGH,RVMR-V1,HISTORICAL_RECONSTRUCTION
G1-20260727112100--1,G1,2026-07-27 11:21:00,2026-07-27 11:21:00,2026-07-27 11:21:00,2.5620289199,HIGH,4.1163090315,HIGH,RVMR-V1,HISTORICAL_RECONSTRUCTION
G1-20260727123400-+1,G1,2026-07-27 12:34:00,2026-07-27 12:34:00,2026-07-27 12:34:00,1.9672564617,MEDIUM,1.9593845505,MEDIUM,RVMR-V1,HISTORICAL_RECONSTRUCTION
G1-20260727130500--1,G1,2026-07-27 13:05:00,2026-07-27 13:05:00,2026-07-27 13:05:00,1.3652599550,MEDIUM,1.2920064235,MEDIUM,RVMR-V1,HISTORICAL_RECONSTRUCTION
G1-20260728101900--1,G1,2026-07-28 10:19:00,2026-07-28 10:19:00,2026-07-28 10:19:00,1.9471173883,MEDIUM,3.2086344575,HIGH,RVMR-V1,HISTORICAL_RECONSTRUCTION
G1-20260728110500-+1,G1,2026-07-28 11:05:00,2026-07-28 11:05:00,2026-07-28 11:05:00,1.4886331121,MEDIUM,2.4820173071,HIGH,RVMR-V1,HISTORICAL_RECONSTRUCTION
G1-20260728115000-+1,G1,2026-07-28 11:50:00,2026-07-28 11:50:00,2026-07-28 11:50:00,0.9928033093,LOW,1.8193679064,MEDIUM,RVMR-V1,HISTORICAL_RECONSTRUCTION
G1-20260729100100--1,G1,2026-07-29 10:01:00,2026-07-29 10:01:00,2026-07-29 10:01:00,1.9005279244,MEDIUM,4.9326632808,HIGH,RVMR-V1,HISTORICAL_RECONSTRUCTION
G1-20260729105000--1,G1,2026-07-29 10:50:00,2026-07-29 10:50:00,2026-07-29 10:50:00,2.0516165578,MEDIUM,2.7327882316,HIGH,RVMR-V1,HISTORICAL_RECONSTRUCTION
G1-20260729122200--1,G1,2026-07-29 12:22:00,2026-07-29 12:22:00,2026-07-29 12:22:00,0.8372093023,LOW,2.0133232326,MEDIUM,RVMR-V1,HISTORICAL_RECONSTRUCTION
G1-20260729140300-+1,G1,2026-07-29 14:03:00,2026-07-29 14:03:00,2026-07-29 14:03:00,2.4855353888,HIGH,3.6459160062,HIGH,RVMR-V1,HISTORICAL_RECONSTRUCTION
G1-20260730100100-+1,G1,2026-07-30 10:01:00,2026-07-30 10:01:00,2026-07-30 10:01:00,1.3326268182,MEDIUM,3.4382398854,HIGH,RVMR-V1,HISTORICAL_RECONSTRUCTION
G1-20260730103100-+1,G1,2026-07-30 10:31:00,2026-07-30 10:31:00,2026-07-30 10:31:00,1.6440535643,MEDIUM,3.9549510956,HIGH,RVMR-V1,HISTORICAL_RECONSTRUCTION
G1-20260730111100-+1,G1,2026-07-30 11:11:00,2026-07-30 11:11:00,2026-07-30 11:11:00,2.9226206525,HIGH,3.4102808466,HIGH,RVMR-V1,HISTORICAL_RECONSTRUCTION
G1-20260730115000-+1,G1,2026-07-30 11:50:00,2026-07-30 11:50:00,2026-07-30 11:50:00,1.1674623908,LOW,1.4548805616,MEDIUM,RVMR-V1,HISTORICAL_RECONSTRUCTION
G1-20260730124400--1,G1,2026-07-30 12:44:00,2026-07-30 12:44:00,2026-07-30 12:44:00,1.1204174104,LOW,1.6107792139,MEDIUM,RVMR-V1,HISTORICAL_RECONSTRUCTION
G1-20260731100700--1,G1,2026-07-31 10:07:00,2026-07-31 10:07:00,2026-07-31 10:07:00,3.7350855957,HIGH,4.7887278274,HIGH,RVMR-V1,HISTORICAL_RECONSTRUCTION
G1-20260731111300--1,G1,2026-07-31 11:13:00,2026-07-31 11:13:00,2026-07-31 11:13:00,3.2059579750,HIGH,4.1535602082,HIGH,RVMR-V1,HISTORICAL_RECONSTRUCTION
G1-20260731124200-+1,G1,2026-07-31 12:42:00,2026-07-31 12:42:00,2026-07-31 12:42:00,2.0256397466,MEDIUM,2.2171180012,MEDIUM,RVMR-V1,HISTORICAL_RECONSTRUCTION
G1-20260803103100-+1,G1,2026-08-03 10:31:00,2026-08-03 10:31:00,2026-08-03 10:31:00,1.2600017500,LOW,2.8085080223,HIGH,RVMR-V1,HISTORICAL_RECONSTRUCTION
G1-20260803110100-+1,G1,2026-08-03 11:01:00,2026-08-03 11:01:00,2026-08-03 11:01:00,0.8471361483,LOW,1.8380685788,MEDIUM,RVMR-V1,HISTORICAL_RECONSTRUCTION
G1-20260803122100-+1,G1,2026-08-03 12:21:00,2026-08-03 12:21:00,2026-08-03 12:21:00,0.9955174951,LOW,1.5964373633,MEDIUM,RVMR-V1,HISTORICAL_RECONSTRUCTION
G1-20260803140900-+1,G1,2026-08-03 14:09:00,2026-08-03 14:09:00,2026-08-03 14:09:00,1.1161438779,LOW,2.1139758852,MEDIUM,RVMR-V1,HISTORICAL_RECONSTRUCTION
G1-20260804114800-+1,G1,2026-08-04 11:48:00,2026-08-04 11:48:00,2026-08-04 11:48:00,1.0417269518,LOW,2.1398471397,MEDIUM,RVMR-V1,HISTORICAL_RECONSTRUCTION
G1-20260804122900-+1,G1,2026-08-04 12:29:00,2026-08-04 12:29:00,2026-08-04 12:29:00,0.4880852381,LOW,0.6342487811,LOW,RVMR-V1,HISTORICAL_RECONSTRUCTION
G1-20260804130900-+1,G1,2026-08-04 13:09:00,2026-08-04 13:09:00,2026-08-04 13:09:00,0.8394367881,LOW,1.5526850904,MEDIUM,RVMR-V1,HISTORICAL_RECONSTRUCTION
G1-20260804134700-+1,G1,2026-08-04 13:47:00,2026-08-04 13:47:00,2026-08-04 13:47:00,1.3756866492,MEDIUM,2.2557717122,MEDIUM,RVMR-V1,HISTORICAL_RECONSTRUCTION
G1-20260805101000--1,G1,2026-08-05 10:10:00,2026-08-05 10:10:00,2026-08-05 10:10:00,3.2875839550,HIGH,4.8496713363,HIGH,RVMR-V1,HISTORICAL_RECONSTRUCTION
G1-20260805103600--1,G1,2026-08-05 10:36:00,2026-08-05 10:36:00,2026-08-05 10:36:00,2.8642373344,HIGH,3.9647021449,HIGH,RVMR-V1,HISTORICAL_RECONSTRUCTION
G1-20260805110700--1,G1,2026-08-05 11:07:00,2026-08-05 11:07:00,2026-08-05 11:07:00,2.5971868999,HIGH,2.8254138549,HIGH,RVMR-V1,HISTORICAL_RECONSTRUCTION
G1-20260805115400--1,G1,2026-08-05 11:54:00,2026-08-05 11:54:00,2026-08-05 11:54:00,1.7277101905,MEDIUM,2.0500585058,MEDIUM,RVMR-V1,HISTORICAL_RECONSTRUCTION
G1-20260805123200-+1,G1,2026-08-05 12:32:00,2026-08-05 12:32:00,2026-08-05 12:32:00,1.2198760905,LOW,2.4326154469,HIGH,RVMR-V1,HISTORICAL_RECONSTRUCTION
G1-20260805131200--1,G1,2026-08-05 13:12:00,2026-08-05 13:12:00,2026-08-05 13:12:00,2.3681554850,HIGH,1.7416889158,MEDIUM,RVMR-V1,HISTORICAL_RECONSTRUCTION
G1-20260806101300-+1,G1,2026-08-06 10:13:00,2026-08-06 10:13:00,2026-08-06 10:13:00,1.8839257248,MEDIUM,3.8316064142,HIGH,RVMR-V1,HISTORICAL_RECONSTRUCTION
G1-20260806104800--1,G1,2026-08-06 10:48:00,2026-08-06 10:48:00,2026-08-06 10:48:00,2.2784309417,MEDIUM,3.7193487359,HIGH,RVMR-V1,HISTORICAL_RECONSTRUCTION
G1-20260806112800--1,G1,2026-08-06 11:28:00,2026-08-06 11:28:00,2026-08-06 11:28:00,2.0200886594,MEDIUM,2.5247166854,HIGH,RVMR-V1,HISTORICAL_RECONSTRUCTION
G1-20260806120600--1,G1,2026-08-06 12:06:00,2026-08-06 12:06:00,2026-08-06 12:06:00,1.8838518856,MEDIUM,2.7793503833,HIGH,RVMR-V1,HISTORICAL_RECONSTRUCTION
G1-20260806130200-+1,G1,2026-08-06 13:02:00,2026-08-06 13:02:00,2026-08-06 13:02:00,1.2379358566,LOW,2.2742900385,MEDIUM,RVMR-V1,HISTORICAL_RECONSTRUCTION
G1-20260807100100--1,G1,2026-08-07 10:01:00,2026-08-07 10:01:00,2026-08-07 10:01:00,4.6308918115,HIGH,7.0747472456,HIGH,RVMR-V1,HISTORICAL_RECONSTRUCTION
G1-20260807103100-+1,G1,2026-08-07 10:31:00,2026-08-07 10:31:00,2026-08-07 10:31:00,2.9055150981,HIGH,4.4105670564,HIGH,RVMR-V1,HISTORICAL_RECONSTRUCTION
G1-20260807114200-+1,G1,2026-08-07 11:42:00,2026-08-07 11:42:00,2026-08-07 11:42:00,2.0648022075,MEDIUM,2.8108567044,HIGH,RVMR-V1,HISTORICAL_RECONSTRUCTION
G1-20260807124000--1,G1,2026-08-07 12:40:00,2026-08-07 12:40:00,2026-08-07 12:40:00,1.9583116979,MEDIUM,2.6754303973,HIGH,RVMR-V1,HISTORICAL_RECONSTRUCTION
G1-20260810101000-+1,G1,2026-08-10 10:10:00,2026-08-10 10:10:00,2026-08-10 10:10:00,2.8632183591,HIGH,5.3135335124,HIGH,RVMR-V1,HISTORICAL_RECONSTRUCTION
G1-20260810104100--1,G1,2026-08-10 10:41:00,2026-08-10 10:41:00,2026-08-10 10:41:00,1.5094761559,MEDIUM,2.5698059830,HIGH,RVMR-V1,HISTORICAL_RECONSTRUCTION
G1-20260810121300-+1,G1,2026-08-10 12:13:00,2026-08-10 12:13:00,2026-08-10 12:13:00,0.9730177987,LOW,1.8178778676,MEDIUM,RVMR-V1,HISTORICAL_RECONSTRUCTION
G1-20260810124600--1,G1,2026-08-10 12:46:00,2026-08-10 12:46:00,2026-08-10 12:46:00,1.1520354472,LOW,2.4334284772,HIGH,RVMR-V1,HISTORICAL_RECONSTRUCTION
G1-20260811113800--1,G1,2026-08-11 11:38:00,2026-08-11 11:38:00,2026-08-11 11:38:00,1.4006565578,MEDIUM,2.1428970575,MEDIUM,RVMR-V1,HISTORICAL_RECONSTRUCTION
G1-20260811122800--1,G1,2026-08-11 12:28:00,2026-08-11 12:28:00,2026-08-11 12:28:00,1.2597075679,LOW,1.7416846652,MEDIUM,RVMR-V1,HISTORICAL_RECONSTRUCTION
G1-20260811131600--1,G1,2026-08-11 13:16:00,2026-08-11 13:16:00,2026-08-11 13:16:00,1.4805728922,MEDIUM,2.4714683157,HIGH,RVMR-V1,HISTORICAL_RECONSTRUCTION
G1-20260811143200--1,G1,2026-08-11 14:32:00,2026-08-11 14:32:00,2026-08-11 14:32:00,1.3422033774,MEDIUM,2.1978831493,MEDIUM,RVMR-V1,HISTORICAL_RECONSTRUCTION
G1-20260812100600--1,G1,2026-08-12 10:06:00,2026-08-12 10:06:00,2026-08-12 10:06:00,4.9223608131,HIGH,6.9645236711,HIGH,RVMR-V1,HISTORICAL_RECONSTRUCTION
G1-20260812104400--1,G1,2026-08-12 10:44:00,2026-08-12 10:44:00,2026-08-12 10:44:00,2.0142388322,MEDIUM,2.4163478825,HIGH,RVMR-V1,HISTORICAL_RECONSTRUCTION
G1-20260812113500--1,G1,2026-08-12 11:35:00,2026-08-12 11:35:00,2026-08-12 11:35:00,1.9271100682,MEDIUM,3.5221539145,HIGH,RVMR-V1,HISTORICAL_RECONSTRUCTION
G1-20260812125300-+1,G1,2026-08-12 12:53:00,2026-08-12 12:53:00,2026-08-12 12:53:00,1.2434532860,LOW,1.7927785555,MEDIUM,RVMR-V1,HISTORICAL_RECONSTRUCTION
G1-20260813100100-+1,G1,2026-08-13 10:01:00,2026-08-13 10:01:00,2026-08-13 10:01:00,3.0801852575,HIGH,7.1528531223,HIGH,RVMR-V1,HISTORICAL_RECONSTRUCTION
G1-20260813103900-+1,G1,2026-08-13 10:39:00,2026-08-13 10:39:00,2026-08-13 10:39:00,1.7772458673,MEDIUM,3.7818956661,HIGH,RVMR-V1,HISTORICAL_RECONSTRUCTION
G1-20260813113000--1,G1,2026-08-13 11:30:00,2026-08-13 11:30:00,2026-08-13 11:30:00,1.7917063592,MEDIUM,4.5325668182,HIGH,RVMR-V1,HISTORICAL_RECONSTRUCTION
G1-20260813123200-+1,G1,2026-08-13 12:32:00,2026-08-13 12:32:00,2026-08-13 12:32:00,1.6987583228,MEDIUM,2.6008297214,HIGH,RVMR-V1,HISTORICAL_RECONSTRUCTION
G1-20260814100300--1,G1,2026-08-14 10:03:00,2026-08-14 10:03:00,2026-08-14 10:03:00,2.8410538863,HIGH,4.4219407075,HIGH,RVMR-V1,HISTORICAL_RECONSTRUCTION
G1-20260814103800--1,G1,2026-08-14 10:38:00,2026-08-14 10:38:00,2026-08-14 10:38:00,1.5975794251,MEDIUM,4.5273205552,HIGH,RVMR-V1,HISTORICAL_RECONSTRUCTION
G1-20260814110100--1,G1,2026-08-14 11:01:00,2026-08-14 11:01:00,2026-08-14 11:01:00,2.3105406073,MEDIUM,4.6362727058,HIGH,RVMR-V1,HISTORICAL_RECONSTRUCTION
G1-20260814113300--1,G1,2026-08-14 11:33:00,2026-08-14 11:33:00,2026-08-14 11:33:00,1.8093060619,MEDIUM,2.3822862061,HIGH,RVMR-V1,HISTORICAL_RECONSTRUCTION
G1-20260814124400--1,G1,2026-08-14 12:44:00,2026-08-14 12:44:00,2026-08-14 12:44:00,1.0417907907,LOW,1.4955926939,MEDIUM,RVMR-V1,HISTORICAL_RECONSTRUCTION
G1-20260817101000--1,G1,2026-08-17 10:10:00,2026-08-17 10:10:00,2026-08-17 10:10:00,2.1939606831,MEDIUM,4.3029009650,HIGH,RVMR-V1,HISTORICAL_RECONSTRUCTION
G1-20260817110100-+1,G1,2026-08-17 11:01:00,2026-08-17 11:01:00,2026-08-17 11:01:00,1.9380046887,MEDIUM,3.7195890770,HIGH,RVMR-V1,HISTORICAL_RECONSTRUCTION
G1-20260817114300--1,G1,2026-08-17 11:43:00,2026-08-17 11:43:00,2026-08-17 11:43:00,1.6477820907,MEDIUM,3.4584741806,HIGH,RVMR-V1,HISTORICAL_RECONSTRUCTION
G1-20260817121100--1,G1,2026-08-17 12:11:00,2026-08-17 12:11:00,2026-08-17 12:11:00,1.1103803325,LOW,1.4374339345,MEDIUM,RVMR-V1,HISTORICAL_RECONSTRUCTION
G1-20260818100600-+1,G1,2026-08-18 10:06:00,2026-08-18 10:06:00,2026-08-18 10:06:00,3.9977002053,HIGH,5.8720836958,HIGH,RVMR-V1,HISTORICAL_RECONSTRUCTION
G1-20260818104300-+1,G1,2026-08-18 10:43:00,2026-08-18 10:43:00,2026-08-18 10:43:00,2.0612123454,MEDIUM,3.9837784229,HIGH,RVMR-V1,HISTORICAL_RECONSTRUCTION
G1-20260818114100-+1,G1,2026-08-18 11:41:00,2026-08-18 11:41:00,2026-08-18 11:41:00,2.3984088226,HIGH,2.7621551604,HIGH,RVMR-V1,HISTORICAL_RECONSTRUCTION
G1-20260818125000-+1,G1,2026-08-18 12:50:00,2026-08-18 12:50:00,2026-08-18 12:50:00,0.8734237829,LOW,1.3876570154,MEDIUM,RVMR-V1,HISTORICAL_RECONSTRUCTION
G1-20260818142600-+1,G1,2026-08-18 14:26:00,2026-08-18 14:26:00,2026-08-18 14:26:00,1.0472396130,LOW,1.0308976160,LOW,RVMR-V1,HISTORICAL_RECONSTRUCTION
G1-20260819110100-+1,G1,2026-08-19 11:01:00,2026-08-19 11:01:00,2026-08-19 11:01:00,1.2125821698,LOW,2.6897270847,HIGH,RVMR-V1,HISTORICAL_RECONSTRUCTION
G1-20260819120900-+1,G1,2026-08-19 12:09:00,2026-08-19 12:09:00,2026-08-19 12:09:00,1.1487432122,LOW,1.7029312047,MEDIUM,RVMR-V1,HISTORICAL_RECONSTRUCTION
G1-20260819125900--1,G1,2026-08-19 12:59:00,2026-08-19 12:59:00,2026-08-19 12:59:00,0.7340488800,LOW,1.0404920032,LOW,RVMR-V1,HISTORICAL_RECONSTRUCTION
G1-20260819141900--1,G1,2026-08-19 14:19:00,2026-08-19 14:19:00,2026-08-19 14:19:00,1.9318759532,MEDIUM,2.1091756622,MEDIUM,RVMR-V1,HISTORICAL_RECONSTRUCTION
